[2026-05-22 01:14:26] [INFO] [ShopBot] 配置已加载 - 设备: 127.0.0.1:16384, 截图: ADB, 控制: ADB
[2026-05-22 01:14:26] [INFO] [ShopBot] 购买列表 - 书签: True, 神秘奖章: True, 装备: False, 狗粮: False
[2026-05-22 01:14:26] [INFO] [ShopBot] 刷新上限: 200, 天空石阈值: 0, 金币阈值: 0, 书签上限: 不限, 神秘上限: 100, 天空石消耗上限: 不限
[2026-05-22 01:14:26] [INFO] [ShopBot] 正在启动 Web UI，监听 localhost:8080 ...
[2026-05-22 01:14:33] [INFO] [ShopBot] 正在连接设备 127.0.0.1:16384（第 1/3 次）
[2026-05-22 01:14:33] [INFO] [ShopBot] ShopBot 已启动
[2026-05-22 01:14:33] [INFO] [ShopBot] 设备连接成功: 127.0.0.1:16384
[2026-05-22 01:14:33] [INFO] [ShopBot] 开始导航至秘密商店（超时 30.0s）
[2026-05-22 01:14:33] [DEBUG] [ShopBot] 秘密商店检测: 导航顶部=51 导航中部=205 内容区=63
[2026-05-22 01:14:33] [INFO] [ShopBot] 场景检测: 秘密商店
[2026-05-22 01:14:33] [INFO] [ShopBot] 已到达秘密商店
[2026-05-22 01:14:33] [INFO] [ShopBot] ===== 启动校准 =====
[2026-05-22 01:14:34] [INFO] [ShopBot] 初始化 RapidOCR 引擎（首次加载约需数秒）...
[2026-05-22 01:14:34] [INFO] [ShopBot] RapidOCR 引擎就绪（耗时 0.4s）
[2026-05-22 01:14:35] [DEBUG] [ShopBot] 整区 OCR 检测到 29 个文字块，4 行
[2026-05-22 01:14:35] [INFO] [ShopBot] 物品 0 (y=154-260): '70装备泰拉靴子商人亚彼荷可购买1次' → equipment (conf=0.70), 价格 940000, 货币 gold, 购买按钮 @ (1192, 207)
[2026-05-22 01:14:35] [INFO] [ShopBot] 物品 1 (y=313-405): '英雄腐败纽洛普奈汉库伊可购买1次' → unknown (conf=0.00), 价格 29000, 货币 gold, 购买按钮 @ (1192, 359)
[2026-05-22 01:14:35] [INFO] [ShopBot] 物品 2 (y=457-550): '英雄骨头史莱姆奈汉库伊可购买1次' → fodder (conf=0.65), 价格 29000, 货币 gold, 购买按钮 @ (1192, 503)
[2026-05-22 01:14:35] [INFO] [ShopBot] 物品 3 (y=596-705): '70装备冰霜脚爪项链可购买1次' → equipment (conf=0.70), 价格 380000, 货币 gold, 购买按钮 @ (1192, 650)
[2026-05-22 01:14:35] [INFO] [ShopBot] 校准: 选择 '英雄腐败纽洛普奈汉库伊可购买1次' 价格 29000
[2026-05-22 01:14:35] [INFO] [ShopBot] 校准: 点击购买 @ (1192, 359)
[2026-05-22 01:14:35] [INFO] [ShopBot] 点击坐标 (1192, 359)
[2026-05-22 01:14:37] [DEBUG] [ShopBot] 找到按钮 '取消' 在 (481, 524)
[2026-05-22 01:14:37] [INFO] [ShopBot] 校准: 弹窗已出现
[2026-05-22 01:14:38] [DEBUG] [ShopBot] 找到按钮 '购买' 在 (818, 524)
[2026-05-22 01:14:38] [INFO] [ShopBot] 校准: '购买' OCR=(817,524) 默认=(818, 508) 偏差=(-1,16) 16px ✓
[2026-05-22 01:14:38] [INFO] [ShopBot] 校准: 点击取消 (481, 524)
[2026-05-22 01:14:38] [INFO] [ShopBot] 点击坐标 (481, 524)
[2026-05-22 01:14:39] [DEBUG] [ShopBot] 找到按钮 '取消' 在 (481, 524)
[2026-05-22 01:14:39] [INFO] [ShopBot] 校准: 弹窗未关闭，再点取消
[2026-05-22 01:14:39] [INFO] [ShopBot] 点击坐标 (481, 524)
[2026-05-22 01:14:40] [INFO] [ShopBot] 校准: 弹窗已关闭
[2026-05-22 01:14:40] [INFO] [ShopBot] ===== 第 1 轮 =====
[2026-05-22 01:14:40] [INFO] [ShopBot] 滑动到货架顶部...
[2026-05-22 01:14:40] [INFO] [ShopBot] 滑动 (800, 150) -> (800, 400), 时长 0.3s
[2026-05-22 01:14:42] [DEBUG] [ShopBot] 整区 OCR 检测到 29 个文字块，5 行
[2026-05-22 01:14:42] [INFO] [ShopBot] 物品 0 (y=98-191): '55装备精巧的恶魔戒指妮萨可购买1次' → equipment (conf=0.70), 价格 480000, 货币 gold, 购买按钮 @ (1192, 144)
[2026-05-22 01:14:42] [INFO] [ShopBot] 物品 1 (y=244-336): '英雄悲叹狮鹫奈汉库伊可购买1次' → unknown (conf=0.00), 价格 29000, 货币 gold, 购买按钮 @ (1192, 290)
[2026-05-22 01:14:42] [INFO] [ShopBot] 物品 2 (y=388-482): '装备泰拉靴子商人亚彼荷可购买1次' → equipment (conf=0.70), 价格 940000, 货币 gold, 购买按钮 @ (1192, 435)
[2026-05-22 01:14:42] [INFO] [ShopBot] 物品 3 (y=534-626): '英雄腐败纽洛普奈汉库伊可购买1次' → unknown (conf=0.00), 价格 29000, 货币 gold, 购买按钮 @ (1192, 580)
[2026-05-22 01:14:42] [INFO] [ShopBot] 物品 4 (y=637-678): '' → unknown (conf=0.00), 价格 0, 货币 gold, 购买按钮 @ (1192, 657)
[2026-05-22 01:14:42] [INFO] [ShopBot] 跳过物品: equipment
[2026-05-22 01:14:42] [INFO] [ShopBot] 跳过物品: unknown
[2026-05-22 01:14:42] [INFO] [ShopBot] 跳过物品: equipment
[2026-05-22 01:14:42] [INFO] [ShopBot] 跳过物品: unknown
[2026-05-22 01:14:42] [INFO] [ShopBot] 跳过物品: unknown
[2026-05-22 01:14:42] [INFO] [ShopBot] 货架处理完成，共购买 0 个物品
[2026-05-22 01:14:42] [INFO] [ShopBot] 第 0 次查看，购买 0 个物品
[2026-05-22 01:14:42] [INFO] [ShopBot] 滑动 (800, 400) -> (800, 150), 时长 0.3s
[2026-05-22 01:14:44] [DEBUG] [ShopBot] 整区 OCR 检测到 32 个文字块，5 行
[2026-05-22 01:14:44] [INFO] [ShopBot] 物品 0 (y=80-132): '悲叹狮鹭奈汉库伊可购买1次' → unknown (conf=0.00), 价格 0, 货币 gold, 购买按钮 @ (1192, 106)
[2026-05-22 01:14:44] [INFO] [ShopBot] 物品 1 (y=184-278): '装备泰拉靴子商人亚彼荷可购买1次' → equipment (conf=0.70), 价格 940000, 货币 gold, 购买按钮 @ (1192, 231)
[2026-05-22 01:14:44] [INFO] [ShopBot] 物品 2 (y=330-422): '英雄腐败纽洛普可购买1次奈汉库伊' → unknown (conf=0.00), 价格 29000, 货币 gold, 购买按钮 @ (1192, 376)
[2026-05-22 01:14:44] [INFO] [ShopBot] 物品 3 (y=475-567): '英雄骨头史莱姆奈汉库伊可购买1次' → fodder (conf=0.65), 价格 29000, 货币 gold, 购买按钮 @ (1192, 521)
[2026-05-22 01:14:44] [INFO] [ShopBot] 物品 4 (y=619-705): '装备冰霜脚爪项链可购买1次' → equipment (conf=0.70), 价格 380000, 货币 gold, 购买按钮 @ (1192, 662)
[2026-05-22 01:14:44] [INFO] [ShopBot] 跳过物品: unknown
[2026-05-22 01:14:44] [INFO] [ShopBot] 跳过物品: equipment
[2026-05-22 01:14:44] [INFO] [ShopBot] 跳过物品: unknown
[2026-05-22 01:14:44] [INFO] [ShopBot] 跳过物品: fodder
[2026-05-22 01:14:44] [INFO] [ShopBot] 跳过物品: equipment
[2026-05-22 01:14:44] [INFO] [ShopBot] 货架处理完成，共购买 0 个物品
[2026-05-22 01:14:44] [INFO] [ShopBot] 第 1 次查看，购买 0 个物品
[2026-05-22 01:14:44] [INFO] [ShopBot] 滑动 (800, 400) -> (800, 150), 时长 0.3s
[2026-05-22 01:14:47] [DEBUG] [ShopBot] 整区 OCR 检测到 29 个文字块，4 行
[2026-05-22 01:14:47] [INFO] [ShopBot] 物品 0 (y=154-260): '装备泰拉靴子商人亚彼荷可购买1次' → equipment (conf=0.70), 价格 940000, 货币 gold, 购买按钮 @ (1192, 207)
[2026-05-22 01:14:47] [INFO] [ShopBot] 物品 1 (y=313-404): '英雄腐败纽洛普奈汉库伊可购买1次' → unknown (conf=0.00), 价格 29000, 货币 gold, 购买按钮 @ (1192, 358)
[2026-05-22 01:14:47] [INFO] [ShopBot] 物品 2 (y=458-550): '英雄骨头史莱姆奈汉库伊可购买1次' → fodder (conf=0.65), 价格 29000, 货币 gold, 购买按钮 @ (1192, 504)
[2026-05-22 01:14:47] [INFO] [ShopBot] 物品 3 (y=601-695): '70装备冰霜脚爪项链妮萨可购买1次' → equipment (conf=0.70), 价格 380000, 货币 gold, 购买按钮 @ (1192, 648)
[2026-05-22 01:14:47] [INFO] [ShopBot] 跳过物品: equipment
[2026-05-22 01:14:47] [INFO] [ShopBot] 跳过物品: unknown
[2026-05-22 01:14:47] [INFO] [ShopBot] 跳过物品: fodder
[2026-05-22 01:14:47] [INFO] [ShopBot] 跳过物品: equipment
[2026-05-22 01:14:47] [INFO] [ShopBot] 货架处理完成，共购买 0 个物品
[2026-05-22 01:14:47] [INFO] [ShopBot] 第 2 次查看，购买 0 个物品
[2026-05-22 01:14:47] [INFO] [ShopBot] 滑动 (800, 400) -> (800, 150), 时长 0.3s
[2026-05-22 01:14:49] [DEBUG] [ShopBot] 整区 OCR 检测到 29 个文字块，4 行
[2026-05-22 01:14:49] [INFO] [ShopBot] 物品 0 (y=154-260): '装备泰拉靴子商人亚彼荷可购买1次' → equipment (conf=0.70), 价格 940000, 货币 gold, 购买按钮 @ (1192, 207)
[2026-05-22 01:14:49] [INFO] [ShopBot] 物品 1 (y=313-405): '英雄腐败纽洛普奈汉库伊可购买1次' → unknown (conf=0.00), 价格 29000, 货币 gold, 购买按钮 @ (1192, 359)
[2026-05-22 01:14:49] [INFO] [ShopBot] 物品 2 (y=458-550): '英雄骨头史莱姆奈汉库伊可购买1次' → fodder (conf=0.65), 价格 29000, 货币 gold, 购买按钮 @ (1192, 504)
[2026-05-22 01:14:49] [INFO] [ShopBot] 物品 3 (y=601-695): '70装备冰霜脚爪项链妮萨可购买1次' → equipment (conf=0.70), 价格 380000, 货币 gold, 购买按钮 @ (1192, 648)
[2026-05-22 01:14:49] [INFO] [ShopBot] 已到达货架底部（第 3 次滑动后，识别结果无变化）
[2026-05-22 01:14:49] [INFO] [ShopBot] 寻找刷新按钮（第 1 次）
[2026-05-22 01:14:50] [DEBUG] [ShopBot] 找到刷新按钮 '立即更新' 在 (268, 659)
[2026-05-22 01:14:50] [INFO] [ShopBot] 点击刷新按钮 (268, 659)
[2026-05-22 01:14:50] [INFO] [ShopBot] 点击坐标 (268, 659)
[2026-05-22 01:14:51] [INFO] [ShopBot] 点击刷新确认 @ (748, 460)
[2026-05-22 01:14:51] [INFO] [ShopBot] 点击坐标 (748, 460)
[2026-05-22 01:14:51] [INFO] [ShopBot] 等待货架加载...
[2026-05-22 01:14:52] [INFO] [ShopBot] ===== 第 2 轮 =====
[2026-05-22 01:14:52] [INFO] [ShopBot] 滑动到货架顶部...
[2026-05-22 01:14:52] [INFO] [ShopBot] 滑动 (800, 150) -> (800, 400), 时长 0.3s
[2026-05-22 01:14:54] [DEBUG] [ShopBot] 整区 OCR 检测到 32 个文字块，5 行
[2026-05-22 01:14:54] [INFO] [ShopBot] 物品 0 (y=120-212): '70装备魔力龙兽骨刃剑商人亚彼荷可购买1次' → equipment (conf=0.70), 价格 380000, 货币 gold, 购买按钮 @ (1192, 166)
[2026-05-22 01:14:54] [INFO] [ShopBot] 物品 1 (y=263-357): '70装备蜘蛛君主的头盔商人亚彼荷可购买1次' → equipment (conf=0.70), 价格 560000, 货币 gold, 购买按钮 @ (1192, 310)
[2026-05-22 01:14:54] [INFO] [ShopBot] 物品 2 (y=408-502): '85装备地狱破灭精髓宝珠商人亚彼荷可购买1次' → equipment (conf=0.70), 价格 810000, 货币 gold, 购买按钮 @ (1192, 455)
[2026-05-22 01:14:54] [INFO] [ShopBot] 物品 3 (y=553-647): '货币友情点数诺诺里50可购买1次' → unknown (conf=0.00), 价格 18000, 货币 gold, 购买按钮 @ (1192, 600)
[2026-05-22 01:14:54] [INFO] [ShopBot] 物品 4 (y=648-705): '' → unknown (conf=0.00), 价格 0, 货币 gold, 购买按钮 @ (1192, 676)
[2026-05-22 01:14:54] [INFO] [ShopBot] 跳过物品: equipment
[2026-05-22 01:14:54] [INFO] [ShopBot] 跳过物品: equipment
[2026-05-22 01:14:54] [INFO] [ShopBot] 跳过物品: equipment
[2026-05-22 01:14:54] [INFO] [ShopBot] 跳过物品: unknown
[2026-05-22 01:14:54] [INFO] [ShopBot] 跳过物品: unknown
[2026-05-22 01:14:54] [INFO] [ShopBot] 货架处理完成，共购买 0 个物品
[2026-05-22 01:14:54] [INFO] [ShopBot] 第 0 次查看，购买 0 个物品
[2026-05-22 01:14:54] [INFO] [ShopBot] 滑动 (800, 400) -> (800, 150), 时长 0.3s
[2026-05-22 01:14:56] [DEBUG] [ShopBot] 整区 OCR 检测到 31 个文字块，4 行
[2026-05-22 01:14:56] [INFO] [ShopBot] 物品 0 (y=154-260): '85装备地狱破灭精髓宝珠商人亚彼荷可购买1次' → equipment (conf=0.70), 价格 810000, 货币 gold, 购买按钮 @ (1192, 207)
[2026-05-22 01:14:56] [INFO] [ShopBot] 物品 1 (y=311-405): '货币友情点数诺诺里50可购买1次' → unknown (conf=0.00), 价格 18000, 货币 gold, 购买按钮 @ (1192, 358)
[2026-05-22 01:14:56] [INFO] [ShopBot] 物品 2 (y=456-550): '55装备精巧的恶魔重甲商人亚彼荷可购买1次' → equipment (conf=0.70), 价格 240000, 货币 gold, 购买按钮 @ (1192, 503)
[2026-05-22 01:14:56] [INFO] [ShopBot] 物品 3 (y=600-705): '55装备勇士的背甲项链可购买1次' → equipment (conf=0.70), 价格 360000, 货币 gold, 购买按钮 @ (1192, 652)
[2026-05-22 01:14:56] [INFO] [ShopBot] 跳过物品: equipment
[2026-05-22 01:14:56] [INFO] [ShopBot] 跳过物品: unknown
[2026-05-22 01:14:56] [INFO] [ShopBot] 跳过物品: equipment
[2026-05-22 01:14:56] [INFO] [ShopBot] 跳过物品: equipment
[2026-05-22 01:14:56] [INFO] [ShopBot] 货架处理完成，共购买 0 个物品
[2026-05-22 01:14:56] [INFO] [ShopBot] 第 1 次查看，购买 0 个物品
[2026-05-22 01:14:56] [INFO] [ShopBot] 滑动 (800, 400) -> (800, 150), 时长 0.3s
[2026-05-22 01:14:58] [DEBUG] [ShopBot] 整区 OCR 检测到 32 个文字块，4 行
[2026-05-22 01:14:58] [INFO] [ShopBot] 物品 0 (y=154-260): '85装备地狱破灭精髓宝珠商人亚彼荷可购买1次' → equipment (conf=0.70), 价格 810000, 货币 gold, 购买按钮 @ (1192, 207)
[2026-05-22 01:14:58] [INFO] [ShopBot] 物品 1 (y=311-405): '货币友情点数诺诺里50可购买1次' → unknown (conf=0.00), 价格 18000, 货币 gold, 购买按钮 @ (1192, 358)
[2026-05-22 01:14:58] [INFO] [ShopBot] 物品 2 (y=456-550): '55装备精巧的恶魔重甲商人亚彼荷可购买1次' → equipment (conf=0.70), 价格 240000, 货币 gold, 购买按钮 @ (1192, 503)
[2026-05-22 01:14:58] [INFO] [ShopBot] 物品 3 (y=601-705): '55装备勇士的背甲项链妮萨可购买1次' → equipment (conf=0.70), 价格 360000, 货币 gold, 购买按钮 @ (1192, 653)
[2026-05-22 01:14:58] [INFO] [ShopBot] 跳过物品: equipment
[2026-05-22 01:14:58] [INFO] [ShopBot] 跳过物品: unknown
[2026-05-22 01:14:58] [INFO] [ShopBot] 跳过物品: equipment
[2026-05-22 01:14:58] [INFO] [ShopBot] 跳过物品: equipment
[2026-05-22 01:14:58] [INFO] [ShopBot] 货架处理完成，共购买 0 个物品
[2026-05-22 01:14:58] [INFO] [ShopBot] 第 2 次查看，购买 0 个物品
[2026-05-22 01:14:58] [INFO] [ShopBot] 滑动 (800, 400) -> (800, 150), 时长 0.3s
[2026-05-22 01:15:01] [DEBUG] [ShopBot] 整区 OCR 检测到 32 个文字块，4 行
[2026-05-22 01:15:01] [INFO] [ShopBot] 物品 0 (y=154-260): '85装备地狱破灭精髓宝珠商人亚彼荷可购买1次' → equipment (conf=0.70), 价格 810000, 货币 gold, 购买按钮 @ (1192, 207)
[2026-05-22 01:15:01] [INFO] [ShopBot] 物品 1 (y=311-405): '货币友情点数诺诺里50可购买1次' → unknown (conf=0.00), 价格 18000, 货币 gold, 购买按钮 @ (1192, 358)
[2026-05-22 01:15:01] [INFO] [ShopBot] 物品 2 (y=456-550): '55装备精巧的恶魔重甲商人亚彼荷可购买1次' → equipment (conf=0.70), 价格 240000, 货币 gold, 购买按钮 @ (1192, 503)
[2026-05-22 01:15:01] [INFO] [ShopBot] 物品 3 (y=601-705): '55装备勇士的背甲项链妮萨可购买1次' → equipment (conf=0.70), 价格 360000, 货币 gold, 购买按钮 @ (1192, 653)
[2026-05-22 01:15:01] [INFO] [ShopBot] 已到达货架底部（第 3 次滑动后，识别结果无变化）
[2026-05-22 01:15:01] [INFO] [ShopBot] 寻找刷新按钮（第 1 次）
[2026-05-22 01:15:01] [DEBUG] [ShopBot] 找到刷新按钮 '立即更新' 在 (268, 659)
[2026-05-22 01:15:01] [INFO] [ShopBot] 点击刷新按钮 (268, 659)
[2026-05-22 01:15:01] [INFO] [ShopBot] 点击坐标 (268, 659)
[2026-05-22 01:15:02] [INFO] [ShopBot] 点击刷新确认 @ (748, 460)
[2026-05-22 01:15:02] [INFO] [ShopBot] 点击坐标 (748, 460)
[2026-05-22 01:15:02] [INFO] [ShopBot] 等待货架加载...
[2026-05-22 01:15:03] [INFO] [ShopBot] ===== 第 3 轮 =====
[2026-05-22 01:15:03] [INFO] [ShopBot] 滑动到货架顶部...
[2026-05-22 01:15:03] [INFO] [ShopBot] 滑动 (800, 150) -> (800, 400), 时长 0.3s
[2026-05-22 01:15:05] [DEBUG] [ShopBot] 整区 OCR 检测到 30 个文字块，5 行
[2026-05-22 01:15:05] [INFO] [ShopBot] 物品 0 (y=120-211): '70装备魔力龙兽皮甲商人亚彼荷可购买1次' → equipment (conf=0.70), 价格 380000, 货币 gold, 购买按钮 @ (1192, 165)
[2026-05-22 01:15:05] [INFO] [ShopBot] 物品 1 (y=263-357): '70装备蜘蛛君主的流星锤商人亚彼荷可购买1次' → equipment (conf=0.70), 价格 380000, 货币 gold, 购买按钮 @ (1192, 310)
[2026-05-22 01:15:05] [INFO] [ShopBot] 物品 2 (y=408-502): '55装备精巧的恶魔项链可购买1次' → equipment (conf=0.70), 价格 240000, 货币 gold, 购买按钮 @ (1192, 455)
[2026-05-22 01:15:05] [INFO] [ShopBot] 物品 3 (y=554-647): '英雄雪原陆龟奈汉库伊可购买1次' → unknown (conf=0.00), 价格 29000, 货币 gold, 购买按钮 @ (1192, 600)
[2026-05-22 01:15:05] [INFO] [ShopBot] 物品 4 (y=648-705): '' → unknown (conf=0.00), 价格 0, 货币 gold, 购买按钮 @ (1192, 676)
[2026-05-22 01:15:05] [INFO] [ShopBot] 跳过物品: equipment
[2026-05-22 01:15:05] [INFO] [ShopBot] 跳过物品: equipment
[2026-05-22 01:15:05] [INFO] [ShopBot] 跳过物品: equipment
[2026-05-22 01:15:05] [INFO] [ShopBot] 跳过物品: unknown
[2026-05-22 01:15:05] [INFO] [ShopBot] 跳过物品: unknown
[2026-05-22 01:15:05] [INFO] [ShopBot] 货架处理完成，共购买 0 个物品
[2026-05-22 01:15:05] [INFO] [ShopBot] 第 0 次查看，购买 0 个物品
[2026-05-22 01:15:05] [INFO] [ShopBot] 滑动 (800, 400) -> (800, 150), 时长 0.3s
[2026-05-22 01:15:07] [DEBUG] [ShopBot] 整区 OCR 检测到 30 个文字块，4 行
[2026-05-22 01:15:07] [INFO] [ShopBot] 物品 0 (y=154-260): '55装备精巧的恶魔项链妮萨可购买1次' → equipment (conf=0.70), 价格 240000, 货币 gold, 购买按钮 @ (1192, 207)
[2026-05-22 01:15:07] [INFO] [ShopBot] 物品 1 (y=313-405): '英雄雪原陆龟奈汉库伊可购买1次' → unknown (conf=0.00), 价格 29000, 货币 gold, 购买按钮 @ (1192, 359)
[2026-05-22 01:15:07] [INFO] [ShopBot] 物品 2 (y=456-550): '货币友情点数诺诺里50可购买1次' → unknown (conf=0.00), 价格 18000, 货币 gold, 购买按钮 @ (1192, 503)
[2026-05-22 01:15:07] [INFO] [ShopBot] 物品 3 (y=596-705): '英雄大海种子奈汉库伊可购买1次' → unknown (conf=0.00), 价格 29000, 货币 gold, 购买按钮 @ (1192, 650)
[2026-05-22 01:15:07] [INFO] [ShopBot] 跳过物品: equipment
[2026-05-22 01:15:07] [INFO] [ShopBot] 跳过物品: unknown
[2026-05-22 01:15:07] [INFO] [ShopBot] 跳过物品: unknown
[2026-05-22 01:15:07] [INFO] [ShopBot] 跳过物品: unknown
[2026-05-22 01:15:07] [INFO] [ShopBot] 货架处理完成，共购买 0 个物品
[2026-05-22 01:15:07] [INFO] [ShopBot] 第 1 次查看，购买 0 个物品
[2026-05-22 01:15:07] [INFO] [ShopBot] 滑动 (800, 400) -> (800, 150), 时长 0.3s
[2026-05-22 01:15:09] [DEBUG] [ShopBot] 整区 OCR 检测到 30 个文字块，4 行
[2026-05-22 01:15:09] [INFO] [ShopBot] 物品 0 (y=154-260): '55装备精巧的恶魔项链妮萨可购买1次' → equipment (conf=0.70), 价格 240000, 货币 gold, 购买按钮 @ (1192, 207)
[2026-05-22 01:15:09] [INFO] [ShopBot] 物品 1 (y=313-405): '英雄雪原陆龟奈汉库伊可购买1次' → unknown (conf=0.00), 价格 29000, 货币 gold, 购买按钮 @ (1192, 359)
[2026-05-22 01:15:09] [INFO] [ShopBot] 物品 2 (y=456-550): '货币友情点数诺诺里50可购买1次' → unknown (conf=0.00), 价格 18000, 货币 gold, 购买按钮 @ (1192, 503)
[2026-05-22 01:15:09] [INFO] [ShopBot] 物品 3 (y=602-705): '英雄大海种子奈汉库伊可购买1次' → unknown (conf=0.00), 价格 29000, 货币 gold, 购买按钮 @ (1192, 653)
[2026-05-22 01:15:09] [INFO] [ShopBot] 已到达货架底部（第 2 次滑动后，识别结果无变化）
[2026-05-22 01:15:09] [INFO] [ShopBot] 寻找刷新按钮（第 1 次）
[2026-05-22 01:15:10] [DEBUG] [ShopBot] 找到刷新按钮 '立即更新' 在 (268, 659)
[2026-05-22 01:15:10] [INFO] [ShopBot] 点击刷新按钮 (268, 659)
[2026-05-22 01:15:10] [INFO] [ShopBot] 点击坐标 (268, 659)
[2026-05-22 01:15:11] [INFO] [ShopBot] 点击刷新确认 @ (748, 460)
[2026-05-22 01:15:11] [INFO] [ShopBot] 点击坐标 (748, 460)
[2026-05-22 01:15:11] [INFO] [ShopBot] 等待货架加载...
[2026-05-22 01:15:12] [INFO] [ShopBot] ===== 第 4 轮 =====
[2026-05-22 01:15:12] [INFO] [ShopBot] 滑动到货架顶部...
[2026-05-22 01:15:12] [INFO] [ShopBot] 滑动 (800, 150) -> (800, 400), 时长 0.3s
[2026-05-22 01:15:14] [DEBUG] [ShopBot] 整区 OCR 检测到 32 个文字块，4 行
[2026-05-22 01:15:14] [INFO] [ShopBot] 物品 0 (y=121-212): '70装备破灭精髓王冠商人亚彼荷可购买1次' → equipment (conf=0.70), 价格 560000, 货币 gold, 购买按钮 @ (1192, 166)
[2026-05-22 01:15:14] [INFO] [ShopBot] 物品 1 (y=264-358): '55装备蓝宝石项链妮萨可购买1次' → equipment (conf=0.70), 价格 240000, 货币 gold, 购买按钮 @ (1192, 311)
[2026-05-22 01:15:14] [INFO] [ShopBot] 物品 2 (y=409-503): '55装备奥利哈钢头盔可购买1次商人亚彼荷' → equipment (conf=0.70), 价格 360000, 货币 gold, 购买按钮 @ (1192, 456)
[2026-05-22 01:15:14] [INFO] [ShopBot] 物品 3 (y=554-705): '装备55奥利哈钢手镯妮萨可购买1次' → equipment (conf=0.70), 价格 240000, 货币 gold, 购买按钮 @ (1192, 629)
[2026-05-22 01:15:14] [INFO] [ShopBot] 跳过物品: equipment
[2026-05-22 01:15:14] [INFO] [ShopBot] 跳过物品: equipment
[2026-05-22 01:15:14] [INFO] [ShopBot] 跳过物品: equipment
[2026-05-22 01:15:14] [INFO] [ShopBot] 跳过物品: equipment
[2026-05-22 01:15:14] [INFO] [ShopBot] 货架处理完成，共购买 0 个物品
[2026-05-22 01:15:14] [INFO] [ShopBot] 第 0 次查看，购买 0 个物品
[2026-05-22 01:15:14] [INFO] [ShopBot] 滑动 (800, 400) -> (800, 150), 时长 0.3s
[2026-05-22 01:15:16] [DEBUG] [ShopBot] 整区 OCR 检测到 30 个文字块，4 行
[2026-05-22 01:15:16] [INFO] [ShopBot] 物品 0 (y=154-260): '55装备奥利哈钢头盔商人亚彼荷可购买1次' → equipment (conf=0.70), 价格 360000, 货币 gold, 购买按钮 @ (1192, 207)
[2026-05-22 01:15:16] [INFO] [ShopBot] 物品 1 (y=311-405): '55装备奥利哈钢手镯可购买1次' → equipment (conf=0.70), 价格 240000, 货币 gold, 购买按钮 @ (1192, 358)
[2026-05-22 01:15:16] [INFO] [ShopBot] 物品 2 (y=456-550): '货币友情点数诺诺里50可购买1次' → unknown (conf=0.00), 价格 18000, 货币 gold, 购买按钮 @ (1192, 503)
[2026-05-22 01:15:16] [INFO] [ShopBot] 物品 3 (y=597-705): '英雄苍之庇佑团祭司奈汉库伊可购买1次' → unknown (conf=0.00), 价格 29000, 货币 gold, 购买按钮 @ (1192, 651)
[2026-05-22 01:15:16] [INFO] [ShopBot] 跳过物品: equipment
[2026-05-22 01:15:16] [INFO] [ShopBot] 跳过物品: equipment
[2026-05-22 01:15:16] [INFO] [ShopBot] 跳过物品: unknown
[2026-05-22 01:15:16] [INFO] [ShopBot] 跳过物品: unknown
[2026-05-22 01:15:16] [INFO] [ShopBot] 货架处理完成，共购买 0 个物品
[2026-05-22 01:15:16] [INFO] [ShopBot] 第 1 次查看，购买 0 个物品
[2026-05-22 01:15:16] [INFO] [ShopBot] 滑动 (800, 400) -> (800, 150), 时长 0.3s
[2026-05-22 01:15:18] [DEBUG] [ShopBot] 整区 OCR 检测到 30 个文字块，4 行
[2026-05-22 01:15:18] [INFO] [ShopBot] 物品 0 (y=154-260): '55装备奥利哈钢头盔商人亚彼荷可购买1次' → equipment (conf=0.70), 价格 360000, 货币 gold, 购买按钮 @ (1192, 207)
[2026-05-22 01:15:18] [INFO] [ShopBot] 物品 1 (y=311-405): '55装备奥利哈钢手镯可购买1次' → equipment (conf=0.70), 价格 240000, 货币 gold, 购买按钮 @ (1192, 358)
[2026-05-22 01:15:18] [INFO] [ShopBot] 物品 2 (y=456-550): '货币友情点数诺诺里50可购买1次' → unknown (conf=0.00), 价格 18000, 货币 gold, 购买按钮 @ (1192, 503)
[2026-05-22 01:15:18] [INFO] [ShopBot] 物品 3 (y=602-705): '英雄苍之庇佑团祭司奈汉库伊可购买1次' → unknown (conf=0.00), 价格 29000, 货币 gold, 购买按钮 @ (1192, 653)
[2026-05-22 01:15:18] [INFO] [ShopBot] 已到达货架底部（第 2 次滑动后，识别结果无变化）
[2026-05-22 01:15:18] [INFO] [ShopBot] 寻找刷新按钮（第 1 次）
[2026-05-22 01:15:19] [DEBUG] [ShopBot] 找到刷新按钮 '立即更新' 在 (268, 659)
[2026-05-22 01:15:19] [INFO] [ShopBot] 点击刷新按钮 (268, 659)
[2026-05-22 01:15:19] [INFO] [ShopBot] 点击坐标 (268, 659)
[2026-05-22 01:15:19] [INFO] [ShopBot] 点击刷新确认 @ (748, 460)
[2026-05-22 01:15:19] [INFO] [ShopBot] 点击坐标 (748, 460)
[2026-05-22 01:15:20] [INFO] [ShopBot] 等待货架加载...
[2026-05-22 01:15:21] [INFO] [ShopBot] ===== 第 5 轮 =====
[2026-05-22 01:15:21] [INFO] [ShopBot] 滑动到货架顶部...
[2026-05-22 01:15:21] [INFO] [ShopBot] 滑动 (800, 150) -> (800, 400), 时长 0.3s
[2026-05-22 01:15:22] [DEBUG] [ShopBot] 整区 OCR 检测到 31 个文字块，5 行
[2026-05-22 01:15:22] [INFO] [ShopBot] 物品 0 (y=116-207): '装备85暗黑钢铁剑商人亚彼荷可购买1次' → equipment (conf=0.70), 价格 1100000, 货币 gold, 购买按钮 @ (1192, 161)
[2026-05-22 01:15:22] [INFO] [ShopBot] 物品 1 (y=259-353): '货币友情点数若诺里50可购买1次' → unknown (conf=0.00), 价格 18000, 货币 gold, 购买按钮 @ (1192, 306)
[2026-05-22 01:15:22] [INFO] [ShopBot] 物品 2 (y=404-498): '装备魔力龙兽面具商人亚彼荷可购买1次' → equipment (conf=0.70), 价格 560000, 货币 gold, 购买按钮 @ (1192, 451)
[2026-05-22 01:15:22] [INFO] [ShopBot] 物品 3 (y=549-643): '70装备钻石戒指妮萨可购买1次' → equipment (conf=0.70), 价格 750000, 货币 gold, 购买按钮 @ (1192, 596)
[2026-05-22 01:15:22] [INFO] [ShopBot] 物品 4 (y=644-705): '' → unknown (conf=0.00), 价格 0, 货币 gold, 购买按钮 @ (1192, 674)
[2026-05-22 01:15:22] [INFO] [ShopBot] 跳过物品: equipment
[2026-05-22 01:15:22] [INFO] [ShopBot] 跳过物品: unknown
[2026-05-22 01:15:22] [INFO] [ShopBot] 跳过物品: equipment
[2026-05-22 01:15:22] [INFO] [ShopBot] 跳过物品: equipment
[2026-05-22 01:15:22] [INFO] [ShopBot] 跳过物品: unknown
[2026-05-22 01:15:22] [INFO] [ShopBot] 货架处理完成，共购买 0 个物品
[2026-05-22 01:15:22] [INFO] [ShopBot] 第 0 次查看，购买 0 个物品
[2026-05-22 01:15:22] [INFO] [ShopBot] 滑动 (800, 400) -> (800, 150), 时长 0.3s
[2026-05-22 01:15:25] [DEBUG] [ShopBot] 整区 OCR 检测到 29 个文字块，4 行
[2026-05-22 01:15:25] [INFO] [ShopBot] 物品 0 (y=154-260): '70装备魔力龙兽面具商人亚彼荷可购买1次' → equipment (conf=0.70), 价格 560000, 货币 gold, 购买按钮 @ (1192, 207)
[2026-05-22 01:15:25] [INFO] [ShopBot] 物品 1 (y=311-405): '70装备钻石戒指可购买1次' → equipment (conf=0.70), 价格 750000, 货币 gold, 购买按钮 @ (1192, 358)
[2026-05-22 01:15:25] [INFO] [ShopBot] 物品 2 (y=457-550): '英雄卡洛斯精锐兵奈汉库伊可购买1次' → unknown (conf=0.00), 价格 29000, 货币 gold, 购买按钮 @ (1192, 503)
[2026-05-22 01:15:25] [INFO] [ShopBot] 物品 3 (y=601-705): '装备不祥的恶魔厚实重甲商人亚彼荷可购买1次' → equipment (conf=0.70), 价格 380000, 货币 gold, 购买按钮 @ (1192, 653)
[2026-05-22 01:15:25] [INFO] [ShopBot] 跳过物品: equipment
[2026-05-22 01:15:25] [INFO] [ShopBot] 跳过物品: equipment
[2026-05-22 01:15:25] [INFO] [ShopBot] 跳过物品: unknown
[2026-05-22 01:15:25] [INFO] [ShopBot] 跳过物品: equipment
[2026-05-22 01:15:25] [INFO] [ShopBot] 货架处理完成，共购买 0 个物品
[2026-05-22 01:15:25] [INFO] [ShopBot] 第 1 次查看，购买 0 个物品
[2026-05-22 01:15:25] [INFO] [ShopBot] 滑动 (800, 400) -> (800, 150), 时长 0.3s
[2026-05-22 01:15:27] [DEBUG] [ShopBot] 整区 OCR 检测到 29 个文字块，4 行
[2026-05-22 01:15:27] [INFO] [ShopBot] 物品 0 (y=154-260): '70装备魔力龙兽面具商人亚彼荷可购买1次' → equipment (conf=0.70), 价格 560000, 货币 gold, 购买按钮 @ (1192, 207)
[2026-05-22 01:15:27] [INFO] [ShopBot] 物品 1 (y=311-405): '70装备钻石戒指可购买1次' → equipment (conf=0.70), 价格 750000, 货币 gold, 购买按钮 @ (1192, 358)
[2026-05-22 01:15:27] [INFO] [ShopBot] 物品 2 (y=457-550): '英雄卡洛斯精锐兵奈汉库伊可购买1次' → unknown (conf=0.00), 价格 29000, 货币 gold, 购买按钮 @ (1192, 503)
[2026-05-22 01:15:27] [INFO] [ShopBot] 物品 3 (y=600-705): '装备不祥的恶魔厚实重甲商人亚彼荷可购买1次' → equipment (conf=0.70), 价格 380000, 货币 gold, 购买按钮 @ (1192, 652)
[2026-05-22 01:15:27] [INFO] [ShopBot] 已到达货架底部（第 2 次滑动后，识别结果无变化）
[2026-05-22 01:15:27] [INFO] [ShopBot] 寻找刷新按钮（第 1 次）
[2026-05-22 01:15:28] [DEBUG] [ShopBot] 找到刷新按钮 '立即更新' 在 (268, 659)
[2026-05-22 01:15:28] [INFO] [ShopBot] 点击刷新按钮 (268, 659)
[2026-05-22 01:15:28] [INFO] [ShopBot] 点击坐标 (268, 659)
[2026-05-22 01:15:28] [INFO] [ShopBot] 点击刷新确认 @ (748, 460)
[2026-05-22 01:15:28] [INFO] [ShopBot] 点击坐标 (748, 460)
[2026-05-22 01:15:28] [INFO] [ShopBot] 等待货架加载...
[2026-05-22 01:15:29] [INFO] [ShopBot] ===== 第 6 轮 =====
[2026-05-22 01:15:29] [INFO] [ShopBot] 滑动到货架顶部...
[2026-05-22 01:15:29] [INFO] [ShopBot] 滑动 (800, 150) -> (800, 400), 时长 0.3s
[2026-05-22 01:15:31] [DEBUG] [ShopBot] 整区 OCR 检测到 28 个文字块，5 行
[2026-05-22 01:15:31] [INFO] [ShopBot] 物品 0 (y=120-211): '英雄怪异的魔物奈汉库伊可购买1次' → unknown (conf=0.00), 价格 29000, 货币 gold, 购买按钮 @ (1192, 165)
[2026-05-22 01:15:31] [INFO] [ShopBot] 物品 1 (y=264-356): '英雄欺瞒纽洛普奈汉库伊可购买1次' → unknown (conf=0.00), 价格 29000, 货币 gold, 购买按钮 @ (1192, 310)
[2026-05-22 01:15:31] [INFO] [ShopBot] 物品 2 (y=408-501): '55装备勇士的背甲项链可购买1次' → equipment (conf=0.70), 价格 240000, 货币 gold, 购买按钮 @ (1192, 454)
[2026-05-22 01:15:31] [INFO] [ShopBot] 物品 3 (y=554-646): '英雄盛夏安卡拉奈汉库伊可购买1次' → unknown (conf=0.00), 价格 29000, 货币 gold, 购买按钮 @ (1192, 600)
[2026-05-22 01:15:31] [INFO] [ShopBot] 物品 4 (y=647-705): '' → unknown (conf=0.00), 价格 0, 货币 gold, 购买按钮 @ (1192, 676)
[2026-05-22 01:15:31] [INFO] [ShopBot] 跳过物品: unknown
[2026-05-22 01:15:31] [INFO] [ShopBot] 跳过物品: unknown
[2026-05-22 01:15:31] [INFO] [ShopBot] 跳过物品: equipment
[2026-05-22 01:15:31] [INFO] [ShopBot] 跳过物品: unknown
[2026-05-22 01:15:31] [INFO] [ShopBot] 跳过物品: unknown
[2026-05-22 01:15:31] [INFO] [ShopBot] 货架处理完成，共购买 0 个物品
[2026-05-22 01:15:31] [INFO] [ShopBot] 第 0 次查看，购买 0 个物品
[2026-05-22 01:15:31] [INFO] [ShopBot] 滑动 (800, 400) -> (800, 150), 时长 0.3s
[2026-05-22 01:15:33] [DEBUG] [ShopBot] 整区 OCR 检测到 32 个文字块，5 行
[2026-05-22 01:15:33] [INFO] [ShopBot] 物品 0 (y=80-128): '奈汉库伊可购买1次' → unknown (conf=0.00), 价格 0, 货币 gold, 购买按钮 @ (1192, 104)
[2026-05-22 01:15:33] [INFO] [ShopBot] 物品 1 (y=181-274): '55装备勇士的背甲项链妮萨可购买1次' → equipment (conf=0.70), 价格 240000, 货币 gold, 购买按钮 @ (1192, 227)
[2026-05-22 01:15:33] [INFO] [ShopBot] 物品 2 (y=327-419): '英雄盛夏安卡拉奈汉库伊可购买1次' → unknown (conf=0.00), 价格 29000, 货币 gold, 购买按钮 @ (1192, 373)
[2026-05-22 01:15:33] [INFO] [ShopBot] 物品 3 (y=471-565): '装备泰拉靴子商人亚彼荷可购买1次' → equipment (conf=0.70), 价格 380000, 货币 gold, 购买按钮 @ (1192, 518)
[2026-05-22 01:15:33] [INFO] [ShopBot] 物品 4 (y=597-705): '货币友情点数可购买1次' → unknown (conf=0.00), 价格 18000, 货币 gold, 购买按钮 @ (1192, 651)
[2026-05-22 01:15:33] [INFO] [ShopBot] 跳过物品: unknown
[2026-05-22 01:15:33] [INFO] [ShopBot] 跳过物品: equipment
[2026-05-22 01:15:33] [INFO] [ShopBot] 跳过物品: unknown
[2026-05-22 01:15:33] [INFO] [ShopBot] 跳过物品: equipment
[2026-05-22 01:15:33] [INFO] [ShopBot] 跳过物品: unknown
[2026-05-22 01:15:33] [INFO] [ShopBot] 货架处理完成，共购买 0 个物品
[2026-05-22 01:15:33] [INFO] [ShopBot] 第 1 次查看，购买 0 个物品
[2026-05-22 01:15:33] [INFO] [ShopBot] 滑动 (800, 400) -> (800, 150), 时长 0.3s
[2026-05-22 01:15:36] [DEBUG] [ShopBot] 整区 OCR 检测到 31 个文字块，4 行
[2026-05-22 01:15:36] [INFO] [ShopBot] 物品 0 (y=154-260): '55装备勇士的背甲项链妮萨可购买1次' → equipment (conf=0.70), 价格 240000, 货币 gold, 购买按钮 @ (1192, 207)
[2026-05-22 01:15:36] [INFO] [ShopBot] 物品 1 (y=313-405): '英雄盛夏安卡拉奈汉库伊可购买1次' → unknown (conf=0.00), 价格 29000, 货币 gold, 购买按钮 @ (1192, 359)
[2026-05-22 01:15:36] [INFO] [ShopBot] 物品 2 (y=456-550): '70装备泰拉靴子商人亚彼荷可购买1次' → equipment (conf=0.70), 价格 380000, 货币 gold, 购买按钮 @ (1192, 503)
[2026-05-22 01:15:36] [INFO] [ShopBot] 物品 3 (y=601-705): '货币友情点数诺诺里50可购买1次' → unknown (conf=0.00), 价格 18000, 货币 gold, 购买按钮 @ (1192, 653)
[2026-05-22 01:15:36] [INFO] [ShopBot] 跳过物品: equipment
[2026-05-22 01:15:36] [INFO] [ShopBot] 跳过物品: unknown
[2026-05-22 01:15:36] [INFO] [ShopBot] 跳过物品: equipment
[2026-05-22 01:15:36] [INFO] [ShopBot] 跳过物品: unknown
[2026-05-22 01:15:36] [INFO] [ShopBot] 货架处理完成，共购买 0 个物品
[2026-05-22 01:15:36] [INFO] [ShopBot] 第 2 次查看，购买 0 个物品
[2026-05-22 01:15:36] [INFO] [ShopBot] 滑动 (800, 400) -> (800, 150), 时长 0.3s
[2026-05-22 01:15:38] [DEBUG] [ShopBot] 整区 OCR 检测到 31 个文字块，4 行
[2026-05-22 01:15:38] [INFO] [ShopBot] 物品 0 (y=154-260): '55装备勇士的背甲项链妮萨可购买1次' → equipment (conf=0.70), 价格 240000, 货币 gold, 购买按钮 @ (1192, 207)
[2026-05-22 01:15:38] [INFO] [ShopBot] 物品 1 (y=313-405): '英雄盛夏安卡拉奈汉库伊可购买1次' → unknown (conf=0.00), 价格 29000, 货币 gold, 购买按钮 @ (1192, 359)
[2026-05-22 01:15:38] [INFO] [ShopBot] 物品 2 (y=456-550): '70装备泰拉靴子商人亚彼荷可购买1次' → equipment (conf=0.70), 价格 380000, 货币 gold, 购买按钮 @ (1192, 503)
[2026-05-22 01:15:38] [INFO] [ShopBot] 物品 3 (y=601-705): '货币友情点数诺诺里50可购买1次' → unknown (conf=0.00), 价格 18000, 货币 gold, 购买按钮 @ (1192, 653)
[2026-05-22 01:15:38] [INFO] [ShopBot] 已到达货架底部（第 3 次滑动后，识别结果无变化）
[2026-05-22 01:15:38] [INFO] [ShopBot] 寻找刷新按钮（第 1 次）
[2026-05-22 01:15:39] [DEBUG] [ShopBot] 找到刷新按钮 '立即更新' 在 (268, 659)
[2026-05-22 01:15:39] [INFO] [ShopBot] 点击刷新按钮 (268, 659)
[2026-05-22 01:15:39] [INFO] [ShopBot] 点击坐标 (268, 659)
[2026-05-22 01:15:39] [INFO] [ShopBot] 点击刷新确认 @ (748, 460)
[2026-05-22 01:15:39] [INFO] [ShopBot] 点击坐标 (748, 460)
[2026-05-22 01:15:39] [INFO] [ShopBot] 等待货架加载...
[2026-05-22 01:15:40] [INFO] [ShopBot] ===== 第 7 轮 =====
[2026-05-22 01:15:40] [INFO] [ShopBot] 滑动到货架顶部...
[2026-05-22 01:15:40] [INFO] [ShopBot] 滑动 (800, 150) -> (800, 400), 时长 0.3s
[2026-05-22 01:15:42] [DEBUG] [ShopBot] 整区 OCR 检测到 29 个文字块，5 行
[2026-05-22 01:15:42] [INFO] [ShopBot] 物品 0 (y=122-213): '英雄组织执行官奈汉库伊可购买1次' → unknown (conf=0.00), 价格 29000, 货币 gold, 购买按钮 @ (1192, 167)
[2026-05-22 01:15:42] [INFO] [ShopBot] 物品 1 (y=266-358): '英雄精锐兵玛伊堤奈汉库伊可购买1次' → unknown (conf=0.00), 价格 29000, 货币 gold, 购买按钮 @ (1192, 312)
[2026-05-22 01:15:42] [INFO] [ShopBot] 物品 2 (y=410-504): '货币友情点数诺诺里50可购买1次' → unknown (conf=0.00), 价格 18000, 货币 gold, 购买按钮 @ (1192, 457)
[2026-05-22 01:15:42] [INFO] [ShopBot] 物品 3 (y=555-649): '装备不祥的恶魔厚实重甲商人亚彼荷可购买1次' → equipment (conf=0.70), 价格 560000, 货币 gold, 购买按钮 @ (1192, 602)
[2026-05-22 01:15:42] [INFO] [ShopBot] 物品 4 (y=650-705): '' → unknown (conf=0.00), 价格 0, 货币 gold, 购买按钮 @ (1192, 677)
[2026-05-22 01:15:42] [INFO] [ShopBot] 跳过物品: unknown
[2026-05-22 01:15:42] [INFO] [ShopBot] 跳过物品: unknown
[2026-05-22 01:15:42] [INFO] [ShopBot] 跳过物品: unknown
[2026-05-22 01:15:42] [INFO] [ShopBot] 跳过物品: equipment
[2026-05-22 01:15:42] [INFO] [ShopBot] 跳过物品: unknown
[2026-05-22 01:15:42] [INFO] [ShopBot] 货架处理完成，共购买 0 个物品
[2026-05-22 01:15:42] [INFO] [ShopBot] 第 0 次查看，购买 0 个物品
[2026-05-22 01:15:42] [INFO] [ShopBot] 滑动 (800, 400) -> (800, 150), 时长 0.3s
[2026-05-22 01:15:45] [DEBUG] [ShopBot] 整区 OCR 检测到 30 个文字块，4 行
[2026-05-22 01:15:45] [INFO] [ShopBot] 物品 0 (y=154-260): '货币友情点数诺诺里可购买1次50' → unknown (conf=0.00), 价格 18000, 货币 gold, 购买按钮 @ (1192, 207)
[2026-05-22 01:15:45] [INFO] [ShopBot] 物品 1 (y=311-405): '装备不祥的恶魔厚实重甲商人亚彼荷可购买1次' → equipment (conf=0.70), 价格 560000, 货币 gold, 购买按钮 @ (1192, 358)
[2026-05-22 01:15:45] [INFO] [ShopBot] 物品 2 (y=456-550): '70装备破灭精髓宝珠商人亚彼荷可购买1次' → equipment (conf=0.70), 价格 380000, 货币 gold, 购买按钮 @ (1192, 503)
[2026-05-22 01:15:45] [INFO] [ShopBot] 物品 3 (y=602-705): '英雄爆裂的龙族士兵奈汉库伊可购买1次' → unknown (conf=0.00), 价格 29000, 货币 gold, 购买按钮 @ (1192, 653)
[2026-05-22 01:15:45] [INFO] [ShopBot] 跳过物品: unknown
[2026-05-22 01:15:45] [INFO] [ShopBot] 跳过物品: equipment
[2026-05-22 01:15:45] [INFO] [ShopBot] 跳过物品: equipment
[2026-05-22 01:15:45] [INFO] [ShopBot] 跳过物品: unknown
[2026-05-22 01:15:45] [INFO] [ShopBot] 货架处理完成，共购买 0 个物品
[2026-05-22 01:15:45] [INFO] [ShopBot] 第 1 次查看，购买 0 个物品
[2026-05-22 01:15:45] [INFO] [ShopBot] 滑动 (800, 400) -> (800, 150), 时长 0.3s
[2026-05-22 01:15:47] [DEBUG] [ShopBot] 整区 OCR 检测到 30 个文字块，4 行
[2026-05-22 01:15:47] [INFO] [ShopBot] 物品 0 (y=154-260): '货币友情点数诺诺里可购买1次50' → unknown (conf=0.00), 价格 18000, 货币 gold, 购买按钮 @ (1192, 207)
[2026-05-22 01:15:47] [INFO] [ShopBot] 物品 1 (y=311-405): '装备不祥的恶魔厚实重甲商人亚彼荷可购买1次' → equipment (conf=0.70), 价格 560000, 货币 gold, 购买按钮 @ (1192, 358)
[2026-05-22 01:15:47] [INFO] [ShopBot] 物品 2 (y=456-550): '70装备破灭精髓宝珠商人亚彼荷可购买1次' → equipment (conf=0.70), 价格 380000, 货币 gold, 购买按钮 @ (1192, 503)
[2026-05-22 01:15:47] [INFO] [ShopBot] 物品 3 (y=602-705): '英雄爆裂的龙族士兵奈汉库伊可购买1次' → unknown (conf=0.00), 价格 29000, 货币 gold, 购买按钮 @ (1192, 653)
[2026-05-22 01:15:47] [INFO] [ShopBot] 已到达货架底部（第 2 次滑动后，识别结果无变化）
[2026-05-22 01:15:47] [INFO] [ShopBot] 寻找刷新按钮（第 1 次）
[2026-05-22 01:15:48] [DEBUG] [ShopBot] 找到刷新按钮 '立即更新' 在 (268, 659)
[2026-05-22 01:15:48] [INFO] [ShopBot] 点击刷新按钮 (268, 659)
[2026-05-22 01:15:48] [INFO] [ShopBot] 点击坐标 (268, 659)
[2026-05-22 01:15:48] [INFO] [ShopBot] 点击刷新确认 @ (748, 460)
[2026-05-22 01:15:48] [INFO] [ShopBot] 点击坐标 (748, 460)
[2026-05-22 01:15:48] [INFO] [ShopBot] 等待货架加载...
[2026-05-22 01:15:49] [INFO] [ShopBot] ===== 第 8 轮 =====
[2026-05-22 01:15:49] [INFO] [ShopBot] 滑动到货架顶部...
[2026-05-22 01:15:49] [INFO] [ShopBot] 滑动 (800, 150) -> (800, 400), 时长 0.3s
[2026-05-22 01:15:51] [DEBUG] [ShopBot] 整区 OCR 检测到 30 个文字块，5 行
[2026-05-22 01:15:51] [INFO] [ShopBot] 物品 0 (y=125-216): '英雄岩穴狮鹫奈汉库伊可购买1次' → unknown (conf=0.00), 价格 29000, 货币 gold, 购买按钮 @ (1192, 170)
[2026-05-22 01:15:51] [INFO] [ShopBot] 物品 1 (y=268-361): '55装备灿烂精髓宝珠商人亚彼荷可购买1次' → equipment (conf=0.70), 价格 480000, 货币 gold, 购买按钮 @ (1192, 314)
[2026-05-22 01:15:51] [INFO] [ShopBot] 物品 2 (y=413-506): '货币友情点数诺诺里50可购买1次' → unknown (conf=0.00), 价格 18000, 货币 gold, 购买按钮 @ (1192, 459)
[2026-05-22 01:15:51] [INFO] [ShopBot] 物品 3 (y=559-651): '英雄红玉阿伊莎奈汉库伊可购买1次' → unknown (conf=0.00), 价格 29000, 货币 gold, 购买按钮 @ (1192, 605)
[2026-05-22 01:15:51] [INFO] [ShopBot] 物品 4 (y=652-705): '' → unknown (conf=0.00), 价格 0, 货币 gold, 购买按钮 @ (1192, 678)
[2026-05-22 01:15:51] [INFO] [ShopBot] 跳过物品: unknown
[2026-05-22 01:15:51] [INFO] [ShopBot] 跳过物品: equipment
[2026-05-22 01:15:51] [INFO] [ShopBot] 跳过物品: unknown
[2026-05-22 01:15:51] [INFO] [ShopBot] 跳过物品: unknown
[2026-05-22 01:15:51] [INFO] [ShopBot] 跳过物品: unknown
[2026-05-22 01:15:51] [INFO] [ShopBot] 货架处理完成，共购买 0 个物品
[2026-05-22 01:15:51] [INFO] [ShopBot] 第 0 次查看，购买 0 个物品
[2026-05-22 01:15:51] [INFO] [ShopBot] 滑动 (800, 400) -> (800, 150), 时长 0.3s
[2026-05-22 01:15:53] [DEBUG] [ShopBot] 整区 OCR 检测到 33 个文字块，5 行
[2026-05-22 01:15:53] [INFO] [ShopBot] 物品 0 (y=80-132): '灿烂精髓宝珠商人亚彼荷可购买1次' → fodder (conf=0.70), 价格 0, 货币 gold, 购买按钮 @ (1192, 106)
[2026-05-22 01:15:53] [INFO] [ShopBot] 物品 1 (y=184-278): '货币友情点数诺诺里50可购买1次' → unknown (conf=0.00), 价格 18000, 货币 gold, 购买按钮 @ (1192, 231)
[2026-05-22 01:15:53] [INFO] [ShopBot] 物品 2 (y=330-422): '英雄红玉阿伊莎可购买1次奈汉库伊' → unknown (conf=0.00), 价格 29000, 货币 gold, 购买按钮 @ (1192, 376)
[2026-05-22 01:15:53] [INFO] [ShopBot] 物品 3 (y=474-568): '装备55精巧的恶魔戒指可购买1次' → equipment (conf=0.70), 价格 360000, 货币 gold, 购买按钮 @ (1192, 521)
[2026-05-22 01:15:53] [INFO] [ShopBot] 物品 4 (y=605-705): '英雄欺瞒普纽洛可购买1次' → unknown (conf=0.00), 价格 29000, 货币 gold, 购买按钮 @ (1192, 655)
[2026-05-22 01:15:53] [INFO] [ShopBot] 跳过物品: fodder
[2026-05-22 01:15:53] [INFO] [ShopBot] 跳过物品: unknown
[2026-05-22 01:15:53] [INFO] [ShopBot] 跳过物品: unknown
[2026-05-22 01:15:53] [INFO] [ShopBot] 跳过物品: equipment
[2026-05-22 01:15:53] [INFO] [ShopBot] 跳过物品: unknown
[2026-05-22 01:15:53] [INFO] [ShopBot] 货架处理完成，共购买 0 个物品
[2026-05-22 01:15:53] [INFO] [ShopBot] 第 1 次查看，购买 0 个物品
[2026-05-22 01:15:53] [INFO] [ShopBot] 滑动 (800, 400) -> (800, 150), 时长 0.3s
[2026-05-22 01:15:54] [INFO] [ShopBot] 配置已加载 - 设备: 127.0.0.1:16384, 截图: ADB, 控制: ADB
[2026-05-22 01:15:54] [INFO] [ShopBot] 购买列表 - 书签: True, 神秘奖章: True, 装备: False, 狗粮: False
[2026-05-22 01:15:54] [INFO] [ShopBot] 刷新上限: 200, 天空石阈值: 0, 金币阈值: 0, 书签上限: 不限, 神秘上限: 100, 天空石消耗上限: 不限
[2026-05-22 01:15:55] [INFO] [ShopBot] 正在启动 Web UI，监听 localhost:8080 ...
[2026-05-22 01:16:03] [INFO] [ShopBot] 正在连接设备 127.0.0.1:16384（第 1/3 次）
[2026-05-22 01:16:03] [INFO] [ShopBot] ShopBot 已启动
[2026-05-22 01:16:03] [INFO] [ShopBot] 设备连接成功: 127.0.0.1:16384
[2026-05-22 01:16:03] [INFO] [ShopBot] 开始导航至秘密商店（超时 30.0s）
[2026-05-22 01:16:04] [DEBUG] [ShopBot] 秘密商店检测: 导航顶部=51 导航中部=209 内容区=60
[2026-05-22 01:16:04] [INFO] [ShopBot] 场景检测: 秘密商店
[2026-05-22 01:16:04] [INFO] [ShopBot] 已到达秘密商店
[2026-05-22 01:16:04] [INFO] [ShopBot] ===== 启动校准 =====
[2026-05-22 01:16:04] [INFO] [ShopBot] 初始化 RapidOCR 引擎（首次加载约需数秒）...
[2026-05-22 01:16:04] [INFO] [ShopBot] RapidOCR 引擎就绪（耗时 0.3s）
[2026-05-22 01:16:05] [DEBUG] [ShopBot] 整区 OCR 检测到 29 个文字块，4 行
[2026-05-22 01:16:05] [INFO] [ShopBot] 物品 0 (y=154-260): '货币友情点数诺诺里可购买1次50' → unknown (conf=0.00), 价格 18000, 货币 gold, 购买按钮 @ (1192, 207)
[2026-05-22 01:16:05] [INFO] [ShopBot] 物品 1 (y=313-405): '英雄红玉阿伊莎奈汉库伊可购买1次' → unknown (conf=0.00), 价格 29000, 货币 gold, 购买按钮 @ (1192, 359)
[2026-05-22 01:16:05] [INFO] [ShopBot] 物品 2 (y=456-550): '55装备精巧的恶魔戒指可购买1次' → equipment (conf=0.70), 价格 360000, 货币 gold, 购买按钮 @ (1192, 503)
[2026-05-22 01:16:05] [INFO] [ShopBot] 物品 3 (y=602-705): '英雄欺瞒普纽洛奈汉库伊可购买1次' → unknown (conf=0.00), 价格 29000, 货币 gold, 购买按钮 @ (1192, 653)
[2026-05-22 01:16:05] [INFO] [ShopBot] 校准: 选择 '货币友情点数诺诺里可购买1次50' 价格 18000
[2026-05-22 01:16:05] [INFO] [ShopBot] 校准: 点击购买 @ (1192, 207)
[2026-05-22 01:16:05] [INFO] [ShopBot] 点击坐标 (1192, 207)
[2026-05-22 01:16:09] [WARNING] [ShopBot] 校准: 弹窗未出现，跳过校准
[2026-05-22 01:16:10] [DEBUG] [ShopBot] 找到刷新按钮 '立即更新' 在 (268, 659)
[2026-05-22 01:16:10] [INFO] [ShopBot] 缓存刷新按钮位置: (268, 659)
[2026-05-22 01:16:10] [INFO] [ShopBot] ===== 第 1 轮 =====
[2026-05-22 01:16:10] [INFO] [ShopBot] 滑动到货架顶部...
[2026-05-22 01:16:10] [INFO] [ShopBot] 滑动 (800, 150) -> (800, 400), 时长 0.3s
[2026-05-22 01:16:12] [DEBUG] [ShopBot] 整区 OCR 检测到 32 个文字块，5 行
[2026-05-22 01:16:12] [INFO] [ShopBot] 物品 0 (y=99-191): '英雄岩穴狮鹫奈汉库伊可购买1次' → unknown (conf=0.00), 价格 29000, 货币 gold, 购买按钮 @ (1192, 145)
[2026-05-22 01:16:12] [INFO] [ShopBot] 物品 1 (y=243-336): '55装备灿烂精髓宝珠商人亚彼荷可购买1次' → equipment (conf=0.70), 价格 480000, 货币 gold, 购买按钮 @ (1192, 289)
[2026-05-22 01:16:12] [INFO] [ShopBot] 物品 2 (y=388-481): '货币友情点数可购买1次50' → unknown (conf=0.00), 价格 18000, 货币 gold, 购买按钮 @ (1192, 434)
[2026-05-22 01:16:12] [INFO] [ShopBot] 物品 3 (y=534-626): '英雄红玉阿伊莎奈汉库伊可购买1次' → unknown (conf=0.00), 价格 29000, 货币 gold, 购买按钮 @ (1192, 580)
[2026-05-22 01:16:12] [INFO] [ShopBot] 物品 4 (y=644-705): '55装备' → equipment (conf=0.70), 价格 360000, 货币 gold, 购买按钮 @ (1192, 674)
[2026-05-22 01:16:12] [INFO] [ShopBot] 跳过物品: unknown
[2026-05-22 01:16:12] [INFO] [ShopBot] 跳过物品: equipment
[2026-05-22 01:16:12] [INFO] [ShopBot] 跳过物品: unknown
[2026-05-22 01:16:12] [INFO] [ShopBot] 跳过物品: unknown
[2026-05-22 01:16:12] [INFO] [ShopBot] 跳过物品: equipment
[2026-05-22 01:16:12] [INFO] [ShopBot] 货架处理完成，共购买 0 个物品
[2026-05-22 01:16:12] [INFO] [ShopBot] 第 0 次查看，购买 0 个物品
[2026-05-22 01:16:12] [INFO] [ShopBot] 滑动 (800, 400) -> (800, 150), 时长 0.3s
[2026-05-22 01:16:14] [DEBUG] [ShopBot] 整区 OCR 检测到 29 个文字块，4 行
[2026-05-22 01:16:14] [INFO] [ShopBot] 物品 0 (y=154-261): '货币友情点数诺诺里可购买1次50' → unknown (conf=0.00), 价格 18000, 货币 gold, 购买按钮 @ (1192, 207)
[2026-05-22 01:16:14] [INFO] [ShopBot] 物品 1 (y=314-406): '英雄红玉阿伊莎奈汉库伊可购买1次' → unknown (conf=0.00), 价格 29000, 货币 gold, 购买按钮 @ (1192, 360)
[2026-05-22 01:16:14] [INFO] [ShopBot] 物品 2 (y=458-551): '55装备精巧的恶魔戒指可购买1次' → equipment (conf=0.70), 价格 360000, 货币 gold, 购买按钮 @ (1192, 504)
[2026-05-22 01:16:14] [INFO] [ShopBot] 物品 3 (y=603-705): '英雄欺瞒普纽洛奈汉库伊可购买1次' → unknown (conf=0.00), 价格 29000, 货币 gold, 购买按钮 @ (1192, 654)
[2026-05-22 01:16:14] [INFO] [ShopBot] 跳过物品: unknown
[2026-05-22 01:16:14] [INFO] [ShopBot] 跳过物品: unknown
[2026-05-22 01:16:14] [INFO] [ShopBot] 跳过物品: equipment
[2026-05-22 01:16:14] [INFO] [ShopBot] 跳过物品: unknown
[2026-05-22 01:16:14] [INFO] [ShopBot] 货架处理完成，共购买 0 个物品
[2026-05-22 01:16:14] [INFO] [ShopBot] 第 1 次查看，购买 0 个物品
[2026-05-22 01:16:14] [INFO] [ShopBot] 滑动 (800, 400) -> (800, 150), 时长 0.3s
[2026-05-22 01:16:16] [DEBUG] [ShopBot] 整区 OCR 检测到 29 个文字块，4 行
[2026-05-22 01:16:16] [INFO] [ShopBot] 物品 0 (y=154-260): '货币友情点数诺诺里可购买1次50' → unknown (conf=0.00), 价格 18000, 货币 gold, 购买按钮 @ (1192, 207)
[2026-05-22 01:16:16] [INFO] [ShopBot] 物品 1 (y=313-405): '英雄红玉阿伊莎奈汉库伊可购买1次' → unknown (conf=0.00), 价格 29000, 货币 gold, 购买按钮 @ (1192, 359)
[2026-05-22 01:16:16] [INFO] [ShopBot] 物品 2 (y=456-550): '55装备精巧的恶魔戒指可购买1次' → equipment (conf=0.70), 价格 360000, 货币 gold, 购买按钮 @ (1192, 503)
[2026-05-22 01:16:16] [INFO] [ShopBot] 物品 3 (y=602-705): '英雄欺瞒普纽洛奈汉库伊可购买1次' → unknown (conf=0.00), 价格 29000, 货币 gold, 购买按钮 @ (1192, 653)
[2026-05-22 01:16:16] [INFO] [ShopBot] 已到达货架底部（第 2 次滑动后，识别结果无变化）
[2026-05-22 01:16:16] [INFO] [ShopBot] 点击刷新按钮 (268, 659)
[2026-05-22 01:16:16] [INFO] [ShopBot] 点击坐标 (268, 659)
[2026-05-22 01:16:17] [INFO] [ShopBot] 点击刷新确认 @ (748, 460)
[2026-05-22 01:16:17] [INFO] [ShopBot] 点击坐标 (748, 460)
[2026-05-22 01:16:17] [INFO] [ShopBot] 等待货架加载...
[2026-05-22 01:16:18] [INFO] [ShopBot] ===== 第 2 轮 =====
[2026-05-22 01:16:18] [INFO] [ShopBot] 滑动到货架顶部...
[2026-05-22 01:16:18] [INFO] [ShopBot] 滑动 (800, 150) -> (800, 400), 时长 0.3s
[2026-05-22 01:16:20] [DEBUG] [ShopBot] 整区 OCR 检测到 29 个文字块，5 行
[2026-05-22 01:16:20] [INFO] [ShopBot] 物品 0 (y=121-213): '货币友情点数诺诺里50可购买1次' → unknown (conf=0.00), 价格 18000, 货币 gold, 购买按钮 @ (1192, 167)
[2026-05-22 01:16:20] [INFO] [ShopBot] 物品 1 (y=266-358): '英雄怪异的魔物奈汉库伊可购买1次' → unknown (conf=0.00), 价格 29000, 货币 gold, 购买按钮 @ (1192, 312)
[2026-05-22 01:16:20] [INFO] [ShopBot] 物品 2 (y=410-503): '55装备奥利哈钢手镯可购买1次' → equipment (conf=0.70), 价格 360000, 货币 gold, 购买按钮 @ (1192, 456)
[2026-05-22 01:16:20] [INFO] [ShopBot] 物品 3 (y=556-648): '英雄阴谋洛普拉奈汉库伊可购买1次' → unknown (conf=0.00), 价格 29000, 货币 gold, 购买按钮 @ (1192, 602)
[2026-05-22 01:16:20] [INFO] [ShopBot] 物品 4 (y=649-705): '' → unknown (conf=0.00), 价格 0, 货币 gold, 购买按钮 @ (1192, 677)
[2026-05-22 01:16:20] [INFO] [ShopBot] 跳过物品: unknown
[2026-05-22 01:16:20] [INFO] [ShopBot] 跳过物品: unknown
[2026-05-22 01:16:20] [INFO] [ShopBot] 跳过物品: equipment
[2026-05-22 01:16:20] [INFO] [ShopBot] 跳过物品: unknown
[2026-05-22 01:16:20] [INFO] [ShopBot] 跳过物品: unknown
[2026-05-22 01:16:20] [INFO] [ShopBot] 货架处理完成，共购买 0 个物品
[2026-05-22 01:16:20] [INFO] [ShopBot] 第 0 次查看，购买 0 个物品
[2026-05-22 01:16:20] [INFO] [ShopBot] 滑动 (800, 400) -> (800, 150), 时长 0.3s
[2026-05-22 01:16:22] [DEBUG] [ShopBot] 整区 OCR 检测到 31 个文字块，5 行
[2026-05-22 01:16:22] [INFO] [ShopBot] 物品 0 (y=80-122): '奈汉库伊可购买1次' → unknown (conf=0.00), 价格 0, 货币 gold, 购买按钮 @ (1192, 101)
[2026-05-22 01:16:22] [INFO] [ShopBot] 物品 1 (y=154-268): '装备奥利哈钢手镯可购买1次' → equipment (conf=0.70), 价格 360000, 货币 gold, 购买按钮 @ (1192, 211)
[2026-05-22 01:16:22] [INFO] [ShopBot] 物品 2 (y=321-413): '英雄阴谋洛普拉奈汉库伊可购买1次' → unknown (conf=0.00), 价格 29000, 货币 gold, 购买按钮 @ (1192, 367)
[2026-05-22 01:16:22] [INFO] [ShopBot] 物品 3 (y=465-559): '85装备暗黑钢铁脖围可购买1次' → equipment (conf=0.70), 价格 810000, 货币 gold, 购买按钮 @ (1192, 512)
[2026-05-22 01:16:22] [INFO] [ShopBot] 物品 4 (y=598-705): '英雄机械普鲁兹奈汉库伊可购买1次' → unknown (conf=0.00), 价格 29000, 货币 gold, 购买按钮 @ (1192, 651)
[2026-05-22 01:16:22] [INFO] [ShopBot] 跳过物品: unknown
[2026-05-22 01:16:22] [INFO] [ShopBot] 跳过物品: equipment
[2026-05-22 01:16:22] [INFO] [ShopBot] 跳过物品: unknown
[2026-05-22 01:16:22] [INFO] [ShopBot] 跳过物品: equipment
[2026-05-22 01:16:22] [INFO] [ShopBot] 跳过物品: unknown
[2026-05-22 01:16:22] [INFO] [ShopBot] 货架处理完成，共购买 0 个物品
[2026-05-22 01:16:22] [INFO] [ShopBot] 第 1 次查看，购买 0 个物品
[2026-05-22 01:16:22] [INFO] [ShopBot] 滑动 (800, 400) -> (800, 150), 时长 0.3s
[2026-05-22 01:16:24] [DEBUG] [ShopBot] 整区 OCR 检测到 29 个文字块，4 行
[2026-05-22 01:16:24] [INFO] [ShopBot] 物品 0 (y=154-260): '55装备奥利哈钢手镯妮萨可购买1次' → equipment (conf=0.70), 价格 360000, 货币 gold, 购买按钮 @ (1192, 207)
[2026-05-22 01:16:24] [INFO] [ShopBot] 物品 1 (y=313-405): '英雄阴谋洛普拉奈汉库伊可购买1次' → unknown (conf=0.00), 价格 29000, 货币 gold, 购买按钮 @ (1192, 359)
[2026-05-22 01:16:24] [INFO] [ShopBot] 物品 2 (y=456-550): '85装备暗黑钢铁脖围可购买1次' → equipment (conf=0.70), 价格 810000, 货币 gold, 购买按钮 @ (1192, 503)
[2026-05-22 01:16:24] [INFO] [ShopBot] 物品 3 (y=602-705): '英雄机械普鲁兹奈汉库伊可购买1次' → unknown (conf=0.00), 价格 29000, 货币 gold, 购买按钮 @ (1192, 653)
[2026-05-22 01:16:24] [INFO] [ShopBot] 跳过物品: equipment
[2026-05-22 01:16:24] [INFO] [ShopBot] 跳过物品: unknown
[2026-05-22 01:16:24] [INFO] [ShopBot] 跳过物品: equipment
[2026-05-22 01:16:24] [INFO] [ShopBot] 跳过物品: unknown
[2026-05-22 01:16:24] [INFO] [ShopBot] 货架处理完成，共购买 0 个物品
[2026-05-22 01:16:24] [INFO] [ShopBot] 第 2 次查看，购买 0 个物品
[2026-05-22 01:16:24] [INFO] [ShopBot] 滑动 (800, 400) -> (800, 150), 时长 0.3s
[2026-05-22 01:16:27] [DEBUG] [ShopBot] 整区 OCR 检测到 29 个文字块，4 行
[2026-05-22 01:16:27] [INFO] [ShopBot] 物品 0 (y=154-260): '55装备奥利哈钢手镯妮萨可购买1次' → equipment (conf=0.70), 价格 360000, 货币 gold, 购买按钮 @ (1192, 207)
[2026-05-22 01:16:27] [INFO] [ShopBot] 物品 1 (y=313-405): '英雄阴谋洛普拉奈汉库伊可购买1次' → unknown (conf=0.00), 价格 29000, 货币 gold, 购买按钮 @ (1192, 359)
[2026-05-22 01:16:27] [INFO] [ShopBot] 物品 2 (y=456-550): '85装备暗黑钢铁脖围可购买1次' → equipment (conf=0.70), 价格 810000, 货币 gold, 购买按钮 @ (1192, 503)
[2026-05-22 01:16:27] [INFO] [ShopBot] 物品 3 (y=602-705): '英雄机械普鲁兹奈汉库伊可购买1次' → unknown (conf=0.00), 价格 29000, 货币 gold, 购买按钮 @ (1192, 653)
[2026-05-22 01:16:27] [INFO] [ShopBot] 已到达货架底部（第 3 次滑动后，识别结果无变化）
[2026-05-22 01:16:27] [INFO] [ShopBot] 点击刷新按钮 (268, 659)
[2026-05-22 01:16:27] [INFO] [ShopBot] 点击坐标 (268, 659)
[2026-05-22 01:16:27] [INFO] [ShopBot] 点击刷新确认 @ (748, 460)
[2026-05-22 01:16:27] [INFO] [ShopBot] 点击坐标 (748, 460)
[2026-05-22 01:16:27] [INFO] [ShopBot] 等待货架加载...
[2026-05-22 01:16:28] [INFO] [ShopBot] ===== 第 3 轮 =====
[2026-05-22 01:16:28] [INFO] [ShopBot] 滑动到货架顶部...
[2026-05-22 01:16:28] [INFO] [ShopBot] 滑动 (800, 150) -> (800, 400), 时长 0.3s
[2026-05-22 01:16:30] [DEBUG] [ShopBot] 整区 OCR 检测到 31 个文字块，4 行
[2026-05-22 01:16:30] [INFO] [ShopBot] 物品 0 (y=123-215): '85装备地狱破灭精髓王冠商人亚彼荷可购买1次' → equipment (conf=0.70), 价格 540000, 货币 gold, 购买按钮 @ (1192, 169)
[2026-05-22 01:16:30] [INFO] [ShopBot] 物品 1 (y=268-360): '英雄冷血突击队长奈汉库伊可购买1次' → unknown (conf=0.00), 价格 29000, 货币 gold, 购买按钮 @ (1192, 314)
[2026-05-22 01:16:30] [INFO] [ShopBot] 物品 2 (y=412-505): '70装备破灭精髓鞋子商人亚彼荷可购买1次' → equipment (conf=0.70), 价格 380000, 货币 gold, 购买按钮 @ (1192, 458)
[2026-05-22 01:16:30] [INFO] [ShopBot] 物品 3 (y=557-705): '85装备暗黑钢铁靴子商人亚彼荷可购买1次' → equipment (conf=0.70), 价格 810000, 货币 gold, 购买按钮 @ (1192, 631)
[2026-05-22 01:16:30] [INFO] [ShopBot] 跳过物品: equipment
[2026-05-22 01:16:30] [INFO] [ShopBot] 跳过物品: unknown
[2026-05-22 01:16:30] [INFO] [ShopBot] 跳过物品: equipment
[2026-05-22 01:16:30] [INFO] [ShopBot] 跳过物品: equipment
[2026-05-22 01:16:30] [INFO] [ShopBot] 货架处理完成，共购买 0 个物品
[2026-05-22 01:16:30] [INFO] [ShopBot] 第 0 次查看，购买 0 个物品
[2026-05-22 01:16:30] [INFO] [ShopBot] 滑动 (800, 400) -> (800, 150), 时长 0.3s
[2026-05-22 01:16:32] [DEBUG] [ShopBot] 整区 OCR 检测到 36 个文字块，5 行
[2026-05-22 01:16:32] [INFO] [ShopBot] 物品 0 (y=80-128): '山英出队长奈汉库伊可购买1次' → unknown (conf=0.00), 价格 0, 货币 gold, 购买按钮 @ (1192, 104)
[2026-05-22 01:16:32] [INFO] [ShopBot] 物品 1 (y=181-274): '装备破灭精髓鞋子商人亚彼荷可购买1次' → equipment (conf=0.70), 价格 380000, 货币 gold, 购买按钮 @ (1192, 227)
[2026-05-22 01:16:32] [INFO] [ShopBot] 物品 2 (y=326-420): '85装备暗黑钢铁靴子商人亚彼荷可购买1次' → equipment (conf=0.70), 价格 810000, 货币 gold, 购买按钮 @ (1192, 373)
[2026-05-22 01:16:32] [INFO] [ShopBot] 物品 3 (y=471-565): '货币友情点数诺诺里50可购买1次' → unknown (conf=0.00), 价格 18000, 货币 gold, 购买按钮 @ (1192, 518)
[2026-05-22 01:16:32] [INFO] [ShopBot] 物品 4 (y=601-705): '装备55啤叫龙兽面具商人亚彼荷可购买1次' → equipment (conf=0.70), 价格 240000, 货币 gold, 购买按钮 @ (1192, 653)
[2026-05-22 01:16:32] [INFO] [ShopBot] 跳过物品: unknown
[2026-05-22 01:16:32] [INFO] [ShopBot] 跳过物品: equipment
[2026-05-22 01:16:32] [INFO] [ShopBot] 跳过物品: equipment
[2026-05-22 01:16:32] [INFO] [ShopBot] 跳过物品: unknown
[2026-05-22 01:16:32] [INFO] [ShopBot] 跳过物品: equipment
[2026-05-22 01:16:32] [INFO] [ShopBot] 货架处理完成，共购买 0 个物品
[2026-05-22 01:16:32] [INFO] [ShopBot] 第 1 次查看，购买 0 个物品
[2026-05-22 01:16:32] [INFO] [ShopBot] 滑动 (800, 400) -> (800, 150), 时长 0.3s
[2026-05-22 01:16:35] [DEBUG] [ShopBot] 整区 OCR 检测到 32 个文字块，4 行
[2026-05-22 01:16:35] [INFO] [ShopBot] 物品 0 (y=154-260): '70装备破灭精髓鞋子商人亚彼荷可购买1次' → equipment (conf=0.70), 价格 380000, 货币 gold, 购买按钮 @ (1192, 207)
[2026-05-22 01:16:35] [INFO] [ShopBot] 物品 1 (y=311-405): '85装备暗黑钢铁靴子商人亚彼荷可购买1次' → equipment (conf=0.70), 价格 810000, 货币 gold, 购买按钮 @ (1192, 358)
[2026-05-22 01:16:35] [INFO] [ShopBot] 物品 2 (y=456-550): '货币友情点数诺诺里50可购买1次' → unknown (conf=0.00), 价格 18000, 货币 gold, 购买按钮 @ (1192, 503)
[2026-05-22 01:16:35] [INFO] [ShopBot] 物品 3 (y=601-705): '55-装备啤叫龙兽面具商人亚彼荷可购买1次' → equipment (conf=0.70), 价格 240000, 货币 gold, 购买按钮 @ (1192, 653)
[2026-05-22 01:16:35] [INFO] [ShopBot] 跳过物品: equipment
[2026-05-22 01:16:35] [INFO] [ShopBot] 跳过物品: equipment
[2026-05-22 01:16:35] [INFO] [ShopBot] 跳过物品: unknown
[2026-05-22 01:16:35] [INFO] [ShopBot] 跳过物品: equipment
[2026-05-22 01:16:35] [INFO] [ShopBot] 货架处理完成，共购买 0 个物品
[2026-05-22 01:16:35] [INFO] [ShopBot] 第 2 次查看，购买 0 个物品
[2026-05-22 01:16:35] [INFO] [ShopBot] 滑动 (800, 400) -> (800, 150), 时长 0.3s
[2026-05-22 01:16:37] [DEBUG] [ShopBot] 整区 OCR 检测到 32 个文字块，4 行
[2026-05-22 01:16:37] [INFO] [ShopBot] 物品 0 (y=154-260): '70装备破灭精髓鞋子商人亚彼荷可购买1次' → equipment (conf=0.70), 价格 380000, 货币 gold, 购买按钮 @ (1192, 207)
[2026-05-22 01:16:37] [INFO] [ShopBot] 物品 1 (y=311-405): '85装备暗黑钢铁靴子商人亚彼荷可购买1次' → equipment (conf=0.70), 价格 810000, 货币 gold, 购买按钮 @ (1192, 358)
[2026-05-22 01:16:37] [INFO] [ShopBot] 物品 2 (y=456-550): '货币友情点数诺诺里50可购买1次' → unknown (conf=0.00), 价格 18000, 货币 gold, 购买按钮 @ (1192, 503)
[2026-05-22 01:16:37] [INFO] [ShopBot] 物品 3 (y=601-705): '55-装备啤叫龙兽面具商人亚彼荷可购买1次' → equipment (conf=0.70), 价格 240000, 货币 gold, 购买按钮 @ (1192, 653)
[2026-05-22 01:16:37] [INFO] [ShopBot] 已到达货架底部（第 3 次滑动后，识别结果无变化）
[2026-05-22 01:16:37] [INFO] [ShopBot] 点击刷新按钮 (268, 659)
[2026-05-22 01:16:37] [INFO] [ShopBot] 点击坐标 (268, 659)
[2026-05-22 01:16:38] [INFO] [ShopBot] 点击刷新确认 @ (748, 460)
[2026-05-22 01:16:38] [INFO] [ShopBot] 点击坐标 (748, 460)
[2026-05-22 01:16:38] [INFO] [ShopBot] 等待货架加载...
[2026-05-22 01:16:39] [INFO] [ShopBot] ===== 第 4 轮 =====
[2026-05-22 01:16:39] [INFO] [ShopBot] 滑动到货架顶部...
[2026-05-22 01:16:39] [INFO] [ShopBot] 滑动 (800, 150) -> (800, 400), 时长 0.3s
[2026-05-22 01:16:41] [DEBUG] [ShopBot] 整区 OCR 检测到 30 个文字块，5 行
[2026-05-22 01:16:41] [INFO] [ShopBot] 物品 0 (y=121-213): '55装备奥利哈钢头盔商人亚彼荷可购买1次' → equipment (conf=0.70), 价格 240000, 货币 gold, 购买按钮 @ (1192, 167)
[2026-05-22 01:16:41] [INFO] [ShopBot] 物品 1 (y=265-358): '55装备勇士的背甲胸部护具商人亚彼荷可购买1次' → equipment (conf=0.70), 价格 360000, 货币 gold, 购买按钮 @ (1192, 311)
[2026-05-22 01:16:41] [INFO] [ShopBot] 物品 2 (y=411-503): '英雄火焰洛普拉奈汉库伊可购买1次' → unknown (conf=0.00), 价格 29000, 货币 gold, 购买按钮 @ (1192, 457)
[2026-05-22 01:16:41] [INFO] [ShopBot] 物品 3 (y=556-648): '英雄黑曜石龙奈汉库伊可购买1次' → unknown (conf=0.00), 价格 29000, 货币 gold, 购买按钮 @ (1192, 602)
[2026-05-22 01:16:41] [INFO] [ShopBot] 物品 4 (y=649-705): '' → unknown (conf=0.00), 价格 0, 货币 gold, 购买按钮 @ (1192, 677)
[2026-05-22 01:16:41] [INFO] [ShopBot] 跳过物品: equipment
[2026-05-22 01:16:41] [INFO] [ShopBot] 跳过物品: equipment
[2026-05-22 01:16:41] [INFO] [ShopBot] 跳过物品: unknown
[2026-05-22 01:16:41] [INFO] [ShopBot] 跳过物品: unknown
[2026-05-22 01:16:41] [INFO] [ShopBot] 跳过物品: unknown
[2026-05-22 01:16:41] [INFO] [ShopBot] 货架处理完成，共购买 0 个物品
[2026-05-22 01:16:41] [INFO] [ShopBot] 第 0 次查看，购买 0 个物品
[2026-05-22 01:16:41] [INFO] [ShopBot] 滑动 (800, 400) -> (800, 150), 时长 0.3s
[2026-05-22 01:16:44] [DEBUG] [ShopBot] 整区 OCR 检测到 30 个文字块，4 行
[2026-05-22 01:16:44] [INFO] [ShopBot] 物品 0 (y=154-259): '英雄火焰洛普拉奈汉库伊可购买1次' → unknown (conf=0.00), 价格 29000, 货币 gold, 购买按钮 @ (1192, 206)
[2026-05-22 01:16:44] [INFO] [ShopBot] 物品 1 (y=313-405): '英雄黑曜石龙奈汉库伊可购买1次' → unknown (conf=0.00), 价格 29000, 货币 gold, 购买按钮 @ (1192, 359)
[2026-05-22 01:16:44] [INFO] [ShopBot] 物品 2 (y=456-550): '55装备勇士的背甲流星锤商人亚彼荷可购买1次' → equipment (conf=0.70), 价格 360000, 货币 gold, 购买按钮 @ (1192, 503)
[2026-05-22 01:16:44] [INFO] [ShopBot] 物品 3 (y=601-695): '货币友情点数诺诺里50可购买1次' → unknown (conf=0.00), 价格 18000, 货币 gold, 购买按钮 @ (1192, 648)
[2026-05-22 01:16:44] [INFO] [ShopBot] 跳过物品: unknown
[2026-05-22 01:16:44] [INFO] [ShopBot] 跳过物品: unknown
[2026-05-22 01:16:44] [INFO] [ShopBot] 跳过物品: equipment
[2026-05-22 01:16:44] [INFO] [ShopBot] 跳过物品: unknown
[2026-05-22 01:16:44] [INFO] [ShopBot] 货架处理完成，共购买 0 个物品
[2026-05-22 01:16:44] [INFO] [ShopBot] 第 1 次查看，购买 0 个物品
[2026-05-22 01:16:44] [INFO] [ShopBot] 滑动 (800, 400) -> (800, 150), 时长 0.3s
[2026-05-22 01:16:46] [DEBUG] [ShopBot] 整区 OCR 检测到 30 个文字块，4 行
[2026-05-22 01:16:46] [INFO] [ShopBot] 物品 0 (y=154-259): '英雄火焰洛普拉奈汉库伊可购买1次' → unknown (conf=0.00), 价格 29000, 货币 gold, 购买按钮 @ (1192, 206)
[2026-05-22 01:16:46] [INFO] [ShopBot] 物品 1 (y=313-405): '英雄黑曜石龙奈汉库伊可购买1次' → unknown (conf=0.00), 价格 29000, 货币 gold, 购买按钮 @ (1192, 359)
[2026-05-22 01:16:46] [INFO] [ShopBot] 物品 2 (y=456-550): '55装备勇士的背甲流星锤商人亚彼荷可购买1次' → equipment (conf=0.70), 价格 360000, 货币 gold, 购买按钮 @ (1192, 503)
[2026-05-22 01:16:46] [INFO] [ShopBot] 物品 3 (y=601-695): '货币友情点数诺诺里50可购买1次' → unknown (conf=0.00), 价格 18000, 货币 gold, 购买按钮 @ (1192, 648)
[2026-05-22 01:16:46] [INFO] [ShopBot] 已到达货架底部（第 2 次滑动后，识别结果无变化）
[2026-05-22 01:16:46] [INFO] [ShopBot] 点击刷新按钮 (268, 659)
[2026-05-22 01:16:46] [INFO] [ShopBot] 点击坐标 (268, 659)
[2026-05-22 01:16:47] [INFO] [ShopBot] 点击刷新确认 @ (748, 460)
[2026-05-22 01:16:47] [INFO] [ShopBot] 点击坐标 (748, 460)
[2026-05-22 01:16:47] [INFO] [ShopBot] 等待货架加载...
[2026-05-22 01:16:48] [INFO] [ShopBot] ===== 第 5 轮 =====
[2026-05-22 01:16:48] [INFO] [ShopBot] 滑动到货架顶部...
[2026-05-22 01:16:48] [INFO] [ShopBot] 滑动 (800, 150) -> (800, 400), 时长 0.3s
[2026-05-22 01:16:50] [DEBUG] [ShopBot] 整区 OCR 检测到 30 个文字块，4 行
[2026-05-22 01:16:50] [INFO] [ShopBot] 物品 0 (y=125-216): '英雄冰霜鲍特奈汉库伊可购买1次' → unknown (conf=0.00), 价格 29000, 货币 gold, 购买按钮 @ (1192, 170)
[2026-05-22 01:16:50] [INFO] [ShopBot] 物品 1 (y=268-361): '55装备精巧的恶魔项链妮萨可购买1次' → equipment (conf=0.70), 价格 240000, 货币 gold, 购买按钮 @ (1192, 314)
[2026-05-22 01:16:50] [INFO] [ShopBot] 物品 2 (y=414-506): '英雄因佩提欧枪炮奈汉库伊可购买1次' → unknown (conf=0.00), 价格 29000, 货币 gold, 购买按钮 @ (1192, 460)
[2026-05-22 01:16:50] [INFO] [ShopBot] 物品 3 (y=558-705): '70装备不详的恶魔项链妮可购买1次' → equipment (conf=0.70), 价格 380000, 货币 gold, 购买按钮 @ (1192, 631)
[2026-05-22 01:16:50] [INFO] [ShopBot] 跳过物品: unknown
[2026-05-22 01:16:50] [INFO] [ShopBot] 跳过物品: equipment
[2026-05-22 01:16:50] [INFO] [ShopBot] 跳过物品: unknown
[2026-05-22 01:16:50] [INFO] [ShopBot] 跳过物品: equipment
[2026-05-22 01:16:50] [INFO] [ShopBot] 货架处理完成，共购买 0 个物品
[2026-05-22 01:16:50] [INFO] [ShopBot] 第 0 次查看，购买 0 个物品
[2026-05-22 01:16:50] [INFO] [ShopBot] 滑动 (800, 400) -> (800, 150), 时长 0.3s
[2026-05-22 01:16:52] [DEBUG] [ShopBot] 整区 OCR 检测到 33 个文字块，5 行
[2026-05-22 01:16:52] [INFO] [ShopBot] 物品 0 (y=80-124): '可购买1次' → unknown (conf=0.00), 价格 0, 货币 gold, 购买按钮 @ (1192, 102)
[2026-05-22 01:16:52] [INFO] [ShopBot] 物品 1 (y=154-270): '英雄因佩提欧枪炮奈汉库伊可购买1次' → unknown (conf=0.00), 价格 29000, 货币 gold, 购买按钮 @ (1192, 212)
[2026-05-22 01:16:52] [INFO] [ShopBot] 物品 2 (y=322-415): '装备不详的恶魔项链妮萨可购买1次' → equipment (conf=0.70), 价格 380000, 货币 gold, 购买按钮 @ (1192, 368)
[2026-05-22 01:16:52] [INFO] [ShopBot] 物品 3 (y=467-561): '85装备地狱破灭精髓鞋子商人亚彼荷可购买1次' → equipment (conf=0.70), 价格 540000, 货币 gold, 购买按钮 @ (1192, 514)
[2026-05-22 01:16:52] [INFO] [ShopBot] 物品 4 (y=598-705): '55装备勇士的背甲头部护具商人亚彼荷可购买1次' → equipment (conf=0.70), 价格 240000, 货币 gold, 购买按钮 @ (1192, 651)
[2026-05-22 01:16:52] [INFO] [ShopBot] 跳过物品: unknown
[2026-05-22 01:16:52] [INFO] [ShopBot] 跳过物品: unknown
[2026-05-22 01:16:52] [INFO] [ShopBot] 跳过物品: equipment
[2026-05-22 01:16:52] [INFO] [ShopBot] 跳过物品: equipment
[2026-05-22 01:16:52] [INFO] [ShopBot] 跳过物品: equipment
[2026-05-22 01:16:52] [INFO] [ShopBot] 货架处理完成，共购买 0 个物品
[2026-05-22 01:16:52] [INFO] [ShopBot] 第 1 次查看，购买 0 个物品
[2026-05-22 01:16:52] [INFO] [ShopBot] 滑动 (800, 400) -> (800, 150), 时长 0.3s
[2026-05-22 01:16:55] [DEBUG] [ShopBot] 整区 OCR 检测到 31 个文字块，4 行
[2026-05-22 01:16:55] [INFO] [ShopBot] 物品 0 (y=154-259): '英雄因佩提欧枪炮奈汉库伊可购买1次' → unknown (conf=0.00), 价格 29000, 货币 gold, 购买按钮 @ (1192, 206)
[2026-05-22 01:16:55] [INFO] [ShopBot] 物品 1 (y=311-405): '70装备不详的恶魔项链妮萨可购买1次' → equipment (conf=0.70), 价格 380000, 货币 gold, 购买按钮 @ (1192, 358)
[2026-05-22 01:16:55] [INFO] [ShopBot] 物品 2 (y=456-550): '85装备地狱破灭精髓鞋子商人亚彼荷可购买1次' → equipment (conf=0.70), 价格 540000, 货币 gold, 购买按钮 @ (1192, 503)
[2026-05-22 01:16:55] [INFO] [ShopBot] 物品 3 (y=601-705): '55装备勇士的背甲头部护具商人亚彼荷可购买1次' → equipment (conf=0.70), 价格 240000, 货币 gold, 购买按钮 @ (1192, 653)
[2026-05-22 01:16:55] [INFO] [ShopBot] 跳过物品: unknown
[2026-05-22 01:16:55] [INFO] [ShopBot] 跳过物品: equipment
[2026-05-22 01:16:55] [INFO] [ShopBot] 跳过物品: equipment
[2026-05-22 01:16:55] [INFO] [ShopBot] 跳过物品: equipment
[2026-05-22 01:16:55] [INFO] [ShopBot] 货架处理完成，共购买 0 个物品
[2026-05-22 01:16:55] [INFO] [ShopBot] 第 2 次查看，购买 0 个物品
[2026-05-22 01:16:55] [INFO] [ShopBot] 滑动 (800, 400) -> (800, 150), 时长 0.3s
[2026-05-22 01:16:57] [DEBUG] [ShopBot] 整区 OCR 检测到 31 个文字块，4 行
[2026-05-22 01:16:57] [INFO] [ShopBot] 物品 0 (y=154-259): '英雄因佩提欧枪炮奈汉库伊可购买1次' → unknown (conf=0.00), 价格 29000, 货币 gold, 购买按钮 @ (1192, 206)
[2026-05-22 01:16:57] [INFO] [ShopBot] 物品 1 (y=311-405): '70装备不详的恶魔项链妮萨可购买1次' → equipment (conf=0.70), 价格 380000, 货币 gold, 购买按钮 @ (1192, 358)
[2026-05-22 01:16:57] [INFO] [ShopBot] 物品 2 (y=456-550): '85装备地狱破灭精髓鞋子商人亚彼荷可购买1次' → equipment (conf=0.70), 价格 540000, 货币 gold, 购买按钮 @ (1192, 503)
[2026-05-22 01:16:57] [INFO] [ShopBot] 物品 3 (y=601-705): '55装备勇士的背甲头部护具商人亚彼荷可购买1次' → equipment (conf=0.70), 价格 240000, 货币 gold, 购买按钮 @ (1192, 653)
[2026-05-22 01:16:57] [INFO] [ShopBot] 已到达货架底部（第 3 次滑动后，识别结果无变化）
[2026-05-22 01:16:57] [INFO] [ShopBot] 点击刷新按钮 (268, 659)
[2026-05-22 01:16:57] [INFO] [ShopBot] 点击坐标 (268, 659)
[2026-05-22 01:16:57] [INFO] [ShopBot] 点击刷新确认 @ (748, 460)
[2026-05-22 01:16:57] [INFO] [ShopBot] 点击坐标 (748, 460)
[2026-05-22 01:16:57] [INFO] [ShopBot] 等待货架加载...
[2026-05-22 01:16:58] [INFO] [ShopBot] ===== 第 6 轮 =====
[2026-05-22 01:16:58] [INFO] [ShopBot] 滑动到货架顶部...
[2026-05-22 01:16:58] [INFO] [ShopBot] 滑动 (800, 150) -> (800, 400), 时长 0.3s
[2026-05-22 01:17:00] [DEBUG] [ShopBot] 整区 OCR 检测到 31 个文字块，4 行
[2026-05-22 01:17:00] [INFO] [ShopBot] 物品 0 (y=122-214): '55装备勇士的背甲靴子商人亚彼荷可购买1次' → equipment (conf=0.70), 价格 240000, 货币 gold, 购买按钮 @ (1192, 168)
[2026-05-22 01:17:00] [INFO] [ShopBot] 物品 1 (y=266-359): '55装备精巧的恶魔重甲商人亚彼荷可购买1次' → equipment (conf=0.70), 价格 240000, 货币 gold, 购买按钮 @ (1192, 312)
[2026-05-22 01:17:00] [INFO] [ShopBot] 物品 2 (y=412-504): '英雄黑暗结晶体奈汉库伊可购买1次' → unknown (conf=0.00), 价格 29000, 货币 gold, 购买按钮 @ (1192, 458)
[2026-05-22 01:17:00] [INFO] [ShopBot] 物品 3 (y=556-705): '装备55精巧的恶魔戒指妮萨可购买1次' → equipment (conf=0.70), 价格 240000, 货币 gold, 购买按钮 @ (1192, 630)
[2026-05-22 01:17:00] [INFO] [ShopBot] 跳过物品: equipment
[2026-05-22 01:17:00] [INFO] [ShopBot] 跳过物品: equipment
[2026-05-22 01:17:00] [INFO] [ShopBot] 跳过物品: unknown
[2026-05-22 01:17:00] [INFO] [ShopBot] 跳过物品: equipment
[2026-05-22 01:17:00] [INFO] [ShopBot] 货架处理完成，共购买 0 个物品
[2026-05-22 01:17:00] [INFO] [ShopBot] 第 0 次查看，购买 0 个物品
[2026-05-22 01:17:00] [INFO] [ShopBot] 滑动 (800, 400) -> (800, 150), 时长 0.3s
[2026-05-22 01:17:02] [DEBUG] [ShopBot] 整区 OCR 检测到 29 个文字块，4 行
[2026-05-22 01:17:02] [INFO] [ShopBot] 物品 0 (y=154-259): '英雄黑暗结晶体奈汉库伊可购买1次' → unknown (conf=0.00), 价格 29000, 货币 gold, 购买按钮 @ (1192, 206)
[2026-05-22 01:17:02] [INFO] [ShopBot] 物品 1 (y=311-405): '55装备精巧的恶魔戒指可购买1次' → equipment (conf=0.70), 价格 240000, 货币 gold, 购买按钮 @ (1192, 358)
[2026-05-22 01:17:02] [INFO] [ShopBot] 物品 2 (y=456-550): '货币友情点数诺诺里50可购买1次' → unknown (conf=0.00), 价格 18000, 货币 gold, 购买按钮 @ (1192, 503)
[2026-05-22 01:17:02] [INFO] [ShopBot] 物品 3 (y=602-705): '英雄霸王史莱姆奈汉库伊可购买1次' → fodder (conf=0.65), 价格 29000, 货币 gold, 购买按钮 @ (1192, 653)
[2026-05-22 01:17:02] [INFO] [ShopBot] 跳过物品: unknown
[2026-05-22 01:17:02] [INFO] [ShopBot] 跳过物品: equipment
[2026-05-22 01:17:02] [INFO] [ShopBot] 跳过物品: unknown
[2026-05-22 01:17:02] [INFO] [ShopBot] 跳过物品: fodder
[2026-05-22 01:17:02] [INFO] [ShopBot] 货架处理完成，共购买 0 个物品
[2026-05-22 01:17:02] [INFO] [ShopBot] 第 1 次查看，购买 0 个物品
[2026-05-22 01:17:02] [INFO] [ShopBot] 滑动 (800, 400) -> (800, 150), 时长 0.3s
[2026-05-22 01:17:04] [DEBUG] [ShopBot] 整区 OCR 检测到 29 个文字块，4 行
[2026-05-22 01:17:04] [INFO] [ShopBot] 物品 0 (y=154-259): '英雄黑暗结晶体奈汉库伊可购买1次' → unknown (conf=0.00), 价格 29000, 货币 gold, 购买按钮 @ (1192, 206)
[2026-05-22 01:17:04] [INFO] [ShopBot] 物品 1 (y=311-405): '55装备精巧的恶魔戒指可购买1次' → equipment (conf=0.70), 价格 240000, 货币 gold, 购买按钮 @ (1192, 358)
[2026-05-22 01:17:04] [INFO] [ShopBot] 物品 2 (y=456-550): '货币友情点数诺诺里50可购买1次' → unknown (conf=0.00), 价格 18000, 货币 gold, 购买按钮 @ (1192, 503)
[2026-05-22 01:17:04] [INFO] [ShopBot] 物品 3 (y=602-705): '英雄霸王史莱姆奈汉库伊可购买1次' → fodder (conf=0.65), 价格 29000, 货币 gold, 购买按钮 @ (1192, 653)
[2026-05-22 01:17:04] [INFO] [ShopBot] 已到达货架底部（第 2 次滑动后，识别结果无变化）
[2026-05-22 01:17:04] [INFO] [ShopBot] 点击刷新按钮 (268, 659)
[2026-05-22 01:17:04] [INFO] [ShopBot] 点击坐标 (268, 659)
[2026-05-22 01:17:04] [INFO] [ShopBot] 点击刷新确认 @ (748, 460)
[2026-05-22 01:17:04] [INFO] [ShopBot] 点击坐标 (748, 460)
[2026-05-22 01:17:05] [INFO] [ShopBot] 等待货架加载...
[2026-05-22 01:17:06] [INFO] [ShopBot] ===== 第 7 轮 =====
[2026-05-22 01:17:06] [INFO] [ShopBot] 滑动到货架顶部...
[2026-05-22 01:17:06] [INFO] [ShopBot] 滑动 (800, 150) -> (800, 400), 时长 0.3s
[2026-05-22 01:17:07] [DEBUG] [ShopBot] 整区 OCR 检测到 29 个文字块，5 行
[2026-05-22 01:17:07] [INFO] [ShopBot] 物品 0 (y=117-209): '装备70魔力龙兽靴子商人亚彼荷可购买1次' → equipment (conf=0.70), 价格 380000, 货币 gold, 购买按钮 @ (1192, 163)
[2026-05-22 01:17:07] [INFO] [ShopBot] 物品 1 (y=262-354): '英雄卡洛斯冲锋兵奈汉库伊可购买1次' → unknown (conf=0.00), 价格 29000, 货币 gold, 购买按钮 @ (1192, 308)
[2026-05-22 01:17:07] [INFO] [ShopBot] 物品 2 (y=406-499): '召唤神秘奖牌50可购买1次' → mystic_medal (conf=0.90), 价格 280000, 货币 gold, 购买按钮 @ (1192, 452)
[2026-05-22 01:17:07] [INFO] [ShopBot] 物品 3 (y=551-645): '召唤誓约书签诺诺里可购买1次' → bookmark (conf=0.95), 价格 184000, 货币 gold, 购买按钮 @ (1192, 598)
[2026-05-22 01:17:07] [INFO] [ShopBot] 物品 4 (y=646-705): '' → unknown (conf=0.00), 价格 0, 货币 gold, 购买按钮 @ (1192, 675)
[2026-05-22 01:17:07] [INFO] [ShopBot] 跳过物品: equipment
[2026-05-22 01:17:07] [INFO] [ShopBot] 跳过物品: unknown
[2026-05-22 01:17:07] [INFO] [ShopBot] 开始购买: mystic_medal, 价格: 280000
[2026-05-22 01:17:07] [INFO] [ShopBot] 点击购买按钮 @ (1192, 452)
[2026-05-22 01:17:07] [INFO] [ShopBot] 点击坐标 (1192, 452)
[2026-05-22 01:17:09] [DEBUG] [ShopBot] 找到按钮 '购买' 在 (736, 479)
[2026-05-22 01:17:10] [DEBUG] [ShopBot] 找到按钮 '取消' 在 (481, 524)
[2026-05-22 01:17:11] [DEBUG] [ShopBot] 找到按钮 '购买' 在 (818, 524)
[2026-05-22 01:17:11] [INFO] [ShopBot] 检测到确认弹窗
[2026-05-22 01:17:11] [INFO] [ShopBot] 点击确认按钮 @ (818, 508)
[2026-05-22 01:17:11] [INFO] [ShopBot] 点击坐标 (818, 508)
[2026-05-22 01:17:12] [DEBUG] [ShopBot] 找到按钮 '购买' 在 (736, 479)
[2026-05-22 01:17:15] [DEBUG] [ShopBot] 找到按钮 '购买' 在 (736, 479)
[2026-05-22 01:17:15] [INFO] [ShopBot] 购买成功: mystic_medal
[2026-05-22 01:17:15] [INFO] [ShopBot] 购买结果 - mystic_medal: 成功
[2026-05-22 01:17:16] [INFO] [ShopBot] 开始购买: bookmark, 价格: 184000
[2026-05-22 01:17:16] [INFO] [ShopBot] 点击购买按钮 @ (1192, 598)
[2026-05-22 01:17:16] [INFO] [ShopBot] 点击坐标 (1192, 598)
[2026-05-22 01:17:17] [DEBUG] [ShopBot] 找到按钮 '购买' 在 (736, 479)
[2026-05-22 01:17:19] [DEBUG] [ShopBot] 找到按钮 '取消' 在 (481, 524)
[2026-05-22 01:17:19] [DEBUG] [ShopBot] 找到按钮 '购买' 在 (818, 524)
[2026-05-22 01:17:19] [INFO] [ShopBot] 检测到确认弹窗
[2026-05-22 01:17:19] [INFO] [ShopBot] 点击确认按钮 @ (818, 508)
[2026-05-22 01:17:19] [INFO] [ShopBot] 点击坐标 (818, 508)
[2026-05-22 01:17:21] [DEBUG] [ShopBot] 找到按钮 '购买' 在 (736, 479)
[2026-05-22 01:17:23] [DEBUG] [ShopBot] 找到按钮 '购买' 在 (736, 479)
[2026-05-22 01:17:23] [INFO] [ShopBot] 购买成功: bookmark
[2026-05-22 01:17:23] [INFO] [ShopBot] 购买结果 - bookmark: 成功
[2026-05-22 01:17:24] [INFO] [ShopBot] 跳过物品: unknown
[2026-05-22 01:17:24] [INFO] [ShopBot] 货架处理完成，共购买 2 个物品
[2026-05-22 01:17:24] [INFO] [ShopBot] 第 0 次查看，购买 2 个物品
[2026-05-22 01:17:24] [INFO] [ShopBot] 滑动 (800, 400) -> (800, 150), 时长 0.3s
[2026-05-22 01:17:27] [DEBUG] [ShopBot] 整区 OCR 检测到 29 个文字块，4 行
[2026-05-22 01:17:27] [INFO] [ShopBot] 物品 0 (y=154-259): '召唤神秘奖牌诺诺里50可购买1次' → mystic_medal (conf=0.90), 价格 280000, 货币 gold, 已售罄, 购买按钮 @ (1192, 206)
[2026-05-22 01:17:27] [INFO] [ShopBot] 物品 1 (y=317-403): '召唤誓约书签诺诺里可购买1次' → bookmark (conf=0.95), 价格 184000, 货币 gold, 已售罄, 购买按钮 @ (1192, 360)
[2026-05-22 01:17:27] [INFO] [ShopBot] 物品 2 (y=458-550): '英雄守望者卡宁奈汉库伊可购买1次' → unknown (conf=0.00), 价格 29000, 货币 gold, 购买按钮 @ (1192, 504)
[2026-05-22 01:17:27] [INFO] [ShopBot] 物品 3 (y=602-705): '英雄守护者玛伊堤奈汉库伊可购买1次' → unknown (conf=0.00), 价格 29000, 货币 gold, 购买按钮 @ (1192, 653)
[2026-05-22 01:17:27] [INFO] [ShopBot] 跳过已售罄物品: mystic_medal
[2026-05-22 01:17:27] [INFO] [ShopBot] 跳过物品: mystic_medal
[2026-05-22 01:17:27] [INFO] [ShopBot] 跳过已售罄物品: bookmark
[2026-05-22 01:17:27] [INFO] [ShopBot] 跳过物品: bookmark
[2026-05-22 01:17:27] [INFO] [ShopBot] 跳过物品: unknown
[2026-05-22 01:17:27] [INFO] [ShopBot] 跳过物品: unknown
[2026-05-22 01:17:27] [INFO] [ShopBot] 货架处理完成，共购买 0 个物品
[2026-05-22 01:17:27] [INFO] [ShopBot] 第 1 次查看，购买 0 个物品
[2026-05-22 01:17:27] [INFO] [ShopBot] 滑动 (800, 400) -> (800, 150), 时长 0.3s
[2026-05-22 01:17:29] [DEBUG] [ShopBot] 整区 OCR 检测到 29 个文字块，4 行
[2026-05-22 01:17:29] [INFO] [ShopBot] 物品 0 (y=154-259): '召唤神秘奖牌诺诺里50可购买1次' → mystic_medal (conf=0.90), 价格 280000, 货币 gold, 已售罄, 购买按钮 @ (1192, 206)
[2026-05-22 01:17:29] [INFO] [ShopBot] 物品 1 (y=317-403): '召唤誓约书签诺诺里可购买1次' → bookmark (conf=0.95), 价格 184000, 货币 gold, 已售罄, 购买按钮 @ (1192, 360)
[2026-05-22 01:17:29] [INFO] [ShopBot] 物品 2 (y=457-550): '英雄守望者卡宁奈汉库伊可购买1次' → unknown (conf=0.00), 价格 29000, 货币 gold, 购买按钮 @ (1192, 503)
[2026-05-22 01:17:29] [INFO] [ShopBot] 物品 3 (y=602-705): '英雄守护者玛伊堤奈汉库伊可购买1次' → unknown (conf=0.00), 价格 29000, 货币 gold, 购买按钮 @ (1192, 653)
[2026-05-22 01:17:29] [INFO] [ShopBot] 已到达货架底部（第 2 次滑动后，识别结果无变化）
[2026-05-22 01:17:29] [INFO] [ShopBot] 点击刷新按钮 (268, 659)
[2026-05-22 01:17:29] [INFO] [ShopBot] 点击坐标 (268, 659)
[2026-05-22 01:17:29] [INFO] [ShopBot] 点击刷新确认 @ (748, 460)
[2026-05-22 01:17:29] [INFO] [ShopBot] 点击坐标 (748, 460)
[2026-05-22 01:17:30] [INFO] [ShopBot] 等待货架加载...
[2026-05-22 01:17:31] [INFO] [ShopBot] ===== 第 8 轮 =====
[2026-05-22 01:17:31] [INFO] [ShopBot] 滑动到货架顶部...
[2026-05-22 01:17:31] [INFO] [ShopBot] 滑动 (800, 150) -> (800, 400), 时长 0.3s
[2026-05-22 01:17:32] [DEBUG] [ShopBot] 整区 OCR 检测到 29 个文字块，4 行
[2026-05-22 01:17:32] [INFO] [ShopBot] 物品 0 (y=123-215): '英雄红玉火焰奈汉库伊可购买1次' → unknown (conf=0.00), 价格 29000, 货币 gold, 购买按钮 @ (1192, 169)
[2026-05-22 01:17:32] [INFO] [ShopBot] 物品 1 (y=268-360): '英雄斑斑普鲁兹奈汉库伊可购买1次' → unknown (conf=0.00), 价格 29000, 货币 gold, 购买按钮 @ (1192, 314)
[2026-05-22 01:17:32] [INFO] [ShopBot] 物品 2 (y=413-505): '英雄火花种子奈汉库伊可购买1次' → fodder (conf=0.70), 价格 29000, 货币 gold, 购买按钮 @ (1192, 459)
[2026-05-22 01:17:32] [INFO] [ShopBot] 物品 3 (y=557-705): '货币友情点数诺诺里50可购买1次' → unknown (conf=0.00), 价格 18000, 货币 gold, 购买按钮 @ (1192, 631)
[2026-05-22 01:17:32] [INFO] [ShopBot] 跳过物品: unknown
[2026-05-22 01:17:32] [INFO] [ShopBot] 跳过物品: unknown
[2026-05-22 01:17:32] [INFO] [ShopBot] 跳过物品: fodder
[2026-05-22 01:17:32] [INFO] [ShopBot] 跳过物品: unknown
[2026-05-22 01:17:32] [INFO] [ShopBot] 货架处理完成，共购买 0 个物品
[2026-05-22 01:17:32] [INFO] [ShopBot] 第 0 次查看，购买 0 个物品
[2026-05-22 01:17:32] [INFO] [ShopBot] 滑动 (800, 400) -> (800, 150), 时长 0.3s
[2026-05-22 01:17:34] [DEBUG] [ShopBot] 整区 OCR 检测到 38 个文字块，5 行
[2026-05-22 01:17:34] [INFO] [ShopBot] 物品 0 (y=80-129): 'BIXIX丝奈汉库伊可购买1次' → unknown (conf=0.00), 价格 0, 货币 gold, 购买按钮 @ (1192, 104)
[2026-05-22 01:17:34] [INFO] [ShopBot] 物品 1 (y=183-275): '英雄火花种子奈汉库伊可购买1次' → fodder (conf=0.70), 价格 29000, 货币 gold, 购买按钮 @ (1192, 229)
[2026-05-22 01:17:34] [INFO] [ShopBot] 物品 2 (y=327-420): '货币友情点数诺诺里可购买1次50' → unknown (conf=0.00), 价格 18000, 货币 gold, 购买按钮 @ (1192, 373)
[2026-05-22 01:17:34] [INFO] [ShopBot] 物品 3 (y=472-565): '55装备啤叫龙兽骨刃剑商人亚彼荷可购买1次' → equipment (conf=0.70), 价格 240000, 货币 gold, 购买按钮 @ (1192, 518)
[2026-05-22 01:17:34] [INFO] [ShopBot] 物品 4 (y=607-705): '55装备奥利哈钢靴子商人亚彼荷可购买1次' → equipment (conf=0.70), 价格 240000, 货币 gold, 购买按钮 @ (1192, 656)
[2026-05-22 01:17:34] [INFO] [ShopBot] 跳过物品: unknown
[2026-05-22 01:17:34] [INFO] [ShopBot] 跳过物品: fodder
[2026-05-22 01:17:34] [INFO] [ShopBot] 跳过物品: unknown
[2026-05-22 01:17:34] [INFO] [ShopBot] 跳过物品: equipment
[2026-05-22 01:17:34] [INFO] [ShopBot] 跳过物品: equipment
[2026-05-22 01:17:34] [INFO] [ShopBot] 货架处理完成，共购买 0 个物品
[2026-05-22 01:17:34] [INFO] [ShopBot] 第 1 次查看，购买 0 个物品
[2026-05-22 01:17:34] [INFO] [ShopBot] 滑动 (800, 400) -> (800, 150), 时长 0.3s
[2026-05-22 01:17:36] [DEBUG] [ShopBot] 整区 OCR 检测到 31 个文字块，4 行
[2026-05-22 01:17:36] [INFO] [ShopBot] 物品 0 (y=154-259): '英雄火花种子奈汉库伊可购买1次' → fodder (conf=0.70), 价格 29000, 货币 gold, 购买按钮 @ (1192, 206)
[2026-05-22 01:17:36] [INFO] [ShopBot] 物品 1 (y=311-405): '货币友情点数诺诺里50可购买1次' → unknown (conf=0.00), 价格 18000, 货币 gold, 购买按钮 @ (1192, 358)
[2026-05-22 01:17:36] [INFO] [ShopBot] 物品 2 (y=456-550): '55装备啤叫龙兽骨刃剑商人亚彼荷可购买1次' → equipment (conf=0.70), 价格 240000, 货币 gold, 购买按钮 @ (1192, 503)
[2026-05-22 01:17:36] [INFO] [ShopBot] 物品 3 (y=601-705): '55装备奥利哈钢靴子商人亚彼荷可购买1次' → equipment (conf=0.70), 价格 240000, 货币 gold, 购买按钮 @ (1192, 653)
[2026-05-22 01:17:36] [INFO] [ShopBot] 跳过物品: fodder
[2026-05-22 01:17:36] [INFO] [ShopBot] 跳过物品: unknown
[2026-05-22 01:17:36] [INFO] [ShopBot] 跳过物品: equipment
[2026-05-22 01:17:36] [INFO] [ShopBot] 跳过物品: equipment
[2026-05-22 01:17:36] [INFO] [ShopBot] 货架处理完成，共购买 0 个物品
[2026-05-22 01:17:36] [INFO] [ShopBot] 第 2 次查看，购买 0 个物品
[2026-05-22 01:17:36] [INFO] [ShopBot] 滑动 (800, 400) -> (800, 150), 时长 0.3s
[2026-05-22 01:17:38] [DEBUG] [ShopBot] 整区 OCR 检测到 31 个文字块，4 行
[2026-05-22 01:17:38] [INFO] [ShopBot] 物品 0 (y=154-259): '英雄火花种子奈汉库伊可购买1次' → fodder (conf=0.70), 价格 29000, 货币 gold, 购买按钮 @ (1192, 206)
[2026-05-22 01:17:38] [INFO] [ShopBot] 物品 1 (y=311-405): '货币友情点数诺诺里50可购买1次' → unknown (conf=0.00), 价格 18000, 货币 gold, 购买按钮 @ (1192, 358)
[2026-05-22 01:17:38] [INFO] [ShopBot] 物品 2 (y=456-550): '装备55啤叫龙兽骨刃剑商人亚彼荷可购买1次' → equipment (conf=0.70), 价格 240000, 货币 gold, 购买按钮 @ (1192, 503)
[2026-05-22 01:17:38] [INFO] [ShopBot] 物品 3 (y=601-695): '55装备奥利哈钢靴子商人亚彼荷可购买1次' → equipment (conf=0.70), 价格 240000, 货币 gold, 购买按钮 @ (1192, 648)
[2026-05-22 01:17:38] [INFO] [ShopBot] 跳过物品: fodder
[2026-05-22 01:17:38] [INFO] [ShopBot] 跳过物品: unknown
[2026-05-22 01:17:38] [INFO] [ShopBot] 跳过物品: equipment
[2026-05-22 01:17:38] [INFO] [ShopBot] 跳过物品: equipment
[2026-05-22 01:17:38] [INFO] [ShopBot] 货架处理完成，共购买 0 个物品
[2026-05-22 01:17:38] [INFO] [ShopBot] 第 3 次查看，购买 0 个物品
[2026-05-22 01:17:38] [INFO] [ShopBot] 滑动 (800, 400) -> (800, 150), 时长 0.3s
[2026-05-22 01:17:41] [DEBUG] [ShopBot] 整区 OCR 检测到 31 个文字块，4 行
[2026-05-22 01:17:41] [INFO] [ShopBot] 物品 0 (y=154-259): '英雄火花种子奈汉库伊可购买1次' → fodder (conf=0.70), 价格 29000, 货币 gold, 购买按钮 @ (1192, 206)
[2026-05-22 01:17:41] [INFO] [ShopBot] 物品 1 (y=311-405): '货币友情点数诺诺里50可购买1次' → unknown (conf=0.00), 价格 18000, 货币 gold, 购买按钮 @ (1192, 358)
[2026-05-22 01:17:41] [INFO] [ShopBot] 物品 2 (y=456-550): '装备55啤叫龙兽骨刃剑商人亚彼荷可购买1次' → equipment (conf=0.70), 价格 240000, 货币 gold, 购买按钮 @ (1192, 503)
[2026-05-22 01:17:41] [INFO] [ShopBot] 物品 3 (y=601-695): '55装备奥利哈钢靴子商人亚彼荷可购买1次' → equipment (conf=0.70), 价格 240000, 货币 gold, 购买按钮 @ (1192, 648)
[2026-05-22 01:17:41] [INFO] [ShopBot] 已到达货架底部（第 4 次滑动后，识别结果无变化）
[2026-05-22 01:17:41] [INFO] [ShopBot] 点击刷新按钮 (268, 659)
[2026-05-22 01:17:41] [INFO] [ShopBot] 点击坐标 (268, 659)
[2026-05-22 01:17:41] [INFO] [ShopBot] 点击刷新确认 @ (748, 460)
[2026-05-22 01:17:41] [INFO] [ShopBot] 点击坐标 (748, 460)
[2026-05-22 01:17:42] [INFO] [ShopBot] 等待货架加载...
[2026-05-22 01:17:43] [INFO] [ShopBot] ===== 第 9 轮 =====
[2026-05-22 01:17:43] [INFO] [ShopBot] 滑动到货架顶部...
[2026-05-22 01:17:43] [INFO] [ShopBot] 滑动 (800, 150) -> (800, 400), 时长 0.3s
[2026-05-22 01:17:44] [DEBUG] [ShopBot] 整区 OCR 检测到 31 个文字块，4 行
[2026-05-22 01:17:44] [INFO] [ShopBot] 物品 0 (y=121-213): '55装备精巧的恶魔靴子商人亚彼荷可购买1次' → equipment (conf=0.70), 价格 240000, 货币 gold, 购买按钮 @ (1192, 167)
[2026-05-22 01:17:44] [INFO] [ShopBot] 物品 1 (y=266-358): '英雄草绿种子奈汉库伊可购买1次' → unknown (conf=0.00), 价格 29000, 货币 gold, 购买按钮 @ (1192, 312)
[2026-05-22 01:17:44] [INFO] [ShopBot] 物品 2 (y=410-503): '85装备不屈的蜘蛛英雄挂饰妮萨可购买1次' → equipment (conf=0.70), 价格 540000, 货币 gold, 购买按钮 @ (1192, 456)
[2026-05-22 01:17:44] [INFO] [ShopBot] 物品 3 (y=555-705): '装备55啤叫龙兽面具商人亚彼荷可购买1次' → equipment (conf=0.70), 价格 240000, 货币 gold, 购买按钮 @ (1192, 630)
[2026-05-22 01:17:44] [INFO] [ShopBot] 跳过物品: equipment
[2026-05-22 01:17:44] [INFO] [ShopBot] 跳过物品: unknown
[2026-05-22 01:17:44] [INFO] [ShopBot] 跳过物品: equipment
[2026-05-22 01:17:44] [INFO] [ShopBot] 跳过物品: equipment
[2026-05-22 01:17:44] [INFO] [ShopBot] 货架处理完成，共购买 0 个物品
[2026-05-22 01:17:44] [INFO] [ShopBot] 第 0 次查看，购买 0 个物品
[2026-05-22 01:17:44] [INFO] [ShopBot] 滑动 (800, 400) -> (800, 150), 时长 0.3s
[2026-05-22 01:17:47] [DEBUG] [ShopBot] 整区 OCR 检测到 30 个文字块，4 行
[2026-05-22 01:17:47] [INFO] [ShopBot] 物品 0 (y=154-260): '装备不屈的蜘蛛英雄挂饰妮萨可购买1次' → equipment (conf=0.70), 价格 540000, 货币 gold, 购买按钮 @ (1192, 207)
[2026-05-22 01:17:47] [INFO] [ShopBot] 物品 1 (y=311-405): '55装备啤叫龙兽面具商人亚彼荷可购买1次' → equipment (conf=0.70), 价格 240000, 货币 gold, 购买按钮 @ (1192, 358)
[2026-05-22 01:17:47] [INFO] [ShopBot] 物品 2 (y=456-550): '70装备不详的恶魔戒指可购买1次' → equipment (conf=0.70), 价格 380000, 货币 gold, 购买按钮 @ (1192, 503)
[2026-05-22 01:17:47] [INFO] [ShopBot] 物品 3 (y=600-705): '货币友情点数诺诺里50可购买1次' → unknown (conf=0.00), 价格 18000, 货币 gold, 购买按钮 @ (1192, 652)
[2026-05-22 01:17:47] [INFO] [ShopBot] 跳过物品: equipment
[2026-05-22 01:17:47] [INFO] [ShopBot] 跳过物品: equipment
[2026-05-22 01:17:47] [INFO] [ShopBot] 跳过物品: equipment
[2026-05-22 01:17:47] [INFO] [ShopBot] 跳过物品: unknown
[2026-05-22 01:17:47] [INFO] [ShopBot] 货架处理完成，共购买 0 个物品
[2026-05-22 01:17:47] [INFO] [ShopBot] 第 1 次查看，购买 0 个物品
[2026-05-22 01:17:47] [INFO] [ShopBot] 滑动 (800, 400) -> (800, 150), 时长 0.3s
[2026-05-22 01:17:50] [DEBUG] [ShopBot] 整区 OCR 检测到 30 个文字块，4 行
[2026-05-22 01:17:50] [INFO] [ShopBot] 物品 0 (y=154-260): '装备不屈的蜘蛛英雄挂饰妮萨可购买1次' → equipment (conf=0.70), 价格 540000, 货币 gold, 购买按钮 @ (1192, 207)
[2026-05-22 01:17:50] [INFO] [ShopBot] 物品 1 (y=311-405): '55装备啤叫龙兽面具商人亚彼荷可购买1次' → equipment (conf=0.70), 价格 240000, 货币 gold, 购买按钮 @ (1192, 358)
[2026-05-22 01:17:50] [INFO] [ShopBot] 物品 2 (y=456-550): '70装备不详的恶魔戒指可购买1次' → equipment (conf=0.70), 价格 380000, 货币 gold, 购买按钮 @ (1192, 503)
[2026-05-22 01:17:50] [INFO] [ShopBot] 物品 3 (y=601-705): '货币友情点数诺诺里50可购买1次' → unknown (conf=0.00), 价格 18000, 货币 gold, 购买按钮 @ (1192, 653)
[2026-05-22 01:17:50] [INFO] [ShopBot] 已到达货架底部（第 2 次滑动后，识别结果无变化）
[2026-05-22 01:17:50] [INFO] [ShopBot] 点击刷新按钮 (268, 659)
[2026-05-22 01:17:50] [INFO] [ShopBot] 点击坐标 (268, 659)
[2026-05-22 01:17:50] [INFO] [ShopBot] 点击刷新确认 @ (748, 460)
[2026-05-22 01:17:50] [INFO] [ShopBot] 点击坐标 (748, 460)
[2026-05-22 01:17:50] [INFO] [ShopBot] 等待货架加载...
[2026-05-22 01:17:51] [INFO] [ShopBot] ===== 第 10 轮 =====
[2026-05-22 01:17:51] [INFO] [ShopBot] 滑动到货架顶部...
[2026-05-22 01:17:51] [INFO] [ShopBot] 滑动 (800, 150) -> (800, 400), 时长 0.3s
[2026-05-22 01:17:53] [DEBUG] [ShopBot] 整区 OCR 检测到 31 个文字块，4 行
[2026-05-22 01:17:53] [INFO] [ShopBot] 物品 0 (y=121-213): '55装备精巧的恶魔项链妮萨可购买1次' → equipment (conf=0.70), 价格 360000, 货币 gold, 购买按钮 @ (1192, 167)
[2026-05-22 01:17:53] [INFO] [ShopBot] 物品 1 (y=265-358): '装备不祥的恶魔厚实重甲商人亚彼荷可购买1次' → equipment (conf=0.70), 价格 380000, 货币 gold, 购买按钮 @ (1192, 311)
[2026-05-22 01:17:53] [INFO] [ShopBot] 物品 2 (y=410-503): '85装备被诅咒的恶魔高级靴子商人亚彼荷可购买1次' → equipment (conf=0.70), 价格 540000, 货币 gold, 购买按钮 @ (1192, 456)
[2026-05-22 01:17:53] [INFO] [ShopBot] 物品 3 (y=555-705): '装备70破灭精髓王冠商人亚彼荷可购买1次' → equipment (conf=0.70), 价格 380000, 货币 gold, 购买按钮 @ (1192, 630)
[2026-05-22 01:17:53] [INFO] [ShopBot] 跳过物品: equipment
[2026-05-22 01:17:53] [INFO] [ShopBot] 跳过物品: equipment
[2026-05-22 01:17:53] [INFO] [ShopBot] 跳过物品: equipment
[2026-05-22 01:17:53] [INFO] [ShopBot] 跳过物品: equipment
[2026-05-22 01:17:53] [INFO] [ShopBot] 货架处理完成，共购买 0 个物品
[2026-05-22 01:17:53] [INFO] [ShopBot] 第 0 次查看，购买 0 个物品
[2026-05-22 01:17:53] [INFO] [ShopBot] 滑动 (800, 400) -> (800, 150), 时长 0.3s
[2026-05-22 01:17:55] [DEBUG] [ShopBot] 整区 OCR 检测到 34 个文字块，5 行
[2026-05-22 01:17:55] [INFO] [ShopBot] 物品 0 (y=80-130): '不祥的志魔厚买商人亚彼荷可购买1次' → unknown (conf=0.00), 价格 0, 货币 gold, 购买按钮 @ (1192, 105)
[2026-05-22 01:17:55] [INFO] [ShopBot] 物品 1 (y=183-276): '85装备被诅咒的恶魔高级靴子商人亚彼荷可购买1次' → equipment (conf=0.70), 价格 540000, 货币 gold, 购买按钮 @ (1192, 229)
[2026-05-22 01:17:55] [INFO] [ShopBot] 物品 2 (y=328-421): '70装备破灭精髓王冠商人亚彼荷可购买1次' → equipment (conf=0.70), 价格 380000, 货币 gold, 购买按钮 @ (1192, 374)
[2026-05-22 01:17:55] [INFO] [ShopBot] 物品 3 (y=473-566): '装备70冰霜脚爪项链可购买1次' → equipment (conf=0.70), 价格 380000, 货币 gold, 购买按钮 @ (1192, 519)
[2026-05-22 01:17:55] [INFO] [ShopBot] 物品 4 (y=603-705): '货币友情点数可购买1次' → unknown (conf=0.00), 价格 18000, 货币 gold, 购买按钮 @ (1192, 654)
[2026-05-22 01:17:55] [INFO] [ShopBot] 跳过物品: unknown
[2026-05-22 01:17:55] [INFO] [ShopBot] 跳过物品: equipment
[2026-05-22 01:17:55] [INFO] [ShopBot] 跳过物品: equipment
[2026-05-22 01:17:55] [INFO] [ShopBot] 跳过物品: equipment
[2026-05-22 01:17:55] [INFO] [ShopBot] 跳过物品: unknown
[2026-05-22 01:17:55] [INFO] [ShopBot] 货架处理完成，共购买 0 个物品
[2026-05-22 01:17:55] [INFO] [ShopBot] 第 1 次查看，购买 0 个物品
[2026-05-22 01:17:55] [INFO] [ShopBot] 滑动 (800, 400) -> (800, 150), 时长 0.3s
[2026-05-22 01:17:57] [DEBUG] [ShopBot] 整区 OCR 检测到 31 个文字块，4 行
[2026-05-22 01:17:57] [INFO] [ShopBot] 物品 0 (y=154-260): '85装备被诅咒的恶魔高级靴子商人亚彼荷可购买1次' → equipment (conf=0.70), 价格 540000, 货币 gold, 购买按钮 @ (1192, 207)
[2026-05-22 01:17:57] [INFO] [ShopBot] 物品 1 (y=311-405): '70装备破灭精髓王冠商人亚彼荷可购买1次' → equipment (conf=0.70), 价格 380000, 货币 gold, 购买按钮 @ (1192, 358)
[2026-05-22 01:17:57] [INFO] [ShopBot] 物品 2 (y=456-550): '70装备冰霜脚爪项链可购买1次' → equipment (conf=0.70), 价格 380000, 货币 gold, 购买按钮 @ (1192, 503)
[2026-05-22 01:17:57] [INFO] [ShopBot] 物品 3 (y=601-705): '货币友情点数诺诺里50可购买1次' → unknown (conf=0.00), 价格 18000, 货币 gold, 购买按钮 @ (1192, 653)
[2026-05-22 01:17:57] [INFO] [ShopBot] 跳过物品: equipment
[2026-05-22 01:17:57] [INFO] [ShopBot] 跳过物品: equipment
[2026-05-22 01:17:57] [INFO] [ShopBot] 跳过物品: equipment
[2026-05-22 01:17:57] [INFO] [ShopBot] 跳过物品: unknown
[2026-05-22 01:17:57] [INFO] [ShopBot] 货架处理完成，共购买 0 个物品
[2026-05-22 01:17:57] [INFO] [ShopBot] 第 2 次查看，购买 0 个物品
[2026-05-22 01:17:57] [INFO] [ShopBot] 滑动 (800, 400) -> (800, 150), 时长 0.3s
[2026-05-22 01:18:00] [DEBUG] [ShopBot] 整区 OCR 检测到 31 个文字块，4 行
[2026-05-22 01:18:00] [INFO] [ShopBot] 物品 0 (y=154-260): '85装备被诅咒的恶魔高级靴子商人亚彼荷可购买1次' → equipment (conf=0.70), 价格 540000, 货币 gold, 购买按钮 @ (1192, 207)
[2026-05-22 01:18:00] [INFO] [ShopBot] 物品 1 (y=311-405): '70装备破灭精髓王冠商人亚彼荷可购买1次' → equipment (conf=0.70), 价格 380000, 货币 gold, 购买按钮 @ (1192, 358)
[2026-05-22 01:18:00] [INFO] [ShopBot] 物品 2 (y=456-550): '70装备冰霜脚爪项链可购买1次' → equipment (conf=0.70), 价格 380000, 货币 gold, 购买按钮 @ (1192, 503)
[2026-05-22 01:18:00] [INFO] [ShopBot] 物品 3 (y=601-705): '货币友情点数诺诺里50可购买1次' → unknown (conf=0.00), 价格 18000, 货币 gold, 购买按钮 @ (1192, 653)
[2026-05-22 01:18:00] [INFO] [ShopBot] 已到达货架底部（第 3 次滑动后，识别结果无变化）
[2026-05-22 01:18:00] [INFO] [ShopBot] 点击刷新按钮 (268, 659)
[2026-05-22 01:18:00] [INFO] [ShopBot] 点击坐标 (268, 659)
[2026-05-22 01:18:00] [INFO] [ShopBot] 点击刷新确认 @ (748, 460)
[2026-05-22 01:18:00] [INFO] [ShopBot] 点击坐标 (748, 460)
[2026-05-22 01:18:00] [INFO] [ShopBot] 等待货架加载...
[2026-05-22 01:18:01] [INFO] [ShopBot] ===== 第 11 轮 =====
[2026-05-22 01:18:01] [INFO] [ShopBot] 滑动到货架顶部...
[2026-05-22 01:18:01] [INFO] [ShopBot] 滑动 (800, 150) -> (800, 400), 时长 0.3s
[2026-05-22 01:18:03] [DEBUG] [ShopBot] 整区 OCR 检测到 30 个文字块，5 行
[2026-05-22 01:18:03] [INFO] [ShopBot] 物品 0 (y=119-211): '召唤誓约书签若诺里可购买1次' → bookmark (conf=0.95), 价格 184000, 货币 gold, 购买按钮 @ (1192, 165)
[2026-05-22 01:18:03] [INFO] [ShopBot] 物品 1 (y=262-356): '70装备蜘蛛君主的头盔商人亚彼荷可购买1次' → equipment (conf=0.70), 价格 380000, 货币 gold, 购买按钮 @ (1192, 309)
[2026-05-22 01:18:03] [INFO] [ShopBot] 物品 2 (y=407-501): '装备泰拉剑商人亚彼荷可购买1次' → equipment (conf=0.70), 价格 750000, 货币 gold, 购买按钮 @ (1192, 454)
[2026-05-22 01:18:03] [INFO] [ShopBot] 物品 3 (y=552-646): '货币友情点数诺诺里50可购买1次' → unknown (conf=0.00), 价格 18000, 货币 gold, 购买按钮 @ (1192, 599)
[2026-05-22 01:18:03] [INFO] [ShopBot] 物品 4 (y=647-705): '' → unknown (conf=0.00), 价格 0, 货币 gold, 购买按钮 @ (1192, 676)
[2026-05-22 01:18:03] [INFO] [ShopBot] 开始购买: bookmark, 价格: 184000
[2026-05-22 01:18:03] [INFO] [ShopBot] 点击购买按钮 @ (1192, 165)
[2026-05-22 01:18:03] [INFO] [ShopBot] 点击坐标 (1192, 165)
[2026-05-22 01:18:04] [DEBUG] [ShopBot] 找到按钮 '购买' 在 (736, 479)
[2026-05-22 01:18:05] [DEBUG] [ShopBot] 找到按钮 '取消' 在 (481, 524)
[2026-05-22 01:18:05] [DEBUG] [ShopBot] 找到按钮 '购买' 在 (818, 524)
[2026-05-22 01:18:06] [INFO] [ShopBot] 检测到确认弹窗
[2026-05-22 01:18:06] [INFO] [ShopBot] 点击确认按钮 @ (818, 508)
[2026-05-22 01:18:06] [INFO] [ShopBot] 点击坐标 (818, 508)
[2026-05-22 01:18:07] [DEBUG] [ShopBot] 找到按钮 '购买' 在 (736, 479)
[2026-05-22 01:18:10] [DEBUG] [ShopBot] 找到按钮 '购买' 在 (736, 479)
[2026-05-22 01:18:10] [INFO] [ShopBot] 购买成功: bookmark
[2026-05-22 01:18:10] [INFO] [ShopBot] 购买结果 - bookmark: 成功
[2026-05-22 01:18:11] [INFO] [ShopBot] 跳过物品: equipment
[2026-05-22 01:18:11] [INFO] [ShopBot] 跳过物品: equipment
[2026-05-22 01:18:11] [INFO] [ShopBot] 跳过物品: unknown
[2026-05-22 01:18:11] [INFO] [ShopBot] 跳过物品: unknown
[2026-05-22 01:18:11] [INFO] [ShopBot] 货架处理完成，共购买 1 个物品
[2026-05-22 01:18:11] [INFO] [ShopBot] 第 0 次查看，购买 1 个物品
[2026-05-22 01:18:11] [INFO] [ShopBot] 滑动 (800, 400) -> (800, 150), 时长 0.3s
[2026-05-22 01:18:13] [DEBUG] [ShopBot] 整区 OCR 检测到 30 个文字块，4 行
[2026-05-22 01:18:13] [INFO] [ShopBot] 物品 0 (y=154-260): '装备泰拉剑商人亚彼荷可购买1次' → equipment (conf=0.70), 价格 750000, 货币 gold, 购买按钮 @ (1192, 207)
[2026-05-22 01:18:13] [INFO] [ShopBot] 物品 1 (y=311-405): '货币友情点数诺诺里50可购买1次' → unknown (conf=0.00), 价格 18000, 货币 gold, 购买按钮 @ (1192, 358)
[2026-05-22 01:18:13] [INFO] [ShopBot] 物品 2 (y=457-550): '英雄骑士玛伊堤奈汉库伊可购买1次' → unknown (conf=0.00), 价格 29000, 货币 gold, 购买按钮 @ (1192, 503)
[2026-05-22 01:18:13] [INFO] [ShopBot] 物品 3 (y=601-705): '55装备毒脚爪项链妮萨可购买1次' → equipment (conf=0.70), 价格 240000, 货币 gold, 购买按钮 @ (1192, 653)
[2026-05-22 01:18:13] [INFO] [ShopBot] 跳过物品: equipment
[2026-05-22 01:18:13] [INFO] [ShopBot] 跳过物品: unknown
[2026-05-22 01:18:13] [INFO] [ShopBot] 跳过物品: unknown
[2026-05-22 01:18:13] [INFO] [ShopBot] 跳过物品: equipment
[2026-05-22 01:18:13] [INFO] [ShopBot] 货架处理完成，共购买 0 个物品
[2026-05-22 01:18:13] [INFO] [ShopBot] 第 1 次查看，购买 0 个物品
[2026-05-22 01:18:13] [INFO] [ShopBot] 滑动 (800, 400) -> (800, 150), 时长 0.3s
[2026-05-22 01:18:15] [DEBUG] [ShopBot] 整区 OCR 检测到 30 个文字块，4 行
[2026-05-22 01:18:15] [INFO] [ShopBot] 物品 0 (y=154-260): '装备泰拉剑商人亚彼荷可购买1次' → equipment (conf=0.70), 价格 750000, 货币 gold, 购买按钮 @ (1192, 207)
[2026-05-22 01:18:15] [INFO] [ShopBot] 物品 1 (y=311-405): '货币友情点数诺诺里50可购买1次' → unknown (conf=0.00), 价格 18000, 货币 gold, 购买按钮 @ (1192, 358)
[2026-05-22 01:18:15] [INFO] [ShopBot] 物品 2 (y=458-550): '英雄骑士玛伊堤奈汉库伊可购买1次' → unknown (conf=0.00), 价格 29000, 货币 gold, 购买按钮 @ (1192, 504)
[2026-05-22 01:18:15] [INFO] [ShopBot] 物品 3 (y=601-705): '55装备毒脚爪项链妮萨可购买1次' → equipment (conf=0.70), 价格 240000, 货币 gold, 购买按钮 @ (1192, 653)
[2026-05-22 01:18:15] [INFO] [ShopBot] 已到达货架底部（第 2 次滑动后，识别结果无变化）
[2026-05-22 01:18:15] [INFO] [ShopBot] 点击刷新按钮 (268, 659)
[2026-05-22 01:18:15] [INFO] [ShopBot] 点击坐标 (268, 659)
[2026-05-22 01:18:15] [INFO] [ShopBot] 点击刷新确认 @ (748, 460)
[2026-05-22 01:18:15] [INFO] [ShopBot] 点击坐标 (748, 460)
[2026-05-22 01:18:16] [INFO] [ShopBot] 等待货架加载...
[2026-05-22 01:18:17] [INFO] [ShopBot] ===== 第 12 轮 =====
[2026-05-22 01:18:17] [INFO] [ShopBot] 滑动到货架顶部...
[2026-05-22 01:18:17] [INFO] [ShopBot] 滑动 (800, 150) -> (800, 400), 时长 0.3s
[2026-05-22 01:18:18] [DEBUG] [ShopBot] 整区 OCR 检测到 28 个文字块，5 行
[2026-05-22 01:18:18] [INFO] [ShopBot] 物品 0 (y=123-214): '英雄霜风席尔巴奈汉库伊可购买1次' → unknown (conf=0.00), 价格 29000, 货币 gold, 购买按钮 @ (1192, 168)
[2026-05-22 01:18:18] [INFO] [ShopBot] 物品 1 (y=267-359): '英雄大海鲍特奈汉库伊可购买1次' → unknown (conf=0.00), 价格 29000, 货币 gold, 购买按钮 @ (1192, 313)
[2026-05-22 01:18:18] [INFO] [ShopBot] 物品 2 (y=412-504): '英雄阴谋纽洛普奈汉库伊可购买1次' → unknown (conf=0.00), 价格 29000, 货币 gold, 购买按钮 @ (1192, 458)
[2026-05-22 01:18:18] [INFO] [ShopBot] 物品 3 (y=557-649): '英雄暗影龙族士兵奈汉库伊可购买1次' → unknown (conf=0.00), 价格 29000, 货币 gold, 购买按钮 @ (1192, 603)
[2026-05-22 01:18:18] [INFO] [ShopBot] 物品 4 (y=650-705): '' → unknown (conf=0.00), 价格 0, 货币 gold, 购买按钮 @ (1192, 677)
[2026-05-22 01:18:18] [INFO] [ShopBot] 跳过物品: unknown
[2026-05-22 01:18:18] [INFO] [ShopBot] 跳过物品: unknown
[2026-05-22 01:18:18] [INFO] [ShopBot] 跳过物品: unknown
[2026-05-22 01:18:18] [INFO] [ShopBot] 跳过物品: unknown
[2026-05-22 01:18:18] [INFO] [ShopBot] 跳过物品: unknown
[2026-05-22 01:18:18] [INFO] [ShopBot] 货架处理完成，共购买 0 个物品
[2026-05-22 01:18:18] [INFO] [ShopBot] 第 0 次查看，购买 0 个物品
[2026-05-22 01:18:18] [INFO] [ShopBot] 滑动 (800, 400) -> (800, 150), 时长 0.3s
[2026-05-22 01:18:20] [DEBUG] [ShopBot] 整区 OCR 检测到 29 个文字块，4 行
[2026-05-22 01:18:20] [INFO] [ShopBot] 物品 0 (y=154-259): '英雄阴谋纽洛普奈汉库伊可购买1次' → unknown (conf=0.00), 价格 29000, 货币 gold, 购买按钮 @ (1192, 206)
[2026-05-22 01:18:20] [INFO] [ShopBot] 物品 1 (y=313-405): '英雄暗影龙族士兵奈汉库伊可购买1次' → unknown (conf=0.00), 价格 29000, 货币 gold, 购买按钮 @ (1192, 359)
[2026-05-22 01:18:20] [INFO] [ShopBot] 物品 2 (y=458-550): '英雄印迪戈小恶魔奈汉库伊可购买1次' → unknown (conf=0.00), 价格 29000, 货币 gold, 购买按钮 @ (1192, 504)
[2026-05-22 01:18:20] [INFO] [ShopBot] 物品 3 (y=600-705): '55装备精巧的恶魔之剑商人亚彼荷可购买1次' → equipment (conf=0.70), 价格 360000, 货币 gold, 购买按钮 @ (1192, 652)
[2026-05-22 01:18:20] [INFO] [ShopBot] 跳过物品: unknown
[2026-05-22 01:18:20] [INFO] [ShopBot] 跳过物品: unknown
[2026-05-22 01:18:20] [INFO] [ShopBot] 跳过物品: unknown
[2026-05-22 01:18:20] [INFO] [ShopBot] 跳过物品: equipment
[2026-05-22 01:18:20] [INFO] [ShopBot] 货架处理完成，共购买 0 个物品
[2026-05-22 01:18:20] [INFO] [ShopBot] 第 1 次查看，购买 0 个物品
[2026-05-22 01:18:20] [INFO] [ShopBot] 滑动 (800, 400) -> (800, 150), 时长 0.3s
[2026-05-22 01:18:23] [DEBUG] [ShopBot] 整区 OCR 检测到 29 个文字块，4 行
[2026-05-22 01:18:23] [INFO] [ShopBot] 物品 0 (y=154-259): '英雄阴谋纽洛普奈汉库伊可购买1次' → unknown (conf=0.00), 价格 29000, 货币 gold, 购买按钮 @ (1192, 206)
[2026-05-22 01:18:23] [INFO] [ShopBot] 物品 1 (y=313-405): '英雄暗影龙族士兵奈汉库伊可购买1次' → unknown (conf=0.00), 价格 29000, 货币 gold, 购买按钮 @ (1192, 359)
[2026-05-22 01:18:23] [INFO] [ShopBot] 物品 2 (y=457-550): '英雄印迪戈小恶魔奈汉库伊可购买1次' → unknown (conf=0.00), 价格 29000, 货币 gold, 购买按钮 @ (1192, 503)
[2026-05-22 01:18:23] [INFO] [ShopBot] 物品 3 (y=601-705): '55装备精巧的恶魔之剑商人亚彼荷可购买1次' → equipment (conf=0.70), 价格 360000, 货币 gold, 购买按钮 @ (1192, 653)
[2026-05-22 01:18:23] [INFO] [ShopBot] 已到达货架底部（第 2 次滑动后，识别结果无变化）
[2026-05-22 01:18:23] [INFO] [ShopBot] 点击刷新按钮 (268, 659)
[2026-05-22 01:18:23] [INFO] [ShopBot] 点击坐标 (268, 659)
[2026-05-22 01:18:23] [INFO] [ShopBot] 点击刷新确认 @ (748, 460)
[2026-05-22 01:18:23] [INFO] [ShopBot] 点击坐标 (748, 460)
[2026-05-22 01:18:23] [INFO] [ShopBot] 等待货架加载...
[2026-05-22 01:18:24] [INFO] [ShopBot] ===== 第 13 轮 =====
[2026-05-22 01:18:24] [INFO] [ShopBot] 滑动到货架顶部...
[2026-05-22 01:18:24] [INFO] [ShopBot] 滑动 (800, 150) -> (800, 400), 时长 0.3s
[2026-05-22 01:18:26] [DEBUG] [ShopBot] 整区 OCR 检测到 32 个文字块，5 行
[2026-05-22 01:18:26] [INFO] [ShopBot] 物品 0 (y=119-210): '70装备泰拉剑商人亚彼荷可购买1次' → equipment (conf=0.70), 价格 380000, 货币 gold, 购买按钮 @ (1192, 164)
[2026-05-22 01:18:26] [INFO] [ShopBot] 物品 1 (y=262-356): '55装备灿烂精髓鞋子商人亚彼荷可购买1次' → equipment (conf=0.70), 价格 240000, 货币 gold, 购买按钮 @ (1192, 309)
[2026-05-22 01:18:26] [INFO] [ShopBot] 物品 2 (y=407-501): '70装备泰拉头盔商人亚彼荷可购买1次' → equipment (conf=0.70), 价格 380000, 货币 gold, 购买按钮 @ (1192, 454)
[2026-05-22 01:18:26] [INFO] [ShopBot] 物品 3 (y=552-646): '85装备被诅咒的恶魔项链妮萨可购买1次' → equipment (conf=0.70), 价格 540000, 货币 gold, 购买按钮 @ (1192, 599)
[2026-05-22 01:18:26] [INFO] [ShopBot] 物品 4 (y=647-705): '' → unknown (conf=0.00), 价格 0, 货币 gold, 购买按钮 @ (1192, 676)
[2026-05-22 01:18:26] [INFO] [ShopBot] 跳过物品: equipment
[2026-05-22 01:18:26] [INFO] [ShopBot] 跳过物品: equipment
[2026-05-22 01:18:26] [INFO] [ShopBot] 跳过物品: equipment
[2026-05-22 01:18:26] [INFO] [ShopBot] 跳过物品: equipment
[2026-05-22 01:18:26] [INFO] [ShopBot] 跳过物品: unknown
[2026-05-22 01:18:26] [INFO] [ShopBot] 货架处理完成，共购买 0 个物品
[2026-05-22 01:18:26] [INFO] [ShopBot] 第 0 次查看，购买 0 个物品
[2026-05-22 01:18:26] [INFO] [ShopBot] 滑动 (800, 400) -> (800, 150), 时长 0.3s
[2026-05-22 01:18:29] [DEBUG] [ShopBot] 整区 OCR 检测到 35 个文字块，5 行
[2026-05-22 01:18:29] [INFO] [ShopBot] 物品 0 (y=80-124): '商人亚彼荷可购买1次' → unknown (conf=0.00), 价格 0, 货币 gold, 购买按钮 @ (1192, 102)
[2026-05-22 01:18:29] [INFO] [ShopBot] 物品 1 (y=154-270): '70装备泰拉头盔商人亚彼荷可购买1次' → equipment (conf=0.70), 价格 380000, 货币 gold, 购买按钮 @ (1192, 212)
[2026-05-22 01:18:29] [INFO] [ShopBot] 物品 2 (y=322-415): '85装备被诅咒的恶魔项链妮萨可购买1次' → equipment (conf=0.70), 价格 540000, 货币 gold, 购买按钮 @ (1192, 368)
[2026-05-22 01:18:29] [INFO] [ShopBot] 物品 3 (y=468-560): '英雄雷逢朵斯绿林魔法师奈汉库伊可购买1次' → unknown (conf=0.00), 价格 29000, 货币 gold, 购买按钮 @ (1192, 514)
[2026-05-22 01:18:29] [INFO] [ShopBot] 物品 4 (y=598-705): '70装备蜘蛛君主的靴子商人亚彼荷可购买1次' → equipment (conf=0.70), 价格 560000, 货币 gold, 购买按钮 @ (1192, 651)
[2026-05-22 01:18:29] [INFO] [ShopBot] 跳过物品: unknown
[2026-05-22 01:18:29] [INFO] [ShopBot] 跳过物品: equipment
[2026-05-22 01:18:29] [INFO] [ShopBot] 跳过物品: equipment
[2026-05-22 01:18:29] [INFO] [ShopBot] 跳过物品: unknown
[2026-05-22 01:18:29] [INFO] [ShopBot] 跳过物品: equipment
[2026-05-22 01:18:29] [INFO] [ShopBot] 货架处理完成，共购买 0 个物品
[2026-05-22 01:18:29] [INFO] [ShopBot] 第 1 次查看，购买 0 个物品
[2026-05-22 01:18:29] [INFO] [ShopBot] 滑动 (800, 400) -> (800, 150), 时长 0.3s
[2026-05-22 01:18:31] [DEBUG] [ShopBot] 整区 OCR 检测到 30 个文字块，4 行
[2026-05-22 01:18:31] [INFO] [ShopBot] 物品 0 (y=154-260): '70装备泰拉头盔商人亚彼荷可购买1次' → equipment (conf=0.70), 价格 380000, 货币 gold, 购买按钮 @ (1192, 207)
[2026-05-22 01:18:31] [INFO] [ShopBot] 物品 1 (y=311-405): '85装备被诅咒的恶魔项链可购买1次' → equipment (conf=0.70), 价格 540000, 货币 gold, 购买按钮 @ (1192, 358)
[2026-05-22 01:18:31] [INFO] [ShopBot] 物品 2 (y=457-550): '英雄雷逢朵斯绿林魔法师奈汉库伊可购买1次' → unknown (conf=0.00), 价格 29000, 货币 gold, 购买按钮 @ (1192, 503)
[2026-05-22 01:18:31] [INFO] [ShopBot] 物品 3 (y=601-705): '70装备蜘蛛君主的靴子商人亚彼荷可购买1次' → equipment (conf=0.70), 价格 560000, 货币 gold, 购买按钮 @ (1192, 653)
[2026-05-22 01:18:31] [INFO] [ShopBot] 跳过物品: equipment
[2026-05-22 01:18:31] [INFO] [ShopBot] 跳过物品: equipment
[2026-05-22 01:18:31] [INFO] [ShopBot] 跳过物品: unknown
[2026-05-22 01:18:31] [INFO] [ShopBot] 跳过物品: equipment
[2026-05-22 01:18:31] [INFO] [ShopBot] 货架处理完成，共购买 0 个物品
[2026-05-22 01:18:31] [INFO] [ShopBot] 第 2 次查看，购买 0 个物品
[2026-05-22 01:18:31] [INFO] [ShopBot] 滑动 (800, 400) -> (800, 150), 时长 0.3s
[2026-05-22 01:18:33] [DEBUG] [ShopBot] 整区 OCR 检测到 30 个文字块，4 行
[2026-05-22 01:18:33] [INFO] [ShopBot] 物品 0 (y=154-260): '70装备泰拉头盔商人亚彼荷可购买1次' → equipment (conf=0.70), 价格 380000, 货币 gold, 购买按钮 @ (1192, 207)
[2026-05-22 01:18:33] [INFO] [ShopBot] 物品 1 (y=311-405): '85装备被诅咒的恶魔项链可购买1次' → equipment (conf=0.70), 价格 540000, 货币 gold, 购买按钮 @ (1192, 358)
[2026-05-22 01:18:33] [INFO] [ShopBot] 物品 2 (y=457-550): '英雄雷逢朵斯绿林魔法师奈汉库伊可购买1次' → unknown (conf=0.00), 价格 29000, 货币 gold, 购买按钮 @ (1192, 503)
[2026-05-22 01:18:33] [INFO] [ShopBot] 物品 3 (y=601-705): '70装备蜘蛛君主的靴子商人亚彼荷可购买1次' → equipment (conf=0.70), 价格 560000, 货币 gold, 购买按钮 @ (1192, 653)
[2026-05-22 01:18:33] [INFO] [ShopBot] 已到达货架底部（第 3 次滑动后，识别结果无变化）
[2026-05-22 01:18:33] [INFO] [ShopBot] 点击刷新按钮 (268, 659)
[2026-05-22 01:18:33] [INFO] [ShopBot] 点击坐标 (268, 659)
[2026-05-22 01:18:34] [INFO] [ShopBot] 点击刷新确认 @ (748, 460)
[2026-05-22 01:18:34] [INFO] [ShopBot] 点击坐标 (748, 460)
[2026-05-22 01:18:34] [INFO] [ShopBot] 等待货架加载...
[2026-05-22 01:18:35] [INFO] [ShopBot] ===== 第 14 轮 =====
[2026-05-22 01:18:35] [INFO] [ShopBot] 滑动到货架顶部...
[2026-05-22 01:18:35] [INFO] [ShopBot] 滑动 (800, 150) -> (800, 400), 时长 0.3s
[2026-05-22 01:18:37] [DEBUG] [ShopBot] 整区 OCR 检测到 32 个文字块，4 行
[2026-05-22 01:18:37] [INFO] [ShopBot] 物品 0 (y=119-211): '70装备泰拉靴子商人亚彼荷可购买1次' → equipment (conf=0.70), 价格 380000, 货币 gold, 购买按钮 @ (1192, 165)
[2026-05-22 01:18:37] [INFO] [ShopBot] 物品 1 (y=263-356): '货币友情点数诺诺里50可购买1次' → unknown (conf=0.00), 价格 18000, 货币 gold, 购买按钮 @ (1192, 309)
[2026-05-22 01:18:37] [INFO] [ShopBot] 物品 2 (y=408-501): '55装备啤叫龙兽面具商人亚彼荷可购买1次' → equipment (conf=0.70), 价格 360000, 货币 gold, 购买按钮 @ (1192, 454)
[2026-05-22 01:18:37] [INFO] [ShopBot] 物品 3 (y=553-705): '装备70泰拉的心脏妮萨可购买1次' → equipment (conf=0.70), 价格 380000, 货币 gold, 购买按钮 @ (1192, 629)
[2026-05-22 01:18:37] [INFO] [ShopBot] 跳过物品: equipment
[2026-05-22 01:18:37] [INFO] [ShopBot] 跳过物品: unknown
[2026-05-22 01:18:37] [INFO] [ShopBot] 跳过物品: equipment
[2026-05-22 01:18:37] [INFO] [ShopBot] 跳过物品: equipment
[2026-05-22 01:18:37] [INFO] [ShopBot] 货架处理完成，共购买 0 个物品
[2026-05-22 01:18:37] [INFO] [ShopBot] 第 0 次查看，购买 0 个物品
[2026-05-22 01:18:37] [INFO] [ShopBot] 滑动 (800, 400) -> (800, 150), 时长 0.3s
[2026-05-22 01:18:39] [DEBUG] [ShopBot] 整区 OCR 检测到 31 个文字块，4 行
[2026-05-22 01:18:39] [INFO] [ShopBot] 物品 0 (y=154-260): '55-装备啤叫龙兽面具商人亚彼荷可购买1次' → equipment (conf=0.70), 价格 360000, 货币 gold, 购买按钮 @ (1192, 207)
[2026-05-22 01:18:39] [INFO] [ShopBot] 物品 1 (y=311-405): '70装备泰拉的心脏妮萨可购买1次' → equipment (conf=0.70), 价格 380000, 货币 gold, 购买按钮 @ (1192, 358)
[2026-05-22 01:18:39] [INFO] [ShopBot] 物品 2 (y=458-550): '英雄黄水晶龙奈汉库伊可购买1次' → unknown (conf=0.00), 价格 29000, 货币 gold, 购买按钮 @ (1192, 504)
[2026-05-22 01:18:39] [INFO] [ShopBot] 物品 3 (y=596-705): '70装备泰拉剑商人亚彼荷可购买1次' → equipment (conf=0.70), 价格 380000, 货币 gold, 购买按钮 @ (1192, 650)
[2026-05-22 01:18:39] [INFO] [ShopBot] 跳过物品: equipment
[2026-05-22 01:18:39] [INFO] [ShopBot] 跳过物品: equipment
[2026-05-22 01:18:39] [INFO] [ShopBot] 跳过物品: unknown
[2026-05-22 01:18:39] [INFO] [ShopBot] 跳过物品: equipment
[2026-05-22 01:18:39] [INFO] [ShopBot] 货架处理完成，共购买 0 个物品
[2026-05-22 01:18:39] [INFO] [ShopBot] 第 1 次查看，购买 0 个物品
[2026-05-22 01:18:39] [INFO] [ShopBot] 滑动 (800, 400) -> (800, 150), 时长 0.3s
[2026-05-22 01:18:42] [DEBUG] [ShopBot] 整区 OCR 检测到 31 个文字块，4 行
[2026-05-22 01:18:42] [INFO] [ShopBot] 物品 0 (y=154-260): '55-装备啤叫龙兽面具商人亚彼荷可购买1次' → equipment (conf=0.70), 价格 360000, 货币 gold, 购买按钮 @ (1192, 207)
[2026-05-22 01:18:42] [INFO] [ShopBot] 物品 1 (y=311-405): '70装备泰拉的心脏妮萨可购买1次' → equipment (conf=0.70), 价格 380000, 货币 gold, 购买按钮 @ (1192, 358)
[2026-05-22 01:18:42] [INFO] [ShopBot] 物品 2 (y=457-550): '英雄黄水晶龙奈汉库伊可购买1次' → unknown (conf=0.00), 价格 29000, 货币 gold, 购买按钮 @ (1192, 503)
[2026-05-22 01:18:42] [INFO] [ShopBot] 物品 3 (y=601-705): '70装备泰拉剑商人亚彼荷可购买1次' → equipment (conf=0.70), 价格 380000, 货币 gold, 购买按钮 @ (1192, 653)
[2026-05-22 01:18:42] [INFO] [ShopBot] 已到达货架底部（第 2 次滑动后，识别结果无变化）
[2026-05-22 01:18:42] [INFO] [ShopBot] 点击刷新按钮 (268, 659)
[2026-05-22 01:18:42] [INFO] [ShopBot] 点击坐标 (268, 659)
[2026-05-22 01:18:42] [INFO] [ShopBot] 点击刷新确认 @ (748, 460)
[2026-05-22 01:18:42] [INFO] [ShopBot] 点击坐标 (748, 460)
[2026-05-22 01:18:42] [INFO] [ShopBot] 等待货架加载...
[2026-05-22 01:18:43] [INFO] [ShopBot] ===== 第 15 轮 =====
[2026-05-22 01:18:43] [INFO] [ShopBot] 滑动到货架顶部...
[2026-05-22 01:18:43] [INFO] [ShopBot] 滑动 (800, 150) -> (800, 400), 时长 0.3s
[2026-05-22 01:18:45] [DEBUG] [ShopBot] 整区 OCR 检测到 31 个文字块，4 行
[2026-05-22 01:18:45] [INFO] [ShopBot] 物品 0 (y=121-213): '货币友情点数诺诺里50可购买1次' → unknown (conf=0.00), 价格 18000, 货币 gold, 购买按钮 @ (1192, 167)
[2026-05-22 01:18:45] [INFO] [ShopBot] 物品 1 (y=266-358): '英雄欺瞒普纽洛奈汉库伊可购买1次' → unknown (conf=0.00), 价格 29000, 货币 gold, 购买按钮 @ (1192, 312)
[2026-05-22 01:18:45] [INFO] [ShopBot] 物品 2 (y=409-503): '70装备泰拉剑可购买1次商人亚彼荷' → equipment (conf=0.70), 价格 380000, 货币 gold, 购买按钮 @ (1192, 456)
[2026-05-22 01:18:45] [INFO] [ShopBot] 物品 3 (y=554-705): '装备70魔力龙兽皮甲商人亚彼荷可购买1次' → equipment (conf=0.70), 价格 560000, 货币 gold, 购买按钮 @ (1192, 629)
[2026-05-22 01:18:45] [INFO] [ShopBot] 跳过物品: unknown
[2026-05-22 01:18:45] [INFO] [ShopBot] 跳过物品: unknown
[2026-05-22 01:18:45] [INFO] [ShopBot] 跳过物品: equipment
[2026-05-22 01:18:45] [INFO] [ShopBot] 跳过物品: equipment
[2026-05-22 01:18:45] [INFO] [ShopBot] 货架处理完成，共购买 0 个物品
[2026-05-22 01:18:45] [INFO] [ShopBot] 第 0 次查看，购买 0 个物品
[2026-05-22 01:18:45] [INFO] [ShopBot] 滑动 (800, 400) -> (800, 150), 时长 0.3s
[2026-05-22 01:18:47] [DEBUG] [ShopBot] 整区 OCR 检测到 31 个文字块，4 行
[2026-05-22 01:18:47] [INFO] [ShopBot] 物品 0 (y=154-260): '70装备泰拉剑商人亚彼荷可购买1次' → equipment (conf=0.70), 价格 380000, 货币 gold, 购买按钮 @ (1192, 207)
[2026-05-22 01:18:47] [INFO] [ShopBot] 物品 1 (y=311-405): '装备魔力龙兽皮甲商人亚彼荷可购买1次' → equipment (conf=0.70), 价格 560000, 货币 gold, 购买按钮 @ (1192, 358)
[2026-05-22 01:18:47] [INFO] [ShopBot] 物品 2 (y=456-550): '55装备奥利哈钢重甲商人亚彼荷可购买1次' → equipment (conf=0.70), 价格 240000, 货币 gold, 购买按钮 @ (1192, 503)
[2026-05-22 01:18:47] [INFO] [ShopBot] 物品 3 (y=597-705): '85装备不屈的蜘蛛英雄靴子商人亚彼荷可购买1次' → equipment (conf=0.70), 价格 540000, 货币 gold, 购买按钮 @ (1192, 651)
[2026-05-22 01:18:47] [INFO] [ShopBot] 跳过物品: equipment
[2026-05-22 01:18:47] [INFO] [ShopBot] 跳过物品: equipment
[2026-05-22 01:18:47] [INFO] [ShopBot] 跳过物品: equipment
[2026-05-22 01:18:47] [INFO] [ShopBot] 跳过物品: equipment
[2026-05-22 01:18:47] [INFO] [ShopBot] 货架处理完成，共购买 0 个物品
[2026-05-22 01:18:47] [INFO] [ShopBot] 第 1 次查看，购买 0 个物品
[2026-05-22 01:18:47] [INFO] [ShopBot] 滑动 (800, 400) -> (800, 150), 时长 0.3s
[2026-05-22 01:18:50] [DEBUG] [ShopBot] 整区 OCR 检测到 31 个文字块，4 行
[2026-05-22 01:18:50] [INFO] [ShopBot] 物品 0 (y=154-260): '70装备泰拉剑商人亚彼荷可购买1次' → equipment (conf=0.70), 价格 380000, 货币 gold, 购买按钮 @ (1192, 207)
[2026-05-22 01:18:50] [INFO] [ShopBot] 物品 1 (y=311-405): '装备魔力龙兽皮甲商人亚彼荷可购买1次' → equipment (conf=0.70), 价格 560000, 货币 gold, 购买按钮 @ (1192, 358)
[2026-05-22 01:18:50] [INFO] [ShopBot] 物品 2 (y=456-550): '55装备奥利哈钢重甲商人亚彼荷可购买1次' → equipment (conf=0.70), 价格 240000, 货币 gold, 购买按钮 @ (1192, 503)
[2026-05-22 01:18:50] [INFO] [ShopBot] 物品 3 (y=601-705): '85装备不屈的蜘蛛英雄靴子商人亚彼荷可购买1次' → equipment (conf=0.70), 价格 540000, 货币 gold, 购买按钮 @ (1192, 653)
[2026-05-22 01:18:50] [INFO] [ShopBot] 已到达货架底部（第 2 次滑动后，识别结果无变化）
[2026-05-22 01:18:50] [INFO] [ShopBot] 点击刷新按钮 (268, 659)
[2026-05-22 01:18:50] [INFO] [ShopBot] 点击坐标 (268, 659)
[2026-05-22 01:18:50] [INFO] [ShopBot] 点击刷新确认 @ (748, 460)
[2026-05-22 01:18:50] [INFO] [ShopBot] 点击坐标 (748, 460)
[2026-05-22 01:18:50] [INFO] [ShopBot] 等待货架加载...
[2026-05-22 01:18:51] [INFO] [ShopBot] ===== 第 16 轮 =====
[2026-05-22 01:18:51] [INFO] [ShopBot] 滑动到货架顶部...
[2026-05-22 01:18:51] [INFO] [ShopBot] 滑动 (800, 150) -> (800, 400), 时长 0.3s
[2026-05-22 01:18:53] [DEBUG] [ShopBot] 整区 OCR 检测到 29 个文字块，5 行
[2026-05-22 01:18:53] [INFO] [ShopBot] 物品 0 (y=119-210): '英雄树叶鲍特奈汉库伊可购买1次' → unknown (conf=0.00), 价格 29000, 货币 gold, 购买按钮 @ (1192, 164)
[2026-05-22 01:18:53] [INFO] [ShopBot] 物品 1 (y=262-355): '85装备暗黑钢铁头盔商人亚彼荷可购买1次' → equipment (conf=0.70), 价格 540000, 货币 gold, 购买按钮 @ (1192, 308)
[2026-05-22 01:18:53] [INFO] [ShopBot] 物品 2 (y=408-500): '英雄樵夫鲍特奈汉库伊可购买1次' → unknown (conf=0.00), 价格 29000, 货币 gold, 购买按钮 @ (1192, 454)
[2026-05-22 01:18:53] [INFO] [ShopBot] 物品 3 (y=553-645): '英雄冷血神射手奈汉库伊可购买1次' → unknown (conf=0.00), 价格 29000, 货币 gold, 购买按钮 @ (1192, 599)
[2026-05-22 01:18:53] [INFO] [ShopBot] 物品 4 (y=647-705): '' → unknown (conf=0.00), 价格 0, 货币 gold, 购买按钮 @ (1192, 676)
[2026-05-22 01:18:53] [INFO] [ShopBot] 跳过物品: unknown
[2026-05-22 01:18:53] [INFO] [ShopBot] 跳过物品: equipment
[2026-05-22 01:18:53] [INFO] [ShopBot] 跳过物品: unknown
[2026-05-22 01:18:53] [INFO] [ShopBot] 跳过物品: unknown
[2026-05-22 01:18:53] [INFO] [ShopBot] 跳过物品: unknown
[2026-05-22 01:18:53] [INFO] [ShopBot] 货架处理完成，共购买 0 个物品
[2026-05-22 01:18:53] [INFO] [ShopBot] 第 0 次查看，购买 0 个物品
[2026-05-22 01:18:53] [INFO] [ShopBot] 滑动 (800, 400) -> (800, 150), 时长 0.3s
[2026-05-22 01:18:55] [DEBUG] [ShopBot] 整区 OCR 检测到 30 个文字块，4 行
[2026-05-22 01:18:55] [INFO] [ShopBot] 物品 0 (y=154-259): '英雄樵夫鲍特奈汉库伊可购买1次' → unknown (conf=0.00), 价格 29000, 货币 gold, 购买按钮 @ (1192, 206)
[2026-05-22 01:18:55] [INFO] [ShopBot] 物品 1 (y=313-405): '英雄冷血神射手奈汉库伊可购买1次' → unknown (conf=0.00), 价格 29000, 货币 gold, 购买按钮 @ (1192, 359)
[2026-05-22 01:18:55] [INFO] [ShopBot] 物品 2 (y=456-550): '70装备泰拉头盔商人亚彼荷可购买1次' → equipment (conf=0.70), 价格 380000, 货币 gold, 购买按钮 @ (1192, 503)
[2026-05-22 01:18:55] [INFO] [ShopBot] 物品 3 (y=599-705): '货币友情点数诺诺里50可购买1次' → unknown (conf=0.00), 价格 18000, 货币 gold, 购买按钮 @ (1192, 652)
[2026-05-22 01:18:55] [INFO] [ShopBot] 跳过物品: unknown
[2026-05-22 01:18:55] [INFO] [ShopBot] 跳过物品: unknown
[2026-05-22 01:18:55] [INFO] [ShopBot] 跳过物品: equipment
[2026-05-22 01:18:55] [INFO] [ShopBot] 跳过物品: unknown
[2026-05-22 01:18:55] [INFO] [ShopBot] 货架处理完成，共购买 0 个物品
[2026-05-22 01:18:55] [INFO] [ShopBot] 第 1 次查看，购买 0 个物品
[2026-05-22 01:18:55] [INFO] [ShopBot] 滑动 (800, 400) -> (800, 150), 时长 0.3s
[2026-05-22 01:18:57] [DEBUG] [ShopBot] 整区 OCR 检测到 30 个文字块，4 行
[2026-05-22 01:18:57] [INFO] [ShopBot] 物品 0 (y=154-259): '英雄樵夫鲍特奈汉库伊可购买1次' → unknown (conf=0.00), 价格 29000, 货币 gold, 购买按钮 @ (1192, 206)
[2026-05-22 01:18:57] [INFO] [ShopBot] 物品 1 (y=313-405): '英雄冷血神射手奈汉库伊可购买1次' → unknown (conf=0.00), 价格 29000, 货币 gold, 购买按钮 @ (1192, 359)
[2026-05-22 01:18:57] [INFO] [ShopBot] 物品 2 (y=456-550): '70装备泰拉头盔商人亚彼荷可购买1次' → equipment (conf=0.70), 价格 380000, 货币 gold, 购买按钮 @ (1192, 503)
[2026-05-22 01:18:57] [INFO] [ShopBot] 物品 3 (y=601-705): '货币友情点数诺诺里50可购买1次' → unknown (conf=0.00), 价格 18000, 货币 gold, 购买按钮 @ (1192, 653)
[2026-05-22 01:18:57] [INFO] [ShopBot] 已到达货架底部（第 2 次滑动后，识别结果无变化）
[2026-05-22 01:18:57] [INFO] [ShopBot] 点击刷新按钮 (268, 659)
[2026-05-22 01:18:57] [INFO] [ShopBot] 点击坐标 (268, 659)
[2026-05-22 01:18:58] [INFO] [ShopBot] 点击刷新确认 @ (748, 460)
[2026-05-22 01:18:58] [INFO] [ShopBot] 点击坐标 (748, 460)
[2026-05-22 01:18:58] [INFO] [ShopBot] 等待货架加载...
[2026-05-22 01:18:59] [INFO] [ShopBot] ===== 第 17 轮 =====
[2026-05-22 01:18:59] [INFO] [ShopBot] 滑动到货架顶部...
[2026-05-22 01:18:59] [INFO] [ShopBot] 滑动 (800, 150) -> (800, 400), 时长 0.3s
[2026-05-22 01:19:01] [DEBUG] [ShopBot] 整区 OCR 检测到 30 个文字块，5 行
[2026-05-22 01:19:01] [INFO] [ShopBot] 物品 0 (y=119-211): '55装备灿烂精髓鞋子商人亚彼荷可购买1次' → equipment (conf=0.70), 价格 360000, 货币 gold, 购买按钮 @ (1192, 165)
[2026-05-22 01:19:01] [INFO] [ShopBot] 物品 1 (y=263-356): '货币友情点数诺诺里50可购买1次' → unknown (conf=0.00), 价格 18000, 货币 gold, 购买按钮 @ (1192, 309)
[2026-05-22 01:19:01] [INFO] [ShopBot] 物品 2 (y=408-501): '装备蜘蛛君主的挂饰可购买1次' → equipment (conf=0.70), 价格 560000, 货币 gold, 购买按钮 @ (1192, 454)
[2026-05-22 01:19:01] [INFO] [ShopBot] 物品 3 (y=553-646): '70装备不祥的恶魔之双刃剑商人亚彼荷可购买1次' → equipment (conf=0.70), 价格 380000, 货币 gold, 购买按钮 @ (1192, 599)
[2026-05-22 01:19:01] [INFO] [ShopBot] 物品 4 (y=647-705): '' → unknown (conf=0.00), 价格 0, 货币 gold, 购买按钮 @ (1192, 676)
[2026-05-22 01:19:01] [INFO] [ShopBot] 跳过物品: equipment
[2026-05-22 01:19:01] [INFO] [ShopBot] 跳过物品: unknown
[2026-05-22 01:19:01] [INFO] [ShopBot] 跳过物品: equipment
[2026-05-22 01:19:01] [INFO] [ShopBot] 跳过物品: equipment
[2026-05-22 01:19:01] [INFO] [ShopBot] 跳过物品: unknown
[2026-05-22 01:19:01] [INFO] [ShopBot] 货架处理完成，共购买 0 个物品
[2026-05-22 01:19:01] [INFO] [ShopBot] 第 0 次查看，购买 0 个物品
[2026-05-22 01:19:01] [INFO] [ShopBot] 滑动 (800, 400) -> (800, 150), 时长 0.3s
[2026-05-22 01:19:03] [DEBUG] [ShopBot] 整区 OCR 检测到 36 个文字块，5 行
[2026-05-22 01:19:03] [INFO] [ShopBot] 物品 0 (y=80-130): '发情点数50可购买1次' → unknown (conf=0.00), 价格 0, 货币 gold, 购买按钮 @ (1192, 105)
[2026-05-22 01:19:03] [INFO] [ShopBot] 物品 1 (y=182-275): '装备蜘蛛君主的挂饰妮萨可购买1次' → equipment (conf=0.70), 价格 560000, 货币 gold, 购买按钮 @ (1192, 228)
[2026-05-22 01:19:03] [INFO] [ShopBot] 物品 2 (y=327-420): '70装备不祥的恶魔之双刃剑商人亚彼荷可购买1次' → equipment (conf=0.70), 价格 380000, 货币 gold, 购买按钮 @ (1192, 373)
[2026-05-22 01:19:03] [INFO] [ShopBot] 物品 3 (y=473-565): '英雄火焰纽洛普奈汉库伊可购买1次' → unknown (conf=0.00), 价格 29000, 货币 gold, 购买按钮 @ (1192, 519)
[2026-05-22 01:19:03] [INFO] [ShopBot] 物品 4 (y=601-705): '85装备深渊龙兽骨刃剑商亚彼荷可购买1次' → equipment (conf=0.70), 价格 540000, 货币 gold, 购买按钮 @ (1192, 653)
[2026-05-22 01:19:03] [INFO] [ShopBot] 跳过物品: unknown
[2026-05-22 01:19:03] [INFO] [ShopBot] 跳过物品: equipment
[2026-05-22 01:19:03] [INFO] [ShopBot] 跳过物品: equipment
[2026-05-22 01:19:03] [INFO] [ShopBot] 跳过物品: unknown
[2026-05-22 01:19:03] [INFO] [ShopBot] 跳过物品: equipment
[2026-05-22 01:19:03] [INFO] [ShopBot] 货架处理完成，共购买 0 个物品
[2026-05-22 01:19:03] [INFO] [ShopBot] 第 1 次查看，购买 0 个物品
[2026-05-22 01:19:03] [INFO] [ShopBot] 滑动 (800, 400) -> (800, 150), 时长 0.3s
[2026-05-22 01:19:06] [DEBUG] [ShopBot] 整区 OCR 检测到 31 个文字块，4 行
[2026-05-22 01:19:06] [INFO] [ShopBot] 物品 0 (y=154-260): '70装备蜘蛛君主的挂饰妮萨可购买1次' → equipment (conf=0.70), 价格 560000, 货币 gold, 购买按钮 @ (1192, 207)
[2026-05-22 01:19:06] [INFO] [ShopBot] 物品 1 (y=311-405): '70装备不祥的恶魔之双刃剑商人亚彼荷可购买1次' → equipment (conf=0.70), 价格 380000, 货币 gold, 购买按钮 @ (1192, 358)
[2026-05-22 01:19:06] [INFO] [ShopBot] 物品 2 (y=457-550): '英雄火焰纽洛普奈汉库伊可购买1次' → unknown (conf=0.00), 价格 29000, 货币 gold, 购买按钮 @ (1192, 503)
[2026-05-22 01:19:06] [INFO] [ShopBot] 物品 3 (y=600-705): '85装备深渊龙兽骨刃剑商人亚彼荷可购买1次' → equipment (conf=0.70), 价格 540000, 货币 gold, 购买按钮 @ (1192, 652)
[2026-05-22 01:19:06] [INFO] [ShopBot] 跳过物品: equipment
[2026-05-22 01:19:06] [INFO] [ShopBot] 跳过物品: equipment
[2026-05-22 01:19:06] [INFO] [ShopBot] 跳过物品: unknown
[2026-05-22 01:19:06] [INFO] [ShopBot] 跳过物品: equipment
[2026-05-22 01:19:06] [INFO] [ShopBot] 货架处理完成，共购买 0 个物品
[2026-05-22 01:19:06] [INFO] [ShopBot] 第 2 次查看，购买 0 个物品
[2026-05-22 01:19:06] [INFO] [ShopBot] 滑动 (800, 400) -> (800, 150), 时长 0.3s
[2026-05-22 01:19:08] [DEBUG] [ShopBot] 整区 OCR 检测到 31 个文字块，4 行
[2026-05-22 01:19:08] [INFO] [ShopBot] 物品 0 (y=154-260): '70装备蜘蛛君主的挂饰妮萨可购买1次' → equipment (conf=0.70), 价格 560000, 货币 gold, 购买按钮 @ (1192, 207)
[2026-05-22 01:19:08] [INFO] [ShopBot] 物品 1 (y=311-405): '70装备不祥的恶魔之双刃剑商人亚彼荷可购买1次' → equipment (conf=0.70), 价格 380000, 货币 gold, 购买按钮 @ (1192, 358)
[2026-05-22 01:19:08] [INFO] [ShopBot] 物品 2 (y=457-550): '英雄火焰纽洛普奈汉库伊可购买1次' → unknown (conf=0.00), 价格 29000, 货币 gold, 购买按钮 @ (1192, 503)
[2026-05-22 01:19:08] [INFO] [ShopBot] 物品 3 (y=601-705): '85装备深渊龙兽骨刃剑商人亚彼荷可购买1次' → equipment (conf=0.70), 价格 540000, 货币 gold, 购买按钮 @ (1192, 653)
[2026-05-22 01:19:08] [INFO] [ShopBot] 已到达货架底部（第 3 次滑动后，识别结果无变化）
[2026-05-22 01:19:08] [INFO] [ShopBot] 点击刷新按钮 (268, 659)
[2026-05-22 01:19:08] [INFO] [ShopBot] 点击坐标 (268, 659)
[2026-05-22 01:19:09] [INFO] [ShopBot] 点击刷新确认 @ (748, 460)
[2026-05-22 01:19:09] [INFO] [ShopBot] 点击坐标 (748, 460)
[2026-05-22 01:19:09] [INFO] [ShopBot] 等待货架加载...
[2026-05-22 01:19:10] [INFO] [ShopBot] ===== 第 18 轮 =====
[2026-05-22 01:19:10] [INFO] [ShopBot] 滑动到货架顶部...
[2026-05-22 01:19:10] [INFO] [ShopBot] 滑动 (800, 150) -> (800, 400), 时长 0.3s
[2026-05-22 01:19:12] [DEBUG] [ShopBot] 整区 OCR 检测到 31 个文字块，4 行
[2026-05-22 01:19:12] [INFO] [ShopBot] 物品 0 (y=125-216): '英雄侦察兵拉宾奈汉库伊可购买1次' → unknown (conf=0.00), 价格 29000, 货币 gold, 购买按钮 @ (1192, 170)
[2026-05-22 01:19:12] [INFO] [ShopBot] 物品 1 (y=268-362): '55装备奥利哈钢重甲商人亚彼荷可购买1次' → equipment (conf=0.70), 价格 240000, 货币 gold, 购买按钮 @ (1192, 315)
[2026-05-22 01:19:12] [INFO] [ShopBot] 物品 2 (y=413-507): '装备55奥利哈钢重甲商人亚彼荷可购买1次' → equipment (conf=0.70), 价格 360000, 货币 gold, 购买按钮 @ (1192, 460)
[2026-05-22 01:19:12] [INFO] [ShopBot] 物品 3 (y=558-705): '货币友情点数诺诺里50可购买1次' → unknown (conf=0.00), 价格 18000, 货币 gold, 购买按钮 @ (1192, 631)
[2026-05-22 01:19:12] [INFO] [ShopBot] 跳过物品: unknown
[2026-05-22 01:19:12] [INFO] [ShopBot] 跳过物品: equipment
[2026-05-22 01:19:12] [INFO] [ShopBot] 跳过物品: equipment
[2026-05-22 01:19:12] [INFO] [ShopBot] 跳过物品: unknown
[2026-05-22 01:19:12] [INFO] [ShopBot] 货架处理完成，共购买 0 个物品
[2026-05-22 01:19:12] [INFO] [ShopBot] 第 0 次查看，购买 0 个物品
[2026-05-22 01:19:12] [INFO] [ShopBot] 滑动 (800, 400) -> (800, 150), 时长 0.3s
[2026-05-22 01:19:14] [DEBUG] [ShopBot] 整区 OCR 检测到 30 个文字块，4 行
[2026-05-22 01:19:14] [INFO] [ShopBot] 物品 0 (y=154-260): '55装备奥利哈钢重甲商人亚彼荷可购买1次' → equipment (conf=0.70), 价格 360000, 货币 gold, 购买按钮 @ (1192, 207)
[2026-05-22 01:19:14] [INFO] [ShopBot] 物品 1 (y=311-405): '货币友情点数诺诺里50可购买1次' → unknown (conf=0.00), 价格 18000, 货币 gold, 购买按钮 @ (1192, 358)
[2026-05-22 01:19:14] [INFO] [ShopBot] 物品 2 (y=457-550): '英雄绿林狮鹫奈汉库伊可购买1次' → unknown (conf=0.00), 价格 29000, 货币 gold, 购买按钮 @ (1192, 503)
[2026-05-22 01:19:14] [INFO] [ShopBot] 物品 3 (y=597-705): '装备破灭精髓长袍商人亚彼荷可购买1次' → equipment (conf=0.70), 价格 380000, 货币 gold, 购买按钮 @ (1192, 651)
[2026-05-22 01:19:14] [INFO] [ShopBot] 跳过物品: equipment
[2026-05-22 01:19:14] [INFO] [ShopBot] 跳过物品: unknown
[2026-05-22 01:19:14] [INFO] [ShopBot] 跳过物品: unknown
[2026-05-22 01:19:14] [INFO] [ShopBot] 跳过物品: equipment
[2026-05-22 01:19:14] [INFO] [ShopBot] 货架处理完成，共购买 0 个物品
[2026-05-22 01:19:14] [INFO] [ShopBot] 第 1 次查看，购买 0 个物品
[2026-05-22 01:19:14] [INFO] [ShopBot] 滑动 (800, 400) -> (800, 150), 时长 0.3s
[2026-05-22 01:19:16] [DEBUG] [ShopBot] 整区 OCR 检测到 30 个文字块，4 行
[2026-05-22 01:19:16] [INFO] [ShopBot] 物品 0 (y=154-260): '55装备奥利哈钢重甲商人亚彼荷可购买1次' → equipment (conf=0.70), 价格 360000, 货币 gold, 购买按钮 @ (1192, 207)
[2026-05-22 01:19:16] [INFO] [ShopBot] 物品 1 (y=311-405): '货币友情点数诺诺里50可购买1次' → unknown (conf=0.00), 价格 18000, 货币 gold, 购买按钮 @ (1192, 358)
[2026-05-22 01:19:16] [INFO] [ShopBot] 物品 2 (y=457-550): '英雄绿林狮鹫奈汉库伊可购买1次' → unknown (conf=0.00), 价格 29000, 货币 gold, 购买按钮 @ (1192, 503)
[2026-05-22 01:19:16] [INFO] [ShopBot] 物品 3 (y=601-705): '装备破灭精髓长袍商人亚彼荷可购买1次' → equipment (conf=0.70), 价格 380000, 货币 gold, 购买按钮 @ (1192, 653)
[2026-05-22 01:19:16] [INFO] [ShopBot] 已到达货架底部（第 2 次滑动后，识别结果无变化）
[2026-05-22 01:19:16] [INFO] [ShopBot] 点击刷新按钮 (268, 659)
[2026-05-22 01:19:16] [INFO] [ShopBot] 点击坐标 (268, 659)
[2026-05-22 01:19:16] [INFO] [ShopBot] 点击刷新确认 @ (748, 460)
[2026-05-22 01:19:16] [INFO] [ShopBot] 点击坐标 (748, 460)
[2026-05-22 01:19:16] [INFO] [ShopBot] 等待货架加载...
[2026-05-22 01:19:17] [INFO] [ShopBot] ===== 第 19 轮 =====
[2026-05-22 01:19:17] [INFO] [ShopBot] 滑动到货架顶部...
[2026-05-22 01:19:17] [INFO] [ShopBot] 滑动 (800, 150) -> (800, 400), 时长 0.3s
[2026-05-22 01:19:19] [DEBUG] [ShopBot] 整区 OCR 检测到 30 个文字块，4 行
[2026-05-22 01:19:19] [INFO] [ShopBot] 物品 0 (y=123-214): '70装备钻石项链妮萨可购买1次' → equipment (conf=0.70), 价格 560000, 货币 gold, 购买按钮 @ (1192, 168)
[2026-05-22 01:19:19] [INFO] [ShopBot] 物品 1 (y=267-359): '英雄雪原陆龟奈汉库伊可购买1次' → unknown (conf=0.00), 价格 29000, 货币 gold, 购买按钮 @ (1192, 313)
[2026-05-22 01:19:19] [INFO] [ShopBot] 物品 2 (y=411-505): '装备破灭精髓宝珠商人亚彼荷可购买1次' → equipment (conf=0.70), 价格 750000, 货币 gold, 购买按钮 @ (1192, 458)
[2026-05-22 01:19:19] [INFO] [ShopBot] 物品 3 (y=556-705): '装备55啤叫龙兽皮甲商人亚彼荷可购买1次' → equipment (conf=0.70), 价格 240000, 货币 gold, 购买按钮 @ (1192, 630)
[2026-05-22 01:19:19] [INFO] [ShopBot] 跳过物品: equipment
[2026-05-22 01:19:19] [INFO] [ShopBot] 跳过物品: unknown
[2026-05-22 01:19:19] [INFO] [ShopBot] 跳过物品: equipment
[2026-05-22 01:19:19] [INFO] [ShopBot] 跳过物品: equipment
[2026-05-22 01:19:19] [INFO] [ShopBot] 货架处理完成，共购买 0 个物品
[2026-05-22 01:19:19] [INFO] [ShopBot] 第 0 次查看，购买 0 个物品
[2026-05-22 01:19:19] [INFO] [ShopBot] 滑动 (800, 400) -> (800, 150), 时长 0.3s
[2026-05-22 01:19:21] [DEBUG] [ShopBot] 整区 OCR 检测到 30 个文字块，4 行
[2026-05-22 01:19:21] [INFO] [ShopBot] 物品 0 (y=154-260): '装备破灭精髓宝珠商人亚彼荷可购买1次' → equipment (conf=0.70), 价格 750000, 货币 gold, 购买按钮 @ (1192, 207)
[2026-05-22 01:19:21] [INFO] [ShopBot] 物品 1 (y=311-405): '55装备啤叫龙兽皮甲商人亚彼荷可购买1次' → equipment (conf=0.70), 价格 240000, 货币 gold, 购买按钮 @ (1192, 358)
[2026-05-22 01:19:21] [INFO] [ShopBot] 物品 2 (y=456-550): '55装备灿烂精髓王冠商人亚彼荷可购买1次' → equipment (conf=0.70), 价格 240000, 货币 gold, 购买按钮 @ (1192, 503)
[2026-05-22 01:19:21] [INFO] [ShopBot] 物品 3 (y=599-705): '英雄黑暗碎片奈汉库伊可购买1次' → unknown (conf=0.00), 价格 29000, 货币 gold, 购买按钮 @ (1192, 652)
[2026-05-22 01:19:21] [INFO] [ShopBot] 跳过物品: equipment
[2026-05-22 01:19:21] [INFO] [ShopBot] 跳过物品: equipment
[2026-05-22 01:19:21] [INFO] [ShopBot] 跳过物品: equipment
[2026-05-22 01:19:21] [INFO] [ShopBot] 跳过物品: unknown
[2026-05-22 01:19:21] [INFO] [ShopBot] 货架处理完成，共购买 0 个物品
[2026-05-22 01:19:21] [INFO] [ShopBot] 第 1 次查看，购买 0 个物品
[2026-05-22 01:19:21] [INFO] [ShopBot] 滑动 (800, 400) -> (800, 150), 时长 0.3s
[2026-05-22 01:19:24] [DEBUG] [ShopBot] 整区 OCR 检测到 30 个文字块，4 行
[2026-05-22 01:19:24] [INFO] [ShopBot] 物品 0 (y=154-260): '装备破灭精髓宝珠商人亚彼荷可购买1次' → equipment (conf=0.70), 价格 750000, 货币 gold, 购买按钮 @ (1192, 207)
[2026-05-22 01:19:24] [INFO] [ShopBot] 物品 1 (y=311-405): '55装备啤叫龙兽皮甲商人亚彼荷可购买1次' → equipment (conf=0.70), 价格 240000, 货币 gold, 购买按钮 @ (1192, 358)
[2026-05-22 01:19:24] [INFO] [ShopBot] 物品 2 (y=456-550): '55装备灿烂精髓王冠商人亚彼荷可购买1次' → equipment (conf=0.70), 价格 240000, 货币 gold, 购买按钮 @ (1192, 503)
[2026-05-22 01:19:24] [INFO] [ShopBot] 物品 3 (y=602-705): '英雄黑暗碎片奈汉库伊可购买1次' → unknown (conf=0.00), 价格 29000, 货币 gold, 购买按钮 @ (1192, 653)
[2026-05-22 01:19:24] [INFO] [ShopBot] 已到达货架底部（第 2 次滑动后，识别结果无变化）
[2026-05-22 01:19:24] [INFO] [ShopBot] 点击刷新按钮 (268, 659)
[2026-05-22 01:19:24] [INFO] [ShopBot] 点击坐标 (268, 659)
[2026-05-22 01:19:24] [INFO] [ShopBot] 点击刷新确认 @ (748, 460)
[2026-05-22 01:19:24] [INFO] [ShopBot] 点击坐标 (748, 460)
[2026-05-22 01:19:24] [INFO] [ShopBot] 等待货架加载...
[2026-05-22 01:19:25] [INFO] [ShopBot] ===== 第 20 轮 =====
[2026-05-22 01:19:25] [INFO] [ShopBot] 滑动到货架顶部...
[2026-05-22 01:19:25] [INFO] [ShopBot] 滑动 (800, 150) -> (800, 400), 时长 0.3s
[2026-05-22 01:19:27] [DEBUG] [ShopBot] 整区 OCR 检测到 32 个文字块，5 行
[2026-05-22 01:19:27] [INFO] [ShopBot] 物品 0 (y=116-208): '装备55啤叫龙兽皮甲商人亚彼荷可购买1次' → equipment (conf=0.70), 价格 240000, 货币 gold, 购买按钮 @ (1192, 162)
[2026-05-22 01:19:27] [INFO] [ShopBot] 物品 1 (y=259-353): '55装备啤叫龙兽骨刃剑商人亚彼荷可购买1次' → equipment (conf=0.70), 价格 360000, 货币 gold, 购买按钮 @ (1192, 306)
[2026-05-22 01:19:27] [INFO] [ShopBot] 物品 2 (y=404-498): '70装备破灭精髓宝珠商人亚彼荷可购买1次' → equipment (conf=0.70), 价格 380000, 货币 gold, 购买按钮 @ (1192, 451)
[2026-05-22 01:19:27] [INFO] [ShopBot] 物品 3 (y=549-643): '货币友情点数诺诺里50可购买1次' → unknown (conf=0.00), 价格 18000, 货币 gold, 购买按钮 @ (1192, 596)
[2026-05-22 01:19:27] [INFO] [ShopBot] 物品 4 (y=645-705): '' → unknown (conf=0.00), 价格 0, 货币 gold, 购买按钮 @ (1192, 675)
[2026-05-22 01:19:27] [INFO] [ShopBot] 跳过物品: equipment
[2026-05-22 01:19:27] [INFO] [ShopBot] 跳过物品: equipment
[2026-05-22 01:19:27] [INFO] [ShopBot] 跳过物品: equipment
[2026-05-22 01:19:27] [INFO] [ShopBot] 跳过物品: unknown
[2026-05-22 01:19:27] [INFO] [ShopBot] 跳过物品: unknown
[2026-05-22 01:19:27] [INFO] [ShopBot] 货架处理完成，共购买 0 个物品
[2026-05-22 01:19:27] [INFO] [ShopBot] 第 0 次查看，购买 0 个物品
[2026-05-22 01:19:27] [INFO] [ShopBot] 滑动 (800, 400) -> (800, 150), 时长 0.3s
[2026-05-22 01:19:30] [DEBUG] [ShopBot] 整区 OCR 检测到 30 个文字块，4 行
[2026-05-22 01:19:30] [INFO] [ShopBot] 物品 0 (y=154-260): '70装备破灭精髓宝珠商人亚彼荷可购买1次' → equipment (conf=0.70), 价格 380000, 货币 gold, 购买按钮 @ (1192, 207)
[2026-05-22 01:19:30] [INFO] [ShopBot] 物品 1 (y=311-405): '货币友情点数诺诺里50可购买1次' → unknown (conf=0.00), 价格 18000, 货币 gold, 购买按钮 @ (1192, 358)
[2026-05-22 01:19:30] [INFO] [ShopBot] 物品 2 (y=456-550): '85装备被诅咒的恶魔项链可购买1次' → equipment (conf=0.70), 价格 540000, 货币 gold, 购买按钮 @ (1192, 503)
[2026-05-22 01:19:30] [INFO] [ShopBot] 物品 3 (y=599-705): '装备魔力龙兽面具商人亚彼荷可购买1次' → equipment (conf=0.70), 价格 380000, 货币 gold, 购买按钮 @ (1192, 652)
[2026-05-22 01:19:30] [INFO] [ShopBot] 跳过物品: equipment
[2026-05-22 01:19:30] [INFO] [ShopBot] 跳过物品: unknown
[2026-05-22 01:19:30] [INFO] [ShopBot] 跳过物品: equipment
[2026-05-22 01:19:30] [INFO] [ShopBot] 跳过物品: equipment
[2026-05-22 01:19:30] [INFO] [ShopBot] 货架处理完成，共购买 0 个物品
[2026-05-22 01:19:30] [INFO] [ShopBot] 第 1 次查看，购买 0 个物品
[2026-05-22 01:19:30] [INFO] [ShopBot] 滑动 (800, 400) -> (800, 150), 时长 0.3s
[2026-05-22 01:19:32] [DEBUG] [ShopBot] 整区 OCR 检测到 30 个文字块，4 行
[2026-05-22 01:19:32] [INFO] [ShopBot] 物品 0 (y=154-260): '70装备破灭精髓宝珠商人亚彼荷可购买1次' → equipment (conf=0.70), 价格 380000, 货币 gold, 购买按钮 @ (1192, 207)
[2026-05-22 01:19:32] [INFO] [ShopBot] 物品 1 (y=311-405): '货币友情点数诺诺里50可购买1次' → unknown (conf=0.00), 价格 18000, 货币 gold, 购买按钮 @ (1192, 358)
[2026-05-22 01:19:32] [INFO] [ShopBot] 物品 2 (y=456-550): '85装备被诅咒的恶魔项链可购买1次' → equipment (conf=0.70), 价格 540000, 货币 gold, 购买按钮 @ (1192, 503)
[2026-05-22 01:19:32] [INFO] [ShopBot] 物品 3 (y=601-705): '装备魔力龙兽面具商人亚彼荷可购买1次' → equipment (conf=0.70), 价格 380000, 货币 gold, 购买按钮 @ (1192, 653)
[2026-05-22 01:19:32] [INFO] [ShopBot] 已到达货架底部（第 2 次滑动后，识别结果无变化）
[2026-05-22 01:19:32] [INFO] [ShopBot] 点击刷新按钮 (268, 659)
[2026-05-22 01:19:32] [INFO] [ShopBot] 点击坐标 (268, 659)
[2026-05-22 01:19:32] [INFO] [ShopBot] 点击刷新确认 @ (748, 460)
[2026-05-22 01:19:32] [INFO] [ShopBot] 点击坐标 (748, 460)
[2026-05-22 01:19:33] [INFO] [ShopBot] 等待货架加载...
[2026-05-22 01:19:34] [INFO] [ShopBot] ===== 第 21 轮 =====
[2026-05-22 01:19:34] [INFO] [ShopBot] 滑动到货架顶部...
[2026-05-22 01:19:34] [INFO] [ShopBot] 滑动 (800, 150) -> (800, 400), 时长 0.3s
[2026-05-22 01:19:35] [DEBUG] [ShopBot] 整区 OCR 检测到 29 个文字块，5 行
[2026-05-22 01:19:35] [INFO] [ShopBot] 物品 0 (y=120-211): '英雄红玉阿伊莎奈汉库伊可购买1次' → unknown (conf=0.00), 价格 29000, 货币 gold, 购买按钮 @ (1192, 165)
[2026-05-22 01:19:35] [INFO] [ShopBot] 物品 1 (y=264-356): '英雄浪云风兽奈汉库伊可购买1次' → unknown (conf=0.00), 价格 29000, 货币 gold, 购买按钮 @ (1192, 310)
[2026-05-22 01:19:35] [INFO] [ShopBot] 物品 2 (y=408-502): '70装备冰霜脚爪项链可购买1次' → equipment (conf=0.70), 价格 560000, 货币 gold, 购买按钮 @ (1192, 455)
[2026-05-22 01:19:35] [INFO] [ShopBot] 物品 3 (y=553-647): '货币友情点数诺诺里50可购买1次' → unknown (conf=0.00), 价格 18000, 货币 gold, 购买按钮 @ (1192, 600)
[2026-05-22 01:19:35] [INFO] [ShopBot] 物品 4 (y=648-705): '' → unknown (conf=0.00), 价格 0, 货币 gold, 购买按钮 @ (1192, 676)
[2026-05-22 01:19:35] [INFO] [ShopBot] 跳过物品: unknown
[2026-05-22 01:19:35] [INFO] [ShopBot] 跳过物品: unknown
[2026-05-22 01:19:35] [INFO] [ShopBot] 跳过物品: equipment
[2026-05-22 01:19:35] [INFO] [ShopBot] 跳过物品: unknown
[2026-05-22 01:19:35] [INFO] [ShopBot] 跳过物品: unknown
[2026-05-22 01:19:35] [INFO] [ShopBot] 货架处理完成，共购买 0 个物品
[2026-05-22 01:19:35] [INFO] [ShopBot] 第 0 次查看，购买 0 个物品
[2026-05-22 01:19:35] [INFO] [ShopBot] 滑动 (800, 400) -> (800, 150), 时长 0.3s
[2026-05-22 01:19:38] [DEBUG] [ShopBot] 整区 OCR 检测到 31 个文字块，4 行
[2026-05-22 01:19:38] [INFO] [ShopBot] 物品 0 (y=154-260): '70装备冰霜脚爪项链妮萨可购买1次' → equipment (conf=0.70), 价格 560000, 货币 gold, 购买按钮 @ (1192, 207)
[2026-05-22 01:19:38] [INFO] [ShopBot] 物品 1 (y=311-405): '货币友情点数诺诺里50可购买1次' → unknown (conf=0.00), 价格 18000, 货币 gold, 购买按钮 @ (1192, 358)
[2026-05-22 01:19:38] [INFO] [ShopBot] 物品 2 (y=457-550): '英雄漆黑陆龟奈汉库伊可购买1次' → unknown (conf=0.00), 价格 29000, 货币 gold, 购买按钮 @ (1192, 503)
[2026-05-22 01:19:38] [INFO] [ShopBot] 物品 3 (y=601-705): '85装备不屈的蜘蛛英雄头盔商人亚彼荷可购买1次' → equipment (conf=0.70), 价格 810000, 货币 gold, 购买按钮 @ (1192, 653)
[2026-05-22 01:19:38] [INFO] [ShopBot] 跳过物品: equipment
[2026-05-22 01:19:38] [INFO] [ShopBot] 跳过物品: unknown
[2026-05-22 01:19:38] [INFO] [ShopBot] 跳过物品: unknown
[2026-05-22 01:19:38] [INFO] [ShopBot] 跳过物品: equipment
[2026-05-22 01:19:38] [INFO] [ShopBot] 货架处理完成，共购买 0 个物品
[2026-05-22 01:19:38] [INFO] [ShopBot] 第 1 次查看，购买 0 个物品
[2026-05-22 01:19:38] [INFO] [ShopBot] 滑动 (800, 400) -> (800, 150), 时长 0.3s
[2026-05-22 01:19:40] [DEBUG] [ShopBot] 整区 OCR 检测到 31 个文字块，4 行
[2026-05-22 01:19:40] [INFO] [ShopBot] 物品 0 (y=154-260): '70装备冰霜脚爪项链妮萨可购买1次' → equipment (conf=0.70), 价格 560000, 货币 gold, 购买按钮 @ (1192, 207)
[2026-05-22 01:19:40] [INFO] [ShopBot] 物品 1 (y=311-405): '货币友情点数诺诺里50可购买1次' → unknown (conf=0.00), 价格 18000, 货币 gold, 购买按钮 @ (1192, 358)
[2026-05-22 01:19:40] [INFO] [ShopBot] 物品 2 (y=457-550): '英雄漆黑陆龟奈汉库伊可购买1次' → unknown (conf=0.00), 价格 29000, 货币 gold, 购买按钮 @ (1192, 503)
[2026-05-22 01:19:40] [INFO] [ShopBot] 物品 3 (y=601-705): '85装备不屈的蜘蛛英雄头盔商人亚彼荷可购买1次' → equipment (conf=0.70), 价格 810000, 货币 gold, 购买按钮 @ (1192, 653)
[2026-05-22 01:19:40] [INFO] [ShopBot] 已到达货架底部（第 2 次滑动后，识别结果无变化）
[2026-05-22 01:19:40] [INFO] [ShopBot] 点击刷新按钮 (268, 659)
[2026-05-22 01:19:40] [INFO] [ShopBot] 点击坐标 (268, 659)
[2026-05-22 01:19:40] [INFO] [ShopBot] 点击刷新确认 @ (748, 460)
[2026-05-22 01:19:40] [INFO] [ShopBot] 点击坐标 (748, 460)
[2026-05-22 01:19:40] [INFO] [ShopBot] 等待货架加载...
[2026-05-22 01:19:41] [INFO] [ShopBot] ===== 第 22 轮 =====
[2026-05-22 01:19:41] [INFO] [ShopBot] 滑动到货架顶部...
[2026-05-22 01:19:41] [INFO] [ShopBot] 滑动 (800, 150) -> (800, 400), 时长 0.3s
[2026-05-22 01:19:43] [DEBUG] [ShopBot] 整区 OCR 检测到 29 个文字块，5 行
[2026-05-22 01:19:43] [INFO] [ShopBot] 物品 0 (y=117-208): '装备70钻石戒指可购买1次' → equipment (conf=0.70), 价格 380000, 货币 gold, 购买按钮 @ (1192, 162)
[2026-05-22 01:19:43] [INFO] [ShopBot] 物品 1 (y=261-353): '英雄罗奇斯战斗君主奈汉库伊可购买1次' → unknown (conf=0.00), 价格 29000, 货币 gold, 购买按钮 @ (1192, 307)
[2026-05-22 01:19:43] [INFO] [ShopBot] 物品 2 (y=406-498): '英雄寒冰洛普拉奈汉库伊可购买1次' → unknown (conf=0.00), 价格 29000, 货币 gold, 购买按钮 @ (1192, 452)
[2026-05-22 01:19:43] [INFO] [ShopBot] 物品 3 (y=550-644): '55装备勇士的背甲靴子商人亚彼荷可购买1次' → equipment (conf=0.70), 价格 240000, 货币 gold, 购买按钮 @ (1192, 597)
[2026-05-22 01:19:43] [INFO] [ShopBot] 物品 4 (y=645-705): '' → unknown (conf=0.00), 价格 0, 货币 gold, 购买按钮 @ (1192, 675)
[2026-05-22 01:19:43] [INFO] [ShopBot] 跳过物品: equipment
[2026-05-22 01:19:43] [INFO] [ShopBot] 跳过物品: unknown
[2026-05-22 01:19:43] [INFO] [ShopBot] 跳过物品: unknown
[2026-05-22 01:19:43] [INFO] [ShopBot] 跳过物品: equipment
[2026-05-22 01:19:43] [INFO] [ShopBot] 跳过物品: unknown
[2026-05-22 01:19:43] [INFO] [ShopBot] 货架处理完成，共购买 0 个物品
[2026-05-22 01:19:43] [INFO] [ShopBot] 第 0 次查看，购买 0 个物品
[2026-05-22 01:19:43] [INFO] [ShopBot] 滑动 (800, 400) -> (800, 150), 时长 0.3s
[2026-05-22 01:19:45] [DEBUG] [ShopBot] 整区 OCR 检测到 31 个文字块，4 行
[2026-05-22 01:19:45] [INFO] [ShopBot] 物品 0 (y=154-259): '英雄寒冰洛普拉奈汉库伊可购买1次' → unknown (conf=0.00), 价格 29000, 货币 gold, 购买按钮 @ (1192, 206)
[2026-05-22 01:19:45] [INFO] [ShopBot] 物品 1 (y=311-405): '55装备勇士的背甲靴子商人亚彼荷可购买1次' → equipment (conf=0.70), 价格 240000, 货币 gold, 购买按钮 @ (1192, 358)
[2026-05-22 01:19:45] [INFO] [ShopBot] 物品 2 (y=456-550): '召唤神秘奖牌诺诺里50可购买1次' → mystic_medal (conf=0.90), 价格 280000, 货币 gold, 购买按钮 @ (1192, 503)
[2026-05-22 01:19:45] [INFO] [ShopBot] 物品 3 (y=601-705): '55装备奥利哈钢长剑商人亚彼荷可购买1次' → equipment (conf=0.70), 价格 240000, 货币 gold, 购买按钮 @ (1192, 653)
[2026-05-22 01:19:45] [INFO] [ShopBot] 跳过物品: unknown
[2026-05-22 01:19:45] [INFO] [ShopBot] 跳过物品: equipment
[2026-05-22 01:19:45] [INFO] [ShopBot] 开始购买: mystic_medal, 价格: 280000
[2026-05-22 01:19:45] [INFO] [ShopBot] 点击购买按钮 @ (1192, 503)
[2026-05-22 01:19:45] [INFO] [ShopBot] 点击坐标 (1192, 503)
[2026-05-22 01:19:47] [DEBUG] [ShopBot] 找到按钮 '购买' 在 (736, 552)
[2026-05-22 01:19:48] [DEBUG] [ShopBot] 找到按钮 '取消' 在 (481, 524)
[2026-05-22 01:19:49] [DEBUG] [ShopBot] 找到按钮 '购买' 在 (818, 524)
[2026-05-22 01:19:49] [INFO] [ShopBot] 检测到确认弹窗
[2026-05-22 01:19:49] [INFO] [ShopBot] 点击确认按钮 @ (818, 508)
[2026-05-22 01:19:49] [INFO] [ShopBot] 点击坐标 (818, 508)
[2026-05-22 01:19:51] [DEBUG] [ShopBot] 找到按钮 '购买' 在 (736, 552)
[2026-05-22 01:19:53] [DEBUG] [ShopBot] 找到按钮 '购买' 在 (736, 552)
[2026-05-22 01:19:53] [INFO] [ShopBot] 购买成功: mystic_medal
[2026-05-22 01:19:53] [INFO] [ShopBot] 购买结果 - mystic_medal: 成功
[2026-05-22 01:19:54] [INFO] [ShopBot] 跳过物品: equipment
[2026-05-22 01:19:54] [INFO] [ShopBot] 货架处理完成，共购买 1 个物品
[2026-05-22 01:19:54] [INFO] [ShopBot] 第 1 次查看，购买 1 个物品
[2026-05-22 01:19:54] [INFO] [ShopBot] 滑动 (800, 400) -> (800, 150), 时长 0.3s
[2026-05-22 01:19:56] [DEBUG] [ShopBot] 整区 OCR 检测到 31 个文字块，4 行
[2026-05-22 01:19:56] [INFO] [ShopBot] 物品 0 (y=154-259): '英雄寒冰洛普拉奈汉库伊可购买1次' → unknown (conf=0.00), 价格 29000, 货币 gold, 购买按钮 @ (1192, 206)
[2026-05-22 01:19:56] [INFO] [ShopBot] 物品 1 (y=311-405): '55装备勇士的背甲靴子商人亚彼荷可购买1次' → equipment (conf=0.70), 价格 240000, 货币 gold, 购买按钮 @ (1192, 358)
[2026-05-22 01:19:56] [INFO] [ShopBot] 物品 2 (y=461-549): '召唤神秘奖牌诺诺里50可购买1次' → mystic_medal (conf=0.90), 价格 280000, 货币 gold, 已售罄, 购买按钮 @ (1192, 505)
[2026-05-22 01:19:56] [INFO] [ShopBot] 物品 3 (y=601-705): '55装备奥利哈钢长剑商人亚彼荷可购买1次' → equipment (conf=0.70), 价格 240000, 货币 gold, 购买按钮 @ (1192, 653)
[2026-05-22 01:19:56] [INFO] [ShopBot] 已到达货架底部（第 2 次滑动后，识别结果无变化）
[2026-05-22 01:19:56] [INFO] [ShopBot] 点击刷新按钮 (268, 659)
[2026-05-22 01:19:56] [INFO] [ShopBot] 点击坐标 (268, 659)
[2026-05-22 01:19:57] [INFO] [ShopBot] 点击刷新确认 @ (748, 460)
[2026-05-22 01:19:57] [INFO] [ShopBot] 点击坐标 (748, 460)
[2026-05-22 01:19:57] [INFO] [ShopBot] 等待货架加载...
[2026-05-22 01:19:58] [INFO] [ShopBot] ===== 第 23 轮 =====
[2026-05-22 01:19:58] [INFO] [ShopBot] 滑动到货架顶部...
[2026-05-22 01:19:58] [INFO] [ShopBot] 滑动 (800, 150) -> (800, 400), 时长 0.3s
[2026-05-22 01:19:59] [DEBUG] [ShopBot] 整区 OCR 检测到 30 个文字块，4 行
[2026-05-22 01:19:59] [INFO] [ShopBot] 物品 0 (y=122-213): '英雄熔岩陆龟奈汉库伊可购买1次' → unknown (conf=0.00), 价格 29000, 货币 gold, 购买按钮 @ (1192, 167)
[2026-05-22 01:19:59] [INFO] [ShopBot] 物品 1 (y=265-359): '货币友情点数诺诺里50可购买1次' → unknown (conf=0.00), 价格 18000, 货币 gold, 购买按钮 @ (1192, 312)
[2026-05-22 01:19:59] [INFO] [ShopBot] 物品 2 (y=411-503): '英雄雪原陆龟奈汉库伊可购买1次' → unknown (conf=0.00), 价格 29000, 货币 gold, 购买按钮 @ (1192, 457)
[2026-05-22 01:19:59] [INFO] [ShopBot] 物品 3 (y=555-705): '装备55奥利哈钢手镯妮萨可购买1次' → equipment (conf=0.70), 价格 240000, 货币 gold, 购买按钮 @ (1192, 630)
[2026-05-22 01:19:59] [INFO] [ShopBot] 跳过物品: unknown
[2026-05-22 01:19:59] [INFO] [ShopBot] 跳过物品: unknown
[2026-05-22 01:19:59] [INFO] [ShopBot] 跳过物品: unknown
[2026-05-22 01:19:59] [INFO] [ShopBot] 跳过物品: equipment
[2026-05-22 01:19:59] [INFO] [ShopBot] 货架处理完成，共购买 0 个物品
[2026-05-22 01:19:59] [INFO] [ShopBot] 第 0 次查看，购买 0 个物品
[2026-05-22 01:19:59] [INFO] [ShopBot] 滑动 (800, 400) -> (800, 150), 时长 0.3s
[2026-05-22 01:20:01] [DEBUG] [ShopBot] 整区 OCR 检测到 28 个文字块，4 行
[2026-05-22 01:20:01] [INFO] [ShopBot] 物品 0 (y=154-259): '英雄雪原陆龟奈汉库伊可购买1次' → unknown (conf=0.00), 价格 29000, 货币 gold, 购买按钮 @ (1192, 206)
[2026-05-22 01:20:01] [INFO] [ShopBot] 物品 1 (y=311-405): '55装备奥利哈钢手镯可购买1次' → equipment (conf=0.70), 价格 240000, 货币 gold, 购买按钮 @ (1192, 358)
[2026-05-22 01:20:01] [INFO] [ShopBot] 物品 2 (y=457-550): '英雄战士玛伊堤奈汉库伊可购买1次' → unknown (conf=0.00), 价格 29000, 货币 gold, 购买按钮 @ (1192, 503)
[2026-05-22 01:20:01] [INFO] [ShopBot] 物品 3 (y=602-705): '英雄火焰普纽洛奈汉库伊可购买1次' → unknown (conf=0.00), 价格 29000, 货币 gold, 购买按钮 @ (1192, 653)
[2026-05-22 01:20:01] [INFO] [ShopBot] 跳过物品: unknown
[2026-05-22 01:20:01] [INFO] [ShopBot] 跳过物品: equipment
[2026-05-22 01:20:01] [INFO] [ShopBot] 跳过物品: unknown
[2026-05-22 01:20:01] [INFO] [ShopBot] 跳过物品: unknown
[2026-05-22 01:20:01] [INFO] [ShopBot] 货架处理完成，共购买 0 个物品
[2026-05-22 01:20:01] [INFO] [ShopBot] 第 1 次查看，购买 0 个物品
[2026-05-22 01:20:01] [INFO] [ShopBot] 滑动 (800, 400) -> (800, 150), 时长 0.3s
[2026-05-22 01:20:03] [DEBUG] [ShopBot] 整区 OCR 检测到 28 个文字块，4 行
[2026-05-22 01:20:03] [INFO] [ShopBot] 物品 0 (y=154-259): '英雄雪原陆龟奈汉库伊可购买1次' → unknown (conf=0.00), 价格 29000, 货币 gold, 购买按钮 @ (1192, 206)
[2026-05-22 01:20:03] [INFO] [ShopBot] 物品 1 (y=311-405): '55装备奥利哈钢手镯可购买1次' → equipment (conf=0.70), 价格 240000, 货币 gold, 购买按钮 @ (1192, 358)
[2026-05-22 01:20:03] [INFO] [ShopBot] 物品 2 (y=457-550): '英雄战士玛伊堤奈汉库伊可购买1次' → unknown (conf=0.00), 价格 29000, 货币 gold, 购买按钮 @ (1192, 503)
[2026-05-22 01:20:03] [INFO] [ShopBot] 物品 3 (y=602-705): '英雄火焰普纽洛奈汉库伊可购买1次' → unknown (conf=0.00), 价格 29000, 货币 gold, 购买按钮 @ (1192, 653)
[2026-05-22 01:20:03] [INFO] [ShopBot] 已到达货架底部（第 2 次滑动后，识别结果无变化）
[2026-05-22 01:20:03] [INFO] [ShopBot] 点击刷新按钮 (268, 659)
[2026-05-22 01:20:03] [INFO] [ShopBot] 点击坐标 (268, 659)
[2026-05-22 01:20:04] [INFO] [ShopBot] 点击刷新确认 @ (748, 460)
[2026-05-22 01:20:04] [INFO] [ShopBot] 点击坐标 (748, 460)
[2026-05-22 01:20:04] [INFO] [ShopBot] 等待货架加载...
[2026-05-22 01:20:05] [INFO] [ShopBot] ===== 第 24 轮 =====
[2026-05-22 01:20:05] [INFO] [ShopBot] 滑动到货架顶部...
[2026-05-22 01:20:05] [INFO] [ShopBot] 滑动 (800, 150) -> (800, 400), 时长 0.3s
[2026-05-22 01:20:07] [DEBUG] [ShopBot] 整区 OCR 检测到 31 个文字块，5 行
[2026-05-22 01:20:07] [INFO] [ShopBot] 物品 0 (y=119-211): '55装备灿烂精髓长袍商人亚彼荷可购买1次' → equipment (conf=0.70), 价格 480000, 货币 gold, 购买按钮 @ (1192, 165)
[2026-05-22 01:20:07] [INFO] [ShopBot] 物品 1 (y=264-356): '英雄印迪戈小恶魔奈汉库伊可购买1次' → unknown (conf=0.00), 价格 29000, 货币 gold, 购买按钮 @ (1192, 310)
[2026-05-22 01:20:07] [INFO] [ShopBot] 物品 2 (y=407-501): '55装备灿烂精髓鞋子商人亚彼荷可购买1次' → equipment (conf=0.70), 价格 240000, 货币 gold, 购买按钮 @ (1192, 454)
[2026-05-22 01:20:07] [INFO] [ShopBot] 物品 3 (y=552-646): '55装备奥利哈钢长剑商人亚彼荷可购买1次' → equipment (conf=0.70), 价格 480000, 货币 gold, 购买按钮 @ (1192, 599)
[2026-05-22 01:20:07] [INFO] [ShopBot] 物品 4 (y=647-705): '' → unknown (conf=0.00), 价格 0, 货币 gold, 购买按钮 @ (1192, 676)
[2026-05-22 01:20:07] [INFO] [ShopBot] 跳过物品: equipment
[2026-05-22 01:20:07] [INFO] [ShopBot] 跳过物品: unknown
[2026-05-22 01:20:07] [INFO] [ShopBot] 跳过物品: equipment
[2026-05-22 01:20:07] [INFO] [ShopBot] 跳过物品: equipment
[2026-05-22 01:20:07] [INFO] [ShopBot] 跳过物品: unknown
[2026-05-22 01:20:07] [INFO] [ShopBot] 货架处理完成，共购买 0 个物品
[2026-05-22 01:20:07] [INFO] [ShopBot] 第 0 次查看，购买 0 个物品
[2026-05-22 01:20:07] [INFO] [ShopBot] 滑动 (800, 400) -> (800, 150), 时长 0.3s
[2026-05-22 01:20:09] [DEBUG] [ShopBot] 整区 OCR 检测到 32 个文字块，4 行
[2026-05-22 01:20:09] [INFO] [ShopBot] 物品 0 (y=154-260): '55装备灿烂精髓鞋子商人亚彼荷可购买1次' → equipment (conf=0.70), 价格 240000, 货币 gold, 购买按钮 @ (1192, 207)
[2026-05-22 01:20:09] [INFO] [ShopBot] 物品 1 (y=311-405): '55装备奥利哈钢长剑商人亚彼荷可购买1次' → equipment (conf=0.70), 价格 480000, 货币 gold, 购买按钮 @ (1192, 358)
[2026-05-22 01:20:09] [INFO] [ShopBot] 物品 2 (y=456-550): '货币友情点数诺诺里50可购买1次' → unknown (conf=0.00), 价格 18000, 货币 gold, 购买按钮 @ (1192, 503)
[2026-05-22 01:20:09] [INFO] [ShopBot] 物品 3 (y=601-705): '70装备泰拉头盔商人亚彼荷可购买1次' → equipment (conf=0.70), 价格 380000, 货币 gold, 购买按钮 @ (1192, 653)
[2026-05-22 01:20:09] [INFO] [ShopBot] 跳过物品: equipment
[2026-05-22 01:20:09] [INFO] [ShopBot] 跳过物品: equipment
[2026-05-22 01:20:09] [INFO] [ShopBot] 跳过物品: unknown
[2026-05-22 01:20:09] [INFO] [ShopBot] 跳过物品: equipment
[2026-05-22 01:20:09] [INFO] [ShopBot] 货架处理完成，共购买 0 个物品
[2026-05-22 01:20:09] [INFO] [ShopBot] 第 1 次查看，购买 0 个物品
[2026-05-22 01:20:09] [INFO] [ShopBot] 滑动 (800, 400) -> (800, 150), 时长 0.3s
[2026-05-22 01:20:11] [DEBUG] [ShopBot] 整区 OCR 检测到 32 个文字块，4 行
[2026-05-22 01:20:11] [INFO] [ShopBot] 物品 0 (y=154-260): '55装备灿烂精髓鞋子商人亚彼荷可购买1次' → equipment (conf=0.70), 价格 240000, 货币 gold, 购买按钮 @ (1192, 207)
[2026-05-22 01:20:11] [INFO] [ShopBot] 物品 1 (y=311-405): '55装备奥利哈钢长剑商人亚彼荷可购买1次' → equipment (conf=0.70), 价格 480000, 货币 gold, 购买按钮 @ (1192, 358)
[2026-05-22 01:20:11] [INFO] [ShopBot] 物品 2 (y=456-550): '货币友情点数诺诺里50可购买1次' → unknown (conf=0.00), 价格 18000, 货币 gold, 购买按钮 @ (1192, 503)
[2026-05-22 01:20:11] [INFO] [ShopBot] 物品 3 (y=601-705): '70装备泰拉头盔商人亚彼荷可购买1次' → equipment (conf=0.70), 价格 380000, 货币 gold, 购买按钮 @ (1192, 653)
[2026-05-22 01:20:11] [INFO] [ShopBot] 已到达货架底部（第 2 次滑动后，识别结果无变化）
[2026-05-22 01:20:11] [INFO] [ShopBot] 点击刷新按钮 (268, 659)
[2026-05-22 01:20:11] [INFO] [ShopBot] 点击坐标 (268, 659)
[2026-05-22 01:20:12] [INFO] [ShopBot] 点击刷新确认 @ (748, 460)
[2026-05-22 01:20:12] [INFO] [ShopBot] 点击坐标 (748, 460)
[2026-05-22 01:20:12] [INFO] [ShopBot] 等待货架加载...
[2026-05-22 01:20:13] [INFO] [ShopBot] ===== 第 25 轮 =====
[2026-05-22 01:20:13] [INFO] [ShopBot] 滑动到货架顶部...
[2026-05-22 01:20:13] [INFO] [ShopBot] 滑动 (800, 150) -> (800, 400), 时长 0.3s
[2026-05-22 01:20:14] [DEBUG] [ShopBot] 整区 OCR 检测到 31 个文字块，4 行
[2026-05-22 01:20:14] [INFO] [ShopBot] 物品 0 (y=122-213): '85装备暗黑钢铁脖围妮萨可购买1次' → equipment (conf=0.70), 价格 540000, 货币 gold, 购买按钮 @ (1192, 167)
[2026-05-22 01:20:14] [INFO] [ShopBot] 物品 1 (y=265-359): '55装备奥利哈钢脖围妮萨可购买1次' → equipment (conf=0.70), 价格 360000, 货币 gold, 购买按钮 @ (1192, 312)
[2026-05-22 01:20:14] [INFO] [ShopBot] 物品 2 (y=410-504): '55装备奥利哈钢手镯可购买1次' → equipment (conf=0.70), 价格 240000, 货币 gold, 购买按钮 @ (1192, 457)
[2026-05-22 01:20:14] [INFO] [ShopBot] 物品 3 (y=555-705): '货币友情点数诺诺里50可购买1次' → unknown (conf=0.00), 价格 18000, 货币 gold, 购买按钮 @ (1192, 630)
[2026-05-22 01:20:14] [INFO] [ShopBot] 跳过物品: equipment
[2026-05-22 01:20:14] [INFO] [ShopBot] 跳过物品: equipment
[2026-05-22 01:20:14] [INFO] [ShopBot] 跳过物品: equipment
[2026-05-22 01:20:14] [INFO] [ShopBot] 跳过物品: unknown
[2026-05-22 01:20:14] [INFO] [ShopBot] 货架处理完成，共购买 0 个物品
[2026-05-22 01:20:14] [INFO] [ShopBot] 第 0 次查看，购买 0 个物品
[2026-05-22 01:20:14] [INFO] [ShopBot] 滑动 (800, 400) -> (800, 150), 时长 0.3s
[2026-05-22 01:20:17] [DEBUG] [ShopBot] 整区 OCR 检测到 32 个文字块，5 行
[2026-05-22 01:20:17] [INFO] [ShopBot] 物品 0 (y=80-134): '奥利哈钢脖围可购买1次' → unknown (conf=0.00), 价格 0, 货币 gold, 购买按钮 @ (1192, 107)
[2026-05-22 01:20:17] [INFO] [ShopBot] 物品 1 (y=187-280): '装备奥利哈钢手镯可购买1次' → equipment (conf=0.70), 价格 240000, 货币 gold, 购买按钮 @ (1192, 233)
[2026-05-22 01:20:17] [INFO] [ShopBot] 物品 2 (y=332-425): '货币友情点数诺诺里50可购买1次' → unknown (conf=0.00), 价格 18000, 货币 gold, 购买按钮 @ (1192, 378)
[2026-05-22 01:20:17] [INFO] [ShopBot] 物品 3 (y=478-570): '英雄伍迪小恶魔奈汉库伊可购买1次' → unknown (conf=0.00), 价格 29000, 货币 gold, 购买按钮 @ (1192, 524)
[2026-05-22 01:20:17] [INFO] [ShopBot] 物品 4 (y=599-705): '55装备蓝宝石项链可购买1次' → equipment (conf=0.70), 价格 240000, 货币 gold, 购买按钮 @ (1192, 652)
[2026-05-22 01:20:17] [INFO] [ShopBot] 跳过物品: unknown
[2026-05-22 01:20:17] [INFO] [ShopBot] 跳过物品: equipment
[2026-05-22 01:20:17] [INFO] [ShopBot] 跳过物品: unknown
[2026-05-22 01:20:17] [INFO] [ShopBot] 跳过物品: unknown
[2026-05-22 01:20:17] [INFO] [ShopBot] 跳过物品: equipment
[2026-05-22 01:20:17] [INFO] [ShopBot] 货架处理完成，共购买 0 个物品
[2026-05-22 01:20:17] [INFO] [ShopBot] 第 1 次查看，购买 0 个物品
[2026-05-22 01:20:17] [INFO] [ShopBot] 滑动 (800, 400) -> (800, 150), 时长 0.3s
[2026-05-22 01:20:19] [DEBUG] [ShopBot] 整区 OCR 检测到 31 个文字块，4 行
[2026-05-22 01:20:19] [INFO] [ShopBot] 物品 0 (y=154-260): '55装备奥利哈钢手镯妮萨可购买1次' → equipment (conf=0.70), 价格 240000, 货币 gold, 购买按钮 @ (1192, 207)
[2026-05-22 01:20:19] [INFO] [ShopBot] 物品 1 (y=311-405): '货币友情点数诺诺里50可购买1次' → unknown (conf=0.00), 价格 18000, 货币 gold, 购买按钮 @ (1192, 358)
[2026-05-22 01:20:19] [INFO] [ShopBot] 物品 2 (y=457-550): '英雄伍迪小恶魔奈汉库伊可购买1次' → unknown (conf=0.00), 价格 29000, 货币 gold, 购买按钮 @ (1192, 503)
[2026-05-22 01:20:19] [INFO] [ShopBot] 物品 3 (y=601-705): '55装备蓝宝石项链妮萨可购买1次' → equipment (conf=0.70), 价格 240000, 货币 gold, 购买按钮 @ (1192, 653)
[2026-05-22 01:20:19] [INFO] [ShopBot] 跳过物品: equipment
[2026-05-22 01:20:19] [INFO] [ShopBot] 跳过物品: unknown
[2026-05-22 01:20:19] [INFO] [ShopBot] 跳过物品: unknown
[2026-05-22 01:20:19] [INFO] [ShopBot] 跳过物品: equipment
[2026-05-22 01:20:19] [INFO] [ShopBot] 货架处理完成，共购买 0 个物品
[2026-05-22 01:20:19] [INFO] [ShopBot] 第 2 次查看，购买 0 个物品
[2026-05-22 01:20:19] [INFO] [ShopBot] 滑动 (800, 400) -> (800, 150), 时长 0.3s
[2026-05-22 01:20:21] [DEBUG] [ShopBot] 整区 OCR 检测到 31 个文字块，4 行
[2026-05-22 01:20:21] [INFO] [ShopBot] 物品 0 (y=154-260): '55装备奥利哈钢手镯妮萨可购买1次' → equipment (conf=0.70), 价格 240000, 货币 gold, 购买按钮 @ (1192, 207)
[2026-05-22 01:20:21] [INFO] [ShopBot] 物品 1 (y=311-405): '货币友情点数诺诺里50可购买1次' → unknown (conf=0.00), 价格 18000, 货币 gold, 购买按钮 @ (1192, 358)
[2026-05-22 01:20:21] [INFO] [ShopBot] 物品 2 (y=458-550): '英雄伍迪小恶魔奈汉库伊可购买1次' → unknown (conf=0.00), 价格 29000, 货币 gold, 购买按钮 @ (1192, 504)
[2026-05-22 01:20:21] [INFO] [ShopBot] 物品 3 (y=601-695): '55装备蓝宝石项链妮萨可购买1次' → equipment (conf=0.70), 价格 240000, 货币 gold, 购买按钮 @ (1192, 648)
[2026-05-22 01:20:21] [INFO] [ShopBot] 已到达货架底部（第 3 次滑动后，识别结果无变化）
[2026-05-22 01:20:21] [INFO] [ShopBot] 点击刷新按钮 (268, 659)
[2026-05-22 01:20:21] [INFO] [ShopBot] 点击坐标 (268, 659)
[2026-05-22 01:20:21] [INFO] [ShopBot] 点击刷新确认 @ (748, 460)
[2026-05-22 01:20:21] [INFO] [ShopBot] 点击坐标 (748, 460)
[2026-05-22 01:20:22] [INFO] [ShopBot] 等待货架加载...
[2026-05-22 01:20:23] [INFO] [ShopBot] ===== 第 26 轮 =====
[2026-05-22 01:20:23] [INFO] [ShopBot] 滑动到货架顶部...
[2026-05-22 01:20:23] [INFO] [ShopBot] 滑动 (800, 150) -> (800, 400), 时长 0.3s
[2026-05-22 01:20:24] [DEBUG] [ShopBot] 整区 OCR 检测到 31 个文字块，5 行
[2026-05-22 01:20:24] [INFO] [ShopBot] 物品 0 (y=118-210): '召唤神秘奖牌诺诺里50可购买1次' → mystic_medal (conf=0.90), 价格 280000, 货币 gold, 购买按钮 @ (1192, 164)
[2026-05-22 01:20:24] [INFO] [ShopBot] 物品 1 (y=262-355): '55装备奥利哈钢长剑商人亚彼荷可购买1次' → equipment (conf=0.70), 价格 240000, 货币 gold, 购买按钮 @ (1192, 308)
[2026-05-22 01:20:24] [INFO] [ShopBot] 物品 2 (y=407-500): '55装备勇士的背甲流星锤商人亚彼荷可购买1次' → equipment (conf=0.70), 价格 240000, 货币 gold, 购买按钮 @ (1192, 453)
[2026-05-22 01:20:24] [INFO] [ShopBot] 物品 3 (y=553-645): '英雄白银普鲁兹奈汉库伊可购买1次' → unknown (conf=0.00), 价格 29000, 货币 gold, 购买按钮 @ (1192, 599)
[2026-05-22 01:20:24] [INFO] [ShopBot] 物品 4 (y=647-705): '' → unknown (conf=0.00), 价格 0, 货币 gold, 购买按钮 @ (1192, 676)
[2026-05-22 01:20:24] [INFO] [ShopBot] 开始购买: mystic_medal, 价格: 280000
[2026-05-22 01:20:24] [INFO] [ShopBot] 点击购买按钮 @ (1192, 164)
[2026-05-22 01:20:24] [INFO] [ShopBot] 点击坐标 (1192, 164)
[2026-05-22 01:20:25] [DEBUG] [ShopBot] 找到按钮 '购买' 在 (736, 479)
[2026-05-22 01:20:27] [DEBUG] [ShopBot] 找到按钮 '取消' 在 (481, 524)
[2026-05-22 01:20:27] [DEBUG] [ShopBot] 找到按钮 '购买' 在 (818, 524)
[2026-05-22 01:20:27] [INFO] [ShopBot] 检测到确认弹窗
[2026-05-22 01:20:27] [INFO] [ShopBot] 点击确认按钮 @ (818, 508)
[2026-05-22 01:20:27] [INFO] [ShopBot] 点击坐标 (818, 508)
[2026-05-22 01:20:28] [DEBUG] [ShopBot] 找到按钮 '购买' 在 (736, 479)
[2026-05-22 01:20:31] [DEBUG] [ShopBot] 找到按钮 '购买' 在 (736, 479)
[2026-05-22 01:20:31] [INFO] [ShopBot] 购买成功: mystic_medal
[2026-05-22 01:20:31] [INFO] [ShopBot] 购买结果 - mystic_medal: 成功
[2026-05-22 01:20:32] [INFO] [ShopBot] 跳过物品: equipment
[2026-05-22 01:20:32] [INFO] [ShopBot] 跳过物品: equipment
[2026-05-22 01:20:32] [INFO] [ShopBot] 跳过物品: unknown
[2026-05-22 01:20:32] [INFO] [ShopBot] 跳过物品: unknown
[2026-05-22 01:20:32] [INFO] [ShopBot] 货架处理完成，共购买 1 个物品
[2026-05-22 01:20:32] [INFO] [ShopBot] 第 0 次查看，购买 1 个物品
[2026-05-22 01:20:32] [INFO] [ShopBot] 滑动 (800, 400) -> (800, 150), 时长 0.3s
[2026-05-22 01:20:34] [DEBUG] [ShopBot] 整区 OCR 检测到 31 个文字块，4 行
[2026-05-22 01:20:34] [INFO] [ShopBot] 物品 0 (y=154-260): '55装备勇士的背甲流星锤商人亚彼荷可购买1次' → equipment (conf=0.70), 价格 240000, 货币 gold, 购买按钮 @ (1192, 207)
[2026-05-22 01:20:34] [INFO] [ShopBot] 物品 1 (y=313-405): '英雄白银普鲁兹奈汉库伊可购买1次' → unknown (conf=0.00), 价格 29000, 货币 gold, 购买按钮 @ (1192, 359)
[2026-05-22 01:20:34] [INFO] [ShopBot] 物品 2 (y=456-550): '55装备奥利哈钢重甲商人亚彼荷可购买1次' → equipment (conf=0.70), 价格 240000, 货币 gold, 购买按钮 @ (1192, 503)
[2026-05-22 01:20:34] [INFO] [ShopBot] 物品 3 (y=601-705): '70装备魔力龙兽骨刃剑商人亚彼荷可购买1次' → equipment (conf=0.70), 价格 560000, 货币 gold, 购买按钮 @ (1192, 653)
[2026-05-22 01:20:34] [INFO] [ShopBot] 跳过物品: equipment
[2026-05-22 01:20:34] [INFO] [ShopBot] 跳过物品: unknown
[2026-05-22 01:20:34] [INFO] [ShopBot] 跳过物品: equipment
[2026-05-22 01:20:34] [INFO] [ShopBot] 跳过物品: equipment
[2026-05-22 01:20:34] [INFO] [ShopBot] 货架处理完成，共购买 0 个物品
[2026-05-22 01:20:34] [INFO] [ShopBot] 第 1 次查看，购买 0 个物品
[2026-05-22 01:20:34] [INFO] [ShopBot] 滑动 (800, 400) -> (800, 150), 时长 0.3s
[2026-05-22 01:20:37] [DEBUG] [ShopBot] 整区 OCR 检测到 31 个文字块，4 行
[2026-05-22 01:20:37] [INFO] [ShopBot] 物品 0 (y=154-260): '55装备勇士的背甲流星锤商人亚彼荷可购买1次' → equipment (conf=0.70), 价格 240000, 货币 gold, 购买按钮 @ (1192, 207)
[2026-05-22 01:20:37] [INFO] [ShopBot] 物品 1 (y=313-405): '英雄白银普鲁兹奈汉库伊可购买1次' → unknown (conf=0.00), 价格 29000, 货币 gold, 购买按钮 @ (1192, 359)
[2026-05-22 01:20:37] [INFO] [ShopBot] 物品 2 (y=456-550): '55装备奥利哈钢重甲商人亚彼荷可购买1次' → equipment (conf=0.70), 价格 240000, 货币 gold, 购买按钮 @ (1192, 503)
[2026-05-22 01:20:37] [INFO] [ShopBot] 物品 3 (y=601-695): '70装备魔力龙兽骨刃剑商人亚彼荷可购买1次' → equipment (conf=0.70), 价格 560000, 货币 gold, 购买按钮 @ (1192, 648)
[2026-05-22 01:20:37] [INFO] [ShopBot] 已到达货架底部（第 2 次滑动后，识别结果无变化）
[2026-05-22 01:20:37] [INFO] [ShopBot] 点击刷新按钮 (268, 659)
[2026-05-22 01:20:37] [INFO] [ShopBot] 点击坐标 (268, 659)
[2026-05-22 01:20:37] [INFO] [ShopBot] 点击刷新确认 @ (748, 460)
[2026-05-22 01:20:37] [INFO] [ShopBot] 点击坐标 (748, 460)
[2026-05-22 01:20:37] [INFO] [ShopBot] 等待货架加载...
[2026-05-22 01:20:38] [INFO] [ShopBot] ===== 第 27 轮 =====
[2026-05-22 01:20:38] [INFO] [ShopBot] 滑动到货架顶部...
[2026-05-22 01:20:38] [INFO] [ShopBot] 滑动 (800, 150) -> (800, 400), 时长 0.3s
[2026-05-22 01:20:40] [DEBUG] [ShopBot] 整区 OCR 检测到 30 个文字块，4 行
[2026-05-22 01:20:40] [INFO] [ShopBot] 物品 0 (y=122-213): '70装备泰拉靴子商人亚彼荷可购买1次' → equipment (conf=0.70), 价格 380000, 货币 gold, 购买按钮 @ (1192, 167)
[2026-05-22 01:20:40] [INFO] [ShopBot] 物品 1 (y=265-358): '55装备勇士的背甲流星锤商人亚彼荷可购买1次' → equipment (conf=0.70), 价格 600000, 货币 gold, 购买按钮 @ (1192, 311)
[2026-05-22 01:20:40] [INFO] [ShopBot] 物品 2 (y=411-503): '英雄风之碎片奈汉库伊可购买1次' → unknown (conf=0.00), 价格 29000, 货币 gold, 购买按钮 @ (1192, 457)
[2026-05-22 01:20:40] [INFO] [ShopBot] 物品 3 (y=555-705): '装备蜘蛛君主的戒指妮萨可购买1次' → equipment (conf=0.70), 价格 380000, 货币 gold, 购买按钮 @ (1192, 630)
[2026-05-22 01:20:40] [INFO] [ShopBot] 跳过物品: equipment
[2026-05-22 01:20:40] [INFO] [ShopBot] 跳过物品: equipment
[2026-05-22 01:20:40] [INFO] [ShopBot] 跳过物品: unknown
[2026-05-22 01:20:40] [INFO] [ShopBot] 跳过物品: equipment
[2026-05-22 01:20:40] [INFO] [ShopBot] 货架处理完成，共购买 0 个物品
[2026-05-22 01:20:40] [INFO] [ShopBot] 第 0 次查看，购买 0 个物品
[2026-05-22 01:20:40] [INFO] [ShopBot] 滑动 (800, 400) -> (800, 150), 时长 0.3s
[2026-05-22 01:20:42] [DEBUG] [ShopBot] 整区 OCR 检测到 28 个文字块，4 行
[2026-05-22 01:20:42] [INFO] [ShopBot] 物品 0 (y=154-260): '英雄风之碎片奈汉库伊可购买1次' → unknown (conf=0.00), 价格 29000, 货币 gold, 购买按钮 @ (1192, 207)
[2026-05-22 01:20:42] [INFO] [ShopBot] 物品 1 (y=312-405): '装备蜘蛛君主的戒指妮萨可购买1次' → equipment (conf=0.70), 价格 380000, 货币 gold, 购买按钮 @ (1192, 358)
[2026-05-22 01:20:42] [INFO] [ShopBot] 物品 2 (y=457-550): '装备蜘蛛君主的靴子商人亚彼荷可购买1次' → equipment (conf=0.70), 价格 380000, 货币 gold, 购买按钮 @ (1192, 503)
[2026-05-22 01:20:42] [INFO] [ShopBot] 物品 3 (y=602-705): '召唤誓约书签诺诺里可购买1次' → bookmark (conf=0.95), 价格 184000, 货币 gold, 购买按钮 @ (1192, 653)
[2026-05-22 01:20:42] [INFO] [ShopBot] 跳过物品: unknown
[2026-05-22 01:20:42] [INFO] [ShopBot] 跳过物品: equipment
[2026-05-22 01:20:42] [INFO] [ShopBot] 跳过物品: equipment
[2026-05-22 01:20:42] [INFO] [ShopBot] 开始购买: bookmark, 价格: 184000
[2026-05-22 01:20:42] [INFO] [ShopBot] 点击购买按钮 @ (1192, 653)
[2026-05-22 01:20:42] [INFO] [ShopBot] 点击坐标 (1192, 653)
[2026-05-22 01:20:44] [DEBUG] [ShopBot] 找到按钮 '购买' 在 (736, 552)
[2026-05-22 01:20:45] [DEBUG] [ShopBot] 找到按钮 '取消' 在 (481, 524)
[2026-05-22 01:20:45] [DEBUG] [ShopBot] 找到按钮 '购买' 在 (818, 524)
[2026-05-22 01:20:45] [INFO] [ShopBot] 检测到确认弹窗
[2026-05-22 01:20:45] [INFO] [ShopBot] 点击确认按钮 @ (818, 508)
[2026-05-22 01:20:45] [INFO] [ShopBot] 点击坐标 (818, 508)
[2026-05-22 01:20:47] [DEBUG] [ShopBot] 找到按钮 '购买' 在 (736, 552)
[2026-05-22 01:20:49] [DEBUG] [ShopBot] 找到按钮 '购买' 在 (736, 552)
[2026-05-22 01:20:50] [INFO] [ShopBot] 购买成功: bookmark
[2026-05-22 01:20:50] [INFO] [ShopBot] 购买结果 - bookmark: 成功
[2026-05-22 01:20:50] [INFO] [ShopBot] 货架处理完成，共购买 1 个物品
[2026-05-22 01:20:50] [INFO] [ShopBot] 第 1 次查看，购买 1 个物品
[2026-05-22 01:20:50] [INFO] [ShopBot] 滑动 (800, 400) -> (800, 150), 时长 0.3s
[2026-05-22 01:20:53] [DEBUG] [ShopBot] 整区 OCR 检测到 29 个文字块，4 行
[2026-05-22 01:20:53] [INFO] [ShopBot] 物品 0 (y=154-259): '英雄风之碎片奈汉库伊可购买1次' → unknown (conf=0.00), 价格 29000, 货币 gold, 购买按钮 @ (1192, 206)
[2026-05-22 01:20:53] [INFO] [ShopBot] 物品 1 (y=311-405): '装备蜘蛛君主的戒指妮萨可购买1次' → equipment (conf=0.70), 价格 380000, 货币 gold, 购买按钮 @ (1192, 358)
[2026-05-22 01:20:53] [INFO] [ShopBot] 物品 2 (y=456-550): '70装备蜘蛛君主的靴子商人亚彼荷可购买1次' → equipment (conf=0.70), 价格 380000, 货币 gold, 购买按钮 @ (1192, 503)
[2026-05-22 01:20:53] [INFO] [ShopBot] 物品 3 (y=604-705): '召唤誓约书签诺诺里可购买1次' → bookmark (conf=0.95), 价格 184000, 货币 gold, 已售罄, 购买按钮 @ (1192, 654)
[2026-05-22 01:20:53] [INFO] [ShopBot] 跳过物品: unknown
[2026-05-22 01:20:53] [INFO] [ShopBot] 跳过物品: equipment
[2026-05-22 01:20:53] [INFO] [ShopBot] 跳过物品: equipment
[2026-05-22 01:20:53] [INFO] [ShopBot] 跳过已售罄物品: bookmark
[2026-05-22 01:20:53] [INFO] [ShopBot] 跳过物品: bookmark
[2026-05-22 01:20:53] [INFO] [ShopBot] 货架处理完成，共购买 0 个物品
[2026-05-22 01:20:53] [INFO] [ShopBot] 第 2 次查看，购买 0 个物品
[2026-05-22 01:20:53] [INFO] [ShopBot] 滑动 (800, 400) -> (800, 150), 时长 0.3s
[2026-05-22 01:20:54] [DEBUG] [ShopBot] 整区 OCR 检测到 29 个文字块，4 行
[2026-05-22 01:20:54] [INFO] [ShopBot] 物品 0 (y=154-259): '英雄风之碎片奈汉库伊可购买1次' → unknown (conf=0.00), 价格 29000, 货币 gold, 购买按钮 @ (1192, 206)
[2026-05-22 01:20:54] [INFO] [ShopBot] 物品 1 (y=311-405): '装备蜘蛛君主的戒指妮萨可购买1次' → equipment (conf=0.70), 价格 380000, 货币 gold, 购买按钮 @ (1192, 358)
[2026-05-22 01:20:54] [INFO] [ShopBot] 物品 2 (y=456-550): '装备70蜘蛛君主的靴子商人亚彼荷可购买1次' → equipment (conf=0.70), 价格 380000, 货币 gold, 购买按钮 @ (1192, 503)
[2026-05-22 01:20:54] [INFO] [ShopBot] 物品 3 (y=603-694): '召唤誓约书签诺诺里可购买1次' → bookmark (conf=0.95), 价格 184000, 货币 gold, 已售罄, 购买按钮 @ (1192, 648)
[2026-05-22 01:20:54] [INFO] [ShopBot] 跳过物品: unknown
[2026-05-22 01:20:54] [INFO] [ShopBot] 跳过物品: equipment
[2026-05-22 01:20:54] [INFO] [ShopBot] 跳过物品: equipment
[2026-05-22 01:20:54] [INFO] [ShopBot] 跳过已售罄物品: bookmark
[2026-05-22 01:20:54] [INFO] [ShopBot] 跳过物品: bookmark
[2026-05-22 01:20:54] [INFO] [ShopBot] 货架处理完成，共购买 0 个物品
[2026-05-22 01:20:54] [INFO] [ShopBot] 第 3 次查看，购买 0 个物品
[2026-05-22 01:20:54] [INFO] [ShopBot] 滑动 (800, 400) -> (800, 150), 时长 0.3s
[2026-05-22 01:20:57] [DEBUG] [ShopBot] 整区 OCR 检测到 29 个文字块，4 行
[2026-05-22 01:20:57] [INFO] [ShopBot] 物品 0 (y=154-259): '英雄风之碎片奈汉库伊可购买1次' → unknown (conf=0.00), 价格 29000, 货币 gold, 购买按钮 @ (1192, 206)
[2026-05-22 01:20:57] [INFO] [ShopBot] 物品 1 (y=311-405): '装备蜘蛛君主的戒指妮萨可购买1次' → equipment (conf=0.70), 价格 380000, 货币 gold, 购买按钮 @ (1192, 358)
[2026-05-22 01:20:57] [INFO] [ShopBot] 物品 2 (y=456-550): '70装备蜘蛛君主的靴子商人亚彼荷可购买1次' → equipment (conf=0.70), 价格 380000, 货币 gold, 购买按钮 @ (1192, 503)
[2026-05-22 01:20:57] [INFO] [ShopBot] 物品 3 (y=598-705): '召唤誓约书签诺诺里可购买1次' → bookmark (conf=0.95), 价格 184000, 货币 gold, 已售罄, 购买按钮 @ (1192, 651)
[2026-05-22 01:20:57] [INFO] [ShopBot] 跳过物品: unknown
[2026-05-22 01:20:57] [INFO] [ShopBot] 跳过物品: equipment
[2026-05-22 01:20:57] [INFO] [ShopBot] 跳过物品: equipment
[2026-05-22 01:20:57] [INFO] [ShopBot] 跳过已售罄物品: bookmark
[2026-05-22 01:20:57] [INFO] [ShopBot] 跳过物品: bookmark
[2026-05-22 01:20:57] [INFO] [ShopBot] 货架处理完成，共购买 0 个物品
[2026-05-22 01:20:57] [INFO] [ShopBot] 第 4 次查看，购买 0 个物品
[2026-05-22 01:20:57] [INFO] [ShopBot] 滑动 (800, 400) -> (800, 150), 时长 0.3s
[2026-05-22 01:20:59] [DEBUG] [ShopBot] 整区 OCR 检测到 29 个文字块，4 行
[2026-05-22 01:20:59] [INFO] [ShopBot] 物品 0 (y=154-259): '英雄风之碎片奈汉库伊可购买1次' → unknown (conf=0.00), 价格 29000, 货币 gold, 购买按钮 @ (1192, 206)
[2026-05-22 01:20:59] [INFO] [ShopBot] 物品 1 (y=311-405): '装备蜘蛛君主的戒指妮萨可购买1次' → equipment (conf=0.70), 价格 380000, 货币 gold, 购买按钮 @ (1192, 358)
[2026-05-22 01:20:59] [INFO] [ShopBot] 物品 2 (y=456-550): '70装备蜘蛛君主的靴子商人亚彼荷可购买1次' → equipment (conf=0.70), 价格 380000, 货币 gold, 购买按钮 @ (1192, 503)
[2026-05-22 01:20:59] [INFO] [ShopBot] 物品 3 (y=603-705): '召唤誓约书签诺诺里可购买1次' → bookmark (conf=0.95), 价格 184000, 货币 gold, 已售罄, 购买按钮 @ (1192, 654)
[2026-05-22 01:20:59] [INFO] [ShopBot] 已到达货架底部（第 5 次滑动后，识别结果无变化）
[2026-05-22 01:20:59] [INFO] [ShopBot] 点击刷新按钮 (268, 659)
[2026-05-22 01:20:59] [INFO] [ShopBot] 点击坐标 (268, 659)
[2026-05-22 01:20:59] [INFO] [ShopBot] 点击刷新确认 @ (748, 460)
[2026-05-22 01:20:59] [INFO] [ShopBot] 点击坐标 (748, 460)
[2026-05-22 01:21:00] [INFO] [ShopBot] 等待货架加载...
[2026-05-22 01:21:01] [INFO] [ShopBot] ===== 第 28 轮 =====
[2026-05-22 01:21:01] [INFO] [ShopBot] 滑动到货架顶部...
[2026-05-22 01:21:01] [INFO] [ShopBot] 滑动 (800, 150) -> (800, 400), 时长 0.3s
[2026-05-22 01:21:02] [DEBUG] [ShopBot] 整区 OCR 检测到 32 个文字块，4 行
[2026-05-22 01:21:02] [INFO] [ShopBot] 物品 0 (y=123-214): '70装备魔力龙兽皮甲商人亚彼荷可购买1次' → equipment (conf=0.70), 价格 380000, 货币 gold, 购买按钮 @ (1192, 168)
[2026-05-22 01:21:02] [INFO] [ShopBot] 物品 1 (y=266-360): '55装备精巧的恶魔重甲商人亚彼荷可购买1次' → equipment (conf=0.70), 价格 240000, 货币 gold, 购买按钮 @ (1192, 313)
[2026-05-22 01:21:02] [INFO] [ShopBot] 物品 2 (y=411-505): '70装备泰拉靴子商人亚彼荷可购买1次' → equipment (conf=0.70), 价格 380000, 货币 gold, 购买按钮 @ (1192, 458)
[2026-05-22 01:21:02] [INFO] [ShopBot] 物品 3 (y=556-705): '货币友情点数诺诺里50可购买1次' → unknown (conf=0.00), 价格 18000, 货币 gold, 购买按钮 @ (1192, 630)
[2026-05-22 01:21:02] [INFO] [ShopBot] 跳过物品: equipment
[2026-05-22 01:21:02] [INFO] [ShopBot] 跳过物品: equipment
[2026-05-22 01:21:02] [INFO] [ShopBot] 跳过物品: equipment
[2026-05-22 01:21:02] [INFO] [ShopBot] 跳过物品: unknown
[2026-05-22 01:21:02] [INFO] [ShopBot] 货架处理完成，共购买 0 个物品
[2026-05-22 01:21:02] [INFO] [ShopBot] 第 0 次查看，购买 0 个物品
[2026-05-22 01:21:02] [INFO] [ShopBot] 滑动 (800, 400) -> (800, 150), 时长 0.3s
[2026-05-22 01:21:04] [DEBUG] [ShopBot] 整区 OCR 检测到 32 个文字块，4 行
[2026-05-22 01:21:04] [INFO] [ShopBot] 物品 0 (y=154-260): '70装备泰拉靴子商人亚彼荷可购买1次' → equipment (conf=0.70), 价格 380000, 货币 gold, 购买按钮 @ (1192, 207)
[2026-05-22 01:21:04] [INFO] [ShopBot] 物品 1 (y=311-405): '货币友情点数诺诺里50可购买1次' → unknown (conf=0.00), 价格 18000, 货币 gold, 购买按钮 @ (1192, 358)
[2026-05-22 01:21:04] [INFO] [ShopBot] 物品 2 (y=456-550): '55装备奥利哈钢靴子商人亚彼荷可购买1次' → equipment (conf=0.70), 价格 360000, 货币 gold, 购买按钮 @ (1192, 503)
[2026-05-22 01:21:04] [INFO] [ShopBot] 物品 3 (y=599-705): '55装备灿烂精髓长袍商人亚彼荷可购买1次' → equipment (conf=0.70), 价格 360000, 货币 gold, 购买按钮 @ (1192, 652)
[2026-05-22 01:21:04] [INFO] [ShopBot] 跳过物品: equipment
[2026-05-22 01:21:04] [INFO] [ShopBot] 跳过物品: unknown
[2026-05-22 01:21:04] [INFO] [ShopBot] 跳过物品: equipment
[2026-05-22 01:21:04] [INFO] [ShopBot] 跳过物品: equipment
[2026-05-22 01:21:04] [INFO] [ShopBot] 货架处理完成，共购买 0 个物品
[2026-05-22 01:21:04] [INFO] [ShopBot] 第 1 次查看，购买 0 个物品
[2026-05-22 01:21:04] [INFO] [ShopBot] 滑动 (800, 400) -> (800, 150), 时长 0.3s
[2026-05-22 01:21:07] [DEBUG] [ShopBot] 整区 OCR 检测到 32 个文字块，4 行
[2026-05-22 01:21:07] [INFO] [ShopBot] 物品 0 (y=154-260): '70装备泰拉靴子商人亚彼荷可购买1次' → equipment (conf=0.70), 价格 380000, 货币 gold, 购买按钮 @ (1192, 207)
[2026-05-22 01:21:07] [INFO] [ShopBot] 物品 1 (y=311-405): '货币友情点数诺诺里50可购买1次' → unknown (conf=0.00), 价格 18000, 货币 gold, 购买按钮 @ (1192, 358)
[2026-05-22 01:21:07] [INFO] [ShopBot] 物品 2 (y=456-550): '55装备奥利哈钢靴子商人亚彼荷可购买1次' → equipment (conf=0.70), 价格 360000, 货币 gold, 购买按钮 @ (1192, 503)
[2026-05-22 01:21:07] [INFO] [ShopBot] 物品 3 (y=601-705): '55装备灿烂精髓长袍商人亚彼荷可购买1次' → equipment (conf=0.70), 价格 360000, 货币 gold, 购买按钮 @ (1192, 653)
[2026-05-22 01:21:07] [INFO] [ShopBot] 已到达货架底部（第 2 次滑动后，识别结果无变化）
[2026-05-22 01:21:07] [INFO] [ShopBot] 点击刷新按钮 (268, 659)
[2026-05-22 01:21:07] [INFO] [ShopBot] 点击坐标 (268, 659)
[2026-05-22 01:21:07] [INFO] [ShopBot] 点击刷新确认 @ (748, 460)
[2026-05-22 01:21:07] [INFO] [ShopBot] 点击坐标 (748, 460)
[2026-05-22 01:21:07] [INFO] [ShopBot] 等待货架加载...
[2026-05-22 01:21:08] [INFO] [ShopBot] ===== 第 29 轮 =====
[2026-05-22 01:21:08] [INFO] [ShopBot] 滑动到货架顶部...
[2026-05-22 01:21:08] [INFO] [ShopBot] 滑动 (800, 150) -> (800, 400), 时长 0.3s
[2026-05-22 01:21:10] [DEBUG] [ShopBot] 整区 OCR 检测到 31 个文字块，4 行
[2026-05-22 01:21:10] [INFO] [ShopBot] 物品 0 (y=123-214): '货币友情点数诺诺里50可购买1次' → unknown (conf=0.00), 价格 18000, 货币 gold, 购买按钮 @ (1192, 168)
[2026-05-22 01:21:10] [INFO] [ShopBot] 物品 1 (y=267-359): '英雄寒气结晶体奈汉库伊可购买1次' → unknown (conf=0.00), 价格 29000, 货币 gold, 购买按钮 @ (1192, 313)
[2026-05-22 01:21:10] [INFO] [ShopBot] 物品 2 (y=411-505): '70装备不祥的恶魔高级靴子商人亚彼荷可购买1次' → equipment (conf=0.70), 价格 380000, 货币 gold, 购买按钮 @ (1192, 458)
[2026-05-22 01:21:10] [INFO] [ShopBot] 物品 3 (y=556-705): '装备55暗龙红玉妮萨可购买1次' → equipment (conf=0.70), 价格 240000, 货币 gold, 购买按钮 @ (1192, 630)
[2026-05-22 01:21:10] [INFO] [ShopBot] 跳过物品: unknown
[2026-05-22 01:21:10] [INFO] [ShopBot] 跳过物品: unknown
[2026-05-22 01:21:10] [INFO] [ShopBot] 跳过物品: equipment
[2026-05-22 01:21:10] [INFO] [ShopBot] 跳过物品: equipment
[2026-05-22 01:21:10] [INFO] [ShopBot] 货架处理完成，共购买 0 个物品
[2026-05-22 01:21:10] [INFO] [ShopBot] 第 0 次查看，购买 0 个物品
[2026-05-22 01:21:10] [INFO] [ShopBot] 滑动 (800, 400) -> (800, 150), 时长 0.3s
[2026-05-22 01:21:12] [DEBUG] [ShopBot] 整区 OCR 检测到 34 个文字块，5 行
[2026-05-22 01:21:12] [INFO] [ShopBot] 物品 0 (y=80-128): '给丽体奈汉库伊可购买1次' → unknown (conf=0.00), 价格 0, 货币 gold, 购买按钮 @ (1192, 104)
[2026-05-22 01:21:12] [INFO] [ShopBot] 物品 1 (y=181-274): '70装备不祥的恶魔高级靴子商人亚彼荷可购买1次' → equipment (conf=0.70), 价格 380000, 货币 gold, 购买按钮 @ (1192, 227)
[2026-05-22 01:21:12] [INFO] [ShopBot] 物品 2 (y=326-420): '55装备暗龙红玉可购买1次' → equipment (conf=0.70), 价格 240000, 货币 gold, 购买按钮 @ (1192, 373)
[2026-05-22 01:21:12] [INFO] [ShopBot] 物品 3 (y=471-565): '装备不祥的恶魔厚实重甲商人亚彼荷可购买1次' → equipment (conf=0.70), 价格 380000, 货币 gold, 购买按钮 @ (1192, 518)
[2026-05-22 01:21:12] [INFO] [ShopBot] 物品 4 (y=603-705): '装备破灭精髓长袍商人亚彼荷可购买1次' → equipment (conf=0.70), 价格 560000, 货币 gold, 购买按钮 @ (1192, 654)
[2026-05-22 01:21:12] [INFO] [ShopBot] 跳过物品: unknown
[2026-05-22 01:21:12] [INFO] [ShopBot] 跳过物品: equipment
[2026-05-22 01:21:12] [INFO] [ShopBot] 跳过物品: equipment
[2026-05-22 01:21:12] [INFO] [ShopBot] 跳过物品: equipment
[2026-05-22 01:21:12] [INFO] [ShopBot] 跳过物品: equipment
[2026-05-22 01:21:12] [INFO] [ShopBot] 货架处理完成，共购买 0 个物品
[2026-05-22 01:21:12] [INFO] [ShopBot] 第 1 次查看，购买 0 个物品
[2026-05-22 01:21:12] [INFO] [ShopBot] 滑动 (800, 400) -> (800, 150), 时长 0.3s
[2026-05-22 01:21:15] [DEBUG] [ShopBot] 整区 OCR 检测到 30 个文字块，4 行
[2026-05-22 01:21:15] [INFO] [ShopBot] 物品 0 (y=154-260): '70装备不祥的恶魔高级靴子商人亚彼荷可购买1次' → equipment (conf=0.70), 价格 380000, 货币 gold, 购买按钮 @ (1192, 207)
[2026-05-22 01:21:15] [INFO] [ShopBot] 物品 1 (y=311-405): '55装备暗龙红玉妮萨可购买1次' → equipment (conf=0.70), 价格 240000, 货币 gold, 购买按钮 @ (1192, 358)
[2026-05-22 01:21:15] [INFO] [ShopBot] 物品 2 (y=456-550): '装备不祥的恶魔厚实重甲商人亚彼荷可购买1次' → equipment (conf=0.70), 价格 380000, 货币 gold, 购买按钮 @ (1192, 503)
[2026-05-22 01:21:15] [INFO] [ShopBot] 物品 3 (y=601-705): '装备破灭精髓长袍商人亚彼荷可购买1次' → equipment (conf=0.70), 价格 560000, 货币 gold, 购买按钮 @ (1192, 653)
[2026-05-22 01:21:15] [INFO] [ShopBot] 跳过物品: equipment
[2026-05-22 01:21:15] [INFO] [ShopBot] 跳过物品: equipment
[2026-05-22 01:21:15] [INFO] [ShopBot] 跳过物品: equipment
[2026-05-22 01:21:15] [INFO] [ShopBot] 跳过物品: equipment
[2026-05-22 01:21:15] [INFO] [ShopBot] 货架处理完成，共购买 0 个物品
[2026-05-22 01:21:15] [INFO] [ShopBot] 第 2 次查看，购买 0 个物品
[2026-05-22 01:21:15] [INFO] [ShopBot] 滑动 (800, 400) -> (800, 150), 时长 0.3s
[2026-05-22 01:21:17] [DEBUG] [ShopBot] 整区 OCR 检测到 30 个文字块，4 行
[2026-05-22 01:21:17] [INFO] [ShopBot] 物品 0 (y=154-260): '70装备不祥的恶魔高级靴子商人亚彼荷可购买1次' → equipment (conf=0.70), 价格 380000, 货币 gold, 购买按钮 @ (1192, 207)
[2026-05-22 01:21:17] [INFO] [ShopBot] 物品 1 (y=311-405): '55装备暗龙红玉妮萨可购买1次' → equipment (conf=0.70), 价格 240000, 货币 gold, 购买按钮 @ (1192, 358)
[2026-05-22 01:21:17] [INFO] [ShopBot] 物品 2 (y=456-550): '装备不祥的恶魔厚实重甲商人亚彼荷可购买1次' → equipment (conf=0.70), 价格 380000, 货币 gold, 购买按钮 @ (1192, 503)
[2026-05-22 01:21:17] [INFO] [ShopBot] 物品 3 (y=601-705): '装备破灭精髓长袍商人亚彼荷可购买1次' → equipment (conf=0.70), 价格 560000, 货币 gold, 购买按钮 @ (1192, 653)
[2026-05-22 01:21:17] [INFO] [ShopBot] 已到达货架底部（第 3 次滑动后，识别结果无变化）
[2026-05-22 01:21:17] [INFO] [ShopBot] 点击刷新按钮 (268, 659)
[2026-05-22 01:21:17] [INFO] [ShopBot] 点击坐标 (268, 659)
[2026-05-22 01:21:18] [INFO] [ShopBot] 点击刷新确认 @ (748, 460)
[2026-05-22 01:21:18] [INFO] [ShopBot] 点击坐标 (748, 460)
[2026-05-22 01:21:18] [INFO] [ShopBot] 等待货架加载...
[2026-05-22 01:21:19] [INFO] [ShopBot] ===== 第 30 轮 =====
[2026-05-22 01:21:19] [INFO] [ShopBot] 滑动到货架顶部...
[2026-05-22 01:21:19] [INFO] [ShopBot] 滑动 (800, 150) -> (800, 400), 时长 0.3s
[2026-05-22 01:21:21] [DEBUG] [ShopBot] 整区 OCR 检测到 29 个文字块，5 行
[2026-05-22 01:21:21] [INFO] [ShopBot] 物品 0 (y=121-212): '85装备暗黑钢铁重甲商人亚彼荷可购买1次' → equipment (conf=0.70), 价格 1100000, 货币 gold, 购买按钮 @ (1192, 166)
[2026-05-22 01:21:21] [INFO] [ShopBot] 物品 1 (y=265-357): '英雄雷逢朵斯阴影魔法师奈汉库伊可购买1次' → unknown (conf=0.00), 价格 29000, 货币 gold, 购买按钮 @ (1192, 311)
[2026-05-22 01:21:21] [INFO] [ShopBot] 物品 2 (y=410-502): '英雄骨头史莱姆可购买1次奈汉库伊' → fodder (conf=0.65), 价格 29000, 货币 gold, 购买按钮 @ (1192, 456)
[2026-05-22 01:21:21] [INFO] [ShopBot] 物品 3 (y=555-647): '英雄火焰普纽洛奈汉库伊可购买1次' → unknown (conf=0.00), 价格 29000, 货币 gold, 购买按钮 @ (1192, 601)
[2026-05-22 01:21:21] [INFO] [ShopBot] 物品 4 (y=648-705): '' → unknown (conf=0.00), 价格 0, 货币 gold, 购买按钮 @ (1192, 676)
[2026-05-22 01:21:21] [INFO] [ShopBot] 跳过物品: equipment
[2026-05-22 01:21:21] [INFO] [ShopBot] 跳过物品: unknown
[2026-05-22 01:21:21] [INFO] [ShopBot] 跳过物品: fodder
[2026-05-22 01:21:21] [INFO] [ShopBot] 跳过物品: unknown
[2026-05-22 01:21:21] [INFO] [ShopBot] 跳过物品: unknown
[2026-05-22 01:21:21] [INFO] [ShopBot] 货架处理完成，共购买 0 个物品
[2026-05-22 01:21:21] [INFO] [ShopBot] 第 0 次查看，购买 0 个物品
[2026-05-22 01:21:21] [INFO] [ShopBot] 滑动 (800, 400) -> (800, 150), 时长 0.3s
[2026-05-22 01:21:23] [DEBUG] [ShopBot] 整区 OCR 检测到 28 个文字块，4 行
[2026-05-22 01:21:23] [INFO] [ShopBot] 物品 0 (y=154-259): '英雄骨头史莱姆奈汉库伊可购买1次' → fodder (conf=0.65), 价格 29000, 货币 gold, 购买按钮 @ (1192, 206)
[2026-05-22 01:21:23] [INFO] [ShopBot] 物品 1 (y=313-405): '英雄火焰普纽洛奈汉库伊可购买1次' → unknown (conf=0.00), 价格 29000, 货币 gold, 购买按钮 @ (1192, 359)
[2026-05-22 01:21:23] [INFO] [ShopBot] 物品 2 (y=458-550): '英雄浪云风癣兽奈汉库伊可购买1次' → unknown (conf=0.00), 价格 29000, 货币 gold, 购买按钮 @ (1192, 504)
[2026-05-22 01:21:23] [INFO] [ShopBot] 物品 3 (y=602-705): '英雄防御型忠犬奈汉库伊可购买1次' → unknown (conf=0.00), 价格 29000, 货币 gold, 购买按钮 @ (1192, 653)
[2026-05-22 01:21:23] [INFO] [ShopBot] 跳过物品: fodder
[2026-05-22 01:21:23] [INFO] [ShopBot] 跳过物品: unknown
[2026-05-22 01:21:23] [INFO] [ShopBot] 跳过物品: unknown
[2026-05-22 01:21:23] [INFO] [ShopBot] 跳过物品: unknown
[2026-05-22 01:21:23] [INFO] [ShopBot] 货架处理完成，共购买 0 个物品
[2026-05-22 01:21:23] [INFO] [ShopBot] 第 1 次查看，购买 0 个物品
[2026-05-22 01:21:23] [INFO] [ShopBot] 滑动 (800, 400) -> (800, 150), 时长 0.3s
[2026-05-22 01:21:25] [DEBUG] [ShopBot] 整区 OCR 检测到 28 个文字块，4 行
[2026-05-22 01:21:25] [INFO] [ShopBot] 物品 0 (y=154-259): '英雄骨头史莱姆奈汉库伊可购买1次' → fodder (conf=0.65), 价格 29000, 货币 gold, 购买按钮 @ (1192, 206)
[2026-05-22 01:21:25] [INFO] [ShopBot] 物品 1 (y=313-405): '英雄火焰普纽洛奈汉库伊可购买1次' → unknown (conf=0.00), 价格 29000, 货币 gold, 购买按钮 @ (1192, 359)
[2026-05-22 01:21:25] [INFO] [ShopBot] 物品 2 (y=457-550): '英雄浪云风癣兽奈汉库伊可购买1次' → unknown (conf=0.00), 价格 29000, 货币 gold, 购买按钮 @ (1192, 503)
[2026-05-22 01:21:25] [INFO] [ShopBot] 物品 3 (y=602-705): '英雄防御型忠犬奈汉库伊可购买1次' → unknown (conf=0.00), 价格 29000, 货币 gold, 购买按钮 @ (1192, 653)
[2026-05-22 01:21:25] [INFO] [ShopBot] 已到达货架底部（第 2 次滑动后，识别结果无变化）
[2026-05-22 01:21:25] [INFO] [ShopBot] 点击刷新按钮 (268, 659)
[2026-05-22 01:21:25] [INFO] [ShopBot] 点击坐标 (268, 659)
[2026-05-22 01:21:26] [INFO] [ShopBot] 点击刷新确认 @ (748, 460)
[2026-05-22 01:21:26] [INFO] [ShopBot] 点击坐标 (748, 460)
[2026-05-22 01:21:26] [INFO] [ShopBot] 等待货架加载...
[2026-05-22 01:21:27] [INFO] [ShopBot] ===== 第 31 轮 =====
[2026-05-22 01:21:27] [INFO] [ShopBot] 滑动到货架顶部...
[2026-05-22 01:21:27] [INFO] [ShopBot] 滑动 (800, 150) -> (800, 400), 时长 0.3s
[2026-05-22 01:21:29] [DEBUG] [ShopBot] 整区 OCR 检测到 31 个文字块，4 行
[2026-05-22 01:21:29] [INFO] [ShopBot] 物品 0 (y=121-213): '英雄怪异的魔物奈汉库伊可购买1次' → unknown (conf=0.00), 价格 29000, 货币 gold, 购买按钮 @ (1192, 167)
[2026-05-22 01:21:29] [INFO] [ShopBot] 物品 1 (y=265-358): '85装备黑曜石项链妮萨可购买1次' → equipment (conf=0.70), 价格 540000, 货币 gold, 购买按钮 @ (1192, 311)
[2026-05-22 01:21:29] [INFO] [ShopBot] 物品 2 (y=410-503): '70装备破灭精髓王冠商人亚彼荷可购买1次' → equipment (conf=0.70), 价格 380000, 货币 gold, 购买按钮 @ (1192, 456)
[2026-05-22 01:21:29] [INFO] [ShopBot] 物品 3 (y=555-705): '货币友情点数诺诺里50可购买1次' → unknown (conf=0.00), 价格 18000, 货币 gold, 购买按钮 @ (1192, 630)
[2026-05-22 01:21:29] [INFO] [ShopBot] 跳过物品: unknown
[2026-05-22 01:21:29] [INFO] [ShopBot] 跳过物品: equipment
[2026-05-22 01:21:29] [INFO] [ShopBot] 跳过物品: equipment
[2026-05-22 01:21:29] [INFO] [ShopBot] 跳过物品: unknown
[2026-05-22 01:21:29] [INFO] [ShopBot] 货架处理完成，共购买 0 个物品
[2026-05-22 01:21:29] [INFO] [ShopBot] 第 0 次查看，购买 0 个物品
[2026-05-22 01:21:29] [INFO] [ShopBot] 滑动 (800, 400) -> (800, 150), 时长 0.3s
[2026-05-22 01:21:31] [DEBUG] [ShopBot] 整区 OCR 检测到 33 个文字块，5 行
[2026-05-22 01:21:31] [INFO] [ShopBot] 物品 0 (y=80-123): '可购买1次' → unknown (conf=0.00), 价格 0, 货币 gold, 购买按钮 @ (1192, 101)
[2026-05-22 01:21:31] [INFO] [ShopBot] 物品 1 (y=154-269): '装备70破灭精髓王冠商人亚彼荷可购买1次' → equipment (conf=0.70), 价格 380000, 货币 gold, 购买按钮 @ (1192, 211)
[2026-05-22 01:21:31] [INFO] [ShopBot] 物品 2 (y=321-415): '货币友情点数若诺里50可购买1次' → unknown (conf=0.00), 价格 18000, 货币 gold, 购买按钮 @ (1192, 368)
[2026-05-22 01:21:31] [INFO] [ShopBot] 物品 3 (y=467-559): '英雄霸王史莱姆奈汉库伊可购买1次' → fodder (conf=0.65), 价格 29000, 货币 gold, 购买按钮 @ (1192, 513)
[2026-05-22 01:21:31] [INFO] [ShopBot] 物品 4 (y=603-705): '装备蜘蛛君主的头盔商人亚彼荷可购买1次' → equipment (conf=0.70), 价格 750000, 货币 gold, 购买按钮 @ (1192, 654)
[2026-05-22 01:21:31] [INFO] [ShopBot] 跳过物品: unknown
[2026-05-22 01:21:31] [INFO] [ShopBot] 跳过物品: equipment
[2026-05-22 01:21:31] [INFO] [ShopBot] 跳过物品: unknown
[2026-05-22 01:21:31] [INFO] [ShopBot] 跳过物品: fodder
[2026-05-22 01:21:31] [INFO] [ShopBot] 跳过物品: equipment
[2026-05-22 01:21:31] [INFO] [ShopBot] 货架处理完成，共购买 0 个物品
[2026-05-22 01:21:31] [INFO] [ShopBot] 第 1 次查看，购买 0 个物品
[2026-05-22 01:21:31] [INFO] [ShopBot] 滑动 (800, 400) -> (800, 150), 时长 0.3s
[2026-05-22 01:21:33] [DEBUG] [ShopBot] 整区 OCR 检测到 31 个文字块，4 行
[2026-05-22 01:21:33] [INFO] [ShopBot] 物品 0 (y=154-260): '70装备破灭精髓王冠商人亚彼荷可购买1次' → equipment (conf=0.70), 价格 380000, 货币 gold, 购买按钮 @ (1192, 207)
[2026-05-22 01:21:33] [INFO] [ShopBot] 物品 1 (y=311-405): '货币友情点数诺诺里50可购买1次' → unknown (conf=0.00), 价格 18000, 货币 gold, 购买按钮 @ (1192, 358)
[2026-05-22 01:21:33] [INFO] [ShopBot] 物品 2 (y=458-550): '英雄霸王史莱姆奈汉库伊可购买1次' → fodder (conf=0.65), 价格 29000, 货币 gold, 购买按钮 @ (1192, 504)
[2026-05-22 01:21:33] [INFO] [ShopBot] 物品 3 (y=601-705): '70装备蜘蛛君主的头盔商人亚彼荷可购买1次' → equipment (conf=0.70), 价格 750000, 货币 gold, 购买按钮 @ (1192, 653)
[2026-05-22 01:21:33] [INFO] [ShopBot] 跳过物品: equipment
[2026-05-22 01:21:33] [INFO] [ShopBot] 跳过物品: unknown
[2026-05-22 01:21:33] [INFO] [ShopBot] 跳过物品: fodder
[2026-05-22 01:21:33] [INFO] [ShopBot] 跳过物品: equipment
[2026-05-22 01:21:33] [INFO] [ShopBot] 货架处理完成，共购买 0 个物品
[2026-05-22 01:21:33] [INFO] [ShopBot] 第 2 次查看，购买 0 个物品
[2026-05-22 01:21:33] [INFO] [ShopBot] 滑动 (800, 400) -> (800, 150), 时长 0.3s
[2026-05-22 01:21:35] [DEBUG] [ShopBot] 整区 OCR 检测到 31 个文字块，4 行
[2026-05-22 01:21:35] [INFO] [ShopBot] 物品 0 (y=154-260): '70装备破灭精髓王冠商人亚彼荷可购买1次' → equipment (conf=0.70), 价格 380000, 货币 gold, 购买按钮 @ (1192, 207)
[2026-05-22 01:21:35] [INFO] [ShopBot] 物品 1 (y=311-405): '货币友情点数诺诺里50可购买1次' → unknown (conf=0.00), 价格 18000, 货币 gold, 购买按钮 @ (1192, 358)
[2026-05-22 01:21:35] [INFO] [ShopBot] 物品 2 (y=458-550): '英雄霸王史莱姆奈汉库伊可购买1次' → fodder (conf=0.65), 价格 29000, 货币 gold, 购买按钮 @ (1192, 504)
[2026-05-22 01:21:35] [INFO] [ShopBot] 物品 3 (y=601-695): '70装备蜘蛛君主的头盔商人亚彼荷可购买1次' → equipment (conf=0.70), 价格 750000, 货币 gold, 购买按钮 @ (1192, 648)
[2026-05-22 01:21:35] [INFO] [ShopBot] 已到达货架底部（第 3 次滑动后，识别结果无变化）
[2026-05-22 01:21:35] [INFO] [ShopBot] 点击刷新按钮 (268, 659)
[2026-05-22 01:21:35] [INFO] [ShopBot] 点击坐标 (268, 659)
[2026-05-22 01:21:36] [INFO] [ShopBot] 点击刷新确认 @ (748, 460)
[2026-05-22 01:21:36] [INFO] [ShopBot] 点击坐标 (748, 460)
[2026-05-22 01:21:36] [INFO] [ShopBot] 等待货架加载...
[2026-05-22 01:21:37] [INFO] [ShopBot] ===== 第 32 轮 =====
[2026-05-22 01:21:37] [INFO] [ShopBot] 滑动到货架顶部...
[2026-05-22 01:21:37] [INFO] [ShopBot] 滑动 (800, 150) -> (800, 400), 时长 0.3s
[2026-05-22 01:21:38] [DEBUG] [ShopBot] 整区 OCR 检测到 31 个文字块，5 行
[2026-05-22 01:21:38] [INFO] [ShopBot] 物品 0 (y=120-211): '55装备精巧的恶魔重甲商人亚彼荷可购买1次' → equipment (conf=0.70), 价格 240000, 货币 gold, 购买按钮 @ (1192, 165)
[2026-05-22 01:21:38] [INFO] [ShopBot] 物品 1 (y=263-357): '55装备勇士的背甲靴子商人亚彼荷可购买1次' → equipment (conf=0.70), 价格 240000, 货币 gold, 购买按钮 @ (1192, 310)
[2026-05-22 01:21:38] [INFO] [ShopBot] 物品 2 (y=408-502): '货币友情点数可购买1次50' → unknown (conf=0.00), 价格 18000, 货币 gold, 购买按钮 @ (1192, 455)
[2026-05-22 01:21:38] [INFO] [ShopBot] 物品 3 (y=553-647): '装备55蓝宝石戒指妮萨可购买1次' → equipment (conf=0.70), 价格 360000, 货币 gold, 购买按钮 @ (1192, 600)
[2026-05-22 01:21:38] [INFO] [ShopBot] 物品 4 (y=648-705): '' → unknown (conf=0.00), 价格 0, 货币 gold, 购买按钮 @ (1192, 676)
[2026-05-22 01:21:38] [INFO] [ShopBot] 跳过物品: equipment
[2026-05-22 01:21:38] [INFO] [ShopBot] 跳过物品: equipment
[2026-05-22 01:21:38] [INFO] [ShopBot] 跳过物品: unknown
[2026-05-22 01:21:38] [INFO] [ShopBot] 跳过物品: equipment
[2026-05-22 01:21:38] [INFO] [ShopBot] 跳过物品: unknown
[2026-05-22 01:21:38] [INFO] [ShopBot] 货架处理完成，共购买 0 个物品
[2026-05-22 01:21:38] [INFO] [ShopBot] 第 0 次查看，购买 0 个物品
[2026-05-22 01:21:38] [INFO] [ShopBot] 滑动 (800, 400) -> (800, 150), 时长 0.3s
