[2026-05-07 23:11:53] [DEBUG] [ShopBot] 左侧导航顶部亮度: 240.0
[2026-05-07 23:11:53] [INFO] [ShopBot] 场景检测: 秘密商店（左侧导航栏白色高亮）
[2026-05-07 23:11:53] [DEBUG] [ShopBot] 左侧导航顶部亮度: 180.0
[2026-05-07 23:11:53] [DEBUG] [ShopBot] 左侧导航亮度: 24.0 底部亮度: 130.0
[2026-05-07 23:11:53] [WARNING] [ShopBot] 场景检测: 未知界面
[2026-05-07 23:11:53] [DEBUG] [ShopBot] 左侧导航顶部亮度: 100.0
[2026-05-07 23:11:53] [DEBUG] [ShopBot] 左侧导航亮度: 13.3 底部亮度: 50.0
[2026-05-07 23:11:53] [WARNING] [ShopBot] 场景检测: 未知界面
[2026-05-07 23:11:53] [DEBUG] [ShopBot] 左侧导航顶部亮度: 240.0
[2026-05-07 23:11:53] [INFO] [ShopBot] 场景检测: 秘密商店（左侧导航栏白色高亮）
[2026-05-07 23:11:53] [DEBUG] [ShopBot] 左侧导航顶部亮度: 250.0
[2026-05-07 23:11:53] [DEBUG] [ShopBot] 左侧导航顶部亮度: 150.0
[2026-05-07 23:11:53] [DEBUG] [ShopBot] 左侧导航亮度: 24.0 底部亮度: 140.0
[2026-05-07 23:11:53] [DEBUG] [ShopBot] 左侧导航亮度: 24.0 底部亮度: 50.0
[2026-05-07 23:11:53] [DEBUG] [ShopBot] 左侧导航亮度: 30.7 底部亮度: 140.0
[2026-05-07 23:11:53] [DEBUG] [ShopBot] 左侧导航亮度: 13.3 底部亮度: 140.0
[2026-05-07 23:11:53] [INFO] [ShopBot] 开始导航至秘密商店（超时 30.0s）
[2026-05-07 23:11:53] [INFO] [ShopBot] 已到达秘密商店
[2026-05-07 23:11:53] [INFO] [ShopBot] 开始导航至秘密商店（超时 30.0s）
[2026-05-07 23:11:53] [INFO] [ShopBot] 从大厅点击左侧导航栏的秘密商店入口
[2026-05-07 23:11:53] [INFO] [ShopBot] 已到达秘密商店
[2026-05-07 23:11:53] [INFO] [ShopBot] 开始导航至秘密商店（超时 0.01s）
[2026-05-07 23:11:53] [WARNING] [ShopBot] 界面无法识别且无弹窗，等待后重试
[2026-05-07 23:11:53] [WARNING] [ShopBot] 界面无法识别且无弹窗，等待后重试
[2026-05-07 23:11:53] [WARNING] [ShopBot] 界面无法识别且无弹窗，等待后重试
[2026-05-07 23:11:53] [WARNING] [ShopBot] 界面无法识别且无弹窗，等待后重试
[2026-05-07 23:11:53] [WARNING] [ShopBot] 界面无法识别且无弹窗，等待后重试
[2026-05-07 23:11:53] [WARNING] [ShopBot] 界面无法识别且无弹窗，等待后重试
[2026-05-07 23:11:53] [WARNING] [ShopBot] 界面无法识别且无弹窗，等待后重试
[2026-05-07 23:11:53] [WARNING] [ShopBot] 界面无法识别且无弹窗，等待后重试
[2026-05-07 23:11:53] [WARNING] [ShopBot] 界面无法识别且无弹窗，等待后重试
[2026-05-07 23:11:53] [WARNING] [ShopBot] 界面无法识别且无弹窗，等待后重试
[2026-05-07 23:11:53] [WARNING] [ShopBot] 界面无法识别且无弹窗，等待后重试
[2026-05-07 23:11:53] [WARNING] [ShopBot] 界面无法识别且无弹窗，等待后重试
[2026-05-07 23:11:53] [WARNING] [ShopBot] 界面无法识别且无弹窗，等待后重试
[2026-05-07 23:11:53] [WARNING] [ShopBot] 界面无法识别且无弹窗，等待后重试
[2026-05-07 23:11:53] [WARNING] [ShopBot] 界面无法识别且无弹窗，等待后重试
[2026-05-07 23:11:53] [WARNING] [ShopBot] 界面无法识别且无弹窗，等待后重试
[2026-05-07 23:11:53] [WARNING] [ShopBot] 界面无法识别且无弹窗，等待后重试
[2026-05-07 23:11:53] [WARNING] [ShopBot] 界面无法识别且无弹窗，等待后重试
[2026-05-07 23:11:53] [WARNING] [ShopBot] 界面无法识别且无弹窗，等待后重试
[2026-05-07 23:11:53] [WARNING] [ShopBot] 界面无法识别且无弹窗，等待后重试
[2026-05-07 23:11:53] [WARNING] [ShopBot] 界面无法识别且无弹窗，等待后重试
[2026-05-07 23:11:53] [WARNING] [ShopBot] 界面无法识别且无弹窗，等待后重试
[2026-05-07 23:11:53] [WARNING] [ShopBot] 界面无法识别且无弹窗，等待后重试
[2026-05-07 23:11:53] [WARNING] [ShopBot] 界面无法识别且无弹窗，等待后重试
[2026-05-07 23:11:53] [WARNING] [ShopBot] 界面无法识别且无弹窗，等待后重试
[2026-05-07 23:11:53] [WARNING] [ShopBot] 界面无法识别且无弹窗，等待后重试
[2026-05-07 23:11:53] [WARNING] [ShopBot] 界面无法识别且无弹窗，等待后重试
[2026-05-07 23:11:53] [WARNING] [ShopBot] 界面无法识别且无弹窗，等待后重试
[2026-05-07 23:11:53] [WARNING] [ShopBot] 界面无法识别且无弹窗，等待后重试
[2026-05-07 23:11:53] [WARNING] [ShopBot] 界面无法识别且无弹窗，等待后重试
[2026-05-07 23:11:53] [WARNING] [ShopBot] 界面无法识别且无弹窗，等待后重试
[2026-05-07 23:11:53] [WARNING] [ShopBot] 界面无法识别且无弹窗，等待后重试
[2026-05-07 23:11:53] [WARNING] [ShopBot] 界面无法识别且无弹窗，等待后重试
[2026-05-07 23:11:53] [WARNING] [ShopBot] 界面无法识别且无弹窗，等待后重试
[2026-05-07 23:11:53] [WARNING] [ShopBot] 界面无法识别且无弹窗，等待后重试
[2026-05-07 23:11:53] [WARNING] [ShopBot] 界面无法识别且无弹窗，等待后重试
[2026-05-07 23:11:53] [WARNING] [ShopBot] 界面无法识别且无弹窗，等待后重试
[2026-05-07 23:11:53] [WARNING] [ShopBot] 界面无法识别且无弹窗，等待后重试
[2026-05-07 23:11:53] [WARNING] [ShopBot] 界面无法识别且无弹窗，等待后重试
[2026-05-07 23:11:53] [WARNING] [ShopBot] 界面无法识别且无弹窗，等待后重试
[2026-05-07 23:11:53] [WARNING] [ShopBot] 界面无法识别且无弹窗，等待后重试
[2026-05-07 23:11:53] [WARNING] [ShopBot] 界面无法识别且无弹窗，等待后重试
[2026-05-07 23:11:53] [WARNING] [ShopBot] 界面无法识别且无弹窗，等待后重试
[2026-05-07 23:11:53] [WARNING] [ShopBot] 界面无法识别且无弹窗，等待后重试
[2026-05-07 23:11:53] [WARNING] [ShopBot] 界面无法识别且无弹窗，等待后重试
[2026-05-07 23:11:53] [WARNING] [ShopBot] 界面无法识别且无弹窗，等待后重试
[2026-05-07 23:11:53] [WARNING] [ShopBot] 界面无法识别且无弹窗，等待后重试
[2026-05-07 23:11:53] [WARNING] [ShopBot] 界面无法识别且无弹窗，等待后重试
[2026-05-07 23:11:53] [WARNING] [ShopBot] 界面无法识别且无弹窗，等待后重试
[2026-05-07 23:11:53] [WARNING] [ShopBot] 界面无法识别且无弹窗，等待后重试
[2026-05-07 23:11:53] [WARNING] [ShopBot] 界面无法识别且无弹窗，等待后重试
[2026-05-07 23:11:53] [WARNING] [ShopBot] 界面无法识别且无弹窗，等待后重试
[2026-05-07 23:11:53] [WARNING] [ShopBot] 界面无法识别且无弹窗，等待后重试
[2026-05-07 23:11:53] [WARNING] [ShopBot] 界面无法识别且无弹窗，等待后重试
[2026-05-07 23:11:53] [WARNING] [ShopBot] 界面无法识别且无弹窗，等待后重试
[2026-05-07 23:11:53] [WARNING] [ShopBot] 界面无法识别且无弹窗，等待后重试
[2026-05-07 23:11:53] [WARNING] [ShopBot] 界面无法识别且无弹窗，等待后重试
[2026-05-07 23:11:53] [WARNING] [ShopBot] 界面无法识别且无弹窗，等待后重试
[2026-05-07 23:11:53] [WARNING] [ShopBot] 界面无法识别且无弹窗，等待后重试
[2026-05-07 23:11:53] [WARNING] [ShopBot] 界面无法识别且无弹窗，等待后重试
[2026-05-07 23:11:53] [WARNING] [ShopBot] 界面无法识别且无弹窗，等待后重试
[2026-05-07 23:11:53] [WARNING] [ShopBot] 界面无法识别且无弹窗，等待后重试
[2026-05-07 23:11:53] [WARNING] [ShopBot] 界面无法识别且无弹窗，等待后重试
[2026-05-07 23:11:53] [WARNING] [ShopBot] 界面无法识别且无弹窗，等待后重试
[2026-05-07 23:11:53] [WARNING] [ShopBot] 界面无法识别且无弹窗，等待后重试
[2026-05-07 23:11:53] [WARNING] [ShopBot] 界面无法识别且无弹窗，等待后重试
[2026-05-07 23:11:53] [WARNING] [ShopBot] 界面无法识别且无弹窗，等待后重试
[2026-05-07 23:11:53] [WARNING] [ShopBot] 界面无法识别且无弹窗，等待后重试
[2026-05-07 23:11:53] [WARNING] [ShopBot] 界面无法识别且无弹窗，等待后重试
[2026-05-07 23:11:53] [WARNING] [ShopBot] 界面无法识别且无弹窗，等待后重试
[2026-05-07 23:11:53] [WARNING] [ShopBot] 界面无法识别且无弹窗，等待后重试
[2026-05-07 23:11:53] [WARNING] [ShopBot] 界面无法识别且无弹窗，等待后重试
[2026-05-07 23:11:53] [WARNING] [ShopBot] 界面无法识别且无弹窗，等待后重试
[2026-05-07 23:11:53] [WARNING] [ShopBot] 界面无法识别且无弹窗，等待后重试
[2026-05-07 23:11:53] [WARNING] [ShopBot] 界面无法识别且无弹窗，等待后重试
[2026-05-07 23:11:53] [WARNING] [ShopBot] 界面无法识别且无弹窗，等待后重试
[2026-05-07 23:11:53] [WARNING] [ShopBot] 界面无法识别且无弹窗，等待后重试
[2026-05-07 23:11:53] [WARNING] [ShopBot] 界面无法识别且无弹窗，等待后重试
[2026-05-07 23:11:53] [WARNING] [ShopBot] 界面无法识别且无弹窗，等待后重试
[2026-05-07 23:11:53] [WARNING] [ShopBot] 界面无法识别且无弹窗，等待后重试
[2026-05-07 23:11:53] [WARNING] [ShopBot] 界面无法识别且无弹窗，等待后重试
[2026-05-07 23:11:53] [WARNING] [ShopBot] 界面无法识别且无弹窗，等待后重试
[2026-05-07 23:11:53] [WARNING] [ShopBot] 界面无法识别且无弹窗，等待后重试
[2026-05-07 23:11:53] [WARNING] [ShopBot] 界面无法识别且无弹窗，等待后重试
[2026-05-07 23:11:53] [WARNING] [ShopBot] 界面无法识别且无弹窗，等待后重试
[2026-05-07 23:11:53] [WARNING] [ShopBot] 界面无法识别且无弹窗，等待后重试
[2026-05-07 23:11:53] [WARNING] [ShopBot] 界面无法识别且无弹窗，等待后重试
[2026-05-07 23:11:53] [WARNING] [ShopBot] 界面无法识别且无弹窗，等待后重试
[2026-05-07 23:11:53] [WARNING] [ShopBot] 界面无法识别且无弹窗，等待后重试
[2026-05-07 23:11:53] [WARNING] [ShopBot] 界面无法识别且无弹窗，等待后重试
[2026-05-07 23:11:53] [WARNING] [ShopBot] 界面无法识别且无弹窗，等待后重试
[2026-05-07 23:11:53] [WARNING] [ShopBot] 界面无法识别且无弹窗，等待后重试
[2026-05-07 23:11:53] [WARNING] [ShopBot] 界面无法识别且无弹窗，等待后重试
[2026-05-07 23:11:53] [WARNING] [ShopBot] 界面无法识别且无弹窗，等待后重试
[2026-05-07 23:11:53] [WARNING] [ShopBot] 界面无法识别且无弹窗，等待后重试
[2026-05-07 23:11:53] [WARNING] [ShopBot] 界面无法识别且无弹窗，等待后重试
[2026-05-07 23:11:53] [WARNING] [ShopBot] 界面无法识别且无弹窗，等待后重试
[2026-05-07 23:11:53] [WARNING] [ShopBot] 界面无法识别且无弹窗，等待后重试
[2026-05-07 23:11:53] [WARNING] [ShopBot] 界面无法识别且无弹窗，等待后重试
[2026-05-07 23:11:53] [WARNING] [ShopBot] 界面无法识别且无弹窗，等待后重试
[2026-05-07 23:11:53] [WARNING] [ShopBot] 界面无法识别且无弹窗，等待后重试
[2026-05-07 23:11:53] [WARNING] [ShopBot] 界面无法识别且无弹窗，等待后重试
[2026-05-07 23:11:53] [WARNING] [ShopBot] 界面无法识别且无弹窗，等待后重试
[2026-05-07 23:11:53] [WARNING] [ShopBot] 界面无法识别且无弹窗，等待后重试
[2026-05-07 23:11:53] [WARNING] [ShopBot] 界面无法识别且无弹窗，等待后重试
[2026-05-07 23:11:53] [WARNING] [ShopBot] 界面无法识别且无弹窗，等待后重试
[2026-05-07 23:11:53] [WARNING] [ShopBot] 界面无法识别且无弹窗，等待后重试
[2026-05-07 23:11:53] [WARNING] [ShopBot] 界面无法识别且无弹窗，等待后重试
[2026-05-07 23:11:53] [WARNING] [ShopBot] 界面无法识别且无弹窗，等待后重试
[2026-05-07 23:11:53] [WARNING] [ShopBot] 界面无法识别且无弹窗，等待后重试
[2026-05-07 23:11:53] [WARNING] [ShopBot] 界面无法识别且无弹窗，等待后重试
[2026-05-07 23:11:53] [WARNING] [ShopBot] 界面无法识别且无弹窗，等待后重试
[2026-05-07 23:11:53] [WARNING] [ShopBot] 界面无法识别且无弹窗，等待后重试
[2026-05-07 23:11:53] [WARNING] [ShopBot] 界面无法识别且无弹窗，等待后重试
[2026-05-07 23:11:53] [WARNING] [ShopBot] 界面无法识别且无弹窗，等待后重试
[2026-05-07 23:11:53] [WARNING] [ShopBot] 界面无法识别且无弹窗，等待后重试
[2026-05-07 23:11:53] [WARNING] [ShopBot] 界面无法识别且无弹窗，等待后重试
[2026-05-07 23:11:53] [WARNING] [ShopBot] 界面无法识别且无弹窗，等待后重试
[2026-05-07 23:11:53] [WARNING] [ShopBot] 界面无法识别且无弹窗，等待后重试
[2026-05-07 23:11:53] [WARNING] [ShopBot] 界面无法识别且无弹窗，等待后重试
[2026-05-07 23:11:53] [WARNING] [ShopBot] 界面无法识别且无弹窗，等待后重试
[2026-05-07 23:11:53] [WARNING] [ShopBot] 界面无法识别且无弹窗，等待后重试
[2026-05-07 23:11:53] [WARNING] [ShopBot] 界面无法识别且无弹窗，等待后重试
[2026-05-07 23:11:53] [WARNING] [ShopBot] 界面无法识别且无弹窗，等待后重试
[2026-05-07 23:11:53] [WARNING] [ShopBot] 界面无法识别且无弹窗，等待后重试
[2026-05-07 23:11:53] [WARNING] [ShopBot] 界面无法识别且无弹窗，等待后重试
[2026-05-07 23:11:53] [WARNING] [ShopBot] 界面无法识别且无弹窗，等待后重试
[2026-05-07 23:11:53] [WARNING] [ShopBot] 界面无法识别且无弹窗，等待后重试
[2026-05-07 23:11:53] [WARNING] [ShopBot] 界面无法识别且无弹窗，等待后重试
[2026-05-07 23:11:53] [WARNING] [ShopBot] 界面无法识别且无弹窗，等待后重试
[2026-05-07 23:11:53] [WARNING] [ShopBot] 界面无法识别且无弹窗，等待后重试
[2026-05-07 23:11:53] [WARNING] [ShopBot] 界面无法识别且无弹窗，等待后重试
[2026-05-07 23:11:53] [WARNING] [ShopBot] 界面无法识别且无弹窗，等待后重试
[2026-05-07 23:11:53] [WARNING] [ShopBot] 界面无法识别且无弹窗，等待后重试
[2026-05-07 23:11:53] [WARNING] [ShopBot] 界面无法识别且无弹窗，等待后重试
[2026-05-07 23:11:53] [WARNING] [ShopBot] 界面无法识别且无弹窗，等待后重试
[2026-05-07 23:11:53] [WARNING] [ShopBot] 界面无法识别且无弹窗，等待后重试
[2026-05-07 23:11:53] [WARNING] [ShopBot] 界面无法识别且无弹窗，等待后重试
[2026-05-07 23:11:53] [WARNING] [ShopBot] 界面无法识别且无弹窗，等待后重试
[2026-05-07 23:11:53] [WARNING] [ShopBot] 界面无法识别且无弹窗，等待后重试
[2026-05-07 23:11:53] [WARNING] [ShopBot] 界面无法识别且无弹窗，等待后重试
[2026-05-07 23:11:53] [WARNING] [ShopBot] 界面无法识别且无弹窗，等待后重试
[2026-05-07 23:11:53] [WARNING] [ShopBot] 界面无法识别且无弹窗，等待后重试
[2026-05-07 23:11:53] [WARNING] [ShopBot] 界面无法识别且无弹窗，等待后重试
[2026-05-07 23:11:53] [WARNING] [ShopBot] 界面无法识别且无弹窗，等待后重试
[2026-05-07 23:11:53] [WARNING] [ShopBot] 界面无法识别且无弹窗，等待后重试
[2026-05-07 23:11:53] [WARNING] [ShopBot] 界面无法识别且无弹窗，等待后重试
[2026-05-07 23:11:53] [WARNING] [ShopBot] 界面无法识别且无弹窗，等待后重试
[2026-05-07 23:11:53] [WARNING] [ShopBot] 界面无法识别且无弹窗，等待后重试
[2026-05-07 23:11:53] [WARNING] [ShopBot] 界面无法识别且无弹窗，等待后重试
[2026-05-07 23:11:53] [WARNING] [ShopBot] 界面无法识别且无弹窗，等待后重试
[2026-05-07 23:11:53] [WARNING] [ShopBot] 界面无法识别且无弹窗，等待后重试
[2026-05-07 23:11:53] [WARNING] [ShopBot] 界面无法识别且无弹窗，等待后重试
[2026-05-07 23:11:53] [WARNING] [ShopBot] 界面无法识别且无弹窗，等待后重试
[2026-05-07 23:11:53] [WARNING] [ShopBot] 界面无法识别且无弹窗，等待后重试
[2026-05-07 23:11:53] [WARNING] [ShopBot] 界面无法识别且无弹窗，等待后重试
[2026-05-07 23:11:53] [WARNING] [ShopBot] 界面无法识别且无弹窗，等待后重试
[2026-05-07 23:11:53] [WARNING] [ShopBot] 界面无法识别且无弹窗，等待后重试
[2026-05-07 23:11:53] [WARNING] [ShopBot] 界面无法识别且无弹窗，等待后重试
[2026-05-07 23:11:53] [WARNING] [ShopBot] 界面无法识别且无弹窗，等待后重试
[2026-05-07 23:11:53] [WARNING] [ShopBot] 界面无法识别且无弹窗，等待后重试
[2026-05-07 23:11:53] [WARNING] [ShopBot] 界面无法识别且无弹窗，等待后重试
[2026-05-07 23:11:53] [WARNING] [ShopBot] 界面无法识别且无弹窗，等待后重试
[2026-05-07 23:11:53] [WARNING] [ShopBot] 界面无法识别且无弹窗，等待后重试
[2026-05-07 23:11:53] [WARNING] [ShopBot] 界面无法识别且无弹窗，等待后重试
[2026-05-07 23:11:53] [WARNING] [ShopBot] 界面无法识别且无弹窗，等待后重试
[2026-05-07 23:11:53] [WARNING] [ShopBot] 界面无法识别且无弹窗，等待后重试
[2026-05-07 23:11:53] [WARNING] [ShopBot] 界面无法识别且无弹窗，等待后重试
[2026-05-07 23:11:53] [WARNING] [ShopBot] 界面无法识别且无弹窗，等待后重试
[2026-05-07 23:11:53] [WARNING] [ShopBot] 界面无法识别且无弹窗，等待后重试
[2026-05-07 23:11:53] [WARNING] [ShopBot] 界面无法识别且无弹窗，等待后重试
[2026-05-07 23:11:53] [WARNING] [ShopBot] 界面无法识别且无弹窗，等待后重试
[2026-05-07 23:11:53] [WARNING] [ShopBot] 界面无法识别且无弹窗，等待后重试
[2026-05-07 23:11:53] [WARNING] [ShopBot] 界面无法识别且无弹窗，等待后重试
[2026-05-07 23:11:53] [WARNING] [ShopBot] 界面无法识别且无弹窗，等待后重试
[2026-05-07 23:11:53] [WARNING] [ShopBot] 界面无法识别且无弹窗，等待后重试
[2026-05-07 23:11:53] [WARNING] [ShopBot] 界面无法识别且无弹窗，等待后重试
[2026-05-07 23:11:53] [WARNING] [ShopBot] 界面无法识别且无弹窗，等待后重试
[2026-05-07 23:11:53] [WARNING] [ShopBot] 界面无法识别且无弹窗，等待后重试
[2026-05-07 23:11:53] [WARNING] [ShopBot] 界面无法识别且无弹窗，等待后重试
[2026-05-07 23:11:53] [WARNING] [ShopBot] 界面无法识别且无弹窗，等待后重试
[2026-05-07 23:11:53] [WARNING] [ShopBot] 界面无法识别且无弹窗，等待后重试
[2026-05-07 23:11:53] [WARNING] [ShopBot] 界面无法识别且无弹窗，等待后重试
[2026-05-07 23:11:53] [WARNING] [ShopBot] 界面无法识别且无弹窗，等待后重试
[2026-05-07 23:11:53] [WARNING] [ShopBot] 界面无法识别且无弹窗，等待后重试
[2026-05-07 23:11:53] [WARNING] [ShopBot] 界面无法识别且无弹窗，等待后重试
[2026-05-07 23:11:53] [WARNING] [ShopBot] 界面无法识别且无弹窗，等待后重试
[2026-05-07 23:11:53] [WARNING] [ShopBot] 界面无法识别且无弹窗，等待后重试
[2026-05-07 23:11:53] [WARNING] [ShopBot] 界面无法识别且无弹窗，等待后重试
[2026-05-07 23:11:53] [WARNING] [ShopBot] 界面无法识别且无弹窗，等待后重试
[2026-05-07 23:11:53] [WARNING] [ShopBot] 界面无法识别且无弹窗，等待后重试
[2026-05-07 23:11:53] [WARNING] [ShopBot] 界面无法识别且无弹窗，等待后重试
[2026-05-07 23:11:53] [WARNING] [ShopBot] 界面无法识别且无弹窗，等待后重试
[2026-05-07 23:11:53] [WARNING] [ShopBot] 界面无法识别且无弹窗，等待后重试
[2026-05-07 23:11:53] [WARNING] [ShopBot] 界面无法识别且无弹窗，等待后重试
[2026-05-07 23:11:53] [WARNING] [ShopBot] 界面无法识别且无弹窗，等待后重试
[2026-05-07 23:11:53] [WARNING] [ShopBot] 界面无法识别且无弹窗，等待后重试
[2026-05-07 23:11:53] [WARNING] [ShopBot] 界面无法识别且无弹窗，等待后重试
[2026-05-07 23:11:53] [WARNING] [ShopBot] 界面无法识别且无弹窗，等待后重试
[2026-05-07 23:11:53] [WARNING] [ShopBot] 界面无法识别且无弹窗，等待后重试
[2026-05-07 23:11:53] [WARNING] [ShopBot] 界面无法识别且无弹窗，等待后重试
[2026-05-07 23:11:53] [WARNING] [ShopBot] 界面无法识别且无弹窗，等待后重试
[2026-05-07 23:11:53] [WARNING] [ShopBot] 界面无法识别且无弹窗，等待后重试
[2026-05-07 23:11:53] [WARNING] [ShopBot] 界面无法识别且无弹窗，等待后重试
[2026-05-07 23:11:53] [WARNING] [ShopBot] 界面无法识别且无弹窗，等待后重试
[2026-05-07 23:11:53] [WARNING] [ShopBot] 界面无法识别且无弹窗，等待后重试
[2026-05-07 23:11:53] [WARNING] [ShopBot] 界面无法识别且无弹窗，等待后重试
[2026-05-07 23:11:53] [WARNING] [ShopBot] 界面无法识别且无弹窗，等待后重试
[2026-05-07 23:11:53] [WARNING] [ShopBot] 界面无法识别且无弹窗，等待后重试
[2026-05-07 23:11:53] [WARNING] [ShopBot] 界面无法识别且无弹窗，等待后重试
[2026-05-07 23:11:53] [WARNING] [ShopBot] 界面无法识别且无弹窗，等待后重试
[2026-05-07 23:11:53] [WARNING] [ShopBot] 界面无法识别且无弹窗，等待后重试
[2026-05-07 23:11:53] [WARNING] [ShopBot] 界面无法识别且无弹窗，等待后重试
[2026-05-07 23:11:53] [WARNING] [ShopBot] 界面无法识别且无弹窗，等待后重试
[2026-05-07 23:11:53] [WARNING] [ShopBot] 界面无法识别且无弹窗，等待后重试
[2026-05-07 23:11:53] [WARNING] [ShopBot] 界面无法识别且无弹窗，等待后重试
[2026-05-07 23:11:53] [WARNING] [ShopBot] 界面无法识别且无弹窗，等待后重试
[2026-05-07 23:11:53] [WARNING] [ShopBot] 界面无法识别且无弹窗，等待后重试
[2026-05-07 23:11:53] [WARNING] [ShopBot] 界面无法识别且无弹窗，等待后重试
[2026-05-07 23:11:53] [WARNING] [ShopBot] 界面无法识别且无弹窗，等待后重试
[2026-05-07 23:11:53] [WARNING] [ShopBot] 界面无法识别且无弹窗，等待后重试
[2026-05-07 23:11:53] [WARNING] [ShopBot] 界面无法识别且无弹窗，等待后重试
[2026-05-07 23:11:53] [WARNING] [ShopBot] 界面无法识别且无弹窗，等待后重试
[2026-05-07 23:11:53] [WARNING] [ShopBot] 界面无法识别且无弹窗，等待后重试
[2026-05-07 23:11:53] [WARNING] [ShopBot] 界面无法识别且无弹窗，等待后重试
[2026-05-07 23:11:53] [WARNING] [ShopBot] 界面无法识别且无弹窗，等待后重试
[2026-05-07 23:11:53] [WARNING] [ShopBot] 界面无法识别且无弹窗，等待后重试
[2026-05-07 23:11:53] [WARNING] [ShopBot] 界面无法识别且无弹窗，等待后重试
[2026-05-07 23:11:53] [WARNING] [ShopBot] 界面无法识别且无弹窗，等待后重试
[2026-05-07 23:11:53] [WARNING] [ShopBot] 界面无法识别且无弹窗，等待后重试
[2026-05-07 23:11:53] [WARNING] [ShopBot] 界面无法识别且无弹窗，等待后重试
[2026-05-07 23:11:53] [WARNING] [ShopBot] 界面无法识别且无弹窗，等待后重试
[2026-05-07 23:11:53] [WARNING] [ShopBot] 界面无法识别且无弹窗，等待后重试
[2026-05-07 23:11:53] [WARNING] [ShopBot] 界面无法识别且无弹窗，等待后重试
[2026-05-07 23:11:53] [WARNING] [ShopBot] 界面无法识别且无弹窗，等待后重试
[2026-05-07 23:11:53] [WARNING] [ShopBot] 界面无法识别且无弹窗，等待后重试
[2026-05-07 23:11:53] [WARNING] [ShopBot] 界面无法识别且无弹窗，等待后重试
[2026-05-07 23:11:53] [WARNING] [ShopBot] 界面无法识别且无弹窗，等待后重试
[2026-05-07 23:11:53] [WARNING] [ShopBot] 界面无法识别且无弹窗，等待后重试
[2026-05-07 23:11:53] [WARNING] [ShopBot] 界面无法识别且无弹窗，等待后重试
[2026-05-07 23:11:53] [WARNING] [ShopBot] 界面无法识别且无弹窗，等待后重试
[2026-05-07 23:11:53] [WARNING] [ShopBot] 界面无法识别且无弹窗，等待后重试
[2026-05-07 23:11:53] [WARNING] [ShopBot] 界面无法识别且无弹窗，等待后重试
[2026-05-07 23:11:53] [WARNING] [ShopBot] 界面无法识别且无弹窗，等待后重试
[2026-05-07 23:11:53] [WARNING] [ShopBot] 界面无法识别且无弹窗，等待后重试
[2026-05-07 23:11:53] [WARNING] [ShopBot] 界面无法识别且无弹窗，等待后重试
[2026-05-07 23:11:53] [WARNING] [ShopBot] 界面无法识别且无弹窗，等待后重试
[2026-05-07 23:11:53] [WARNING] [ShopBot] 界面无法识别且无弹窗，等待后重试
[2026-05-07 23:11:53] [WARNING] [ShopBot] 界面无法识别且无弹窗，等待后重试
[2026-05-07 23:11:53] [WARNING] [ShopBot] 界面无法识别且无弹窗，等待后重试
[2026-05-07 23:11:53] [WARNING] [ShopBot] 界面无法识别且无弹窗，等待后重试
[2026-05-07 23:11:53] [WARNING] [ShopBot] 界面无法识别且无弹窗，等待后重试
[2026-05-07 23:11:53] [WARNING] [ShopBot] 界面无法识别且无弹窗，等待后重试
[2026-05-07 23:11:53] [WARNING] [ShopBot] 界面无法识别且无弹窗，等待后重试
[2026-05-07 23:11:53] [WARNING] [ShopBot] 界面无法识别且无弹窗，等待后重试
[2026-05-07 23:11:53] [WARNING] [ShopBot] 界面无法识别且无弹窗，等待后重试
[2026-05-07 23:11:53] [WARNING] [ShopBot] 界面无法识别且无弹窗，等待后重试
[2026-05-07 23:11:53] [WARNING] [ShopBot] 界面无法识别且无弹窗，等待后重试
[2026-05-07 23:11:53] [WARNING] [ShopBot] 界面无法识别且无弹窗，等待后重试
[2026-05-07 23:11:53] [WARNING] [ShopBot] 界面无法识别且无弹窗，等待后重试
[2026-05-07 23:11:53] [WARNING] [ShopBot] 界面无法识别且无弹窗，等待后重试
[2026-05-07 23:11:53] [WARNING] [ShopBot] 界面无法识别且无弹窗，等待后重试
[2026-05-07 23:11:53] [WARNING] [ShopBot] 界面无法识别且无弹窗，等待后重试
[2026-05-07 23:11:53] [WARNING] [ShopBot] 界面无法识别且无弹窗，等待后重试
[2026-05-07 23:11:53] [WARNING] [ShopBot] 界面无法识别且无弹窗，等待后重试
[2026-05-07 23:11:53] [WARNING] [ShopBot] 界面无法识别且无弹窗，等待后重试
[2026-05-07 23:11:53] [WARNING] [ShopBot] 界面无法识别且无弹窗，等待后重试
[2026-05-07 23:11:53] [WARNING] [ShopBot] 界面无法识别且无弹窗，等待后重试
[2026-05-07 23:11:53] [WARNING] [ShopBot] 界面无法识别且无弹窗，等待后重试
[2026-05-07 23:11:53] [WARNING] [ShopBot] 界面无法识别且无弹窗，等待后重试
[2026-05-07 23:11:53] [WARNING] [ShopBot] 界面无法识别且无弹窗，等待后重试
[2026-05-07 23:11:53] [WARNING] [ShopBot] 界面无法识别且无弹窗，等待后重试
[2026-05-07 23:11:53] [WARNING] [ShopBot] 界面无法识别且无弹窗，等待后重试
[2026-05-07 23:11:53] [WARNING] [ShopBot] 界面无法识别且无弹窗，等待后重试
[2026-05-07 23:11:53] [WARNING] [ShopBot] 界面无法识别且无弹窗，等待后重试
[2026-05-07 23:11:53] [WARNING] [ShopBot] 界面无法识别且无弹窗，等待后重试
[2026-05-07 23:11:53] [WARNING] [ShopBot] 界面无法识别且无弹窗，等待后重试
[2026-05-07 23:11:53] [WARNING] [ShopBot] 界面无法识别且无弹窗，等待后重试
[2026-05-07 23:11:53] [WARNING] [ShopBot] 界面无法识别且无弹窗，等待后重试
[2026-05-07 23:11:53] [WARNING] [ShopBot] 界面无法识别且无弹窗，等待后重试
[2026-05-07 23:11:53] [WARNING] [ShopBot] 界面无法识别且无弹窗，等待后重试
[2026-05-07 23:11:53] [WARNING] [ShopBot] 界面无法识别且无弹窗，等待后重试
[2026-05-07 23:11:53] [WARNING] [ShopBot] 界面无法识别且无弹窗，等待后重试
[2026-05-07 23:11:53] [WARNING] [ShopBot] 界面无法识别且无弹窗，等待后重试
[2026-05-07 23:11:53] [WARNING] [ShopBot] 界面无法识别且无弹窗，等待后重试
[2026-05-07 23:11:53] [WARNING] [ShopBot] 界面无法识别且无弹窗，等待后重试
[2026-05-07 23:11:53] [WARNING] [ShopBot] 界面无法识别且无弹窗，等待后重试
[2026-05-07 23:11:53] [WARNING] [ShopBot] 界面无法识别且无弹窗，等待后重试
[2026-05-07 23:11:53] [WARNING] [ShopBot] 界面无法识别且无弹窗，等待后重试
[2026-05-07 23:11:53] [WARNING] [ShopBot] 界面无法识别且无弹窗，等待后重试
[2026-05-07 23:11:53] [WARNING] [ShopBot] 界面无法识别且无弹窗，等待后重试
[2026-05-07 23:11:53] [WARNING] [ShopBot] 界面无法识别且无弹窗，等待后重试
[2026-05-07 23:11:53] [WARNING] [ShopBot] 界面无法识别且无弹窗，等待后重试
[2026-05-07 23:11:53] [WARNING] [ShopBot] 界面无法识别且无弹窗，等待后重试
[2026-05-07 23:11:53] [WARNING] [ShopBot] 界面无法识别且无弹窗，等待后重试
[2026-05-07 23:11:53] [WARNING] [ShopBot] 界面无法识别且无弹窗，等待后重试
[2026-05-07 23:11:53] [WARNING] [ShopBot] 界面无法识别且无弹窗，等待后重试
[2026-05-07 23:11:53] [WARNING] [ShopBot] 界面无法识别且无弹窗，等待后重试
[2026-05-07 23:11:53] [WARNING] [ShopBot] 界面无法识别且无弹窗，等待后重试
[2026-05-07 23:11:53] [WARNING] [ShopBot] 界面无法识别且无弹窗，等待后重试
[2026-05-07 23:11:53] [WARNING] [ShopBot] 界面无法识别且无弹窗，等待后重试
[2026-05-07 23:11:53] [WARNING] [ShopBot] 界面无法识别且无弹窗，等待后重试
[2026-05-07 23:11:53] [WARNING] [ShopBot] 界面无法识别且无弹窗，等待后重试
[2026-05-07 23:11:53] [WARNING] [ShopBot] 界面无法识别且无弹窗，等待后重试
[2026-05-07 23:11:53] [WARNING] [ShopBot] 界面无法识别且无弹窗，等待后重试
[2026-05-07 23:11:53] [WARNING] [ShopBot] 界面无法识别且无弹窗，等待后重试
[2026-05-07 23:11:53] [WARNING] [ShopBot] 界面无法识别且无弹窗，等待后重试
[2026-05-07 23:11:53] [WARNING] [ShopBot] 界面无法识别且无弹窗，等待后重试
[2026-05-07 23:11:53] [WARNING] [ShopBot] 界面无法识别且无弹窗，等待后重试
[2026-05-07 23:11:53] [WARNING] [ShopBot] 界面无法识别且无弹窗，等待后重试
[2026-05-07 23:11:53] [WARNING] [ShopBot] 界面无法识别且无弹窗，等待后重试
[2026-05-07 23:11:53] [WARNING] [ShopBot] 界面无法识别且无弹窗，等待后重试
[2026-05-07 23:11:53] [WARNING] [ShopBot] 界面无法识别且无弹窗，等待后重试
[2026-05-07 23:11:53] [WARNING] [ShopBot] 界面无法识别且无弹窗，等待后重试
[2026-05-07 23:11:53] [WARNING] [ShopBot] 界面无法识别且无弹窗，等待后重试
[2026-05-07 23:11:53] [WARNING] [ShopBot] 界面无法识别且无弹窗，等待后重试
[2026-05-07 23:11:53] [WARNING] [ShopBot] 界面无法识别且无弹窗，等待后重试
[2026-05-07 23:11:53] [WARNING] [ShopBot] 界面无法识别且无弹窗，等待后重试
[2026-05-07 23:11:53] [WARNING] [ShopBot] 界面无法识别且无弹窗，等待后重试
[2026-05-07 23:11:53] [WARNING] [ShopBot] 界面无法识别且无弹窗，等待后重试
[2026-05-07 23:11:53] [WARNING] [ShopBot] 界面无法识别且无弹窗，等待后重试
[2026-05-07 23:11:53] [WARNING] [ShopBot] 界面无法识别且无弹窗，等待后重试
[2026-05-07 23:11:53] [WARNING] [ShopBot] 界面无法识别且无弹窗，等待后重试
[2026-05-07 23:11:53] [WARNING] [ShopBot] 界面无法识别且无弹窗，等待后重试
[2026-05-07 23:11:53] [WARNING] [ShopBot] 界面无法识别且无弹窗，等待后重试
[2026-05-07 23:11:53] [WARNING] [ShopBot] 界面无法识别且无弹窗，等待后重试
[2026-05-07 23:11:53] [WARNING] [ShopBot] 界面无法识别且无弹窗，等待后重试
[2026-05-07 23:11:53] [WARNING] [ShopBot] 界面无法识别且无弹窗，等待后重试
[2026-05-07 23:11:53] [WARNING] [ShopBot] 界面无法识别且无弹窗，等待后重试
[2026-05-07 23:11:53] [WARNING] [ShopBot] 界面无法识别且无弹窗，等待后重试
[2026-05-07 23:11:53] [WARNING] [ShopBot] 界面无法识别且无弹窗，等待后重试
[2026-05-07 23:11:53] [WARNING] [ShopBot] 界面无法识别且无弹窗，等待后重试
[2026-05-07 23:11:53] [WARNING] [ShopBot] 界面无法识别且无弹窗，等待后重试
[2026-05-07 23:11:53] [WARNING] [ShopBot] 界面无法识别且无弹窗，等待后重试
[2026-05-07 23:11:53] [WARNING] [ShopBot] 界面无法识别且无弹窗，等待后重试
[2026-05-07 23:11:53] [WARNING] [ShopBot] 界面无法识别且无弹窗，等待后重试
[2026-05-07 23:11:53] [WARNING] [ShopBot] 界面无法识别且无弹窗，等待后重试
[2026-05-07 23:11:53] [WARNING] [ShopBot] 界面无法识别且无弹窗，等待后重试
[2026-05-07 23:11:53] [ERROR] [ShopBot] 导航超时（0.01s），未能到达秘密商店
[2026-05-07 23:11:53] [INFO] [ShopBot] 开始导航至秘密商店（超时 30.0s）
[2026-05-07 23:11:53] [INFO] [ShopBot] 已关闭弹窗，继续导航
[2026-05-07 23:11:53] [INFO] [ShopBot] 已到达秘密商店
[2026-05-07 23:11:53] [INFO] [ShopBot] 检测到弹窗，点击关闭
[2026-05-07 23:11:53] [DEBUG] [ShopBot] 模板匹配 bookmark 失败: [Errno 2] No such file or directory: 'D:\\software\\7th\\7th\\assets\\e7\\bookmark.png'
[2026-05-07 23:11:53] [DEBUG] [ShopBot] 模板匹配 mystic_medal 失败: [Errno 2] No such file or directory: 'D:\\software\\7th\\7th\\assets\\e7\\mystic_medal.png'
[2026-05-07 23:11:53] [DEBUG] [ShopBot] 模板匹配 equipment 失败: [Errno 2] No such file or directory: 'D:\\software\\7th\\7th\\assets\\e7\\equipment.png'
[2026-05-07 23:11:53] [DEBUG] [ShopBot] 模板匹配 fodder 失败: [Errno 2] No such file or directory: 'D:\\software\\7th\\7th\\assets\\e7\\fodder.png'
[2026-05-07 23:11:53] [DEBUG] [ShopBot] 槽位 (120, 160, 200, 240) 最佳匹配 unknown 置信度 0.00 低于阈值 0.85，标记为 unknown
[2026-05-07 23:11:53] [WARNING] [ShopBot] OCR 价格识别失败 (210, 200, 340, 230): OCR 服务不可用
[2026-05-07 23:11:53] [INFO] [ShopBot] 槽位 0: bookmark (置信度 0.92), 价格 184000
[2026-05-07 23:11:53] [INFO] [ShopBot] 槽位 1: bookmark (置信度 0.92), 价格 184000
[2026-05-07 23:11:53] [INFO] [ShopBot] 槽位 2: bookmark (置信度 0.92), 价格 184000
[2026-05-07 23:11:53] [INFO] [ShopBot] 槽位 3: bookmark (置信度 0.92), 价格 184000
[2026-05-07 23:11:53] [INFO] [ShopBot] 槽位 4: bookmark (置信度 0.92), 价格 184000
[2026-05-07 23:11:53] [INFO] [ShopBot] 槽位 5: bookmark (置信度 0.92), 价格 184000
[2026-05-07 23:11:53] [INFO] [ShopBot] 槽位 0: bookmark (置信度 0.92), 价格 100
[2026-05-07 23:11:53] [INFO] [ShopBot] 槽位 1: bookmark (置信度 0.92), 价格 100
[2026-05-07 23:11:53] [INFO] [ShopBot] 槽位 2: bookmark (置信度 0.92), 价格 100
[2026-05-07 23:11:53] [INFO] [ShopBot] 槽位 3: bookmark (置信度 0.92), 价格 100
[2026-05-07 23:11:53] [INFO] [ShopBot] 槽位 4: bookmark (置信度 0.92), 价格 100
[2026-05-07 23:11:53] [INFO] [ShopBot] 槽位 5: bookmark (置信度 0.92), 价格 100
[2026-05-07 23:11:53] [INFO] [ShopBot] 槽位 0: equipment (置信度 0.88), 价格 50000
[2026-05-07 23:11:53] [INFO] [ShopBot] 槽位 1: equipment (置信度 0.88), 价格 50000
[2026-05-07 23:11:53] [INFO] [ShopBot] 槽位 2: equipment (置信度 0.88), 价格 50000
[2026-05-07 23:11:53] [INFO] [ShopBot] 槽位 3: equipment (置信度 0.88), 价格 50000
[2026-05-07 23:11:53] [INFO] [ShopBot] 槽位 4: equipment (置信度 0.88), 价格 50000
[2026-05-07 23:11:53] [INFO] [ShopBot] 槽位 5: equipment (置信度 0.88), 价格 50000
[2026-05-07 23:11:53] [DEBUG] [ShopBot] 底部检测相似度: 1.0000
[2026-05-07 23:11:53] [DEBUG] [ShopBot] 底部检测相似度: 0.2157
[2026-05-07 23:11:53] [INFO] [ShopBot] 已到达货架底部（第 1 次滑动后）
[2026-05-07 23:11:53] [INFO] [ShopBot] 第 1 次滑动，识别到 0 个物品
[2026-05-07 23:11:53] [INFO] [ShopBot] 第 2 次滑动，识别到 0 个物品
[2026-05-07 23:11:53] [INFO] [ShopBot] 第 3 次滑动，识别到 0 个物品
[2026-05-07 23:11:53] [INFO] [ShopBot] 第 4 次滑动，识别到 0 个物品
[2026-05-07 23:11:53] [INFO] [ShopBot] 第 5 次滑动，识别到 0 个物品
[2026-05-07 23:11:53] [INFO] [ShopBot] 开始识别完整货架
[2026-05-07 23:11:53] [INFO] [ShopBot] 货架识别完成，共 2 个物品
[2026-05-07 23:12:23] [DEBUG] [ShopBot] 左侧导航顶部亮度: 240.0
[2026-05-07 23:12:23] [INFO] [ShopBot] 场景检测: 秘密商店（左侧导航栏白色高亮）
[2026-05-07 23:12:23] [DEBUG] [ShopBot] 左侧导航顶部亮度: 180.0
[2026-05-07 23:12:23] [DEBUG] [ShopBot] 左侧导航亮度: 180.0 底部亮度: 130.0
[2026-05-07 23:12:23] [INFO] [ShopBot] 场景检测: 游戏大厅
[2026-05-07 23:12:23] [DEBUG] [ShopBot] 左侧导航顶部亮度: 100.0
[2026-05-07 23:12:23] [DEBUG] [ShopBot] 左侧导航亮度: 100.0 底部亮度: 50.0
[2026-05-07 23:12:23] [WARNING] [ShopBot] 场景检测: 未知界面
[2026-05-07 23:12:23] [DEBUG] [ShopBot] 左侧导航顶部亮度: 240.0
[2026-05-07 23:12:23] [INFO] [ShopBot] 场景检测: 秘密商店（左侧导航栏白色高亮）
[2026-05-07 23:12:23] [DEBUG] [ShopBot] 左侧导航顶部亮度: 250.0
[2026-05-07 23:12:23] [DEBUG] [ShopBot] 左侧导航顶部亮度: 150.0
[2026-05-07 23:12:23] [DEBUG] [ShopBot] 左侧导航亮度: 180.0 底部亮度: 140.0
[2026-05-07 23:12:23] [DEBUG] [ShopBot] 左侧导航亮度: 180.0 底部亮度: 50.0
[2026-05-07 23:12:23] [DEBUG] [ShopBot] 左侧导航亮度: 230.0 底部亮度: 140.0
[2026-05-07 23:12:23] [DEBUG] [ShopBot] 左侧导航亮度: 100.0 底部亮度: 140.0
[2026-05-07 23:12:23] [INFO] [ShopBot] 开始导航至秘密商店（超时 30.0s）
[2026-05-07 23:12:23] [INFO] [ShopBot] 已到达秘密商店
[2026-05-07 23:12:23] [INFO] [ShopBot] 开始导航至秘密商店（超时 30.0s）
[2026-05-07 23:12:23] [INFO] [ShopBot] 从大厅点击左侧导航栏的秘密商店入口
[2026-05-07 23:12:23] [INFO] [ShopBot] 已到达秘密商店
[2026-05-07 23:12:23] [INFO] [ShopBot] 开始导航至秘密商店（超时 0.01s）
[2026-05-07 23:12:23] [WARNING] [ShopBot] 界面无法识别且无弹窗，等待后重试
[2026-05-07 23:12:23] [WARNING] [ShopBot] 界面无法识别且无弹窗，等待后重试
[2026-05-07 23:12:23] [WARNING] [ShopBot] 界面无法识别且无弹窗，等待后重试
[2026-05-07 23:12:23] [WARNING] [ShopBot] 界面无法识别且无弹窗，等待后重试
[2026-05-07 23:12:23] [WARNING] [ShopBot] 界面无法识别且无弹窗，等待后重试
[2026-05-07 23:12:23] [WARNING] [ShopBot] 界面无法识别且无弹窗，等待后重试
[2026-05-07 23:12:23] [WARNING] [ShopBot] 界面无法识别且无弹窗，等待后重试
[2026-05-07 23:12:23] [WARNING] [ShopBot] 界面无法识别且无弹窗，等待后重试
[2026-05-07 23:12:23] [WARNING] [ShopBot] 界面无法识别且无弹窗，等待后重试
[2026-05-07 23:12:23] [WARNING] [ShopBot] 界面无法识别且无弹窗，等待后重试
[2026-05-07 23:12:23] [WARNING] [ShopBot] 界面无法识别且无弹窗，等待后重试
[2026-05-07 23:12:23] [WARNING] [ShopBot] 界面无法识别且无弹窗，等待后重试
[2026-05-07 23:12:23] [WARNING] [ShopBot] 界面无法识别且无弹窗，等待后重试
[2026-05-07 23:12:23] [WARNING] [ShopBot] 界面无法识别且无弹窗，等待后重试
[2026-05-07 23:12:23] [WARNING] [ShopBot] 界面无法识别且无弹窗，等待后重试
[2026-05-07 23:12:23] [WARNING] [ShopBot] 界面无法识别且无弹窗，等待后重试
[2026-05-07 23:12:23] [WARNING] [ShopBot] 界面无法识别且无弹窗，等待后重试
[2026-05-07 23:12:23] [WARNING] [ShopBot] 界面无法识别且无弹窗，等待后重试
[2026-05-07 23:12:23] [WARNING] [ShopBot] 界面无法识别且无弹窗，等待后重试
[2026-05-07 23:12:23] [WARNING] [ShopBot] 界面无法识别且无弹窗，等待后重试
[2026-05-07 23:12:23] [WARNING] [ShopBot] 界面无法识别且无弹窗，等待后重试
[2026-05-07 23:12:23] [WARNING] [ShopBot] 界面无法识别且无弹窗，等待后重试
[2026-05-07 23:12:23] [WARNING] [ShopBot] 界面无法识别且无弹窗，等待后重试
[2026-05-07 23:12:23] [WARNING] [ShopBot] 界面无法识别且无弹窗，等待后重试
[2026-05-07 23:12:23] [WARNING] [ShopBot] 界面无法识别且无弹窗，等待后重试
[2026-05-07 23:12:23] [WARNING] [ShopBot] 界面无法识别且无弹窗，等待后重试
[2026-05-07 23:12:23] [WARNING] [ShopBot] 界面无法识别且无弹窗，等待后重试
[2026-05-07 23:12:23] [WARNING] [ShopBot] 界面无法识别且无弹窗，等待后重试
[2026-05-07 23:12:23] [WARNING] [ShopBot] 界面无法识别且无弹窗，等待后重试
[2026-05-07 23:12:23] [WARNING] [ShopBot] 界面无法识别且无弹窗，等待后重试
[2026-05-07 23:12:23] [WARNING] [ShopBot] 界面无法识别且无弹窗，等待后重试
[2026-05-07 23:12:23] [WARNING] [ShopBot] 界面无法识别且无弹窗，等待后重试
[2026-05-07 23:12:23] [WARNING] [ShopBot] 界面无法识别且无弹窗，等待后重试
[2026-05-07 23:12:23] [WARNING] [ShopBot] 界面无法识别且无弹窗，等待后重试
[2026-05-07 23:12:23] [WARNING] [ShopBot] 界面无法识别且无弹窗，等待后重试
[2026-05-07 23:12:23] [WARNING] [ShopBot] 界面无法识别且无弹窗，等待后重试
[2026-05-07 23:12:23] [WARNING] [ShopBot] 界面无法识别且无弹窗，等待后重试
[2026-05-07 23:12:23] [WARNING] [ShopBot] 界面无法识别且无弹窗，等待后重试
[2026-05-07 23:12:23] [WARNING] [ShopBot] 界面无法识别且无弹窗，等待后重试
[2026-05-07 23:12:23] [WARNING] [ShopBot] 界面无法识别且无弹窗，等待后重试
[2026-05-07 23:12:23] [WARNING] [ShopBot] 界面无法识别且无弹窗，等待后重试
[2026-05-07 23:12:23] [WARNING] [ShopBot] 界面无法识别且无弹窗，等待后重试
[2026-05-07 23:12:23] [WARNING] [ShopBot] 界面无法识别且无弹窗，等待后重试
[2026-05-07 23:12:23] [WARNING] [ShopBot] 界面无法识别且无弹窗，等待后重试
[2026-05-07 23:12:23] [WARNING] [ShopBot] 界面无法识别且无弹窗，等待后重试
[2026-05-07 23:12:23] [WARNING] [ShopBot] 界面无法识别且无弹窗，等待后重试
[2026-05-07 23:12:23] [WARNING] [ShopBot] 界面无法识别且无弹窗，等待后重试
[2026-05-07 23:12:23] [WARNING] [ShopBot] 界面无法识别且无弹窗，等待后重试
[2026-05-07 23:12:23] [WARNING] [ShopBot] 界面无法识别且无弹窗，等待后重试
[2026-05-07 23:12:23] [WARNING] [ShopBot] 界面无法识别且无弹窗，等待后重试
[2026-05-07 23:12:23] [WARNING] [ShopBot] 界面无法识别且无弹窗，等待后重试
[2026-05-07 23:12:23] [WARNING] [ShopBot] 界面无法识别且无弹窗，等待后重试
[2026-05-07 23:12:23] [WARNING] [ShopBot] 界面无法识别且无弹窗，等待后重试
[2026-05-07 23:12:23] [WARNING] [ShopBot] 界面无法识别且无弹窗，等待后重试
[2026-05-07 23:12:23] [WARNING] [ShopBot] 界面无法识别且无弹窗，等待后重试
[2026-05-07 23:12:23] [WARNING] [ShopBot] 界面无法识别且无弹窗，等待后重试
[2026-05-07 23:12:23] [WARNING] [ShopBot] 界面无法识别且无弹窗，等待后重试
[2026-05-07 23:12:23] [WARNING] [ShopBot] 界面无法识别且无弹窗，等待后重试
[2026-05-07 23:12:23] [WARNING] [ShopBot] 界面无法识别且无弹窗，等待后重试
[2026-05-07 23:12:23] [WARNING] [ShopBot] 界面无法识别且无弹窗，等待后重试
[2026-05-07 23:12:23] [WARNING] [ShopBot] 界面无法识别且无弹窗，等待后重试
[2026-05-07 23:12:23] [WARNING] [ShopBot] 界面无法识别且无弹窗，等待后重试
[2026-05-07 23:12:23] [WARNING] [ShopBot] 界面无法识别且无弹窗，等待后重试
[2026-05-07 23:12:23] [WARNING] [ShopBot] 界面无法识别且无弹窗，等待后重试
[2026-05-07 23:12:23] [WARNING] [ShopBot] 界面无法识别且无弹窗，等待后重试
[2026-05-07 23:12:23] [WARNING] [ShopBot] 界面无法识别且无弹窗，等待后重试
[2026-05-07 23:12:23] [WARNING] [ShopBot] 界面无法识别且无弹窗，等待后重试
[2026-05-07 23:12:23] [WARNING] [ShopBot] 界面无法识别且无弹窗，等待后重试
[2026-05-07 23:12:23] [WARNING] [ShopBot] 界面无法识别且无弹窗，等待后重试
[2026-05-07 23:12:23] [WARNING] [ShopBot] 界面无法识别且无弹窗，等待后重试
[2026-05-07 23:12:23] [WARNING] [ShopBot] 界面无法识别且无弹窗，等待后重试
[2026-05-07 23:12:23] [WARNING] [ShopBot] 界面无法识别且无弹窗，等待后重试
[2026-05-07 23:12:23] [WARNING] [ShopBot] 界面无法识别且无弹窗，等待后重试
[2026-05-07 23:12:23] [WARNING] [ShopBot] 界面无法识别且无弹窗，等待后重试
[2026-05-07 23:12:23] [WARNING] [ShopBot] 界面无法识别且无弹窗，等待后重试
[2026-05-07 23:12:23] [WARNING] [ShopBot] 界面无法识别且无弹窗，等待后重试
[2026-05-07 23:12:23] [WARNING] [ShopBot] 界面无法识别且无弹窗，等待后重试
[2026-05-07 23:12:23] [WARNING] [ShopBot] 界面无法识别且无弹窗，等待后重试
[2026-05-07 23:12:23] [WARNING] [ShopBot] 界面无法识别且无弹窗，等待后重试
[2026-05-07 23:12:23] [WARNING] [ShopBot] 界面无法识别且无弹窗，等待后重试
[2026-05-07 23:12:23] [WARNING] [ShopBot] 界面无法识别且无弹窗，等待后重试
[2026-05-07 23:12:23] [WARNING] [ShopBot] 界面无法识别且无弹窗，等待后重试
[2026-05-07 23:12:23] [WARNING] [ShopBot] 界面无法识别且无弹窗，等待后重试
[2026-05-07 23:12:23] [WARNING] [ShopBot] 界面无法识别且无弹窗，等待后重试
[2026-05-07 23:12:23] [WARNING] [ShopBot] 界面无法识别且无弹窗，等待后重试
[2026-05-07 23:12:23] [WARNING] [ShopBot] 界面无法识别且无弹窗，等待后重试
[2026-05-07 23:12:23] [WARNING] [ShopBot] 界面无法识别且无弹窗，等待后重试
[2026-05-07 23:12:23] [WARNING] [ShopBot] 界面无法识别且无弹窗，等待后重试
[2026-05-07 23:12:23] [WARNING] [ShopBot] 界面无法识别且无弹窗，等待后重试
[2026-05-07 23:12:23] [WARNING] [ShopBot] 界面无法识别且无弹窗，等待后重试
[2026-05-07 23:12:23] [WARNING] [ShopBot] 界面无法识别且无弹窗，等待后重试
[2026-05-07 23:12:23] [WARNING] [ShopBot] 界面无法识别且无弹窗，等待后重试
[2026-05-07 23:12:23] [WARNING] [ShopBot] 界面无法识别且无弹窗，等待后重试
[2026-05-07 23:12:23] [WARNING] [ShopBot] 界面无法识别且无弹窗，等待后重试
[2026-05-07 23:12:23] [WARNING] [ShopBot] 界面无法识别且无弹窗，等待后重试
[2026-05-07 23:12:23] [WARNING] [ShopBot] 界面无法识别且无弹窗，等待后重试
[2026-05-07 23:12:23] [WARNING] [ShopBot] 界面无法识别且无弹窗，等待后重试
[2026-05-07 23:12:23] [WARNING] [ShopBot] 界面无法识别且无弹窗，等待后重试
[2026-05-07 23:12:23] [WARNING] [ShopBot] 界面无法识别且无弹窗，等待后重试
[2026-05-07 23:12:23] [WARNING] [ShopBot] 界面无法识别且无弹窗，等待后重试
[2026-05-07 23:12:23] [WARNING] [ShopBot] 界面无法识别且无弹窗，等待后重试
[2026-05-07 23:12:23] [WARNING] [ShopBot] 界面无法识别且无弹窗，等待后重试
[2026-05-07 23:12:23] [WARNING] [ShopBot] 界面无法识别且无弹窗，等待后重试
[2026-05-07 23:12:23] [WARNING] [ShopBot] 界面无法识别且无弹窗，等待后重试
[2026-05-07 23:12:23] [WARNING] [ShopBot] 界面无法识别且无弹窗，等待后重试
[2026-05-07 23:12:23] [WARNING] [ShopBot] 界面无法识别且无弹窗，等待后重试
[2026-05-07 23:12:23] [WARNING] [ShopBot] 界面无法识别且无弹窗，等待后重试
[2026-05-07 23:12:23] [WARNING] [ShopBot] 界面无法识别且无弹窗，等待后重试
[2026-05-07 23:12:23] [WARNING] [ShopBot] 界面无法识别且无弹窗，等待后重试
[2026-05-07 23:12:23] [WARNING] [ShopBot] 界面无法识别且无弹窗，等待后重试
[2026-05-07 23:12:23] [WARNING] [ShopBot] 界面无法识别且无弹窗，等待后重试
[2026-05-07 23:12:23] [WARNING] [ShopBot] 界面无法识别且无弹窗，等待后重试
[2026-05-07 23:12:23] [WARNING] [ShopBot] 界面无法识别且无弹窗，等待后重试
[2026-05-07 23:12:23] [WARNING] [ShopBot] 界面无法识别且无弹窗，等待后重试
[2026-05-07 23:12:23] [WARNING] [ShopBot] 界面无法识别且无弹窗，等待后重试
[2026-05-07 23:12:23] [WARNING] [ShopBot] 界面无法识别且无弹窗，等待后重试
[2026-05-07 23:12:23] [WARNING] [ShopBot] 界面无法识别且无弹窗，等待后重试
[2026-05-07 23:12:23] [WARNING] [ShopBot] 界面无法识别且无弹窗，等待后重试
[2026-05-07 23:12:23] [WARNING] [ShopBot] 界面无法识别且无弹窗，等待后重试
[2026-05-07 23:12:23] [WARNING] [ShopBot] 界面无法识别且无弹窗，等待后重试
[2026-05-07 23:12:23] [WARNING] [ShopBot] 界面无法识别且无弹窗，等待后重试
[2026-05-07 23:12:23] [WARNING] [ShopBot] 界面无法识别且无弹窗，等待后重试
[2026-05-07 23:12:23] [WARNING] [ShopBot] 界面无法识别且无弹窗，等待后重试
[2026-05-07 23:12:23] [WARNING] [ShopBot] 界面无法识别且无弹窗，等待后重试
[2026-05-07 23:12:23] [WARNING] [ShopBot] 界面无法识别且无弹窗，等待后重试
[2026-05-07 23:12:23] [WARNING] [ShopBot] 界面无法识别且无弹窗，等待后重试
[2026-05-07 23:12:23] [WARNING] [ShopBot] 界面无法识别且无弹窗，等待后重试
[2026-05-07 23:12:23] [WARNING] [ShopBot] 界面无法识别且无弹窗，等待后重试
[2026-05-07 23:12:23] [WARNING] [ShopBot] 界面无法识别且无弹窗，等待后重试
[2026-05-07 23:12:23] [WARNING] [ShopBot] 界面无法识别且无弹窗，等待后重试
[2026-05-07 23:12:23] [WARNING] [ShopBot] 界面无法识别且无弹窗，等待后重试
[2026-05-07 23:12:23] [WARNING] [ShopBot] 界面无法识别且无弹窗，等待后重试
[2026-05-07 23:12:23] [WARNING] [ShopBot] 界面无法识别且无弹窗，等待后重试
[2026-05-07 23:12:23] [WARNING] [ShopBot] 界面无法识别且无弹窗，等待后重试
[2026-05-07 23:12:23] [WARNING] [ShopBot] 界面无法识别且无弹窗，等待后重试
[2026-05-07 23:12:23] [WARNING] [ShopBot] 界面无法识别且无弹窗，等待后重试
[2026-05-07 23:12:23] [WARNING] [ShopBot] 界面无法识别且无弹窗，等待后重试
[2026-05-07 23:12:23] [WARNING] [ShopBot] 界面无法识别且无弹窗，等待后重试
[2026-05-07 23:12:23] [WARNING] [ShopBot] 界面无法识别且无弹窗，等待后重试
[2026-05-07 23:12:23] [WARNING] [ShopBot] 界面无法识别且无弹窗，等待后重试
[2026-05-07 23:12:23] [WARNING] [ShopBot] 界面无法识别且无弹窗，等待后重试
[2026-05-07 23:12:23] [WARNING] [ShopBot] 界面无法识别且无弹窗，等待后重试
[2026-05-07 23:12:23] [WARNING] [ShopBot] 界面无法识别且无弹窗，等待后重试
[2026-05-07 23:12:23] [WARNING] [ShopBot] 界面无法识别且无弹窗，等待后重试
[2026-05-07 23:12:23] [WARNING] [ShopBot] 界面无法识别且无弹窗，等待后重试
[2026-05-07 23:12:23] [WARNING] [ShopBot] 界面无法识别且无弹窗，等待后重试
[2026-05-07 23:12:23] [WARNING] [ShopBot] 界面无法识别且无弹窗，等待后重试
[2026-05-07 23:12:23] [WARNING] [ShopBot] 界面无法识别且无弹窗，等待后重试
[2026-05-07 23:12:23] [WARNING] [ShopBot] 界面无法识别且无弹窗，等待后重试
[2026-05-07 23:12:23] [WARNING] [ShopBot] 界面无法识别且无弹窗，等待后重试
[2026-05-07 23:12:23] [WARNING] [ShopBot] 界面无法识别且无弹窗，等待后重试
[2026-05-07 23:12:23] [WARNING] [ShopBot] 界面无法识别且无弹窗，等待后重试
[2026-05-07 23:12:23] [WARNING] [ShopBot] 界面无法识别且无弹窗，等待后重试
[2026-05-07 23:12:23] [WARNING] [ShopBot] 界面无法识别且无弹窗，等待后重试
[2026-05-07 23:12:23] [WARNING] [ShopBot] 界面无法识别且无弹窗，等待后重试
[2026-05-07 23:12:23] [WARNING] [ShopBot] 界面无法识别且无弹窗，等待后重试
[2026-05-07 23:12:23] [WARNING] [ShopBot] 界面无法识别且无弹窗，等待后重试
[2026-05-07 23:12:23] [WARNING] [ShopBot] 界面无法识别且无弹窗，等待后重试
[2026-05-07 23:12:23] [WARNING] [ShopBot] 界面无法识别且无弹窗，等待后重试
[2026-05-07 23:12:23] [WARNING] [ShopBot] 界面无法识别且无弹窗，等待后重试
[2026-05-07 23:12:23] [WARNING] [ShopBot] 界面无法识别且无弹窗，等待后重试
[2026-05-07 23:12:23] [WARNING] [ShopBot] 界面无法识别且无弹窗，等待后重试
[2026-05-07 23:12:23] [WARNING] [ShopBot] 界面无法识别且无弹窗，等待后重试
[2026-05-07 23:12:23] [WARNING] [ShopBot] 界面无法识别且无弹窗，等待后重试
[2026-05-07 23:12:23] [WARNING] [ShopBot] 界面无法识别且无弹窗，等待后重试
[2026-05-07 23:12:23] [WARNING] [ShopBot] 界面无法识别且无弹窗，等待后重试
[2026-05-07 23:12:23] [WARNING] [ShopBot] 界面无法识别且无弹窗，等待后重试
[2026-05-07 23:12:23] [WARNING] [ShopBot] 界面无法识别且无弹窗，等待后重试
[2026-05-07 23:12:23] [WARNING] [ShopBot] 界面无法识别且无弹窗，等待后重试
[2026-05-07 23:12:23] [WARNING] [ShopBot] 界面无法识别且无弹窗，等待后重试
[2026-05-07 23:12:23] [WARNING] [ShopBot] 界面无法识别且无弹窗，等待后重试
[2026-05-07 23:12:23] [WARNING] [ShopBot] 界面无法识别且无弹窗，等待后重试
[2026-05-07 23:12:23] [WARNING] [ShopBot] 界面无法识别且无弹窗，等待后重试
[2026-05-07 23:12:23] [WARNING] [ShopBot] 界面无法识别且无弹窗，等待后重试
[2026-05-07 23:12:23] [WARNING] [ShopBot] 界面无法识别且无弹窗，等待后重试
[2026-05-07 23:12:23] [WARNING] [ShopBot] 界面无法识别且无弹窗，等待后重试
[2026-05-07 23:12:23] [WARNING] [ShopBot] 界面无法识别且无弹窗，等待后重试
[2026-05-07 23:12:23] [WARNING] [ShopBot] 界面无法识别且无弹窗，等待后重试
[2026-05-07 23:12:23] [WARNING] [ShopBot] 界面无法识别且无弹窗，等待后重试
[2026-05-07 23:12:23] [WARNING] [ShopBot] 界面无法识别且无弹窗，等待后重试
[2026-05-07 23:12:23] [WARNING] [ShopBot] 界面无法识别且无弹窗，等待后重试
[2026-05-07 23:12:23] [WARNING] [ShopBot] 界面无法识别且无弹窗，等待后重试
[2026-05-07 23:12:23] [WARNING] [ShopBot] 界面无法识别且无弹窗，等待后重试
[2026-05-07 23:12:23] [WARNING] [ShopBot] 界面无法识别且无弹窗，等待后重试
[2026-05-07 23:12:23] [WARNING] [ShopBot] 界面无法识别且无弹窗，等待后重试
[2026-05-07 23:12:23] [WARNING] [ShopBot] 界面无法识别且无弹窗，等待后重试
[2026-05-07 23:12:23] [WARNING] [ShopBot] 界面无法识别且无弹窗，等待后重试
[2026-05-07 23:12:23] [WARNING] [ShopBot] 界面无法识别且无弹窗，等待后重试
[2026-05-07 23:12:23] [WARNING] [ShopBot] 界面无法识别且无弹窗，等待后重试
[2026-05-07 23:12:23] [WARNING] [ShopBot] 界面无法识别且无弹窗，等待后重试
[2026-05-07 23:12:23] [WARNING] [ShopBot] 界面无法识别且无弹窗，等待后重试
[2026-05-07 23:12:23] [WARNING] [ShopBot] 界面无法识别且无弹窗，等待后重试
[2026-05-07 23:12:23] [WARNING] [ShopBot] 界面无法识别且无弹窗，等待后重试
[2026-05-07 23:12:23] [WARNING] [ShopBot] 界面无法识别且无弹窗，等待后重试
[2026-05-07 23:12:23] [WARNING] [ShopBot] 界面无法识别且无弹窗，等待后重试
[2026-05-07 23:12:23] [WARNING] [ShopBot] 界面无法识别且无弹窗，等待后重试
[2026-05-07 23:12:23] [WARNING] [ShopBot] 界面无法识别且无弹窗，等待后重试
[2026-05-07 23:12:23] [WARNING] [ShopBot] 界面无法识别且无弹窗，等待后重试
[2026-05-07 23:12:23] [WARNING] [ShopBot] 界面无法识别且无弹窗，等待后重试
[2026-05-07 23:12:23] [WARNING] [ShopBot] 界面无法识别且无弹窗，等待后重试
[2026-05-07 23:12:23] [WARNING] [ShopBot] 界面无法识别且无弹窗，等待后重试
[2026-05-07 23:12:23] [WARNING] [ShopBot] 界面无法识别且无弹窗，等待后重试
[2026-05-07 23:12:23] [WARNING] [ShopBot] 界面无法识别且无弹窗，等待后重试
[2026-05-07 23:12:23] [WARNING] [ShopBot] 界面无法识别且无弹窗，等待后重试
[2026-05-07 23:12:23] [WARNING] [ShopBot] 界面无法识别且无弹窗，等待后重试
[2026-05-07 23:12:23] [WARNING] [ShopBot] 界面无法识别且无弹窗，等待后重试
[2026-05-07 23:12:23] [WARNING] [ShopBot] 界面无法识别且无弹窗，等待后重试
[2026-05-07 23:12:23] [WARNING] [ShopBot] 界面无法识别且无弹窗，等待后重试
[2026-05-07 23:12:23] [WARNING] [ShopBot] 界面无法识别且无弹窗，等待后重试
[2026-05-07 23:12:23] [WARNING] [ShopBot] 界面无法识别且无弹窗，等待后重试
[2026-05-07 23:12:23] [WARNING] [ShopBot] 界面无法识别且无弹窗，等待后重试
[2026-05-07 23:12:23] [WARNING] [ShopBot] 界面无法识别且无弹窗，等待后重试
[2026-05-07 23:12:23] [WARNING] [ShopBot] 界面无法识别且无弹窗，等待后重试
[2026-05-07 23:12:23] [WARNING] [ShopBot] 界面无法识别且无弹窗，等待后重试
[2026-05-07 23:12:23] [WARNING] [ShopBot] 界面无法识别且无弹窗，等待后重试
[2026-05-07 23:12:23] [WARNING] [ShopBot] 界面无法识别且无弹窗，等待后重试
[2026-05-07 23:12:23] [WARNING] [ShopBot] 界面无法识别且无弹窗，等待后重试
[2026-05-07 23:12:23] [WARNING] [ShopBot] 界面无法识别且无弹窗，等待后重试
[2026-05-07 23:12:23] [WARNING] [ShopBot] 界面无法识别且无弹窗，等待后重试
[2026-05-07 23:12:23] [WARNING] [ShopBot] 界面无法识别且无弹窗，等待后重试
[2026-05-07 23:12:23] [WARNING] [ShopBot] 界面无法识别且无弹窗，等待后重试
[2026-05-07 23:12:23] [WARNING] [ShopBot] 界面无法识别且无弹窗，等待后重试
[2026-05-07 23:12:23] [WARNING] [ShopBot] 界面无法识别且无弹窗，等待后重试
[2026-05-07 23:12:23] [WARNING] [ShopBot] 界面无法识别且无弹窗，等待后重试
[2026-05-07 23:12:23] [WARNING] [ShopBot] 界面无法识别且无弹窗，等待后重试
[2026-05-07 23:12:23] [WARNING] [ShopBot] 界面无法识别且无弹窗，等待后重试
[2026-05-07 23:12:23] [WARNING] [ShopBot] 界面无法识别且无弹窗，等待后重试
[2026-05-07 23:12:23] [WARNING] [ShopBot] 界面无法识别且无弹窗，等待后重试
[2026-05-07 23:12:23] [WARNING] [ShopBot] 界面无法识别且无弹窗，等待后重试
[2026-05-07 23:12:23] [WARNING] [ShopBot] 界面无法识别且无弹窗，等待后重试
[2026-05-07 23:12:23] [WARNING] [ShopBot] 界面无法识别且无弹窗，等待后重试
[2026-05-07 23:12:23] [WARNING] [ShopBot] 界面无法识别且无弹窗，等待后重试
[2026-05-07 23:12:23] [WARNING] [ShopBot] 界面无法识别且无弹窗，等待后重试
[2026-05-07 23:12:23] [WARNING] [ShopBot] 界面无法识别且无弹窗，等待后重试
[2026-05-07 23:12:23] [WARNING] [ShopBot] 界面无法识别且无弹窗，等待后重试
[2026-05-07 23:12:23] [WARNING] [ShopBot] 界面无法识别且无弹窗，等待后重试
[2026-05-07 23:12:23] [WARNING] [ShopBot] 界面无法识别且无弹窗，等待后重试
[2026-05-07 23:12:23] [WARNING] [ShopBot] 界面无法识别且无弹窗，等待后重试
[2026-05-07 23:12:23] [WARNING] [ShopBot] 界面无法识别且无弹窗，等待后重试
[2026-05-07 23:12:23] [WARNING] [ShopBot] 界面无法识别且无弹窗，等待后重试
[2026-05-07 23:12:23] [WARNING] [ShopBot] 界面无法识别且无弹窗，等待后重试
[2026-05-07 23:12:23] [WARNING] [ShopBot] 界面无法识别且无弹窗，等待后重试
[2026-05-07 23:12:23] [WARNING] [ShopBot] 界面无法识别且无弹窗，等待后重试
[2026-05-07 23:12:23] [WARNING] [ShopBot] 界面无法识别且无弹窗，等待后重试
[2026-05-07 23:12:23] [WARNING] [ShopBot] 界面无法识别且无弹窗，等待后重试
[2026-05-07 23:12:23] [WARNING] [ShopBot] 界面无法识别且无弹窗，等待后重试
[2026-05-07 23:12:23] [WARNING] [ShopBot] 界面无法识别且无弹窗，等待后重试
[2026-05-07 23:12:23] [WARNING] [ShopBot] 界面无法识别且无弹窗，等待后重试
[2026-05-07 23:12:23] [WARNING] [ShopBot] 界面无法识别且无弹窗，等待后重试
[2026-05-07 23:12:23] [WARNING] [ShopBot] 界面无法识别且无弹窗，等待后重试
[2026-05-07 23:12:23] [WARNING] [ShopBot] 界面无法识别且无弹窗，等待后重试
[2026-05-07 23:12:23] [WARNING] [ShopBot] 界面无法识别且无弹窗，等待后重试
[2026-05-07 23:12:23] [WARNING] [ShopBot] 界面无法识别且无弹窗，等待后重试
[2026-05-07 23:12:23] [WARNING] [ShopBot] 界面无法识别且无弹窗，等待后重试
[2026-05-07 23:12:23] [WARNING] [ShopBot] 界面无法识别且无弹窗，等待后重试
[2026-05-07 23:12:23] [WARNING] [ShopBot] 界面无法识别且无弹窗，等待后重试
[2026-05-07 23:12:23] [WARNING] [ShopBot] 界面无法识别且无弹窗，等待后重试
[2026-05-07 23:12:23] [WARNING] [ShopBot] 界面无法识别且无弹窗，等待后重试
[2026-05-07 23:12:23] [WARNING] [ShopBot] 界面无法识别且无弹窗，等待后重试
[2026-05-07 23:12:23] [WARNING] [ShopBot] 界面无法识别且无弹窗，等待后重试
[2026-05-07 23:12:23] [WARNING] [ShopBot] 界面无法识别且无弹窗，等待后重试
[2026-05-07 23:12:23] [WARNING] [ShopBot] 界面无法识别且无弹窗，等待后重试
[2026-05-07 23:12:23] [WARNING] [ShopBot] 界面无法识别且无弹窗，等待后重试
[2026-05-07 23:12:23] [WARNING] [ShopBot] 界面无法识别且无弹窗，等待后重试
[2026-05-07 23:12:23] [WARNING] [ShopBot] 界面无法识别且无弹窗，等待后重试
[2026-05-07 23:12:23] [WARNING] [ShopBot] 界面无法识别且无弹窗，等待后重试
[2026-05-07 23:12:23] [WARNING] [ShopBot] 界面无法识别且无弹窗，等待后重试
[2026-05-07 23:12:23] [WARNING] [ShopBot] 界面无法识别且无弹窗，等待后重试
[2026-05-07 23:12:23] [WARNING] [ShopBot] 界面无法识别且无弹窗，等待后重试
[2026-05-07 23:12:23] [WARNING] [ShopBot] 界面无法识别且无弹窗，等待后重试
[2026-05-07 23:12:23] [WARNING] [ShopBot] 界面无法识别且无弹窗，等待后重试
[2026-05-07 23:12:23] [WARNING] [ShopBot] 界面无法识别且无弹窗，等待后重试
[2026-05-07 23:12:23] [WARNING] [ShopBot] 界面无法识别且无弹窗，等待后重试
[2026-05-07 23:12:23] [WARNING] [ShopBot] 界面无法识别且无弹窗，等待后重试
[2026-05-07 23:12:23] [WARNING] [ShopBot] 界面无法识别且无弹窗，等待后重试
[2026-05-07 23:12:23] [WARNING] [ShopBot] 界面无法识别且无弹窗，等待后重试
[2026-05-07 23:12:23] [WARNING] [ShopBot] 界面无法识别且无弹窗，等待后重试
[2026-05-07 23:12:23] [WARNING] [ShopBot] 界面无法识别且无弹窗，等待后重试
[2026-05-07 23:12:23] [WARNING] [ShopBot] 界面无法识别且无弹窗，等待后重试
[2026-05-07 23:12:23] [WARNING] [ShopBot] 界面无法识别且无弹窗，等待后重试
[2026-05-07 23:12:23] [WARNING] [ShopBot] 界面无法识别且无弹窗，等待后重试
[2026-05-07 23:12:23] [WARNING] [ShopBot] 界面无法识别且无弹窗，等待后重试
[2026-05-07 23:12:23] [WARNING] [ShopBot] 界面无法识别且无弹窗，等待后重试
[2026-05-07 23:12:23] [WARNING] [ShopBot] 界面无法识别且无弹窗，等待后重试
[2026-05-07 23:12:23] [WARNING] [ShopBot] 界面无法识别且无弹窗，等待后重试
[2026-05-07 23:12:23] [WARNING] [ShopBot] 界面无法识别且无弹窗，等待后重试
[2026-05-07 23:12:23] [WARNING] [ShopBot] 界面无法识别且无弹窗，等待后重试
[2026-05-07 23:12:23] [WARNING] [ShopBot] 界面无法识别且无弹窗，等待后重试
[2026-05-07 23:12:23] [WARNING] [ShopBot] 界面无法识别且无弹窗，等待后重试
[2026-05-07 23:12:23] [WARNING] [ShopBot] 界面无法识别且无弹窗，等待后重试
[2026-05-07 23:12:23] [WARNING] [ShopBot] 界面无法识别且无弹窗，等待后重试
[2026-05-07 23:12:23] [WARNING] [ShopBot] 界面无法识别且无弹窗，等待后重试
[2026-05-07 23:12:23] [WARNING] [ShopBot] 界面无法识别且无弹窗，等待后重试
[2026-05-07 23:12:23] [WARNING] [ShopBot] 界面无法识别且无弹窗，等待后重试
[2026-05-07 23:12:23] [WARNING] [ShopBot] 界面无法识别且无弹窗，等待后重试
[2026-05-07 23:12:23] [WARNING] [ShopBot] 界面无法识别且无弹窗，等待后重试
[2026-05-07 23:12:23] [WARNING] [ShopBot] 界面无法识别且无弹窗，等待后重试
[2026-05-07 23:12:23] [ERROR] [ShopBot] 导航超时（0.01s），未能到达秘密商店
[2026-05-07 23:12:23] [INFO] [ShopBot] 开始导航至秘密商店（超时 30.0s）
[2026-05-07 23:12:23] [INFO] [ShopBot] 已关闭弹窗，继续导航
[2026-05-07 23:12:23] [INFO] [ShopBot] 已到达秘密商店
[2026-05-07 23:12:23] [INFO] [ShopBot] 检测到弹窗，点击关闭
[2026-05-07 23:12:23] [DEBUG] [ShopBot] 模板匹配 bookmark 失败: [Errno 2] No such file or directory: 'D:\\software\\7th\\7th\\assets\\e7\\bookmark.png'
[2026-05-07 23:12:23] [DEBUG] [ShopBot] 模板匹配 mystic_medal 失败: [Errno 2] No such file or directory: 'D:\\software\\7th\\7th\\assets\\e7\\mystic_medal.png'
[2026-05-07 23:12:23] [DEBUG] [ShopBot] 模板匹配 equipment 失败: [Errno 2] No such file or directory: 'D:\\software\\7th\\7th\\assets\\e7\\equipment.png'
[2026-05-07 23:12:23] [DEBUG] [ShopBot] 模板匹配 fodder 失败: [Errno 2] No such file or directory: 'D:\\software\\7th\\7th\\assets\\e7\\fodder.png'
[2026-05-07 23:12:23] [DEBUG] [ShopBot] 槽位 (120, 160, 200, 240) 最佳匹配 unknown 置信度 0.00 低于阈值 0.85，标记为 unknown
[2026-05-07 23:12:23] [WARNING] [ShopBot] OCR 价格识别失败 (210, 200, 340, 230): OCR 服务不可用
[2026-05-07 23:12:23] [INFO] [ShopBot] 槽位 0: bookmark (置信度 0.92), 价格 184000
[2026-05-07 23:12:23] [INFO] [ShopBot] 槽位 1: bookmark (置信度 0.92), 价格 184000
[2026-05-07 23:12:23] [INFO] [ShopBot] 槽位 2: bookmark (置信度 0.92), 价格 184000
[2026-05-07 23:12:23] [INFO] [ShopBot] 槽位 3: bookmark (置信度 0.92), 价格 184000
[2026-05-07 23:12:23] [INFO] [ShopBot] 槽位 4: bookmark (置信度 0.92), 价格 184000
[2026-05-07 23:12:23] [INFO] [ShopBot] 槽位 5: bookmark (置信度 0.92), 价格 184000
[2026-05-07 23:12:23] [INFO] [ShopBot] 槽位 0: bookmark (置信度 0.92), 价格 100
[2026-05-07 23:12:23] [INFO] [ShopBot] 槽位 1: bookmark (置信度 0.92), 价格 100
[2026-05-07 23:12:23] [INFO] [ShopBot] 槽位 2: bookmark (置信度 0.92), 价格 100
[2026-05-07 23:12:23] [INFO] [ShopBot] 槽位 3: bookmark (置信度 0.92), 价格 100
[2026-05-07 23:12:23] [INFO] [ShopBot] 槽位 4: bookmark (置信度 0.92), 价格 100
[2026-05-07 23:12:23] [INFO] [ShopBot] 槽位 5: bookmark (置信度 0.92), 价格 100
[2026-05-07 23:12:23] [INFO] [ShopBot] 槽位 0: equipment (置信度 0.88), 价格 50000
[2026-05-07 23:12:23] [INFO] [ShopBot] 槽位 1: equipment (置信度 0.88), 价格 50000
[2026-05-07 23:12:23] [INFO] [ShopBot] 槽位 2: equipment (置信度 0.88), 价格 50000
[2026-05-07 23:12:23] [INFO] [ShopBot] 槽位 3: equipment (置信度 0.88), 价格 50000
[2026-05-07 23:12:23] [INFO] [ShopBot] 槽位 4: equipment (置信度 0.88), 价格 50000
[2026-05-07 23:12:23] [INFO] [ShopBot] 槽位 5: equipment (置信度 0.88), 价格 50000
[2026-05-07 23:12:23] [DEBUG] [ShopBot] 底部检测相似度: 1.0000
[2026-05-07 23:12:23] [DEBUG] [ShopBot] 底部检测相似度: 0.2157
[2026-05-07 23:12:23] [INFO] [ShopBot] 已到达货架底部（第 1 次滑动后）
[2026-05-07 23:12:23] [INFO] [ShopBot] 第 1 次滑动，识别到 0 个物品
[2026-05-07 23:12:23] [INFO] [ShopBot] 第 2 次滑动，识别到 0 个物品
[2026-05-07 23:12:23] [INFO] [ShopBot] 第 3 次滑动，识别到 0 个物品
[2026-05-07 23:12:23] [INFO] [ShopBot] 第 4 次滑动，识别到 0 个物品
[2026-05-07 23:12:23] [INFO] [ShopBot] 第 5 次滑动，识别到 0 个物品
[2026-05-07 23:12:23] [INFO] [ShopBot] 开始识别完整货架
[2026-05-07 23:12:23] [INFO] [ShopBot] 货架识别完成，共 2 个物品
[2026-05-07 23:42:46] [INFO] [ShopBot] 配置已加载 - 设备: 0, 截图: ADB, 控制: ADB
[2026-05-07 23:42:46] [INFO] [ShopBot] 购买列表 - 书签: False, 神秘奖章: False, 装备: False, 狗粮: False
[2026-05-07 23:42:46] [INFO] [ShopBot] 刷新上限: 0, 天空石阈值: 0, 金币阈值: 0
[2026-05-07 23:42:46] [INFO] [ShopBot] 配置已加载 - 设备: ¿, 截图: ADB, 控制: ADB
[2026-05-07 23:42:46] [INFO] [ShopBot] 购买列表 - 书签: False, 神秘奖章: False, 装备: False, 狗粮: False
[2026-05-07 23:42:46] [INFO] [ShopBot] 刷新上限: 0, 天空石阈值: 0, 金币阈值: 0
[2026-05-07 23:42:46] [INFO] [ShopBot] 配置已加载 - 设备: ¿, 截图: ADB, 控制: ADB
[2026-05-07 23:42:46] [INFO] [ShopBot] 购买列表 - 书签: False, 神秘奖章: False, 装备: True, 狗粮: True
[2026-05-07 23:42:46] [INFO] [ShopBot] 刷新上限: 24509, 天空石阈值: 99999, 金币阈值: 14662
[2026-05-07 23:42:46] [INFO] [ShopBot] 配置已加载 - 设备: ą-⊗ĖiLĽ, 截图: ADB, 控制: ADB
[2026-05-07 23:42:46] [INFO] [ShopBot] 购买列表 - 书签: False, 神秘奖章: False, 装备: False, 狗粮: False
[2026-05-07 23:42:46] [INFO] [ShopBot] 刷新上限: 0, 天空石阈值: 0, 金币阈值: 0
[2026-05-07 23:42:46] [INFO] [ShopBot] 配置已加载 - 设备: ą-⊗ĖiLĽ, 截图: uiautomator2, 控制: ADB
[2026-05-07 23:42:46] [INFO] [ShopBot] 购买列表 - 书签: False, 神秘奖章: True, 装备: True, 狗粮: False
[2026-05-07 23:42:46] [INFO] [ShopBot] 刷新上限: 32756, 天空石阈值: 2092, 金币阈值: 52652
[2026-05-07 23:42:46] [INFO] [ShopBot] 配置已加载 - 设备: then, 截图: ADB, 控制: ADB
[2026-05-07 23:42:46] [INFO] [ShopBot] 购买列表 - 书签: False, 神秘奖章: False, 装备: False, 狗粮: False
[2026-05-07 23:42:46] [INFO] [ShopBot] 刷新上限: 0, 天空石阈值: 0, 金币阈值: 0
[2026-05-07 23:42:46] [INFO] [ShopBot] 配置已加载 - 设备: then, 截图: uiautomator2, 控制: uiautomator2
[2026-05-07 23:42:46] [INFO] [ShopBot] 购买列表 - 书签: False, 神秘奖章: True, 装备: True, 狗粮: True
[2026-05-07 23:42:46] [INFO] [ShopBot] 刷新上限: 54088, 天空石阈值: 99999, 金币阈值: 89626
[2026-05-07 23:42:46] [INFO] [ShopBot] 配置已加载 - 设备: ©쁥(",¢Ăî, 截图: ADB, 控制: ADB
[2026-05-07 23:42:46] [INFO] [ShopBot] 购买列表 - 书签: False, 神秘奖章: False, 装备: False, 狗粮: False
[2026-05-07 23:42:46] [INFO] [ShopBot] 刷新上限: 0, 天空石阈值: 0, 金币阈值: 0
[2026-05-07 23:42:46] [INFO] [ShopBot] 配置已加载 - 设备: ©쁥(",¢Ăî, 截图: ADB, 控制: uiautomator2
[2026-05-07 23:42:46] [INFO] [ShopBot] 购买列表 - 书签: False, 神秘奖章: False, 装备: False, 狗粮: True
[2026-05-07 23:42:46] [INFO] [ShopBot] 刷新上限: 29201, 天空石阈值: 1176, 金币阈值: 52704
[2026-05-07 23:42:46] [INFO] [ShopBot] 配置已加载 - 设备: ÿ, 截图: ADB, 控制: ADB
[2026-05-07 23:42:46] [INFO] [ShopBot] 购买列表 - 书签: False, 神秘奖章: False, 装备: False, 狗粮: False
[2026-05-07 23:42:46] [INFO] [ShopBot] 刷新上限: 0, 天空石阈值: 0, 金币阈值: 0
[2026-05-07 23:42:46] [INFO] [ShopBot] 配置已加载 - 设备: ÿ, 截图: uiautomator2, 控制: uiautomator2
[2026-05-07 23:42:46] [INFO] [ShopBot] 购买列表 - 书签: False, 神秘奖章: False, 装备: True, 狗粮: False
[2026-05-07 23:42:46] [INFO] [ShopBot] 刷新上限: 18591, 天空石阈值: 100000, 金币阈值: 61526
[2026-05-07 23:42:46] [INFO] [ShopBot] 配置已加载 - 设备: ÿ, 截图: uiautomator2, 控制: uiautomator2
[2026-05-07 23:42:46] [INFO] [ShopBot] 购买列表 - 书签: False, 神秘奖章: False, 装备: True, 狗粮: False
[2026-05-07 23:42:46] [INFO] [ShopBot] 刷新上限: 100000, 天空石阈值: 100000, 金币阈值: 61526
[2026-05-07 23:42:46] [INFO] [ShopBot] 配置已加载 - 设备: ÿ, 截图: uiautomator2, 控制: uiautomator2
[2026-05-07 23:42:46] [INFO] [ShopBot] 购买列表 - 书签: False, 神秘奖章: True, 装备: True, 狗粮: False
[2026-05-07 23:42:46] [INFO] [ShopBot] 刷新上限: 100000, 天空石阈值: 100000, 金币阈值: 61526
[2026-05-07 23:42:46] [INFO] [ShopBot] 配置已加载 - 设备: ÿ, 截图: uiautomator2, 控制: uiautomator2
[2026-05-07 23:42:46] [INFO] [ShopBot] 购买列表 - 书签: False, 神秘奖章: True, 装备: True, 狗粮: False
[2026-05-07 23:42:46] [INFO] [ShopBot] 刷新上限: 100000, 天空石阈值: 16441, 金币阈值: 61526
[2026-05-07 23:42:46] [INFO] [ShopBot] 配置已加载 - 设备: ÿ, 截图: uiautomator2, 控制: uiautomator2
[2026-05-07 23:42:46] [INFO] [ShopBot] 购买列表 - 书签: False, 神秘奖章: True, 装备: True, 狗粮: False
[2026-05-07 23:42:46] [INFO] [ShopBot] 刷新上限: 100000, 天空石阈值: 16441, 金币阈值: 61526
[2026-05-07 23:42:46] [INFO] [ShopBot] 配置已加载 - 设备: ÿ, 截图: uiautomator2, 控制: uiautomator2
[2026-05-07 23:42:46] [INFO] [ShopBot] 购买列表 - 书签: False, 神秘奖章: True, 装备: True, 狗粮: False
[2026-05-07 23:42:46] [INFO] [ShopBot] 刷新上限: 1, 天空石阈值: 16441, 金币阈值: 61526
[2026-05-07 23:42:46] [INFO] [ShopBot] 配置已加载 - 设备: ÿ, 截图: uiautomator2, 控制: uiautomator2
[2026-05-07 23:42:46] [INFO] [ShopBot] 购买列表 - 书签: False, 神秘奖章: True, 装备: True, 狗粮: False
[2026-05-07 23:42:46] [INFO] [ShopBot] 刷新上限: 1, 天空石阈值: 16441, 金币阈值: 61526
[2026-05-07 23:42:46] [INFO] [ShopBot] 配置已加载 - 设备: Q¨>lÐ\`, 截图: uiautomator2, 控制: uiautomator2
[2026-05-07 23:42:46] [INFO] [ShopBot] 购买列表 - 书签: True, 神秘奖章: True, 装备: False, 狗粮: True
[2026-05-07 23:42:46] [INFO] [ShopBot] 刷新上限: 68781, 天空石阈值: 45013, 金币阈值: 56278
[2026-05-07 23:42:46] [INFO] [ShopBot] 配置已加载 - 设备: Q¨>lÐ\`, 截图: uiautomator2, 控制: uiautomator2
[2026-05-07 23:42:46] [INFO] [ShopBot] 购买列表 - 书签: True, 神秘奖章: True, 装备: False, 狗粮: True
[2026-05-07 23:42:46] [INFO] [ShopBot] 刷新上限: 45013, 天空石阈值: 45013, 金币阈值: 56278
[2026-05-07 23:42:46] [INFO] [ShopBot] 配置已加载 - 设备: Q¨>lÐ\`, 截图: uiautomator2, 控制: uiautomator2
[2026-05-07 23:42:46] [INFO] [ShopBot] 购买列表 - 书签: True, 神秘奖章: False, 装备: False, 狗粮: True
[2026-05-07 23:42:46] [INFO] [ShopBot] 刷新上限: 45013, 天空石阈值: 45013, 金币阈值: 56278
[2026-05-07 23:42:46] [INFO] [ShopBot] 配置已加载 - 设备: Q¨>lÐ\`, 截图: uiautomator2, 控制: uiautomator2
[2026-05-07 23:42:46] [INFO] [ShopBot] 购买列表 - 书签: False, 神秘奖章: False, 装备: False, 狗粮: True
[2026-05-07 23:42:46] [INFO] [ShopBot] 刷新上限: 45013, 天空石阈值: 45013, 金币阈值: 56278
[2026-05-07 23:42:46] [INFO] [ShopBot] 配置已加载 - 设备: Q¨>lÐ\`, 截图: uiautomator2, 控制: uiautomator2
[2026-05-07 23:42:46] [INFO] [ShopBot] 购买列表 - 书签: False, 神秘奖章: False, 装备: False, 狗粮: True
[2026-05-07 23:42:46] [INFO] [ShopBot] 刷新上限: 56278, 天空石阈值: 45013, 金币阈值: 56278
[2026-05-07 23:42:46] [INFO] [ShopBot] 配置已加载 - 设备: Q¨>lÐ\`, 截图: uiautomator2, 控制: uiautomator2
[2026-05-07 23:42:46] [INFO] [ShopBot] 购买列表 - 书签: False, 神秘奖章: False, 装备: False, 狗粮: True
[2026-05-07 23:42:46] [INFO] [ShopBot] 刷新上限: 56278, 天空石阈值: 45013, 金币阈值: 56278
[2026-05-07 23:42:46] [INFO] [ShopBot] 配置已加载 - 设备: Q¨>lÐ\`, 截图: uiautomator2, 控制: uiautomator2
[2026-05-07 23:42:46] [INFO] [ShopBot] 购买列表 - 书签: False, 神秘奖章: False, 装备: False, 狗粮: True
[2026-05-07 23:42:46] [INFO] [ShopBot] 刷新上限: 56278, 天空石阈值: 45013, 金币阈值: 56278
[2026-05-07 23:42:46] [INFO] [ShopBot] 配置已加载 - 设备: Ⱥ, 截图: ADB, 控制: uiautomator2
[2026-05-07 23:42:46] [INFO] [ShopBot] 购买列表 - 书签: False, 神秘奖章: True, 装备: False, 狗粮: True
[2026-05-07 23:42:46] [INFO] [ShopBot] 刷新上限: 33381, 天空石阈值: 64064, 金币阈值: 64846
[2026-05-07 23:42:46] [INFO] [ShopBot] 配置已加载 - 设备: Ⱥ, 截图: uiautomator2, 控制: uiautomator2
[2026-05-07 23:42:46] [INFO] [ShopBot] 购买列表 - 书签: False, 神秘奖章: True, 装备: False, 狗粮: True
[2026-05-07 23:42:46] [INFO] [ShopBot] 刷新上限: 33381, 天空石阈值: 64064, 金币阈值: 64846
[2026-05-07 23:42:46] [INFO] [ShopBot] 配置已加载 - 设备: Ⱥ, 截图: uiautomator2, 控制: uiautomator2
[2026-05-07 23:42:46] [INFO] [ShopBot] 购买列表 - 书签: True, 神秘奖章: True, 装备: False, 狗粮: True
[2026-05-07 23:42:46] [INFO] [ShopBot] 刷新上限: 33381, 天空石阈值: 64064, 金币阈值: 64846
[2026-05-07 23:42:46] [INFO] [ShopBot] 配置已加载 - 设备: Ⱥ, 截图: uiautomator2, 控制: uiautomator2
[2026-05-07 23:42:46] [INFO] [ShopBot] 购买列表 - 书签: True, 神秘奖章: True, 装备: False, 狗粮: True
[2026-05-07 23:42:46] [INFO] [ShopBot] 刷新上限: 64846, 天空石阈值: 64064, 金币阈值: 64846
[2026-05-07 23:42:46] [INFO] [ShopBot] 配置已加载 - 设备: Ⱥ, 截图: uiautomator2, 控制: uiautomator2
[2026-05-07 23:42:46] [INFO] [ShopBot] 购买列表 - 书签: True, 神秘奖章: True, 装备: False, 狗粮: True
[2026-05-07 23:42:46] [INFO] [ShopBot] 刷新上限: 64846, 天空石阈值: 64064, 金币阈值: 64064
[2026-05-07 23:42:46] [INFO] [ShopBot] 配置已加载 - 设备: Ⱥ, 截图: uiautomator2, 控制: uiautomator2
[2026-05-07 23:42:46] [INFO] [ShopBot] 购买列表 - 书签: True, 神秘奖章: True, 装备: True, 狗粮: True
[2026-05-07 23:42:46] [INFO] [ShopBot] 刷新上限: 64846, 天空石阈值: 64064, 金币阈值: 64064
[2026-05-07 23:42:46] [INFO] [ShopBot] 配置已加载 - 设备: £𮚑Ħ, 截图: uiautomator2, 控制: ADB
[2026-05-07 23:42:46] [INFO] [ShopBot] 购买列表 - 书签: True, 神秘奖章: True, 装备: True, 狗粮: False
[2026-05-07 23:42:46] [INFO] [ShopBot] 刷新上限: 23741, 天空石阈值: 100000, 金币阈值: 32268
[2026-05-07 23:42:46] [INFO] [ShopBot] 配置已加载 - 设备: £𮚑Ħ, 截图: uiautomator2, 控制: uiautomator2
[2026-05-07 23:42:46] [INFO] [ShopBot] 购买列表 - 书签: True, 神秘奖章: True, 装备: True, 狗粮: False
[2026-05-07 23:42:46] [INFO] [ShopBot] 刷新上限: 23741, 天空石阈值: 100000, 金币阈值: 32268
[2026-05-07 23:42:46] [INFO] [ShopBot] 配置已加载 - 设备: £𮚑Ħ, 截图: uiautomator2, 控制: uiautomator2
[2026-05-07 23:42:46] [INFO] [ShopBot] 购买列表 - 书签: True, 神秘奖章: True, 装备: True, 狗粮: False
[2026-05-07 23:42:46] [INFO] [ShopBot] 刷新上限: 23741, 天空石阈值: 32268, 金币阈值: 32268
[2026-05-07 23:42:46] [INFO] [ShopBot] 配置已加载 - 设备: £𮚑Ħ, 截图: uiautomator2, 控制: uiautomator2
[2026-05-07 23:42:46] [INFO] [ShopBot] 购买列表 - 书签: True, 神秘奖章: True, 装备: True, 狗粮: True
[2026-05-07 23:42:46] [INFO] [ShopBot] 刷新上限: 23741, 天空石阈值: 32268, 金币阈值: 32268
[2026-05-07 23:42:46] [INFO] [ShopBot] 配置已加载 - 设备: £𮚑Ħ, 截图: uiautomator2, 控制: uiautomator2
[2026-05-07 23:42:46] [INFO] [ShopBot] 购买列表 - 书签: True, 神秘奖章: True, 装备: True, 狗粮: True
[2026-05-07 23:42:46] [INFO] [ShopBot] 刷新上限: 23741, 天空石阈值: 32268, 金币阈值: 23741
[2026-05-07 23:42:46] [INFO] [ShopBot] 配置已加载 - 设备: ¥ÖDaÿ, 截图: uiautomator2, 控制: uiautomator2
[2026-05-07 23:42:46] [INFO] [ShopBot] 购买列表 - 书签: True, 神秘奖章: True, 装备: True, 狗粮: False
[2026-05-07 23:42:46] [INFO] [ShopBot] 刷新上限: 99879, 天空石阈值: 3718, 金币阈值: 78675
[2026-05-07 23:42:46] [INFO] [ShopBot] 配置已加载 - 设备: ¥ÖDaÿ, 截图: uiautomator2, 控制: uiautomator2
[2026-05-07 23:42:46] [INFO] [ShopBot] 购买列表 - 书签: True, 神秘奖章: True, 装备: True, 狗粮: False
[2026-05-07 23:42:46] [INFO] [ShopBot] 刷新上限: 99879, 天空石阈值: 3718, 金币阈值: 78675
[2026-05-07 23:42:46] [INFO] [ShopBot] 配置已加载 - 设备: ¥ÖDaÿ, 截图: uiautomator2, 控制: uiautomator2
[2026-05-07 23:42:46] [INFO] [ShopBot] 购买列表 - 书签: True, 神秘奖章: False, 装备: True, 狗粮: False
[2026-05-07 23:42:46] [INFO] [ShopBot] 刷新上限: 99879, 天空石阈值: 3718, 金币阈值: 78675
[2026-05-07 23:42:46] [INFO] [ShopBot] 配置已加载 - 设备: ¥ÖDaÿ, 截图: uiautomator2, 控制: uiautomator2
[2026-05-07 23:42:46] [INFO] [ShopBot] 购买列表 - 书签: True, 神秘奖章: False, 装备: True, 狗粮: False
[2026-05-07 23:42:46] [INFO] [ShopBot] 刷新上限: 99879, 天空石阈值: 78675, 金币阈值: 78675
[2026-05-07 23:42:46] [INFO] [ShopBot] 配置已加载 - 设备: ¥ÖDaÿ, 截图: uiautomator2, 控制: uiautomator2
[2026-05-07 23:42:46] [INFO] [ShopBot] 购买列表 - 书签: True, 神秘奖章: False, 装备: True, 狗粮: False
[2026-05-07 23:42:46] [INFO] [ShopBot] 刷新上限: 99879, 天空石阈值: 78675, 金币阈值: 3718
[2026-05-07 23:42:46] [INFO] [ShopBot] 配置已加载 - 设备: ¥ÖDaÿ, 截图: uiautomator2, 控制: uiautomator2
[2026-05-07 23:42:46] [INFO] [ShopBot] 购买列表 - 书签: True, 神秘奖章: False, 装备: True, 狗粮: False
[2026-05-07 23:42:46] [INFO] [ShopBot] 刷新上限: 78675, 天空石阈值: 78675, 金币阈值: 3718
[2026-05-07 23:42:46] [INFO] [ShopBot] 配置已加载 - 设备: ¥ÖDaÿ, 截图: uiautomator2, 控制: uiautomator2
[2026-05-07 23:42:46] [INFO] [ShopBot] 购买列表 - 书签: True, 神秘奖章: False, 装备: True, 狗粮: False
[2026-05-07 23:42:46] [INFO] [ShopBot] 刷新上限: 78675, 天空石阈值: 3718, 金币阈值: 3718
[2026-05-07 23:42:46] [INFO] [ShopBot] 配置已加载 - 设备: øoðᥪHûĠ[į, 截图: uiautomator2, 控制: uiautomator2
[2026-05-07 23:42:46] [INFO] [ShopBot] 购买列表 - 书签: True, 神秘奖章: True, 装备: False, 狗粮: True
[2026-05-07 23:42:46] [INFO] [ShopBot] 刷新上限: 27399, 天空石阈值: 14904, 金币阈值: 94180
[2026-05-07 23:42:46] [INFO] [ShopBot] 配置已加载 - 设备: øoðᥪHûĠ[į, 截图: uiautomator2, 控制: uiautomator2
[2026-05-07 23:42:46] [INFO] [ShopBot] 购买列表 - 书签: True, 神秘奖章: True, 装备: False, 狗粮: True
[2026-05-07 23:42:46] [INFO] [ShopBot] 刷新上限: 27399, 天空石阈值: 14904, 金币阈值: 14904
[2026-05-07 23:42:46] [INFO] [ShopBot] 配置已加载 - 设备: øoðᥪHûĠ[į, 截图: uiautomator2, 控制: uiautomator2
[2026-05-07 23:42:46] [INFO] [ShopBot] 购买列表 - 书签: True, 神秘奖章: True, 装备: False, 狗粮: True
[2026-05-07 23:42:46] [INFO] [ShopBot] 刷新上限: 2343, 天空石阈值: 14904, 金币阈值: 14904
[2026-05-07 23:42:46] [INFO] [ShopBot] 配置已加载 - 设备: øoðᥪHûĠ[į, 截图: uiautomator2, 控制: uiautomator2
[2026-05-07 23:42:46] [INFO] [ShopBot] 购买列表 - 书签: True, 神秘奖章: False, 装备: False, 狗粮: True
[2026-05-07 23:42:46] [INFO] [ShopBot] 刷新上限: 2343, 天空石阈值: 14904, 金币阈值: 14904
[2026-05-07 23:42:46] [INFO] [ShopBot] 配置已加载 - 设备: øoðᥪHûĠ[į, 截图: uiautomator2, 控制: uiautomator2
[2026-05-07 23:42:46] [INFO] [ShopBot] 购买列表 - 书签: False, 神秘奖章: False, 装备: False, 狗粮: True
[2026-05-07 23:42:46] [INFO] [ShopBot] 刷新上限: 2343, 天空石阈值: 14904, 金币阈值: 14904
[2026-05-07 23:42:46] [INFO] [ShopBot] 配置已加载 - 设备: øoðᥪHûĠ[į, 截图: uiautomator2, 控制: uiautomator2
[2026-05-07 23:42:46] [INFO] [ShopBot] 购买列表 - 书签: False, 神秘奖章: False, 装备: False, 狗粮: True
[2026-05-07 23:42:46] [INFO] [ShopBot] 刷新上限: 14904, 天空石阈值: 14904, 金币阈值: 14904
[2026-05-07 23:42:46] [INFO] [ShopBot] 配置已加载 - 设备: øoðᥪHûĠ[į, 截图: uiautomator2, 控制: uiautomator2
[2026-05-07 23:42:46] [INFO] [ShopBot] 购买列表 - 书签: False, 神秘奖章: False, 装备: False, 狗粮: False
[2026-05-07 23:42:46] [INFO] [ShopBot] 刷新上限: 14904, 天空石阈值: 14904, 金币阈值: 14904
[2026-05-07 23:42:46] [INFO] [ShopBot] 配置已加载 - 设备: MYñĠ, 截图: uiautomator2, 控制: ADB
[2026-05-07 23:42:46] [INFO] [ShopBot] 购买列表 - 书签: True, 神秘奖章: False, 装备: False, 狗粮: True
[2026-05-07 23:42:46] [INFO] [ShopBot] 刷新上限: 65774, 天空石阈值: 88373, 金币阈值: 4147
[2026-05-07 23:42:46] [INFO] [ShopBot] 配置已加载 - 设备: MYñĠ, 截图: ADB, 控制: ADB
[2026-05-07 23:42:46] [INFO] [ShopBot] 购买列表 - 书签: True, 神秘奖章: False, 装备: False, 狗粮: True
[2026-05-07 23:42:46] [INFO] [ShopBot] 刷新上限: 65774, 天空石阈值: 88373, 金币阈值: 4147
[2026-05-07 23:42:46] [INFO] [ShopBot] 配置已加载 - 设备: MYñĠ, 截图: ADB, 控制: ADB
[2026-05-07 23:42:46] [INFO] [ShopBot] 购买列表 - 书签: True, 神秘奖章: True, 装备: False, 狗粮: True
[2026-05-07 23:42:46] [INFO] [ShopBot] 刷新上限: 65774, 天空石阈值: 88373, 金币阈值: 4147
[2026-05-07 23:42:46] [INFO] [ShopBot] 配置已加载 - 设备: MYñĠ, 截图: ADB, 控制: ADB
[2026-05-07 23:42:46] [INFO] [ShopBot] 购买列表 - 书签: True, 神秘奖章: True, 装备: True, 狗粮: True
[2026-05-07 23:42:46] [INFO] [ShopBot] 刷新上限: 65774, 天空石阈值: 88373, 金币阈值: 4147
[2026-05-07 23:42:46] [INFO] [ShopBot] 配置已加载 - 设备: MYñĠ, 截图: ADB, 控制: ADB
[2026-05-07 23:42:46] [INFO] [ShopBot] 购买列表 - 书签: True, 神秘奖章: True, 装备: True, 狗粮: True
[2026-05-07 23:42:46] [INFO] [ShopBot] 刷新上限: 65774, 天空石阈值: 4147, 金币阈值: 4147
[2026-05-07 23:42:46] [INFO] [ShopBot] 配置已加载 - 设备: MYñĠ, 截图: ADB, 控制: ADB
[2026-05-07 23:42:46] [INFO] [ShopBot] 购买列表 - 书签: True, 神秘奖章: True, 装备: True, 狗粮: True
[2026-05-07 23:42:46] [INFO] [ShopBot] 刷新上限: 65774, 天空石阈值: 65774, 金币阈值: 4147
[2026-05-07 23:42:46] [INFO] [ShopBot] 配置已加载 - 设备: MYñĠ, 截图: ADB, 控制: ADB
[2026-05-07 23:42:46] [INFO] [ShopBot] 购买列表 - 书签: True, 神秘奖章: True, 装备: True, 狗粮: True
[2026-05-07 23:42:46] [INFO] [ShopBot] 刷新上限: 65774, 天空石阈值: 65774, 金币阈值: 65774
[2026-05-07 23:42:46] [INFO] [ShopBot] 配置已加载 - 设备: Ú, 截图: ADB, 控制: ADB
[2026-05-07 23:42:46] [INFO] [ShopBot] 购买列表 - 书签: False, 神秘奖章: False, 装备: True, 狗粮: False
[2026-05-07 23:42:46] [INFO] [ShopBot] 刷新上限: 35373, 天空石阈值: 54450, 金币阈值: 28100
[2026-05-07 23:42:46] [INFO] [ShopBot] 配置已加载 - 设备: Ú, 截图: ADB, 控制: ADB
[2026-05-07 23:42:46] [INFO] [ShopBot] 购买列表 - 书签: False, 神秘奖章: False, 装备: True, 狗粮: False
[2026-05-07 23:42:46] [INFO] [ShopBot] 刷新上限: 54450, 天空石阈值: 54450, 金币阈值: 28100
[2026-05-07 23:42:46] [INFO] [ShopBot] 配置已加载 - 设备: Ú, 截图: ADB, 控制: ADB
[2026-05-07 23:42:46] [INFO] [ShopBot] 购买列表 - 书签: False, 神秘奖章: False, 装备: True, 狗粮: False
[2026-05-07 23:42:46] [INFO] [ShopBot] 刷新上限: 28100, 天空石阈值: 54450, 金币阈值: 28100
[2026-05-07 23:42:46] [INFO] [ShopBot] 配置已加载 - 设备: Ú, 截图: ADB, 控制: ADB
[2026-05-07 23:42:46] [INFO] [ShopBot] 购买列表 - 书签: False, 神秘奖章: False, 装备: True, 狗粮: False
[2026-05-07 23:42:46] [INFO] [ShopBot] 刷新上限: 28100, 天空石阈值: 54450, 金币阈值: 28100
[2026-05-07 23:42:46] [INFO] [ShopBot] 配置已加载 - 设备: Ú, 截图: ADB, 控制: ADB
[2026-05-07 23:42:46] [INFO] [ShopBot] 购买列表 - 书签: False, 神秘奖章: False, 装备: True, 狗粮: False
[2026-05-07 23:42:46] [INFO] [ShopBot] 刷新上限: 54450, 天空石阈值: 54450, 金币阈值: 28100
[2026-05-07 23:42:46] [INFO] [ShopBot] 配置已加载 - 设备: Ú, 截图: ADB, 控制: ADB
[2026-05-07 23:42:46] [INFO] [ShopBot] 购买列表 - 书签: False, 神秘奖章: False, 装备: False, 狗粮: False
[2026-05-07 23:42:46] [INFO] [ShopBot] 刷新上限: 54450, 天空石阈值: 54450, 金币阈值: 28100
[2026-05-07 23:42:46] [INFO] [ShopBot] 配置已加载 - 设备: V𨕧ùメtďZ¢W¥𭵘, 截图: ADB, 控制: ADB
[2026-05-07 23:42:46] [INFO] [ShopBot] 购买列表 - 书签: True, 神秘奖章: True, 装备: True, 狗粮: True
[2026-05-07 23:42:46] [INFO] [ShopBot] 刷新上限: 4970, 天空石阈值: 11870, 金币阈值: 17168
[2026-05-07 23:42:46] [INFO] [ShopBot] 配置已加载 - 设备: V𨕧ùメtďZ¢W¥𭵘, 截图: ADB, 控制: ADB
[2026-05-07 23:42:46] [INFO] [ShopBot] 购买列表 - 书签: True, 神秘奖章: True, 装备: True, 狗粮: True
[2026-05-07 23:42:46] [INFO] [ShopBot] 刷新上限: 4970, 天空石阈值: 1, 金币阈值: 17168
[2026-05-07 23:42:46] [INFO] [ShopBot] 配置已加载 - 设备: V𨕧ùメtďZ¢W¥𭵘, 截图: ADB, 控制: ADB
[2026-05-07 23:42:46] [INFO] [ShopBot] 购买列表 - 书签: True, 神秘奖章: True, 装备: True, 狗粮: True
[2026-05-07 23:42:46] [INFO] [ShopBot] 刷新上限: 4970, 天空石阈值: 1, 金币阈值: 1
[2026-05-07 23:42:46] [INFO] [ShopBot] 配置已加载 - 设备: V𨕧ùメtďZ¢W¥𭵘, 截图: ADB, 控制: ADB
[2026-05-07 23:42:46] [INFO] [ShopBot] 购买列表 - 书签: True, 神秘奖章: True, 装备: True, 狗粮: True
[2026-05-07 23:42:46] [INFO] [ShopBot] 刷新上限: 4970, 天空石阈值: 4970, 金币阈值: 1
[2026-05-07 23:42:46] [INFO] [ShopBot] 配置已加载 - 设备: V𨕧ùメtďZ¢W¥𭵘, 截图: ADB, 控制: ADB
[2026-05-07 23:42:46] [INFO] [ShopBot] 购买列表 - 书签: True, 神秘奖章: True, 装备: True, 狗粮: True
[2026-05-07 23:42:46] [INFO] [ShopBot] 刷新上限: 4970, 天空石阈值: 4970, 金币阈值: 4970
[2026-05-07 23:42:46] [INFO] [ShopBot] 配置已加载 - 设备: -㎺Z箺-ßR, 截图: ADB, 控制: uiautomator2
[2026-05-07 23:42:46] [INFO] [ShopBot] 购买列表 - 书签: False, 神秘奖章: True, 装备: True, 狗粮: False
[2026-05-07 23:42:46] [INFO] [ShopBot] 刷新上限: 22295, 天空石阈值: 11093, 金币阈值: 32498
[2026-05-07 23:42:46] [INFO] [ShopBot] 配置已加载 - 设备: -㎺Z箺-ßR, 截图: ADB, 控制: uiautomator2
[2026-05-07 23:42:46] [INFO] [ShopBot] 购买列表 - 书签: False, 神秘奖章: True, 装备: True, 狗粮: False
[2026-05-07 23:42:46] [INFO] [ShopBot] 刷新上限: 22295, 天空石阈值: 11093, 金币阈值: 11093
[2026-05-07 23:42:46] [INFO] [ShopBot] 配置已加载 - 设备: -㎺Z箺-ßR, 截图: uiautomator2, 控制: uiautomator2
[2026-05-07 23:42:46] [INFO] [ShopBot] 购买列表 - 书签: False, 神秘奖章: True, 装备: True, 狗粮: False
[2026-05-07 23:42:46] [INFO] [ShopBot] 刷新上限: 22295, 天空石阈值: 11093, 金币阈值: 11093
[2026-05-07 23:42:46] [INFO] [ShopBot] 配置已加载 - 设备: -㎺Z箺-ßR, 截图: uiautomator2, 控制: uiautomator2
[2026-05-07 23:42:46] [INFO] [ShopBot] 购买列表 - 书签: False, 神秘奖章: True, 装备: True, 狗粮: True
[2026-05-07 23:42:46] [INFO] [ShopBot] 刷新上限: 22295, 天空石阈值: 11093, 金币阈值: 11093
[2026-05-07 23:42:46] [INFO] [ShopBot] 配置已加载 - 设备: -㎺Z箺-ßR, 截图: uiautomator2, 控制: uiautomator2
[2026-05-07 23:42:46] [INFO] [ShopBot] 购买列表 - 书签: False, 神秘奖章: False, 装备: True, 狗粮: True
[2026-05-07 23:42:46] [INFO] [ShopBot] 刷新上限: 22295, 天空石阈值: 11093, 金币阈值: 11093
[2026-05-07 23:42:46] [INFO] [ShopBot] 配置已加载 - 设备: -㎺Z箺-ßR, 截图: uiautomator2, 控制: uiautomator2
[2026-05-07 23:42:46] [INFO] [ShopBot] 购买列表 - 书签: False, 神秘奖章: False, 装备: True, 狗粮: False
[2026-05-07 23:42:46] [INFO] [ShopBot] 刷新上限: 22295, 天空石阈值: 11093, 金币阈值: 11093
[2026-05-07 23:42:46] [INFO] [ShopBot] 配置已加载 - 设备: -㎺Z箺-ßR, 截图: uiautomator2, 控制: uiautomator2
[2026-05-07 23:42:46] [INFO] [ShopBot] 购买列表 - 书签: False, 神秘奖章: False, 装备: True, 狗粮: False
[2026-05-07 23:42:46] [INFO] [ShopBot] 刷新上限: 22295, 天空石阈值: 22295, 金币阈值: 11093
[2026-05-07 23:42:46] [INFO] [ShopBot] 配置已加载 - 设备: ĊpĀ𘉻Y}, 截图: uiautomator2, 控制: ADB
[2026-05-07 23:42:46] [INFO] [ShopBot] 购买列表 - 书签: True, 神秘奖章: True, 装备: False, 狗粮: True
[2026-05-07 23:42:46] [INFO] [ShopBot] 刷新上限: 47335, 天空石阈值: 100000, 金币阈值: 1286
[2026-05-07 23:42:46] [INFO] [ShopBot] 配置已加载 - 设备: ĊpĀ𘉻Y}, 截图: uiautomator2, 控制: uiautomator2
[2026-05-07 23:42:46] [INFO] [ShopBot] 购买列表 - 书签: True, 神秘奖章: True, 装备: False, 狗粮: True
[2026-05-07 23:42:46] [INFO] [ShopBot] 刷新上限: 47335, 天空石阈值: 100000, 金币阈值: 1286
[2026-05-07 23:42:46] [INFO] [ShopBot] 配置已加载 - 设备: ĊpĀ𘉻Y}, 截图: uiautomator2, 控制: uiautomator2
[2026-05-07 23:42:46] [INFO] [ShopBot] 购买列表 - 书签: True, 神秘奖章: True, 装备: False, 狗粮: True
[2026-05-07 23:42:46] [INFO] [ShopBot] 刷新上限: 47335, 天空石阈值: 100000, 金币阈值: 1286
[2026-05-07 23:42:46] [INFO] [ShopBot] 配置已加载 - 设备: ĩ, 截图: ADB, 控制: ADB
[2026-05-07 23:42:46] [INFO] [ShopBot] 购买列表 - 书签: False, 神秘奖章: True, 装备: True, 狗粮: False
[2026-05-07 23:42:46] [INFO] [ShopBot] 刷新上限: 95462, 天空石阈值: 27832, 金币阈值: 68417
[2026-05-07 23:42:46] [INFO] [ShopBot] 配置已加载 - 设备: ĩ, 截图: ADB, 控制: ADB
[2026-05-07 23:42:46] [INFO] [ShopBot] 购买列表 - 书签: False, 神秘奖章: False, 装备: True, 狗粮: False
[2026-05-07 23:42:46] [INFO] [ShopBot] 刷新上限: 95462, 天空石阈值: 27832, 金币阈值: 68417
[2026-05-07 23:42:46] [INFO] [ShopBot] 配置已加载 - 设备: ĩ, 截图: ADB, 控制: ADB
[2026-05-07 23:42:46] [INFO] [ShopBot] 购买列表 - 书签: False, 神秘奖章: False, 装备: True, 狗粮: False
[2026-05-07 23:42:46] [INFO] [ShopBot] 刷新上限: 95462, 天空石阈值: 27832, 金币阈值: 68417
[2026-05-07 23:42:46] [INFO] [ShopBot] 配置已加载 - 设备: ĩ, 截图: ADB, 控制: ADB
[2026-05-07 23:42:46] [INFO] [ShopBot] 购买列表 - 书签: False, 神秘奖章: False, 装备: True, 狗粮: False
[2026-05-07 23:42:46] [INFO] [ShopBot] 刷新上限: 27832, 天空石阈值: 27832, 金币阈值: 68417
[2026-05-07 23:42:46] [INFO] [ShopBot] 配置已加载 - 设备: ĩ, 截图: ADB, 控制: ADB
[2026-05-07 23:42:46] [INFO] [ShopBot] 购买列表 - 书签: False, 神秘奖章: False, 装备: True, 狗粮: True
[2026-05-07 23:42:46] [INFO] [ShopBot] 刷新上限: 27832, 天空石阈值: 27832, 金币阈值: 68417
[2026-05-07 23:42:46] [INFO] [ShopBot] 配置已加载 - 设备: ĩ, 截图: ADB, 控制: ADB
[2026-05-07 23:42:46] [INFO] [ShopBot] 购买列表 - 书签: False, 神秘奖章: False, 装备: False, 狗粮: True
[2026-05-07 23:42:46] [INFO] [ShopBot] 刷新上限: 27832, 天空石阈值: 27832, 金币阈值: 68417
[2026-05-07 23:42:46] [INFO] [ShopBot] 配置已加载 - 设备: ĩ, 截图: ADB, 控制: ADB
[2026-05-07 23:42:46] [INFO] [ShopBot] 购买列表 - 书签: False, 神秘奖章: False, 装备: False, 狗粮: False
[2026-05-07 23:42:46] [INFO] [ShopBot] 刷新上限: 27832, 天空石阈值: 27832, 金币阈值: 68417
[2026-05-07 23:42:46] [INFO] [ShopBot] 配置已加载 - 设备: %ó, 截图: uiautomator2, 控制: uiautomator2
[2026-05-07 23:42:46] [INFO] [ShopBot] 购买列表 - 书签: False, 神秘奖章: False, 装备: True, 狗粮: True
[2026-05-07 23:42:46] [INFO] [ShopBot] 刷新上限: 40827, 天空石阈值: 10940, 金币阈值: 57033
[2026-05-07 23:42:46] [INFO] [ShopBot] 配置已加载 - 设备: %ó, 截图: uiautomator2, 控制: uiautomator2
[2026-05-07 23:42:46] [INFO] [ShopBot] 购买列表 - 书签: False, 神秘奖章: False, 装备: False, 狗粮: True
[2026-05-07 23:42:46] [INFO] [ShopBot] 刷新上限: 40827, 天空石阈值: 10940, 金币阈值: 57033
[2026-05-07 23:42:46] [INFO] [ShopBot] 配置已加载 - 设备: %ó, 截图: uiautomator2, 控制: uiautomator2
[2026-05-07 23:42:46] [INFO] [ShopBot] 购买列表 - 书签: False, 神秘奖章: True, 装备: False, 狗粮: True
[2026-05-07 23:42:46] [INFO] [ShopBot] 刷新上限: 40827, 天空石阈值: 10940, 金币阈值: 57033
[2026-05-07 23:42:46] [INFO] [ShopBot] 配置已加载 - 设备: %ó, 截图: uiautomator2, 控制: uiautomator2
[2026-05-07 23:42:46] [INFO] [ShopBot] 购买列表 - 书签: False, 神秘奖章: True, 装备: False, 狗粮: True
[2026-05-07 23:42:46] [INFO] [ShopBot] 刷新上限: 34714, 天空石阈值: 10940, 金币阈值: 57033
[2026-05-07 23:42:47] [INFO] [ShopBot] 配置已加载 - 设备: %ó, 截图: uiautomator2, 控制: uiautomator2
[2026-05-07 23:42:47] [INFO] [ShopBot] 购买列表 - 书签: False, 神秘奖章: True, 装备: False, 狗粮: True
[2026-05-07 23:42:47] [INFO] [ShopBot] 刷新上限: 34714, 天空石阈值: 34714, 金币阈值: 57033
[2026-05-07 23:42:47] [INFO] [ShopBot] 配置已加载 - 设备: %ó, 截图: uiautomator2, 控制: uiautomator2
[2026-05-07 23:42:47] [INFO] [ShopBot] 购买列表 - 书签: False, 神秘奖章: True, 装备: True, 狗粮: True
[2026-05-07 23:42:47] [INFO] [ShopBot] 刷新上限: 34714, 天空石阈值: 34714, 金币阈值: 57033
[2026-05-07 23:42:47] [INFO] [ShopBot] 配置已加载 - 设备: %ó, 截图: uiautomator2, 控制: uiautomator2
[2026-05-07 23:42:47] [INFO] [ShopBot] 购买列表 - 书签: False, 神秘奖章: True, 装备: True, 狗粮: True
[2026-05-07 23:42:47] [INFO] [ShopBot] 刷新上限: 34714, 天空石阈值: 34714, 金币阈值: 57033
[2026-05-07 23:42:47] [INFO] [ShopBot] 配置已加载 - 设备: ÚĿ呦𣮊h, 截图: ADB, 控制: uiautomator2
[2026-05-07 23:42:47] [INFO] [ShopBot] 购买列表 - 书签: True, 神秘奖章: False, 装备: False, 狗粮: False
[2026-05-07 23:42:47] [INFO] [ShopBot] 刷新上限: 0, 天空石阈值: 65891, 金币阈值: 13288
[2026-05-07 23:42:47] [INFO] [ShopBot] 配置已加载 - 设备: ÚĿ呦𣮊h, 截图: ADB, 控制: uiautomator2
[2026-05-07 23:42:47] [INFO] [ShopBot] 购买列表 - 书签: True, 神秘奖章: False, 装备: True, 狗粮: False
[2026-05-07 23:42:47] [INFO] [ShopBot] 刷新上限: 0, 天空石阈值: 65891, 金币阈值: 13288
[2026-05-07 23:42:47] [INFO] [ShopBot] 配置已加载 - 设备: ÚĿ呦𣮊h, 截图: ADB, 控制: uiautomator2
[2026-05-07 23:42:47] [INFO] [ShopBot] 购买列表 - 书签: True, 神秘奖章: False, 装备: True, 狗粮: False
[2026-05-07 23:42:47] [INFO] [ShopBot] 刷新上限: 0, 天空石阈值: 26230, 金币阈值: 13288
[2026-05-07 23:42:47] [INFO] [ShopBot] 配置已加载 - 设备: ÚĿ呦𣮊h, 截图: ADB, 控制: ADB
[2026-05-07 23:42:47] [INFO] [ShopBot] 购买列表 - 书签: True, 神秘奖章: False, 装备: True, 狗粮: False
[2026-05-07 23:42:47] [INFO] [ShopBot] 刷新上限: 0, 天空石阈值: 26230, 金币阈值: 13288
[2026-05-07 23:42:47] [INFO] [ShopBot] 配置已加载 - 设备: ÚĿ呦𣮊h, 截图: ADB, 控制: ADB
[2026-05-07 23:42:47] [INFO] [ShopBot] 购买列表 - 书签: True, 神秘奖章: True, 装备: True, 狗粮: False
[2026-05-07 23:42:47] [INFO] [ShopBot] 刷新上限: 0, 天空石阈值: 26230, 金币阈值: 13288
[2026-05-07 23:42:47] [INFO] [ShopBot] 配置已加载 - 设备: ÚĿ呦𣮊h, 截图: ADB, 控制: ADB
[2026-05-07 23:42:47] [INFO] [ShopBot] 购买列表 - 书签: True, 神秘奖章: True, 装备: True, 狗粮: False
[2026-05-07 23:42:47] [INFO] [ShopBot] 刷新上限: 0, 天空石阈值: 0, 金币阈值: 13288
[2026-05-07 23:42:47] [INFO] [ShopBot] 配置已加载 - 设备: ÚĿ呦𣮊h, 截图: ADB, 控制: ADB
[2026-05-07 23:42:47] [INFO] [ShopBot] 购买列表 - 书签: True, 神秘奖章: True, 装备: True, 狗粮: False
[2026-05-07 23:42:47] [INFO] [ShopBot] 刷新上限: 0, 天空石阈值: 26230, 金币阈值: 26230
[2026-05-07 23:42:47] [INFO] [ShopBot] 配置已加载 - 设备: S|, 截图: ADB, 控制: ADB
[2026-05-07 23:42:47] [INFO] [ShopBot] 购买列表 - 书签: False, 神秘奖章: False, 装备: False, 狗粮: True
[2026-05-07 23:42:47] [INFO] [ShopBot] 刷新上限: 71944, 天空石阈值: 10193, 金币阈值: 0
[2026-05-07 23:42:47] [INFO] [ShopBot] 配置已加载 - 设备: S|, 截图: ADB, 控制: ADB
[2026-05-07 23:42:47] [INFO] [ShopBot] 购买列表 - 书签: False, 神秘奖章: False, 装备: False, 狗粮: True
[2026-05-07 23:42:47] [INFO] [ShopBot] 刷新上限: 71944, 天空石阈值: 10193, 金币阈值: 0
[2026-05-07 23:42:57] [INFO] [ShopBot] 配置文件不存在，生成默认模板: C:\Users\18579\AppData\Local\Temp\pytest-of-18579\pytest-0\test_load_generates_default_wh0\config.yaml
[2026-05-07 23:42:57] [INFO] [ShopBot] 配置已加载 - 设备: 127.0.0.1:16384, 截图: ADB, 控制: ADB
[2026-05-07 23:42:57] [INFO] [ShopBot] 购买列表 - 书签: True, 神秘奖章: True, 装备: False, 狗粮: False
[2026-05-07 23:42:57] [INFO] [ShopBot] 刷新上限: 200, 天空石阈值: 0, 金币阈值: 0
[2026-05-07 23:42:57] [INFO] [ShopBot] 配置文件不存在，生成默认模板: C:\Users\18579\AppData\Local\Temp\pytest-of-18579\pytest-0\test_generated_default_is_vali0\config.yaml
[2026-05-07 23:42:57] [INFO] [ShopBot] 配置已加载 - 设备: 127.0.0.1:16384, 截图: ADB, 控制: ADB
[2026-05-07 23:42:57] [INFO] [ShopBot] 购买列表 - 书签: True, 神秘奖章: True, 装备: False, 狗粮: False
[2026-05-07 23:42:57] [INFO] [ShopBot] 刷新上限: 200, 天空石阈值: 0, 金币阈值: 0
[2026-05-07 23:42:57] [INFO] [ShopBot] 配置已加载 - 设备: 192.168.1.100:5555, 截图: uiautomator2, 控制: ADB
[2026-05-07 23:42:57] [INFO] [ShopBot] 购买列表 - 书签: False, 神秘奖章: True, 装备: False, 狗粮: False
[2026-05-07 23:42:57] [INFO] [ShopBot] 刷新上限: 100, 天空石阈值: 0, 金币阈值: 0
[2026-05-07 23:42:57] [INFO] [ShopBot] 配置已加载 - 设备: 10.0.0.1:5555, 截图: ADB, 控制: ADB
[2026-05-07 23:42:57] [INFO] [ShopBot] 购买列表 - 书签: False, 神秘奖章: True, 装备: False, 狗粮: False
[2026-05-07 23:42:57] [INFO] [ShopBot] 刷新上限: 200, 天空石阈值: 0, 金币阈值: 0
[2026-05-07 23:42:57] [INFO] [ShopBot] 配置已加载 - 设备: 127.0.0.1:16384, 截图: ADB, 控制: ADB
[2026-05-07 23:42:57] [INFO] [ShopBot] 购买列表 - 书签: True, 神秘奖章: True, 装备: False, 狗粮: False
[2026-05-07 23:42:57] [INFO] [ShopBot] 刷新上限: 500, 天空石阈值: 0, 金币阈值: 0
[2026-05-07 23:42:57] [INFO] [ShopBot] 正在连接设备 127.0.0.1:16384（第 1/1 次）
[2026-05-07 23:42:57] [WARNING] [ShopBot] 连接输出异常: failed to connect
[2026-05-07 23:42:57] [ERROR] [ShopBot] 连接失败（第 1/1 次）: failed to connect
[2026-05-07 23:42:57] [ERROR] [ShopBot] 设备连接失败，已重试 1 次: 127.0.0.1:16384
[2026-05-07 23:42:57] [INFO] [ShopBot] 正在连接设备 127.0.0.1:16384（第 1/4 次）
[2026-05-07 23:42:57] [WARNING] [ShopBot] 连接输出异常: failed to connect
[2026-05-07 23:42:57] [ERROR] [ShopBot] 连接失败（第 1/4 次）: failed to connect
[2026-05-07 23:42:57] [INFO] [ShopBot] 等待 0.01 秒后重试...
[2026-05-07 23:42:57] [INFO] [ShopBot] 正在连接设备 127.0.0.1:16384（第 2/4 次）
[2026-05-07 23:42:57] [WARNING] [ShopBot] 连接输出异常: failed to connect
[2026-05-07 23:42:57] [ERROR] [ShopBot] 连接失败（第 2/4 次）: failed to connect
[2026-05-07 23:42:57] [INFO] [ShopBot] 等待 0.01 秒后重试...
[2026-05-07 23:42:57] [INFO] [ShopBot] 正在连接设备 127.0.0.1:16384（第 3/4 次）
[2026-05-07 23:42:57] [WARNING] [ShopBot] 连接输出异常: failed to connect
[2026-05-07 23:42:57] [ERROR] [ShopBot] 连接失败（第 3/4 次）: failed to connect
[2026-05-07 23:42:57] [INFO] [ShopBot] 等待 0.01 秒后重试...
[2026-05-07 23:42:57] [INFO] [ShopBot] 正在连接设备 127.0.0.1:16384（第 4/4 次）
[2026-05-07 23:42:57] [WARNING] [ShopBot] 连接输出异常: failed to connect
[2026-05-07 23:42:57] [ERROR] [ShopBot] 连接失败（第 4/4 次）: failed to connect
[2026-05-07 23:42:57] [ERROR] [ShopBot] 设备连接失败，已重试 4 次: 127.0.0.1:16384
[2026-05-07 23:42:57] [INFO] [ShopBot] 正在连接设备 127.0.0.1:16384（第 1/4 次）
[2026-05-07 23:42:57] [WARNING] [ShopBot] 连接输出异常: failed to connect
[2026-05-07 23:42:57] [ERROR] [ShopBot] 连接失败（第 1/4 次）: failed to connect
[2026-05-07 23:42:57] [INFO] [ShopBot] 等待 0.04661838663308447 秒后重试...
[2026-05-07 23:42:57] [INFO] [ShopBot] 正在连接设备 127.0.0.1:16384（第 2/4 次）
[2026-05-07 23:42:57] [WARNING] [ShopBot] 连接输出异常: failed to connect
[2026-05-07 23:42:57] [ERROR] [ShopBot] 连接失败（第 2/4 次）: failed to connect
[2026-05-07 23:42:57] [INFO] [ShopBot] 等待 0.04661838663308447 秒后重试...
[2026-05-07 23:42:57] [INFO] [ShopBot] 正在连接设备 127.0.0.1:16384（第 3/4 次）
[2026-05-07 23:42:57] [WARNING] [ShopBot] 连接输出异常: failed to connect
[2026-05-07 23:42:57] [ERROR] [ShopBot] 连接失败（第 3/4 次）: failed to connect
[2026-05-07 23:42:57] [INFO] [ShopBot] 等待 0.04661838663308447 秒后重试...
[2026-05-07 23:42:57] [INFO] [ShopBot] 正在连接设备 127.0.0.1:16384（第 4/4 次）
[2026-05-07 23:42:57] [WARNING] [ShopBot] 连接输出异常: failed to connect
[2026-05-07 23:42:57] [ERROR] [ShopBot] 连接失败（第 4/4 次）: failed to connect
[2026-05-07 23:42:57] [ERROR] [ShopBot] 设备连接失败，已重试 4 次: 127.0.0.1:16384
[2026-05-07 23:42:57] [INFO] [ShopBot] 正在连接设备 127.0.0.1:16384（第 1/10 次）
[2026-05-07 23:42:57] [WARNING] [ShopBot] 连接输出异常: failed to connect
[2026-05-07 23:42:57] [ERROR] [ShopBot] 连接失败（第 1/10 次）: failed to connect
[2026-05-07 23:42:57] [INFO] [ShopBot] 等待 0.01 秒后重试...
[2026-05-07 23:42:57] [INFO] [ShopBot] 正在连接设备 127.0.0.1:16384（第 2/10 次）
[2026-05-07 23:42:57] [WARNING] [ShopBot] 连接输出异常: failed to connect
[2026-05-07 23:42:57] [ERROR] [ShopBot] 连接失败（第 2/10 次）: failed to connect
[2026-05-07 23:42:57] [INFO] [ShopBot] 等待 0.01 秒后重试...
[2026-05-07 23:42:57] [INFO] [ShopBot] 正在连接设备 127.0.0.1:16384（第 3/10 次）
[2026-05-07 23:42:57] [WARNING] [ShopBot] 连接输出异常: failed to connect
[2026-05-07 23:42:57] [ERROR] [ShopBot] 连接失败（第 3/10 次）: failed to connect
[2026-05-07 23:42:57] [INFO] [ShopBot] 等待 0.01 秒后重试...
[2026-05-07 23:42:57] [INFO] [ShopBot] 正在连接设备 127.0.0.1:16384（第 4/10 次）
[2026-05-07 23:42:57] [WARNING] [ShopBot] 连接输出异常: failed to connect
[2026-05-07 23:42:57] [ERROR] [ShopBot] 连接失败（第 4/10 次）: failed to connect
[2026-05-07 23:42:57] [INFO] [ShopBot] 等待 0.01 秒后重试...
[2026-05-07 23:42:57] [INFO] [ShopBot] 正在连接设备 127.0.0.1:16384（第 5/10 次）
[2026-05-07 23:42:57] [WARNING] [ShopBot] 连接输出异常: failed to connect
[2026-05-07 23:42:57] [ERROR] [ShopBot] 连接失败（第 5/10 次）: failed to connect
[2026-05-07 23:42:57] [INFO] [ShopBot] 等待 0.01 秒后重试...
[2026-05-07 23:42:57] [INFO] [ShopBot] 正在连接设备 127.0.0.1:16384（第 6/10 次）
[2026-05-07 23:42:57] [WARNING] [ShopBot] 连接输出异常: failed to connect
[2026-05-07 23:42:57] [ERROR] [ShopBot] 连接失败（第 6/10 次）: failed to connect
[2026-05-07 23:42:57] [INFO] [ShopBot] 等待 0.01 秒后重试...
[2026-05-07 23:42:57] [INFO] [ShopBot] 正在连接设备 127.0.0.1:16384（第 7/10 次）
[2026-05-07 23:42:57] [WARNING] [ShopBot] 连接输出异常: failed to connect
[2026-05-07 23:42:57] [ERROR] [ShopBot] 连接失败（第 7/10 次）: failed to connect
[2026-05-07 23:42:57] [INFO] [ShopBot] 等待 0.01 秒后重试...
[2026-05-07 23:42:57] [INFO] [ShopBot] 正在连接设备 127.0.0.1:16384（第 8/10 次）
[2026-05-07 23:42:57] [WARNING] [ShopBot] 连接输出异常: failed to connect
[2026-05-07 23:42:57] [ERROR] [ShopBot] 连接失败（第 8/10 次）: failed to connect
[2026-05-07 23:42:57] [INFO] [ShopBot] 等待 0.01 秒后重试...
[2026-05-07 23:42:57] [INFO] [ShopBot] 正在连接设备 127.0.0.1:16384（第 9/10 次）
[2026-05-07 23:42:57] [WARNING] [ShopBot] 连接输出异常: failed to connect
[2026-05-07 23:42:57] [ERROR] [ShopBot] 连接失败（第 9/10 次）: failed to connect
[2026-05-07 23:42:57] [INFO] [ShopBot] 等待 0.01 秒后重试...
[2026-05-07 23:42:57] [INFO] [ShopBot] 正在连接设备 127.0.0.1:16384（第 10/10 次）
[2026-05-07 23:42:57] [WARNING] [ShopBot] 连接输出异常: failed to connect
[2026-05-07 23:42:57] [ERROR] [ShopBot] 连接失败（第 10/10 次）: failed to connect
[2026-05-07 23:42:57] [ERROR] [ShopBot] 设备连接失败，已重试 10 次: 127.0.0.1:16384
[2026-05-07 23:42:57] [INFO] [ShopBot] 正在连接设备 127.0.0.1:16384（第 1/10 次）
[2026-05-07 23:42:57] [WARNING] [ShopBot] 连接输出异常: failed to connect
[2026-05-07 23:42:57] [ERROR] [ShopBot] 连接失败（第 1/10 次）: failed to connect
[2026-05-07 23:42:57] [INFO] [ShopBot] 等待 0.02293810826889426 秒后重试...
[2026-05-07 23:42:57] [INFO] [ShopBot] 正在连接设备 127.0.0.1:16384（第 2/10 次）
[2026-05-07 23:42:57] [WARNING] [ShopBot] 连接输出异常: failed to connect
[2026-05-07 23:42:57] [ERROR] [ShopBot] 连接失败（第 2/10 次）: failed to connect
[2026-05-07 23:42:57] [INFO] [ShopBot] 等待 0.02293810826889426 秒后重试...
[2026-05-07 23:42:57] [INFO] [ShopBot] 正在连接设备 127.0.0.1:16384（第 3/10 次）
[2026-05-07 23:42:57] [WARNING] [ShopBot] 连接输出异常: failed to connect
[2026-05-07 23:42:57] [ERROR] [ShopBot] 连接失败（第 3/10 次）: failed to connect
[2026-05-07 23:42:57] [INFO] [ShopBot] 等待 0.02293810826889426 秒后重试...
[2026-05-07 23:42:57] [INFO] [ShopBot] 正在连接设备 127.0.0.1:16384（第 4/10 次）
[2026-05-07 23:42:57] [WARNING] [ShopBot] 连接输出异常: failed to connect
[2026-05-07 23:42:57] [ERROR] [ShopBot] 连接失败（第 4/10 次）: failed to connect
[2026-05-07 23:42:57] [INFO] [ShopBot] 等待 0.02293810826889426 秒后重试...
[2026-05-07 23:42:57] [INFO] [ShopBot] 正在连接设备 127.0.0.1:16384（第 5/10 次）
[2026-05-07 23:42:57] [WARNING] [ShopBot] 连接输出异常: failed to connect
[2026-05-07 23:42:57] [ERROR] [ShopBot] 连接失败（第 5/10 次）: failed to connect
[2026-05-07 23:42:57] [INFO] [ShopBot] 等待 0.02293810826889426 秒后重试...
[2026-05-07 23:42:57] [INFO] [ShopBot] 正在连接设备 127.0.0.1:16384（第 6/10 次）
[2026-05-07 23:42:57] [WARNING] [ShopBot] 连接输出异常: failed to connect
[2026-05-07 23:42:57] [ERROR] [ShopBot] 连接失败（第 6/10 次）: failed to connect
[2026-05-07 23:42:57] [INFO] [ShopBot] 等待 0.02293810826889426 秒后重试...
[2026-05-07 23:42:57] [INFO] [ShopBot] 正在连接设备 127.0.0.1:16384（第 7/10 次）
[2026-05-07 23:42:57] [WARNING] [ShopBot] 连接输出异常: failed to connect
[2026-05-07 23:42:57] [ERROR] [ShopBot] 连接失败（第 7/10 次）: failed to connect
[2026-05-07 23:42:57] [INFO] [ShopBot] 等待 0.02293810826889426 秒后重试...
[2026-05-07 23:42:57] [INFO] [ShopBot] 正在连接设备 127.0.0.1:16384（第 8/10 次）
[2026-05-07 23:42:57] [WARNING] [ShopBot] 连接输出异常: failed to connect
[2026-05-07 23:42:57] [ERROR] [ShopBot] 连接失败（第 8/10 次）: failed to connect
[2026-05-07 23:42:57] [INFO] [ShopBot] 等待 0.02293810826889426 秒后重试...
[2026-05-07 23:42:57] [INFO] [ShopBot] 正在连接设备 127.0.0.1:16384（第 9/10 次）
[2026-05-07 23:42:57] [WARNING] [ShopBot] 连接输出异常: failed to connect
[2026-05-07 23:42:57] [ERROR] [ShopBot] 连接失败（第 9/10 次）: failed to connect
[2026-05-07 23:42:57] [INFO] [ShopBot] 等待 0.02293810826889426 秒后重试...
[2026-05-07 23:42:57] [INFO] [ShopBot] 正在连接设备 127.0.0.1:16384（第 10/10 次）
[2026-05-07 23:42:57] [WARNING] [ShopBot] 连接输出异常: failed to connect
[2026-05-07 23:42:57] [ERROR] [ShopBot] 连接失败（第 10/10 次）: failed to connect
[2026-05-07 23:42:57] [ERROR] [ShopBot] 设备连接失败，已重试 10 次: 127.0.0.1:16384
[2026-05-07 23:42:57] [INFO] [ShopBot] 正在连接设备 127.0.0.1:16384（第 1/8 次）
[2026-05-07 23:42:57] [WARNING] [ShopBot] 连接输出异常: failed to connect
[2026-05-07 23:42:57] [ERROR] [ShopBot] 连接失败（第 1/8 次）: failed to connect
[2026-05-07 23:42:57] [INFO] [ShopBot] 等待 0.01 秒后重试...
[2026-05-07 23:42:57] [INFO] [ShopBot] 正在连接设备 127.0.0.1:16384（第 2/8 次）
[2026-05-07 23:42:57] [WARNING] [ShopBot] 连接输出异常: failed to connect
[2026-05-07 23:42:57] [ERROR] [ShopBot] 连接失败（第 2/8 次）: failed to connect
[2026-05-07 23:42:57] [INFO] [ShopBot] 等待 0.01 秒后重试...
[2026-05-07 23:42:57] [INFO] [ShopBot] 正在连接设备 127.0.0.1:16384（第 3/8 次）
[2026-05-07 23:42:57] [WARNING] [ShopBot] 连接输出异常: failed to connect
[2026-05-07 23:42:57] [ERROR] [ShopBot] 连接失败（第 3/8 次）: failed to connect
[2026-05-07 23:42:57] [INFO] [ShopBot] 等待 0.01 秒后重试...
[2026-05-07 23:42:57] [INFO] [ShopBot] 正在连接设备 127.0.0.1:16384（第 4/8 次）
[2026-05-07 23:42:57] [WARNING] [ShopBot] 连接输出异常: failed to connect
[2026-05-07 23:42:57] [ERROR] [ShopBot] 连接失败（第 4/8 次）: failed to connect
[2026-05-07 23:42:57] [INFO] [ShopBot] 等待 0.01 秒后重试...
[2026-05-07 23:42:57] [INFO] [ShopBot] 正在连接设备 127.0.0.1:16384（第 5/8 次）
[2026-05-07 23:42:57] [WARNING] [ShopBot] 连接输出异常: failed to connect
[2026-05-07 23:42:57] [ERROR] [ShopBot] 连接失败（第 5/8 次）: failed to connect
[2026-05-07 23:42:57] [INFO] [ShopBot] 等待 0.01 秒后重试...
[2026-05-07 23:42:57] [INFO] [ShopBot] 正在连接设备 127.0.0.1:16384（第 6/8 次）
[2026-05-07 23:42:57] [WARNING] [ShopBot] 连接输出异常: failed to connect
[2026-05-07 23:42:57] [ERROR] [ShopBot] 连接失败（第 6/8 次）: failed to connect
[2026-05-07 23:42:57] [INFO] [ShopBot] 等待 0.01 秒后重试...
[2026-05-07 23:42:57] [INFO] [ShopBot] 正在连接设备 127.0.0.1:16384（第 7/8 次）
[2026-05-07 23:42:57] [WARNING] [ShopBot] 连接输出异常: failed to connect
[2026-05-07 23:42:57] [ERROR] [ShopBot] 连接失败（第 7/8 次）: failed to connect
[2026-05-07 23:42:57] [INFO] [ShopBot] 等待 0.01 秒后重试...
[2026-05-07 23:42:57] [INFO] [ShopBot] 正在连接设备 127.0.0.1:16384（第 8/8 次）
[2026-05-07 23:42:57] [WARNING] [ShopBot] 连接输出异常: failed to connect
[2026-05-07 23:42:57] [ERROR] [ShopBot] 连接失败（第 8/8 次）: failed to connect
[2026-05-07 23:42:57] [ERROR] [ShopBot] 设备连接失败，已重试 8 次: 127.0.0.1:16384
[2026-05-07 23:42:57] [INFO] [ShopBot] 正在连接设备 127.0.0.1:16384（第 1/8 次）
[2026-05-07 23:42:57] [WARNING] [ShopBot] 连接输出异常: failed to connect
[2026-05-07 23:42:57] [ERROR] [ShopBot] 连接失败（第 1/8 次）: failed to connect
[2026-05-07 23:42:57] [INFO] [ShopBot] 等待 0.022328378084978 秒后重试...
[2026-05-07 23:42:57] [INFO] [ShopBot] 正在连接设备 127.0.0.1:16384（第 2/8 次）
[2026-05-07 23:42:57] [WARNING] [ShopBot] 连接输出异常: failed to connect
[2026-05-07 23:42:57] [ERROR] [ShopBot] 连接失败（第 2/8 次）: failed to connect
[2026-05-07 23:42:57] [INFO] [ShopBot] 等待 0.022328378084978 秒后重试...
[2026-05-07 23:42:57] [INFO] [ShopBot] 正在连接设备 127.0.0.1:16384（第 3/8 次）
[2026-05-07 23:42:57] [WARNING] [ShopBot] 连接输出异常: failed to connect
[2026-05-07 23:42:57] [ERROR] [ShopBot] 连接失败（第 3/8 次）: failed to connect
[2026-05-07 23:42:57] [INFO] [ShopBot] 等待 0.022328378084978 秒后重试...
[2026-05-07 23:42:57] [INFO] [ShopBot] 正在连接设备 127.0.0.1:16384（第 4/8 次）
[2026-05-07 23:42:57] [WARNING] [ShopBot] 连接输出异常: failed to connect
[2026-05-07 23:42:57] [ERROR] [ShopBot] 连接失败（第 4/8 次）: failed to connect
[2026-05-07 23:42:57] [INFO] [ShopBot] 等待 0.022328378084978 秒后重试...
[2026-05-07 23:42:57] [INFO] [ShopBot] 正在连接设备 127.0.0.1:16384（第 5/8 次）
[2026-05-07 23:42:57] [WARNING] [ShopBot] 连接输出异常: failed to connect
[2026-05-07 23:42:57] [ERROR] [ShopBot] 连接失败（第 5/8 次）: failed to connect
[2026-05-07 23:42:57] [INFO] [ShopBot] 等待 0.022328378084978 秒后重试...
[2026-05-07 23:42:57] [INFO] [ShopBot] 正在连接设备 127.0.0.1:16384（第 6/8 次）
[2026-05-07 23:42:57] [WARNING] [ShopBot] 连接输出异常: failed to connect
[2026-05-07 23:42:57] [ERROR] [ShopBot] 连接失败（第 6/8 次）: failed to connect
[2026-05-07 23:42:57] [INFO] [ShopBot] 等待 0.022328378084978 秒后重试...
[2026-05-07 23:42:57] [INFO] [ShopBot] 正在连接设备 127.0.0.1:16384（第 7/8 次）
[2026-05-07 23:42:57] [WARNING] [ShopBot] 连接输出异常: failed to connect
[2026-05-07 23:42:57] [ERROR] [ShopBot] 连接失败（第 7/8 次）: failed to connect
[2026-05-07 23:42:57] [INFO] [ShopBot] 等待 0.022328378084978 秒后重试...
[2026-05-07 23:42:57] [INFO] [ShopBot] 正在连接设备 127.0.0.1:16384（第 8/8 次）
[2026-05-07 23:42:57] [WARNING] [ShopBot] 连接输出异常: failed to connect
[2026-05-07 23:42:57] [ERROR] [ShopBot] 连接失败（第 8/8 次）: failed to connect
[2026-05-07 23:42:57] [ERROR] [ShopBot] 设备连接失败，已重试 8 次: 127.0.0.1:16384
[2026-05-07 23:42:57] [INFO] [ShopBot] 正在连接设备 127.0.0.1:16384（第 1/7 次）
[2026-05-07 23:42:57] [WARNING] [ShopBot] 连接输出异常: failed to connect
[2026-05-07 23:42:57] [ERROR] [ShopBot] 连接失败（第 1/7 次）: failed to connect
[2026-05-07 23:42:57] [INFO] [ShopBot] 等待 0.01 秒后重试...
[2026-05-07 23:42:57] [INFO] [ShopBot] 正在连接设备 127.0.0.1:16384（第 2/7 次）
[2026-05-07 23:42:57] [WARNING] [ShopBot] 连接输出异常: failed to connect
[2026-05-07 23:42:57] [ERROR] [ShopBot] 连接失败（第 2/7 次）: failed to connect
[2026-05-07 23:42:57] [INFO] [ShopBot] 等待 0.01 秒后重试...
[2026-05-07 23:42:57] [INFO] [ShopBot] 正在连接设备 127.0.0.1:16384（第 3/7 次）
[2026-05-07 23:42:57] [WARNING] [ShopBot] 连接输出异常: failed to connect
[2026-05-07 23:42:57] [ERROR] [ShopBot] 连接失败（第 3/7 次）: failed to connect
[2026-05-07 23:42:57] [INFO] [ShopBot] 等待 0.01 秒后重试...
[2026-05-07 23:42:57] [INFO] [ShopBot] 正在连接设备 127.0.0.1:16384（第 4/7 次）
[2026-05-07 23:42:57] [WARNING] [ShopBot] 连接输出异常: failed to connect
[2026-05-07 23:42:57] [ERROR] [ShopBot] 连接失败（第 4/7 次）: failed to connect
[2026-05-07 23:42:57] [INFO] [ShopBot] 等待 0.01 秒后重试...
[2026-05-07 23:42:57] [INFO] [ShopBot] 正在连接设备 127.0.0.1:16384（第 5/7 次）
[2026-05-07 23:42:57] [WARNING] [ShopBot] 连接输出异常: failed to connect
[2026-05-07 23:42:57] [ERROR] [ShopBot] 连接失败（第 5/7 次）: failed to connect
[2026-05-07 23:42:57] [INFO] [ShopBot] 等待 0.01 秒后重试...
[2026-05-07 23:42:57] [INFO] [ShopBot] 正在连接设备 127.0.0.1:16384（第 6/7 次）
[2026-05-07 23:42:57] [WARNING] [ShopBot] 连接输出异常: failed to connect
[2026-05-07 23:42:57] [ERROR] [ShopBot] 连接失败（第 6/7 次）: failed to connect
[2026-05-07 23:42:57] [INFO] [ShopBot] 等待 0.01 秒后重试...
[2026-05-07 23:42:57] [INFO] [ShopBot] 正在连接设备 127.0.0.1:16384（第 7/7 次）
[2026-05-07 23:42:57] [WARNING] [ShopBot] 连接输出异常: failed to connect
[2026-05-07 23:42:57] [ERROR] [ShopBot] 连接失败（第 7/7 次）: failed to connect
[2026-05-07 23:42:57] [ERROR] [ShopBot] 设备连接失败，已重试 7 次: 127.0.0.1:16384
[2026-05-07 23:42:57] [INFO] [ShopBot] 正在连接设备 127.0.0.1:16384（第 1/7 次）
[2026-05-07 23:42:57] [WARNING] [ShopBot] 连接输出异常: failed to connect
[2026-05-07 23:42:57] [ERROR] [ShopBot] 连接失败（第 1/7 次）: failed to connect
[2026-05-07 23:42:57] [INFO] [ShopBot] 等待 0.05234480917778856 秒后重试...
[2026-05-07 23:42:57] [INFO] [ShopBot] 正在连接设备 127.0.0.1:16384（第 2/7 次）
[2026-05-07 23:42:57] [WARNING] [ShopBot] 连接输出异常: failed to connect
[2026-05-07 23:42:57] [ERROR] [ShopBot] 连接失败（第 2/7 次）: failed to connect
[2026-05-07 23:42:57] [INFO] [ShopBot] 等待 0.05234480917778856 秒后重试...
[2026-05-07 23:42:57] [INFO] [ShopBot] 正在连接设备 127.0.0.1:16384（第 3/7 次）
[2026-05-07 23:42:57] [WARNING] [ShopBot] 连接输出异常: failed to connect
[2026-05-07 23:42:57] [ERROR] [ShopBot] 连接失败（第 3/7 次）: failed to connect
[2026-05-07 23:42:57] [INFO] [ShopBot] 等待 0.05234480917778856 秒后重试...
[2026-05-07 23:42:57] [INFO] [ShopBot] 正在连接设备 127.0.0.1:16384（第 4/7 次）
[2026-05-07 23:42:57] [WARNING] [ShopBot] 连接输出异常: failed to connect
[2026-05-07 23:42:57] [ERROR] [ShopBot] 连接失败（第 4/7 次）: failed to connect
[2026-05-07 23:42:57] [INFO] [ShopBot] 等待 0.05234480917778856 秒后重试...
[2026-05-07 23:42:57] [INFO] [ShopBot] 正在连接设备 127.0.0.1:16384（第 5/7 次）
[2026-05-07 23:42:57] [WARNING] [ShopBot] 连接输出异常: failed to connect
[2026-05-07 23:42:57] [ERROR] [ShopBot] 连接失败（第 5/7 次）: failed to connect
[2026-05-07 23:42:57] [INFO] [ShopBot] 等待 0.05234480917778856 秒后重试...
[2026-05-07 23:42:57] [INFO] [ShopBot] 正在连接设备 127.0.0.1:16384（第 6/7 次）
[2026-05-07 23:42:57] [WARNING] [ShopBot] 连接输出异常: failed to connect
[2026-05-07 23:42:57] [ERROR] [ShopBot] 连接失败（第 6/7 次）: failed to connect
[2026-05-07 23:42:57] [INFO] [ShopBot] 等待 0.05234480917778856 秒后重试...
[2026-05-07 23:42:57] [INFO] [ShopBot] 正在连接设备 127.0.0.1:16384（第 7/7 次）
[2026-05-07 23:42:57] [WARNING] [ShopBot] 连接输出异常: failed to connect
[2026-05-07 23:42:57] [ERROR] [ShopBot] 连接失败（第 7/7 次）: failed to connect
[2026-05-07 23:42:57] [ERROR] [ShopBot] 设备连接失败，已重试 7 次: 127.0.0.1:16384
[2026-05-07 23:42:57] [INFO] [ShopBot] 正在连接设备 127.0.0.1:16384（第 1/2 次）
[2026-05-07 23:42:57] [WARNING] [ShopBot] 连接输出异常: failed to connect
[2026-05-07 23:42:57] [ERROR] [ShopBot] 连接失败（第 1/2 次）: failed to connect
[2026-05-07 23:42:57] [INFO] [ShopBot] 等待 0.01 秒后重试...
[2026-05-07 23:42:57] [INFO] [ShopBot] 正在连接设备 127.0.0.1:16384（第 2/2 次）
[2026-05-07 23:42:57] [WARNING] [ShopBot] 连接输出异常: failed to connect
[2026-05-07 23:42:57] [ERROR] [ShopBot] 连接失败（第 2/2 次）: failed to connect
[2026-05-07 23:42:57] [ERROR] [ShopBot] 设备连接失败，已重试 2 次: 127.0.0.1:16384
[2026-05-07 23:42:57] [INFO] [ShopBot] 正在连接设备 127.0.0.1:16384（第 1/2 次）
[2026-05-07 23:42:57] [WARNING] [ShopBot] 连接输出异常: failed to connect
[2026-05-07 23:42:57] [ERROR] [ShopBot] 连接失败（第 1/2 次）: failed to connect
[2026-05-07 23:42:57] [INFO] [ShopBot] 等待 0.09066478007262273 秒后重试...
[2026-05-07 23:42:57] [INFO] [ShopBot] 正在连接设备 127.0.0.1:16384（第 2/2 次）
[2026-05-07 23:42:57] [WARNING] [ShopBot] 连接输出异常: failed to connect
[2026-05-07 23:42:57] [ERROR] [ShopBot] 连接失败（第 2/2 次）: failed to connect
[2026-05-07 23:42:57] [ERROR] [ShopBot] 设备连接失败，已重试 2 次: 127.0.0.1:16384
[2026-05-07 23:42:57] [INFO] [ShopBot] 正在连接设备 127.0.0.1:16384（第 1/8 次）
[2026-05-07 23:42:57] [WARNING] [ShopBot] 连接输出异常: failed to connect
[2026-05-07 23:42:57] [ERROR] [ShopBot] 连接失败（第 1/8 次）: failed to connect
[2026-05-07 23:42:57] [INFO] [ShopBot] 等待 0.03544492631380685 秒后重试...
[2026-05-07 23:42:57] [INFO] [ShopBot] 正在连接设备 127.0.0.1:16384（第 2/8 次）
[2026-05-07 23:42:57] [WARNING] [ShopBot] 连接输出异常: failed to connect
[2026-05-07 23:42:57] [ERROR] [ShopBot] 连接失败（第 2/8 次）: failed to connect
[2026-05-07 23:42:57] [INFO] [ShopBot] 等待 0.03544492631380685 秒后重试...
[2026-05-07 23:42:57] [INFO] [ShopBot] 正在连接设备 127.0.0.1:16384（第 3/8 次）
[2026-05-07 23:42:57] [WARNING] [ShopBot] 连接输出异常: failed to connect
[2026-05-07 23:42:57] [ERROR] [ShopBot] 连接失败（第 3/8 次）: failed to connect
[2026-05-07 23:42:57] [INFO] [ShopBot] 等待 0.03544492631380685 秒后重试...
[2026-05-07 23:42:57] [INFO] [ShopBot] 正在连接设备 127.0.0.1:16384（第 4/8 次）
[2026-05-07 23:42:57] [WARNING] [ShopBot] 连接输出异常: failed to connect
[2026-05-07 23:42:57] [ERROR] [ShopBot] 连接失败（第 4/8 次）: failed to connect
[2026-05-07 23:42:57] [INFO] [ShopBot] 等待 0.03544492631380685 秒后重试...
[2026-05-07 23:42:57] [INFO] [ShopBot] 正在连接设备 127.0.0.1:16384（第 5/8 次）
[2026-05-07 23:42:57] [WARNING] [ShopBot] 连接输出异常: failed to connect
[2026-05-07 23:42:57] [ERROR] [ShopBot] 连接失败（第 5/8 次）: failed to connect
[2026-05-07 23:42:57] [INFO] [ShopBot] 等待 0.03544492631380685 秒后重试...
[2026-05-07 23:42:57] [INFO] [ShopBot] 正在连接设备 127.0.0.1:16384（第 6/8 次）
[2026-05-07 23:42:57] [WARNING] [ShopBot] 连接输出异常: failed to connect
[2026-05-07 23:42:57] [ERROR] [ShopBot] 连接失败（第 6/8 次）: failed to connect
[2026-05-07 23:42:57] [INFO] [ShopBot] 等待 0.03544492631380685 秒后重试...
[2026-05-07 23:42:57] [INFO] [ShopBot] 正在连接设备 127.0.0.1:16384（第 7/8 次）
[2026-05-07 23:42:57] [WARNING] [ShopBot] 连接输出异常: failed to connect
[2026-05-07 23:42:57] [ERROR] [ShopBot] 连接失败（第 7/8 次）: failed to connect
[2026-05-07 23:42:57] [INFO] [ShopBot] 等待 0.03544492631380685 秒后重试...
[2026-05-07 23:42:57] [INFO] [ShopBot] 正在连接设备 127.0.0.1:16384（第 8/8 次）
[2026-05-07 23:42:57] [WARNING] [ShopBot] 连接输出异常: failed to connect
[2026-05-07 23:42:57] [ERROR] [ShopBot] 连接失败（第 8/8 次）: failed to connect
[2026-05-07 23:42:57] [ERROR] [ShopBot] 设备连接失败，已重试 8 次: 127.0.0.1:16384
[2026-05-07 23:42:57] [INFO] [ShopBot] 正在连接设备 127.0.0.1:16384（第 1/8 次）
[2026-05-07 23:42:57] [WARNING] [ShopBot] 连接输出异常: failed to connect
[2026-05-07 23:42:57] [ERROR] [ShopBot] 连接失败（第 1/8 次）: failed to connect
[2026-05-07 23:42:57] [INFO] [ShopBot] 等待 0.033616674874466734 秒后重试...
[2026-05-07 23:42:57] [INFO] [ShopBot] 正在连接设备 127.0.0.1:16384（第 2/8 次）
[2026-05-07 23:42:57] [WARNING] [ShopBot] 连接输出异常: failed to connect
[2026-05-07 23:42:57] [ERROR] [ShopBot] 连接失败（第 2/8 次）: failed to connect
[2026-05-07 23:42:57] [INFO] [ShopBot] 等待 0.033616674874466734 秒后重试...
[2026-05-07 23:42:57] [INFO] [ShopBot] 正在连接设备 127.0.0.1:16384（第 3/8 次）
[2026-05-07 23:42:57] [WARNING] [ShopBot] 连接输出异常: failed to connect
[2026-05-07 23:42:57] [ERROR] [ShopBot] 连接失败（第 3/8 次）: failed to connect
[2026-05-07 23:42:57] [INFO] [ShopBot] 等待 0.033616674874466734 秒后重试...
[2026-05-07 23:42:57] [INFO] [ShopBot] 正在连接设备 127.0.0.1:16384（第 4/8 次）
[2026-05-07 23:42:57] [WARNING] [ShopBot] 连接输出异常: failed to connect
[2026-05-07 23:42:57] [ERROR] [ShopBot] 连接失败（第 4/8 次）: failed to connect
[2026-05-07 23:42:57] [INFO] [ShopBot] 等待 0.033616674874466734 秒后重试...
[2026-05-07 23:42:57] [INFO] [ShopBot] 正在连接设备 127.0.0.1:16384（第 5/8 次）
[2026-05-07 23:42:57] [WARNING] [ShopBot] 连接输出异常: failed to connect
[2026-05-07 23:42:57] [ERROR] [ShopBot] 连接失败（第 5/8 次）: failed to connect
[2026-05-07 23:42:57] [INFO] [ShopBot] 等待 0.033616674874466734 秒后重试...
[2026-05-07 23:42:57] [INFO] [ShopBot] 正在连接设备 127.0.0.1:16384（第 6/8 次）
[2026-05-07 23:42:57] [WARNING] [ShopBot] 连接输出异常: failed to connect
[2026-05-07 23:42:57] [ERROR] [ShopBot] 连接失败（第 6/8 次）: failed to connect
[2026-05-07 23:42:57] [INFO] [ShopBot] 等待 0.033616674874466734 秒后重试...
[2026-05-07 23:42:57] [INFO] [ShopBot] 正在连接设备 127.0.0.1:16384（第 7/8 次）
[2026-05-07 23:42:57] [WARNING] [ShopBot] 连接输出异常: failed to connect
[2026-05-07 23:42:57] [ERROR] [ShopBot] 连接失败（第 7/8 次）: failed to connect
[2026-05-07 23:42:57] [INFO] [ShopBot] 等待 0.033616674874466734 秒后重试...
[2026-05-07 23:42:57] [INFO] [ShopBot] 正在连接设备 127.0.0.1:16384（第 8/8 次）
[2026-05-07 23:42:57] [WARNING] [ShopBot] 连接输出异常: failed to connect
[2026-05-07 23:42:57] [ERROR] [ShopBot] 连接失败（第 8/8 次）: failed to connect
[2026-05-07 23:42:57] [ERROR] [ShopBot] 设备连接失败，已重试 8 次: 127.0.0.1:16384
[2026-05-07 23:42:57] [INFO] [ShopBot] 正在连接设备 127.0.0.1:16384（第 1/4 次）
[2026-05-07 23:42:57] [WARNING] [ShopBot] 连接输出异常: failed to connect
[2026-05-07 23:42:57] [ERROR] [ShopBot] 连接失败（第 1/4 次）: failed to connect
[2026-05-07 23:42:57] [INFO] [ShopBot] 等待 0.03718296985373749 秒后重试...
[2026-05-07 23:42:57] [INFO] [ShopBot] 正在连接设备 127.0.0.1:16384（第 2/4 次）
[2026-05-07 23:42:57] [WARNING] [ShopBot] 连接输出异常: failed to connect
[2026-05-07 23:42:57] [ERROR] [ShopBot] 连接失败（第 2/4 次）: failed to connect
[2026-05-07 23:42:57] [INFO] [ShopBot] 等待 0.03718296985373749 秒后重试...
[2026-05-07 23:42:57] [INFO] [ShopBot] 正在连接设备 127.0.0.1:16384（第 3/4 次）
[2026-05-07 23:42:57] [WARNING] [ShopBot] 连接输出异常: failed to connect
[2026-05-07 23:42:57] [ERROR] [ShopBot] 连接失败（第 3/4 次）: failed to connect
[2026-05-07 23:42:57] [INFO] [ShopBot] 等待 0.03718296985373749 秒后重试...
[2026-05-07 23:42:57] [INFO] [ShopBot] 正在连接设备 127.0.0.1:16384（第 4/4 次）
[2026-05-07 23:42:57] [WARNING] [ShopBot] 连接输出异常: failed to connect
[2026-05-07 23:42:57] [ERROR] [ShopBot] 连接失败（第 4/4 次）: failed to connect
[2026-05-07 23:42:57] [ERROR] [ShopBot] 设备连接失败，已重试 4 次: 127.0.0.1:16384
[2026-05-07 23:42:57] [INFO] [ShopBot] 正在连接设备 127.0.0.1:16384（第 1/3 次）
[2026-05-07 23:42:57] [WARNING] [ShopBot] 连接输出异常: failed to connect
[2026-05-07 23:42:57] [ERROR] [ShopBot] 连接失败（第 1/3 次）: failed to connect
[2026-05-07 23:42:57] [INFO] [ShopBot] 等待 0.016970477206017964 秒后重试...
[2026-05-07 23:42:57] [INFO] [ShopBot] 正在连接设备 127.0.0.1:16384（第 2/3 次）
[2026-05-07 23:42:57] [WARNING] [ShopBot] 连接输出异常: failed to connect
[2026-05-07 23:42:57] [ERROR] [ShopBot] 连接失败（第 2/3 次）: failed to connect
[2026-05-07 23:42:57] [INFO] [ShopBot] 等待 0.016970477206017964 秒后重试...
[2026-05-07 23:42:57] [INFO] [ShopBot] 正在连接设备 127.0.0.1:16384（第 3/3 次）
[2026-05-07 23:42:57] [WARNING] [ShopBot] 连接输出异常: failed to connect
[2026-05-07 23:42:57] [ERROR] [ShopBot] 连接失败（第 3/3 次）: failed to connect
[2026-05-07 23:42:57] [ERROR] [ShopBot] 设备连接失败，已重试 3 次: 127.0.0.1:16384
[2026-05-07 23:42:57] [INFO] [ShopBot] 正在连接设备 127.0.0.1:16384（第 1/2 次）
[2026-05-07 23:42:57] [WARNING] [ShopBot] 连接输出异常: failed to connect
[2026-05-07 23:42:57] [ERROR] [ShopBot] 连接失败（第 1/2 次）: failed to connect
[2026-05-07 23:42:57] [INFO] [ShopBot] 等待 0.010691294882382563 秒后重试...
[2026-05-07 23:42:57] [INFO] [ShopBot] 正在连接设备 127.0.0.1:16384（第 2/2 次）
[2026-05-07 23:42:57] [WARNING] [ShopBot] 连接输出异常: failed to connect
[2026-05-07 23:42:57] [ERROR] [ShopBot] 连接失败（第 2/2 次）: failed to connect
[2026-05-07 23:42:57] [ERROR] [ShopBot] 设备连接失败，已重试 2 次: 127.0.0.1:16384
[2026-05-07 23:42:57] [INFO] [ShopBot] 正在连接设备 127.0.0.1:16384（第 1/8 次）
[2026-05-07 23:42:57] [WARNING] [ShopBot] 连接输出异常: failed to connect
[2026-05-07 23:42:57] [ERROR] [ShopBot] 连接失败（第 1/8 次）: failed to connect
[2026-05-07 23:42:57] [INFO] [ShopBot] 等待 0.0320460380674835 秒后重试...
[2026-05-07 23:42:57] [INFO] [ShopBot] 正在连接设备 127.0.0.1:16384（第 2/8 次）
[2026-05-07 23:42:57] [WARNING] [ShopBot] 连接输出异常: failed to connect
[2026-05-07 23:42:57] [ERROR] [ShopBot] 连接失败（第 2/8 次）: failed to connect
[2026-05-07 23:42:57] [INFO] [ShopBot] 等待 0.0320460380674835 秒后重试...
[2026-05-07 23:42:57] [INFO] [ShopBot] 正在连接设备 127.0.0.1:16384（第 3/8 次）
[2026-05-07 23:42:57] [WARNING] [ShopBot] 连接输出异常: failed to connect
[2026-05-07 23:42:57] [ERROR] [ShopBot] 连接失败（第 3/8 次）: failed to connect
[2026-05-07 23:42:57] [INFO] [ShopBot] 等待 0.0320460380674835 秒后重试...
[2026-05-07 23:42:57] [INFO] [ShopBot] 正在连接设备 127.0.0.1:16384（第 4/8 次）
[2026-05-07 23:42:57] [WARNING] [ShopBot] 连接输出异常: failed to connect
[2026-05-07 23:42:57] [ERROR] [ShopBot] 连接失败（第 4/8 次）: failed to connect
[2026-05-07 23:42:57] [INFO] [ShopBot] 等待 0.0320460380674835 秒后重试...
[2026-05-07 23:42:57] [INFO] [ShopBot] 正在连接设备 127.0.0.1:16384（第 5/8 次）
[2026-05-07 23:42:57] [WARNING] [ShopBot] 连接输出异常: failed to connect
[2026-05-07 23:42:57] [ERROR] [ShopBot] 连接失败（第 5/8 次）: failed to connect
[2026-05-07 23:42:57] [INFO] [ShopBot] 等待 0.0320460380674835 秒后重试...
[2026-05-07 23:42:57] [INFO] [ShopBot] 正在连接设备 127.0.0.1:16384（第 6/8 次）
[2026-05-07 23:42:57] [WARNING] [ShopBot] 连接输出异常: failed to connect
[2026-05-07 23:42:57] [ERROR] [ShopBot] 连接失败（第 6/8 次）: failed to connect
[2026-05-07 23:42:57] [INFO] [ShopBot] 等待 0.0320460380674835 秒后重试...
[2026-05-07 23:42:57] [INFO] [ShopBot] 正在连接设备 127.0.0.1:16384（第 7/8 次）
[2026-05-07 23:42:57] [WARNING] [ShopBot] 连接输出异常: failed to connect
[2026-05-07 23:42:57] [ERROR] [ShopBot] 连接失败（第 7/8 次）: failed to connect
[2026-05-07 23:42:57] [INFO] [ShopBot] 等待 0.0320460380674835 秒后重试...
[2026-05-07 23:42:57] [INFO] [ShopBot] 正在连接设备 127.0.0.1:16384（第 8/8 次）
[2026-05-07 23:42:57] [WARNING] [ShopBot] 连接输出异常: failed to connect
[2026-05-07 23:42:57] [ERROR] [ShopBot] 连接失败（第 8/8 次）: failed to connect
[2026-05-07 23:42:57] [ERROR] [ShopBot] 设备连接失败，已重试 8 次: 127.0.0.1:16384
[2026-05-07 23:42:57] [INFO] [ShopBot] 正在连接设备 127.0.0.1:16384（第 1/9 次）
[2026-05-07 23:42:57] [WARNING] [ShopBot] 连接输出异常: failed to connect
[2026-05-07 23:42:57] [ERROR] [ShopBot] 连接失败（第 1/9 次）: failed to connect
[2026-05-07 23:42:57] [INFO] [ShopBot] 等待 0.07343036067791936 秒后重试...
[2026-05-07 23:42:57] [INFO] [ShopBot] 正在连接设备 127.0.0.1:16384（第 2/9 次）
[2026-05-07 23:42:57] [WARNING] [ShopBot] 连接输出异常: failed to connect
[2026-05-07 23:42:57] [ERROR] [ShopBot] 连接失败（第 2/9 次）: failed to connect
[2026-05-07 23:42:57] [INFO] [ShopBot] 等待 0.07343036067791936 秒后重试...
[2026-05-07 23:42:57] [INFO] [ShopBot] 正在连接设备 127.0.0.1:16384（第 3/9 次）
[2026-05-07 23:42:57] [WARNING] [ShopBot] 连接输出异常: failed to connect
[2026-05-07 23:42:57] [ERROR] [ShopBot] 连接失败（第 3/9 次）: failed to connect
[2026-05-07 23:42:57] [INFO] [ShopBot] 等待 0.07343036067791936 秒后重试...
[2026-05-07 23:42:57] [INFO] [ShopBot] 正在连接设备 127.0.0.1:16384（第 4/9 次）
[2026-05-07 23:42:57] [WARNING] [ShopBot] 连接输出异常: failed to connect
[2026-05-07 23:42:57] [ERROR] [ShopBot] 连接失败（第 4/9 次）: failed to connect
[2026-05-07 23:42:57] [INFO] [ShopBot] 等待 0.07343036067791936 秒后重试...
[2026-05-07 23:42:57] [INFO] [ShopBot] 正在连接设备 127.0.0.1:16384（第 5/9 次）
[2026-05-07 23:42:57] [WARNING] [ShopBot] 连接输出异常: failed to connect
[2026-05-07 23:42:57] [ERROR] [ShopBot] 连接失败（第 5/9 次）: failed to connect
[2026-05-07 23:42:57] [INFO] [ShopBot] 等待 0.07343036067791936 秒后重试...
[2026-05-07 23:42:57] [INFO] [ShopBot] 正在连接设备 127.0.0.1:16384（第 6/9 次）
[2026-05-07 23:42:57] [WARNING] [ShopBot] 连接输出异常: failed to connect
[2026-05-07 23:42:57] [ERROR] [ShopBot] 连接失败（第 6/9 次）: failed to connect
[2026-05-07 23:42:57] [INFO] [ShopBot] 等待 0.07343036067791936 秒后重试...
[2026-05-07 23:42:57] [INFO] [ShopBot] 正在连接设备 127.0.0.1:16384（第 7/9 次）
[2026-05-07 23:42:57] [WARNING] [ShopBot] 连接输出异常: failed to connect
[2026-05-07 23:42:57] [ERROR] [ShopBot] 连接失败（第 7/9 次）: failed to connect
[2026-05-07 23:42:57] [INFO] [ShopBot] 等待 0.07343036067791936 秒后重试...
[2026-05-07 23:42:57] [INFO] [ShopBot] 正在连接设备 127.0.0.1:16384（第 8/9 次）
[2026-05-07 23:42:57] [WARNING] [ShopBot] 连接输出异常: failed to connect
[2026-05-07 23:42:57] [ERROR] [ShopBot] 连接失败（第 8/9 次）: failed to connect
[2026-05-07 23:42:57] [INFO] [ShopBot] 等待 0.07343036067791936 秒后重试...
[2026-05-07 23:42:57] [INFO] [ShopBot] 正在连接设备 127.0.0.1:16384（第 9/9 次）
[2026-05-07 23:42:57] [WARNING] [ShopBot] 连接输出异常: failed to connect
[2026-05-07 23:42:57] [ERROR] [ShopBot] 连接失败（第 9/9 次）: failed to connect
[2026-05-07 23:42:57] [ERROR] [ShopBot] 设备连接失败，已重试 9 次: 127.0.0.1:16384
[2026-05-07 23:42:57] [INFO] [ShopBot] 正在连接设备 127.0.0.1:16384（第 1/10 次）
[2026-05-07 23:42:57] [WARNING] [ShopBot] 连接输出异常: failed to connect
[2026-05-07 23:42:57] [ERROR] [ShopBot] 连接失败（第 1/10 次）: failed to connect
[2026-05-07 23:42:57] [INFO] [ShopBot] 等待 0.09866002849386299 秒后重试...
[2026-05-07 23:42:57] [INFO] [ShopBot] 正在连接设备 127.0.0.1:16384（第 2/10 次）
[2026-05-07 23:42:57] [WARNING] [ShopBot] 连接输出异常: failed to connect
[2026-05-07 23:42:57] [ERROR] [ShopBot] 连接失败（第 2/10 次）: failed to connect
[2026-05-07 23:42:57] [INFO] [ShopBot] 等待 0.09866002849386299 秒后重试...
[2026-05-07 23:42:57] [INFO] [ShopBot] 正在连接设备 127.0.0.1:16384（第 3/10 次）
[2026-05-07 23:42:57] [WARNING] [ShopBot] 连接输出异常: failed to connect
[2026-05-07 23:42:57] [ERROR] [ShopBot] 连接失败（第 3/10 次）: failed to connect
[2026-05-07 23:42:57] [INFO] [ShopBot] 等待 0.09866002849386299 秒后重试...
[2026-05-07 23:42:57] [INFO] [ShopBot] 正在连接设备 127.0.0.1:16384（第 4/10 次）
[2026-05-07 23:42:57] [WARNING] [ShopBot] 连接输出异常: failed to connect
[2026-05-07 23:42:57] [ERROR] [ShopBot] 连接失败（第 4/10 次）: failed to connect
[2026-05-07 23:42:57] [INFO] [ShopBot] 等待 0.09866002849386299 秒后重试...
[2026-05-07 23:42:57] [INFO] [ShopBot] 正在连接设备 127.0.0.1:16384（第 5/10 次）
[2026-05-07 23:42:57] [WARNING] [ShopBot] 连接输出异常: failed to connect
[2026-05-07 23:42:57] [ERROR] [ShopBot] 连接失败（第 5/10 次）: failed to connect
[2026-05-07 23:42:57] [INFO] [ShopBot] 等待 0.09866002849386299 秒后重试...
[2026-05-07 23:42:57] [INFO] [ShopBot] 正在连接设备 127.0.0.1:16384（第 6/10 次）
[2026-05-07 23:42:57] [WARNING] [ShopBot] 连接输出异常: failed to connect
[2026-05-07 23:42:57] [ERROR] [ShopBot] 连接失败（第 6/10 次）: failed to connect
[2026-05-07 23:42:57] [INFO] [ShopBot] 等待 0.09866002849386299 秒后重试...
[2026-05-07 23:42:57] [INFO] [ShopBot] 正在连接设备 127.0.0.1:16384（第 7/10 次）
[2026-05-07 23:42:57] [WARNING] [ShopBot] 连接输出异常: failed to connect
[2026-05-07 23:42:57] [ERROR] [ShopBot] 连接失败（第 7/10 次）: failed to connect
[2026-05-07 23:42:57] [INFO] [ShopBot] 等待 0.09866002849386299 秒后重试...
[2026-05-07 23:42:57] [INFO] [ShopBot] 正在连接设备 127.0.0.1:16384（第 8/10 次）
[2026-05-07 23:42:57] [WARNING] [ShopBot] 连接输出异常: failed to connect
[2026-05-07 23:42:57] [ERROR] [ShopBot] 连接失败（第 8/10 次）: failed to connect
[2026-05-07 23:42:57] [INFO] [ShopBot] 等待 0.09866002849386299 秒后重试...
[2026-05-07 23:42:57] [INFO] [ShopBot] 正在连接设备 127.0.0.1:16384（第 9/10 次）
[2026-05-07 23:42:57] [WARNING] [ShopBot] 连接输出异常: failed to connect
[2026-05-07 23:42:57] [ERROR] [ShopBot] 连接失败（第 9/10 次）: failed to connect
[2026-05-07 23:42:57] [INFO] [ShopBot] 等待 0.09866002849386299 秒后重试...
[2026-05-07 23:42:57] [INFO] [ShopBot] 正在连接设备 127.0.0.1:16384（第 10/10 次）
[2026-05-07 23:42:57] [WARNING] [ShopBot] 连接输出异常: failed to connect
[2026-05-07 23:42:57] [ERROR] [ShopBot] 连接失败（第 10/10 次）: failed to connect
[2026-05-07 23:42:57] [ERROR] [ShopBot] 设备连接失败，已重试 10 次: 127.0.0.1:16384
[2026-05-07 23:42:57] [INFO] [ShopBot] 正在连接设备 127.0.0.1:16384（第 1/4 次）
[2026-05-07 23:42:57] [WARNING] [ShopBot] 连接输出异常: failed to connect
[2026-05-07 23:42:57] [ERROR] [ShopBot] 连接失败（第 1/4 次）: failed to connect
[2026-05-07 23:42:57] [INFO] [ShopBot] 等待 0.043660384101819494 秒后重试...
[2026-05-07 23:42:57] [INFO] [ShopBot] 正在连接设备 127.0.0.1:16384（第 2/4 次）
[2026-05-07 23:42:57] [WARNING] [ShopBot] 连接输出异常: failed to connect
[2026-05-07 23:42:57] [ERROR] [ShopBot] 连接失败（第 2/4 次）: failed to connect
[2026-05-07 23:42:57] [INFO] [ShopBot] 等待 0.043660384101819494 秒后重试...
[2026-05-07 23:42:57] [INFO] [ShopBot] 正在连接设备 127.0.0.1:16384（第 3/4 次）
[2026-05-07 23:42:57] [WARNING] [ShopBot] 连接输出异常: failed to connect
[2026-05-07 23:42:57] [ERROR] [ShopBot] 连接失败（第 3/4 次）: failed to connect
[2026-05-07 23:42:57] [INFO] [ShopBot] 等待 0.043660384101819494 秒后重试...
[2026-05-07 23:42:57] [INFO] [ShopBot] 正在连接设备 127.0.0.1:16384（第 4/4 次）
[2026-05-07 23:42:57] [WARNING] [ShopBot] 连接输出异常: failed to connect
[2026-05-07 23:42:57] [ERROR] [ShopBot] 连接失败（第 4/4 次）: failed to connect
[2026-05-07 23:42:57] [ERROR] [ShopBot] 设备连接失败，已重试 4 次: 127.0.0.1:16384
[2026-05-07 23:42:57] [INFO] [ShopBot] 正在连接设备 127.0.0.1:16384（第 1/5 次）
[2026-05-07 23:42:57] [WARNING] [ShopBot] 连接输出异常: failed to connect
[2026-05-07 23:42:57] [ERROR] [ShopBot] 连接失败（第 1/5 次）: failed to connect
[2026-05-07 23:42:57] [INFO] [ShopBot] 等待 0.09559231547469613 秒后重试...
[2026-05-07 23:42:57] [INFO] [ShopBot] 正在连接设备 127.0.0.1:16384（第 2/5 次）
[2026-05-07 23:42:57] [WARNING] [ShopBot] 连接输出异常: failed to connect
[2026-05-07 23:42:57] [ERROR] [ShopBot] 连接失败（第 2/5 次）: failed to connect
[2026-05-07 23:42:57] [INFO] [ShopBot] 等待 0.09559231547469613 秒后重试...
[2026-05-07 23:42:57] [INFO] [ShopBot] 正在连接设备 127.0.0.1:16384（第 3/5 次）
[2026-05-07 23:42:57] [WARNING] [ShopBot] 连接输出异常: failed to connect
[2026-05-07 23:42:57] [ERROR] [ShopBot] 连接失败（第 3/5 次）: failed to connect
[2026-05-07 23:42:57] [INFO] [ShopBot] 等待 0.09559231547469613 秒后重试...
[2026-05-07 23:42:57] [INFO] [ShopBot] 正在连接设备 127.0.0.1:16384（第 4/5 次）
[2026-05-07 23:42:57] [WARNING] [ShopBot] 连接输出异常: failed to connect
[2026-05-07 23:42:57] [ERROR] [ShopBot] 连接失败（第 4/5 次）: failed to connect
[2026-05-07 23:42:57] [INFO] [ShopBot] 等待 0.09559231547469613 秒后重试...
[2026-05-07 23:42:57] [INFO] [ShopBot] 正在连接设备 127.0.0.1:16384（第 5/5 次）
[2026-05-07 23:42:57] [WARNING] [ShopBot] 连接输出异常: failed to connect
[2026-05-07 23:42:57] [ERROR] [ShopBot] 连接失败（第 5/5 次）: failed to connect
[2026-05-07 23:42:57] [ERROR] [ShopBot] 设备连接失败，已重试 5 次: 127.0.0.1:16384
[2026-05-07 23:42:57] [INFO] [ShopBot] 正在连接设备 127.0.0.1:16384（第 1/10 次）
[2026-05-07 23:42:57] [WARNING] [ShopBot] 连接输出异常: failed to connect
[2026-05-07 23:42:57] [ERROR] [ShopBot] 连接失败（第 1/10 次）: failed to connect
[2026-05-07 23:42:57] [INFO] [ShopBot] 等待 0.06234193250451765 秒后重试...
[2026-05-07 23:42:57] [INFO] [ShopBot] 正在连接设备 127.0.0.1:16384（第 2/10 次）
[2026-05-07 23:42:57] [WARNING] [ShopBot] 连接输出异常: failed to connect
[2026-05-07 23:42:57] [ERROR] [ShopBot] 连接失败（第 2/10 次）: failed to connect
[2026-05-07 23:42:57] [INFO] [ShopBot] 等待 0.06234193250451765 秒后重试...
[2026-05-07 23:42:57] [INFO] [ShopBot] 正在连接设备 127.0.0.1:16384（第 3/10 次）
[2026-05-07 23:42:57] [WARNING] [ShopBot] 连接输出异常: failed to connect
[2026-05-07 23:42:57] [ERROR] [ShopBot] 连接失败（第 3/10 次）: failed to connect
[2026-05-07 23:42:57] [INFO] [ShopBot] 等待 0.06234193250451765 秒后重试...
[2026-05-07 23:42:57] [INFO] [ShopBot] 正在连接设备 127.0.0.1:16384（第 4/10 次）
[2026-05-07 23:42:57] [WARNING] [ShopBot] 连接输出异常: failed to connect
[2026-05-07 23:42:57] [ERROR] [ShopBot] 连接失败（第 4/10 次）: failed to connect
[2026-05-07 23:42:57] [INFO] [ShopBot] 等待 0.06234193250451765 秒后重试...
[2026-05-07 23:42:57] [INFO] [ShopBot] 正在连接设备 127.0.0.1:16384（第 5/10 次）
[2026-05-07 23:42:57] [WARNING] [ShopBot] 连接输出异常: failed to connect
[2026-05-07 23:42:57] [ERROR] [ShopBot] 连接失败（第 5/10 次）: failed to connect
[2026-05-07 23:42:57] [INFO] [ShopBot] 等待 0.06234193250451765 秒后重试...
[2026-05-07 23:42:57] [INFO] [ShopBot] 正在连接设备 127.0.0.1:16384（第 6/10 次）
[2026-05-07 23:42:57] [WARNING] [ShopBot] 连接输出异常: failed to connect
[2026-05-07 23:42:57] [ERROR] [ShopBot] 连接失败（第 6/10 次）: failed to connect
[2026-05-07 23:42:57] [INFO] [ShopBot] 等待 0.06234193250451765 秒后重试...
[2026-05-07 23:42:57] [INFO] [ShopBot] 正在连接设备 127.0.0.1:16384（第 7/10 次）
[2026-05-07 23:42:57] [WARNING] [ShopBot] 连接输出异常: failed to connect
[2026-05-07 23:42:57] [ERROR] [ShopBot] 连接失败（第 7/10 次）: failed to connect
[2026-05-07 23:42:57] [INFO] [ShopBot] 等待 0.06234193250451765 秒后重试...
[2026-05-07 23:42:57] [INFO] [ShopBot] 正在连接设备 127.0.0.1:16384（第 8/10 次）
[2026-05-07 23:42:57] [WARNING] [ShopBot] 连接输出异常: failed to connect
[2026-05-07 23:42:57] [ERROR] [ShopBot] 连接失败（第 8/10 次）: failed to connect
[2026-05-07 23:42:57] [INFO] [ShopBot] 等待 0.06234193250451765 秒后重试...
[2026-05-07 23:42:57] [INFO] [ShopBot] 正在连接设备 127.0.0.1:16384（第 9/10 次）
[2026-05-07 23:42:57] [WARNING] [ShopBot] 连接输出异常: failed to connect
[2026-05-07 23:42:57] [ERROR] [ShopBot] 连接失败（第 9/10 次）: failed to connect
[2026-05-07 23:42:57] [INFO] [ShopBot] 等待 0.06234193250451765 秒后重试...
[2026-05-07 23:42:57] [INFO] [ShopBot] 正在连接设备 127.0.0.1:16384（第 10/10 次）
[2026-05-07 23:42:57] [WARNING] [ShopBot] 连接输出异常: failed to connect
[2026-05-07 23:42:57] [ERROR] [ShopBot] 连接失败（第 10/10 次）: failed to connect
[2026-05-07 23:42:57] [ERROR] [ShopBot] 设备连接失败，已重试 10 次: 127.0.0.1:16384
[2026-05-07 23:42:57] [INFO] [ShopBot] 正在连接设备 127.0.0.1:16384（第 1/2 次）
[2026-05-07 23:42:57] [WARNING] [ShopBot] 连接输出异常: failed to connect
[2026-05-07 23:42:57] [ERROR] [ShopBot] 连接失败（第 1/2 次）: failed to connect
[2026-05-07 23:42:57] [INFO] [ShopBot] 等待 0.1 秒后重试...
[2026-05-07 23:42:57] [INFO] [ShopBot] 正在连接设备 127.0.0.1:16384（第 2/2 次）
[2026-05-07 23:42:57] [WARNING] [ShopBot] 连接输出异常: failed to connect
[2026-05-07 23:42:57] [ERROR] [ShopBot] 连接失败（第 2/2 次）: failed to connect
[2026-05-07 23:42:57] [ERROR] [ShopBot] 设备连接失败，已重试 2 次: 127.0.0.1:16384
[2026-05-07 23:42:57] [INFO] [ShopBot] 正在连接设备 127.0.0.1:16384（第 1/2 次）
[2026-05-07 23:42:57] [WARNING] [ShopBot] 连接输出异常: failed to connect
[2026-05-07 23:42:57] [ERROR] [ShopBot] 连接失败（第 1/2 次）: failed to connect
[2026-05-07 23:42:57] [INFO] [ShopBot] 等待 0.07308458760952458 秒后重试...
[2026-05-07 23:42:57] [INFO] [ShopBot] 正在连接设备 127.0.0.1:16384（第 2/2 次）
[2026-05-07 23:42:57] [WARNING] [ShopBot] 连接输出异常: failed to connect
[2026-05-07 23:42:57] [ERROR] [ShopBot] 连接失败（第 2/2 次）: failed to connect
[2026-05-07 23:42:57] [ERROR] [ShopBot] 设备连接失败，已重试 2 次: 127.0.0.1:16384
[2026-05-07 23:42:57] [INFO] [ShopBot] 正在连接设备 127.0.0.1:16384（第 1/10 次）
[2026-05-07 23:42:57] [WARNING] [ShopBot] 连接输出异常: failed to connect
[2026-05-07 23:42:57] [ERROR] [ShopBot] 连接失败（第 1/10 次）: failed to connect
[2026-05-07 23:42:57] [INFO] [ShopBot] 等待 0.010000000000000002 秒后重试...
[2026-05-07 23:42:57] [INFO] [ShopBot] 正在连接设备 127.0.0.1:16384（第 2/10 次）
[2026-05-07 23:42:57] [WARNING] [ShopBot] 连接输出异常: failed to connect
[2026-05-07 23:42:57] [ERROR] [ShopBot] 连接失败（第 2/10 次）: failed to connect
[2026-05-07 23:42:57] [INFO] [ShopBot] 等待 0.010000000000000002 秒后重试...
[2026-05-07 23:42:57] [INFO] [ShopBot] 正在连接设备 127.0.0.1:16384（第 3/10 次）
[2026-05-07 23:42:57] [WARNING] [ShopBot] 连接输出异常: failed to connect
[2026-05-07 23:42:57] [ERROR] [ShopBot] 连接失败（第 3/10 次）: failed to connect
[2026-05-07 23:42:57] [INFO] [ShopBot] 等待 0.010000000000000002 秒后重试...
[2026-05-07 23:42:57] [INFO] [ShopBot] 正在连接设备 127.0.0.1:16384（第 4/10 次）
[2026-05-07 23:42:57] [WARNING] [ShopBot] 连接输出异常: failed to connect
[2026-05-07 23:42:57] [ERROR] [ShopBot] 连接失败（第 4/10 次）: failed to connect
[2026-05-07 23:42:57] [INFO] [ShopBot] 等待 0.010000000000000002 秒后重试...
[2026-05-07 23:42:57] [INFO] [ShopBot] 正在连接设备 127.0.0.1:16384（第 5/10 次）
[2026-05-07 23:42:57] [WARNING] [ShopBot] 连接输出异常: failed to connect
[2026-05-07 23:42:57] [ERROR] [ShopBot] 连接失败（第 5/10 次）: failed to connect
[2026-05-07 23:42:57] [INFO] [ShopBot] 等待 0.010000000000000002 秒后重试...
[2026-05-07 23:42:57] [INFO] [ShopBot] 正在连接设备 127.0.0.1:16384（第 6/10 次）
[2026-05-07 23:42:57] [WARNING] [ShopBot] 连接输出异常: failed to connect
[2026-05-07 23:42:57] [ERROR] [ShopBot] 连接失败（第 6/10 次）: failed to connect
[2026-05-07 23:42:57] [INFO] [ShopBot] 等待 0.010000000000000002 秒后重试...
[2026-05-07 23:42:57] [INFO] [ShopBot] 正在连接设备 127.0.0.1:16384（第 7/10 次）
[2026-05-07 23:42:57] [WARNING] [ShopBot] 连接输出异常: failed to connect
[2026-05-07 23:42:57] [ERROR] [ShopBot] 连接失败（第 7/10 次）: failed to connect
[2026-05-07 23:42:57] [INFO] [ShopBot] 等待 0.010000000000000002 秒后重试...
[2026-05-07 23:42:57] [INFO] [ShopBot] 正在连接设备 127.0.0.1:16384（第 8/10 次）
[2026-05-07 23:42:57] [WARNING] [ShopBot] 连接输出异常: failed to connect
[2026-05-07 23:42:57] [ERROR] [ShopBot] 连接失败（第 8/10 次）: failed to connect
[2026-05-07 23:42:57] [INFO] [ShopBot] 等待 0.010000000000000002 秒后重试...
[2026-05-07 23:42:57] [INFO] [ShopBot] 正在连接设备 127.0.0.1:16384（第 9/10 次）
[2026-05-07 23:42:57] [WARNING] [ShopBot] 连接输出异常: failed to connect
[2026-05-07 23:42:57] [ERROR] [ShopBot] 连接失败（第 9/10 次）: failed to connect
[2026-05-07 23:42:57] [INFO] [ShopBot] 等待 0.010000000000000002 秒后重试...
[2026-05-07 23:42:57] [INFO] [ShopBot] 正在连接设备 127.0.0.1:16384（第 10/10 次）
[2026-05-07 23:42:57] [WARNING] [ShopBot] 连接输出异常: failed to connect
[2026-05-07 23:42:57] [ERROR] [ShopBot] 连接失败（第 10/10 次）: failed to connect
[2026-05-07 23:42:57] [ERROR] [ShopBot] 设备连接失败，已重试 10 次: 127.0.0.1:16384
[2026-05-07 23:42:57] [INFO] [ShopBot] 正在连接设备 127.0.0.1:16384（第 1/8 次）
[2026-05-07 23:42:57] [WARNING] [ShopBot] 连接输出异常: failed to connect
[2026-05-07 23:42:57] [ERROR] [ShopBot] 连接失败（第 1/8 次）: failed to connect
[2026-05-07 23:42:57] [INFO] [ShopBot] 等待 0.052640588488608725 秒后重试...
[2026-05-07 23:42:57] [INFO] [ShopBot] 正在连接设备 127.0.0.1:16384（第 2/8 次）
[2026-05-07 23:42:57] [WARNING] [ShopBot] 连接输出异常: failed to connect
[2026-05-07 23:42:57] [ERROR] [ShopBot] 连接失败（第 2/8 次）: failed to connect
[2026-05-07 23:42:57] [INFO] [ShopBot] 等待 0.052640588488608725 秒后重试...
[2026-05-07 23:42:57] [INFO] [ShopBot] 正在连接设备 127.0.0.1:16384（第 3/8 次）
[2026-05-07 23:42:57] [WARNING] [ShopBot] 连接输出异常: failed to connect
[2026-05-07 23:42:57] [ERROR] [ShopBot] 连接失败（第 3/8 次）: failed to connect
[2026-05-07 23:42:57] [INFO] [ShopBot] 等待 0.052640588488608725 秒后重试...
[2026-05-07 23:42:57] [INFO] [ShopBot] 正在连接设备 127.0.0.1:16384（第 4/8 次）
[2026-05-07 23:42:57] [WARNING] [ShopBot] 连接输出异常: failed to connect
[2026-05-07 23:42:57] [ERROR] [ShopBot] 连接失败（第 4/8 次）: failed to connect
[2026-05-07 23:42:57] [INFO] [ShopBot] 等待 0.052640588488608725 秒后重试...
[2026-05-07 23:42:57] [INFO] [ShopBot] 正在连接设备 127.0.0.1:16384（第 5/8 次）
[2026-05-07 23:42:57] [WARNING] [ShopBot] 连接输出异常: failed to connect
[2026-05-07 23:42:57] [ERROR] [ShopBot] 连接失败（第 5/8 次）: failed to connect
[2026-05-07 23:42:57] [INFO] [ShopBot] 等待 0.052640588488608725 秒后重试...
[2026-05-07 23:42:57] [INFO] [ShopBot] 正在连接设备 127.0.0.1:16384（第 6/8 次）
[2026-05-07 23:42:57] [WARNING] [ShopBot] 连接输出异常: failed to connect
[2026-05-07 23:42:57] [ERROR] [ShopBot] 连接失败（第 6/8 次）: failed to connect
[2026-05-07 23:42:57] [INFO] [ShopBot] 等待 0.052640588488608725 秒后重试...
[2026-05-07 23:42:57] [INFO] [ShopBot] 正在连接设备 127.0.0.1:16384（第 7/8 次）
[2026-05-07 23:42:57] [WARNING] [ShopBot] 连接输出异常: failed to connect
[2026-05-07 23:42:57] [ERROR] [ShopBot] 连接失败（第 7/8 次）: failed to connect
[2026-05-07 23:42:57] [INFO] [ShopBot] 等待 0.052640588488608725 秒后重试...
[2026-05-07 23:42:57] [INFO] [ShopBot] 正在连接设备 127.0.0.1:16384（第 8/8 次）
[2026-05-07 23:42:57] [WARNING] [ShopBot] 连接输出异常: failed to connect
[2026-05-07 23:42:57] [ERROR] [ShopBot] 连接失败（第 8/8 次）: failed to connect
[2026-05-07 23:42:57] [ERROR] [ShopBot] 设备连接失败，已重试 8 次: 127.0.0.1:16384
[2026-05-07 23:42:57] [INFO] [ShopBot] 正在连接设备 127.0.0.1:16384（第 1/10 次）
[2026-05-07 23:42:57] [WARNING] [ShopBot] 连接输出异常: failed to connect
[2026-05-07 23:42:57] [ERROR] [ShopBot] 连接失败（第 1/10 次）: failed to connect
[2026-05-07 23:42:57] [INFO] [ShopBot] 等待 0.06045919621144872 秒后重试...
[2026-05-07 23:42:57] [INFO] [ShopBot] 正在连接设备 127.0.0.1:16384（第 2/10 次）
[2026-05-07 23:42:57] [WARNING] [ShopBot] 连接输出异常: failed to connect
[2026-05-07 23:42:57] [ERROR] [ShopBot] 连接失败（第 2/10 次）: failed to connect
[2026-05-07 23:42:57] [INFO] [ShopBot] 等待 0.06045919621144872 秒后重试...
[2026-05-07 23:42:57] [INFO] [ShopBot] 正在连接设备 127.0.0.1:16384（第 3/10 次）
[2026-05-07 23:42:57] [WARNING] [ShopBot] 连接输出异常: failed to connect
[2026-05-07 23:42:57] [ERROR] [ShopBot] 连接失败（第 3/10 次）: failed to connect
[2026-05-07 23:42:57] [INFO] [ShopBot] 等待 0.06045919621144872 秒后重试...
[2026-05-07 23:42:57] [INFO] [ShopBot] 正在连接设备 127.0.0.1:16384（第 4/10 次）
[2026-05-07 23:42:57] [WARNING] [ShopBot] 连接输出异常: failed to connect
[2026-05-07 23:42:57] [ERROR] [ShopBot] 连接失败（第 4/10 次）: failed to connect
[2026-05-07 23:42:57] [INFO] [ShopBot] 等待 0.06045919621144872 秒后重试...
[2026-05-07 23:42:57] [INFO] [ShopBot] 正在连接设备 127.0.0.1:16384（第 5/10 次）
[2026-05-07 23:42:57] [WARNING] [ShopBot] 连接输出异常: failed to connect
[2026-05-07 23:42:57] [ERROR] [ShopBot] 连接失败（第 5/10 次）: failed to connect
[2026-05-07 23:42:57] [INFO] [ShopBot] 等待 0.06045919621144872 秒后重试...
[2026-05-07 23:42:57] [INFO] [ShopBot] 正在连接设备 127.0.0.1:16384（第 6/10 次）
[2026-05-07 23:42:57] [WARNING] [ShopBot] 连接输出异常: failed to connect
[2026-05-07 23:42:57] [ERROR] [ShopBot] 连接失败（第 6/10 次）: failed to connect
[2026-05-07 23:42:57] [INFO] [ShopBot] 等待 0.06045919621144872 秒后重试...
[2026-05-07 23:42:57] [INFO] [ShopBot] 正在连接设备 127.0.0.1:16384（第 7/10 次）
[2026-05-07 23:42:57] [WARNING] [ShopBot] 连接输出异常: failed to connect
[2026-05-07 23:42:57] [ERROR] [ShopBot] 连接失败（第 7/10 次）: failed to connect
[2026-05-07 23:42:57] [INFO] [ShopBot] 等待 0.06045919621144872 秒后重试...
[2026-05-07 23:42:57] [INFO] [ShopBot] 正在连接设备 127.0.0.1:16384（第 8/10 次）
[2026-05-07 23:42:57] [WARNING] [ShopBot] 连接输出异常: failed to connect
[2026-05-07 23:42:57] [ERROR] [ShopBot] 连接失败（第 8/10 次）: failed to connect
[2026-05-07 23:42:57] [INFO] [ShopBot] 等待 0.06045919621144872 秒后重试...
[2026-05-07 23:42:57] [INFO] [ShopBot] 正在连接设备 127.0.0.1:16384（第 9/10 次）
[2026-05-07 23:42:57] [WARNING] [ShopBot] 连接输出异常: failed to connect
[2026-05-07 23:42:57] [ERROR] [ShopBot] 连接失败（第 9/10 次）: failed to connect
[2026-05-07 23:42:57] [INFO] [ShopBot] 等待 0.06045919621144872 秒后重试...
[2026-05-07 23:42:57] [INFO] [ShopBot] 正在连接设备 127.0.0.1:16384（第 10/10 次）
[2026-05-07 23:42:57] [WARNING] [ShopBot] 连接输出异常: failed to connect
[2026-05-07 23:42:57] [ERROR] [ShopBot] 连接失败（第 10/10 次）: failed to connect
[2026-05-07 23:42:57] [ERROR] [ShopBot] 设备连接失败，已重试 10 次: 127.0.0.1:16384
[2026-05-07 23:42:57] [INFO] [ShopBot] 正在连接设备 127.0.0.1:16384（第 1/8 次）
[2026-05-07 23:42:57] [WARNING] [ShopBot] 连接输出异常: failed to connect
[2026-05-07 23:42:57] [ERROR] [ShopBot] 连接失败（第 1/8 次）: failed to connect
[2026-05-07 23:42:57] [INFO] [ShopBot] 等待 0.08653822366955448 秒后重试...
[2026-05-07 23:42:57] [INFO] [ShopBot] 正在连接设备 127.0.0.1:16384（第 2/8 次）
[2026-05-07 23:42:57] [WARNING] [ShopBot] 连接输出异常: failed to connect
[2026-05-07 23:42:57] [ERROR] [ShopBot] 连接失败（第 2/8 次）: failed to connect
[2026-05-07 23:42:57] [INFO] [ShopBot] 等待 0.08653822366955448 秒后重试...
[2026-05-07 23:42:57] [INFO] [ShopBot] 正在连接设备 127.0.0.1:16384（第 3/8 次）
[2026-05-07 23:42:57] [WARNING] [ShopBot] 连接输出异常: failed to connect
[2026-05-07 23:42:57] [ERROR] [ShopBot] 连接失败（第 3/8 次）: failed to connect
[2026-05-07 23:42:57] [INFO] [ShopBot] 等待 0.08653822366955448 秒后重试...
[2026-05-07 23:42:57] [INFO] [ShopBot] 正在连接设备 127.0.0.1:16384（第 4/8 次）
[2026-05-07 23:42:57] [WARNING] [ShopBot] 连接输出异常: failed to connect
[2026-05-07 23:42:57] [ERROR] [ShopBot] 连接失败（第 4/8 次）: failed to connect
[2026-05-07 23:42:57] [INFO] [ShopBot] 等待 0.08653822366955448 秒后重试...
[2026-05-07 23:42:57] [INFO] [ShopBot] 正在连接设备 127.0.0.1:16384（第 5/8 次）
[2026-05-07 23:42:57] [WARNING] [ShopBot] 连接输出异常: failed to connect
[2026-05-07 23:42:57] [ERROR] [ShopBot] 连接失败（第 5/8 次）: failed to connect
[2026-05-07 23:42:57] [INFO] [ShopBot] 等待 0.08653822366955448 秒后重试...
[2026-05-07 23:42:57] [INFO] [ShopBot] 正在连接设备 127.0.0.1:16384（第 6/8 次）
[2026-05-07 23:42:57] [WARNING] [ShopBot] 连接输出异常: failed to connect
[2026-05-07 23:42:57] [ERROR] [ShopBot] 连接失败（第 6/8 次）: failed to connect
[2026-05-07 23:42:57] [INFO] [ShopBot] 等待 0.08653822366955448 秒后重试...
[2026-05-07 23:42:57] [INFO] [ShopBot] 正在连接设备 127.0.0.1:16384（第 7/8 次）
[2026-05-07 23:42:57] [WARNING] [ShopBot] 连接输出异常: failed to connect
[2026-05-07 23:42:57] [ERROR] [ShopBot] 连接失败（第 7/8 次）: failed to connect
[2026-05-07 23:42:57] [INFO] [ShopBot] 等待 0.08653822366955448 秒后重试...
[2026-05-07 23:42:57] [INFO] [ShopBot] 正在连接设备 127.0.0.1:16384（第 8/8 次）
[2026-05-07 23:42:57] [WARNING] [ShopBot] 连接输出异常: failed to connect
[2026-05-07 23:42:57] [ERROR] [ShopBot] 连接失败（第 8/8 次）: failed to connect
[2026-05-07 23:42:57] [ERROR] [ShopBot] 设备连接失败，已重试 8 次: 127.0.0.1:16384
[2026-05-07 23:42:57] [INFO] [ShopBot] 正在连接设备 127.0.0.1:16384（第 1/2 次）
[2026-05-07 23:42:57] [WARNING] [ShopBot] 连接输出异常: failed to connect
[2026-05-07 23:42:57] [ERROR] [ShopBot] 连接失败（第 1/2 次）: failed to connect
[2026-05-07 23:42:57] [INFO] [ShopBot] 等待 0.03282837033654353 秒后重试...
[2026-05-07 23:42:57] [INFO] [ShopBot] 正在连接设备 127.0.0.1:16384（第 2/2 次）
[2026-05-07 23:42:57] [WARNING] [ShopBot] 连接输出异常: failed to connect
[2026-05-07 23:42:57] [ERROR] [ShopBot] 连接失败（第 2/2 次）: failed to connect
[2026-05-07 23:42:57] [ERROR] [ShopBot] 设备连接失败，已重试 2 次: 127.0.0.1:16384
[2026-05-07 23:42:57] [INFO] [ShopBot] 正在连接设备 127.0.0.1:16384（第 1/7 次）
[2026-05-07 23:42:57] [WARNING] [ShopBot] 连接输出异常: failed to connect
[2026-05-07 23:42:57] [ERROR] [ShopBot] 连接失败（第 1/7 次）: failed to connect
[2026-05-07 23:42:57] [INFO] [ShopBot] 等待 0.08546509984569378 秒后重试...
[2026-05-07 23:42:57] [INFO] [ShopBot] 正在连接设备 127.0.0.1:16384（第 2/7 次）
[2026-05-07 23:42:57] [WARNING] [ShopBot] 连接输出异常: failed to connect
[2026-05-07 23:42:57] [ERROR] [ShopBot] 连接失败（第 2/7 次）: failed to connect
[2026-05-07 23:42:57] [INFO] [ShopBot] 等待 0.08546509984569378 秒后重试...
[2026-05-07 23:42:57] [INFO] [ShopBot] 正在连接设备 127.0.0.1:16384（第 3/7 次）
[2026-05-07 23:42:57] [WARNING] [ShopBot] 连接输出异常: failed to connect
[2026-05-07 23:42:57] [ERROR] [ShopBot] 连接失败（第 3/7 次）: failed to connect
[2026-05-07 23:42:57] [INFO] [ShopBot] 等待 0.08546509984569378 秒后重试...
[2026-05-07 23:42:57] [INFO] [ShopBot] 正在连接设备 127.0.0.1:16384（第 4/7 次）
[2026-05-07 23:42:57] [WARNING] [ShopBot] 连接输出异常: failed to connect
[2026-05-07 23:42:57] [ERROR] [ShopBot] 连接失败（第 4/7 次）: failed to connect
[2026-05-07 23:42:57] [INFO] [ShopBot] 等待 0.08546509984569378 秒后重试...
[2026-05-07 23:42:57] [INFO] [ShopBot] 正在连接设备 127.0.0.1:16384（第 5/7 次）
[2026-05-07 23:42:57] [WARNING] [ShopBot] 连接输出异常: failed to connect
[2026-05-07 23:42:57] [ERROR] [ShopBot] 连接失败（第 5/7 次）: failed to connect
[2026-05-07 23:42:57] [INFO] [ShopBot] 等待 0.08546509984569378 秒后重试...
[2026-05-07 23:42:57] [INFO] [ShopBot] 正在连接设备 127.0.0.1:16384（第 6/7 次）
[2026-05-07 23:42:57] [WARNING] [ShopBot] 连接输出异常: failed to connect
[2026-05-07 23:42:57] [ERROR] [ShopBot] 连接失败（第 6/7 次）: failed to connect
[2026-05-07 23:42:57] [INFO] [ShopBot] 等待 0.08546509984569378 秒后重试...
[2026-05-07 23:42:57] [INFO] [ShopBot] 正在连接设备 127.0.0.1:16384（第 7/7 次）
[2026-05-07 23:42:57] [WARNING] [ShopBot] 连接输出异常: failed to connect
[2026-05-07 23:42:57] [ERROR] [ShopBot] 连接失败（第 7/7 次）: failed to connect
[2026-05-07 23:42:57] [ERROR] [ShopBot] 设备连接失败，已重试 7 次: 127.0.0.1:16384
[2026-05-07 23:42:57] [INFO] [ShopBot] 正在连接设备 127.0.0.1:16384（第 1/4 次）
[2026-05-07 23:42:57] [WARNING] [ShopBot] 连接输出异常: failed to connect
[2026-05-07 23:42:57] [ERROR] [ShopBot] 连接失败（第 1/4 次）: failed to connect
[2026-05-07 23:42:57] [INFO] [ShopBot] 等待 0.07485487121140864 秒后重试...
[2026-05-07 23:42:57] [INFO] [ShopBot] 正在连接设备 127.0.0.1:16384（第 2/4 次）
[2026-05-07 23:42:57] [WARNING] [ShopBot] 连接输出异常: failed to connect
[2026-05-07 23:42:57] [ERROR] [ShopBot] 连接失败（第 2/4 次）: failed to connect
[2026-05-07 23:42:57] [INFO] [ShopBot] 等待 0.07485487121140864 秒后重试...
[2026-05-07 23:42:57] [INFO] [ShopBot] 正在连接设备 127.0.0.1:16384（第 3/4 次）
[2026-05-07 23:42:57] [WARNING] [ShopBot] 连接输出异常: failed to connect
[2026-05-07 23:42:57] [ERROR] [ShopBot] 连接失败（第 3/4 次）: failed to connect
[2026-05-07 23:42:57] [INFO] [ShopBot] 等待 0.07485487121140864 秒后重试...
[2026-05-07 23:42:57] [INFO] [ShopBot] 正在连接设备 127.0.0.1:16384（第 4/4 次）
[2026-05-07 23:42:57] [WARNING] [ShopBot] 连接输出异常: failed to connect
[2026-05-07 23:42:57] [ERROR] [ShopBot] 连接失败（第 4/4 次）: failed to connect
[2026-05-07 23:42:57] [ERROR] [ShopBot] 设备连接失败，已重试 4 次: 127.0.0.1:16384
[2026-05-07 23:42:57] [INFO] [ShopBot] 正在连接设备 127.0.0.1:16384（第 1/6 次）
[2026-05-07 23:42:57] [WARNING] [ShopBot] 连接输出异常: failed to connect
[2026-05-07 23:42:57] [ERROR] [ShopBot] 连接失败（第 1/6 次）: failed to connect
[2026-05-07 23:42:57] [INFO] [ShopBot] 等待 0.0850808023557142 秒后重试...
[2026-05-07 23:42:57] [INFO] [ShopBot] 正在连接设备 127.0.0.1:16384（第 2/6 次）
[2026-05-07 23:42:57] [WARNING] [ShopBot] 连接输出异常: failed to connect
[2026-05-07 23:42:57] [ERROR] [ShopBot] 连接失败（第 2/6 次）: failed to connect
[2026-05-07 23:42:57] [INFO] [ShopBot] 等待 0.0850808023557142 秒后重试...
[2026-05-07 23:42:57] [INFO] [ShopBot] 正在连接设备 127.0.0.1:16384（第 3/6 次）
[2026-05-07 23:42:57] [WARNING] [ShopBot] 连接输出异常: failed to connect
[2026-05-07 23:42:57] [ERROR] [ShopBot] 连接失败（第 3/6 次）: failed to connect
[2026-05-07 23:42:57] [INFO] [ShopBot] 等待 0.0850808023557142 秒后重试...
[2026-05-07 23:42:57] [INFO] [ShopBot] 正在连接设备 127.0.0.1:16384（第 4/6 次）
[2026-05-07 23:42:57] [WARNING] [ShopBot] 连接输出异常: failed to connect
[2026-05-07 23:42:57] [ERROR] [ShopBot] 连接失败（第 4/6 次）: failed to connect
[2026-05-07 23:42:57] [INFO] [ShopBot] 等待 0.0850808023557142 秒后重试...
[2026-05-07 23:42:57] [INFO] [ShopBot] 正在连接设备 127.0.0.1:16384（第 5/6 次）
[2026-05-07 23:42:57] [WARNING] [ShopBot] 连接输出异常: failed to connect
[2026-05-07 23:42:57] [ERROR] [ShopBot] 连接失败（第 5/6 次）: failed to connect
[2026-05-07 23:42:57] [INFO] [ShopBot] 等待 0.0850808023557142 秒后重试...
[2026-05-07 23:42:57] [INFO] [ShopBot] 正在连接设备 127.0.0.1:16384（第 6/6 次）
[2026-05-07 23:42:57] [WARNING] [ShopBot] 连接输出异常: failed to connect
[2026-05-07 23:42:57] [ERROR] [ShopBot] 连接失败（第 6/6 次）: failed to connect
[2026-05-07 23:42:57] [ERROR] [ShopBot] 设备连接失败，已重试 6 次: 127.0.0.1:16384
[2026-05-07 23:42:57] [INFO] [ShopBot] 正在连接设备 127.0.0.1:16384（第 1/4 次）
[2026-05-07 23:42:57] [WARNING] [ShopBot] 连接输出异常: failed to connect
[2026-05-07 23:42:57] [ERROR] [ShopBot] 连接失败（第 1/4 次）: failed to connect
[2026-05-07 23:42:57] [INFO] [ShopBot] 等待 0.011577036217621642 秒后重试...
[2026-05-07 23:42:57] [INFO] [ShopBot] 正在连接设备 127.0.0.1:16384（第 2/4 次）
[2026-05-07 23:42:57] [WARNING] [ShopBot] 连接输出异常: failed to connect
[2026-05-07 23:42:57] [ERROR] [ShopBot] 连接失败（第 2/4 次）: failed to connect
[2026-05-07 23:42:57] [INFO] [ShopBot] 等待 0.011577036217621642 秒后重试...
[2026-05-07 23:42:57] [INFO] [ShopBot] 正在连接设备 127.0.0.1:16384（第 3/4 次）
[2026-05-07 23:42:57] [WARNING] [ShopBot] 连接输出异常: failed to connect
[2026-05-07 23:42:57] [ERROR] [ShopBot] 连接失败（第 3/4 次）: failed to connect
[2026-05-07 23:42:57] [INFO] [ShopBot] 等待 0.011577036217621642 秒后重试...
[2026-05-07 23:42:57] [INFO] [ShopBot] 正在连接设备 127.0.0.1:16384（第 4/4 次）
[2026-05-07 23:42:57] [WARNING] [ShopBot] 连接输出异常: failed to connect
[2026-05-07 23:42:57] [ERROR] [ShopBot] 连接失败（第 4/4 次）: failed to connect
[2026-05-07 23:42:57] [ERROR] [ShopBot] 设备连接失败，已重试 4 次: 127.0.0.1:16384
[2026-05-07 23:42:57] [INFO] [ShopBot] 正在连接设备 127.0.0.1:16384（第 1/3 次）
[2026-05-07 23:42:57] [WARNING] [ShopBot] 连接输出异常: failed to connect
[2026-05-07 23:42:57] [ERROR] [ShopBot] 连接失败（第 1/3 次）: failed to connect
[2026-05-07 23:42:57] [INFO] [ShopBot] 等待 0.06654127465259962 秒后重试...
[2026-05-07 23:42:57] [INFO] [ShopBot] 正在连接设备 127.0.0.1:16384（第 2/3 次）
[2026-05-07 23:42:57] [WARNING] [ShopBot] 连接输出异常: failed to connect
[2026-05-07 23:42:57] [ERROR] [ShopBot] 连接失败（第 2/3 次）: failed to connect
[2026-05-07 23:42:57] [INFO] [ShopBot] 等待 0.06654127465259962 秒后重试...
[2026-05-07 23:42:57] [INFO] [ShopBot] 正在连接设备 127.0.0.1:16384（第 3/3 次）
[2026-05-07 23:42:57] [WARNING] [ShopBot] 连接输出异常: failed to connect
[2026-05-07 23:42:57] [ERROR] [ShopBot] 连接失败（第 3/3 次）: failed to connect
[2026-05-07 23:42:57] [ERROR] [ShopBot] 设备连接失败，已重试 3 次: 127.0.0.1:16384
[2026-05-07 23:42:57] [INFO] [ShopBot] 正在连接设备 127.0.0.1:16384（第 1/1 次）
[2026-05-07 23:42:57] [WARNING] [ShopBot] 连接输出异常: failed to connect
[2026-05-07 23:42:57] [ERROR] [ShopBot] 连接失败（第 1/1 次）: failed to connect
[2026-05-07 23:42:57] [ERROR] [ShopBot] 设备连接失败，已重试 1 次: 127.0.0.1:16384
[2026-05-07 23:42:57] [INFO] [ShopBot] 正在连接设备 127.0.0.1:16384（第 1/5 次）
[2026-05-07 23:42:57] [WARNING] [ShopBot] 连接输出异常: failed to connect
[2026-05-07 23:42:57] [ERROR] [ShopBot] 连接失败（第 1/5 次）: failed to connect
[2026-05-07 23:42:57] [INFO] [ShopBot] 等待 0.05165579263401675 秒后重试...
[2026-05-07 23:42:57] [INFO] [ShopBot] 正在连接设备 127.0.0.1:16384（第 2/5 次）
[2026-05-07 23:42:57] [WARNING] [ShopBot] 连接输出异常: failed to connect
[2026-05-07 23:42:57] [ERROR] [ShopBot] 连接失败（第 2/5 次）: failed to connect
[2026-05-07 23:42:57] [INFO] [ShopBot] 等待 0.05165579263401675 秒后重试...
[2026-05-07 23:42:57] [INFO] [ShopBot] 正在连接设备 127.0.0.1:16384（第 3/5 次）
[2026-05-07 23:42:57] [WARNING] [ShopBot] 连接输出异常: failed to connect
[2026-05-07 23:42:57] [ERROR] [ShopBot] 连接失败（第 3/5 次）: failed to connect
[2026-05-07 23:42:57] [INFO] [ShopBot] 等待 0.05165579263401675 秒后重试...
[2026-05-07 23:42:57] [INFO] [ShopBot] 正在连接设备 127.0.0.1:16384（第 4/5 次）
[2026-05-07 23:42:57] [WARNING] [ShopBot] 连接输出异常: failed to connect
[2026-05-07 23:42:57] [ERROR] [ShopBot] 连接失败（第 4/5 次）: failed to connect
[2026-05-07 23:42:57] [INFO] [ShopBot] 等待 0.05165579263401675 秒后重试...
[2026-05-07 23:42:57] [INFO] [ShopBot] 正在连接设备 127.0.0.1:16384（第 5/5 次）
[2026-05-07 23:42:57] [WARNING] [ShopBot] 连接输出异常: failed to connect
[2026-05-07 23:42:57] [ERROR] [ShopBot] 连接失败（第 5/5 次）: failed to connect
[2026-05-07 23:42:57] [ERROR] [ShopBot] 设备连接失败，已重试 5 次: 127.0.0.1:16384
[2026-05-07 23:42:57] [INFO] [ShopBot] 正在连接设备 127.0.0.1:16384（第 1/8 次）
[2026-05-07 23:42:57] [WARNING] [ShopBot] 连接输出异常: failed to connect
[2026-05-07 23:42:57] [ERROR] [ShopBot] 连接失败（第 1/8 次）: failed to connect
[2026-05-07 23:42:57] [INFO] [ShopBot] 等待 0.02955314649157212 秒后重试...
[2026-05-07 23:42:57] [INFO] [ShopBot] 正在连接设备 127.0.0.1:16384（第 2/8 次）
[2026-05-07 23:42:57] [WARNING] [ShopBot] 连接输出异常: failed to connect
[2026-05-07 23:42:57] [ERROR] [ShopBot] 连接失败（第 2/8 次）: failed to connect
[2026-05-07 23:42:57] [INFO] [ShopBot] 等待 0.02955314649157212 秒后重试...
[2026-05-07 23:42:57] [INFO] [ShopBot] 正在连接设备 127.0.0.1:16384（第 3/8 次）
[2026-05-07 23:42:57] [WARNING] [ShopBot] 连接输出异常: failed to connect
[2026-05-07 23:42:57] [ERROR] [ShopBot] 连接失败（第 3/8 次）: failed to connect
[2026-05-07 23:42:57] [INFO] [ShopBot] 等待 0.02955314649157212 秒后重试...
[2026-05-07 23:42:57] [INFO] [ShopBot] 正在连接设备 127.0.0.1:16384（第 4/8 次）
[2026-05-07 23:42:57] [WARNING] [ShopBot] 连接输出异常: failed to connect
[2026-05-07 23:42:57] [ERROR] [ShopBot] 连接失败（第 4/8 次）: failed to connect
[2026-05-07 23:42:57] [INFO] [ShopBot] 等待 0.02955314649157212 秒后重试...
[2026-05-07 23:42:57] [INFO] [ShopBot] 正在连接设备 127.0.0.1:16384（第 5/8 次）
[2026-05-07 23:42:57] [WARNING] [ShopBot] 连接输出异常: failed to connect
[2026-05-07 23:42:57] [ERROR] [ShopBot] 连接失败（第 5/8 次）: failed to connect
[2026-05-07 23:42:57] [INFO] [ShopBot] 等待 0.02955314649157212 秒后重试...
[2026-05-07 23:42:57] [INFO] [ShopBot] 正在连接设备 127.0.0.1:16384（第 6/8 次）
[2026-05-07 23:42:57] [WARNING] [ShopBot] 连接输出异常: failed to connect
[2026-05-07 23:42:57] [ERROR] [ShopBot] 连接失败（第 6/8 次）: failed to connect
[2026-05-07 23:42:57] [INFO] [ShopBot] 等待 0.02955314649157212 秒后重试...
[2026-05-07 23:42:57] [INFO] [ShopBot] 正在连接设备 127.0.0.1:16384（第 7/8 次）
[2026-05-07 23:42:57] [WARNING] [ShopBot] 连接输出异常: failed to connect
[2026-05-07 23:42:57] [ERROR] [ShopBot] 连接失败（第 7/8 次）: failed to connect
[2026-05-07 23:42:57] [INFO] [ShopBot] 等待 0.02955314649157212 秒后重试...
[2026-05-07 23:42:57] [INFO] [ShopBot] 正在连接设备 127.0.0.1:16384（第 8/8 次）
[2026-05-07 23:42:57] [WARNING] [ShopBot] 连接输出异常: failed to connect
[2026-05-07 23:42:57] [ERROR] [ShopBot] 连接失败（第 8/8 次）: failed to connect
[2026-05-07 23:42:57] [ERROR] [ShopBot] 设备连接失败，已重试 8 次: 127.0.0.1:16384
[2026-05-07 23:42:57] [INFO] [ShopBot] 正在连接设备 127.0.0.1:16384（第 1/3 次）
[2026-05-07 23:42:57] [WARNING] [ShopBot] 连接输出异常: failed to connect
[2026-05-07 23:42:57] [ERROR] [ShopBot] 连接失败（第 1/3 次）: failed to connect
[2026-05-07 23:42:57] [INFO] [ShopBot] 等待 0.020875459901045633 秒后重试...
[2026-05-07 23:42:57] [INFO] [ShopBot] 正在连接设备 127.0.0.1:16384（第 2/3 次）
[2026-05-07 23:42:57] [WARNING] [ShopBot] 连接输出异常: failed to connect
[2026-05-07 23:42:57] [ERROR] [ShopBot] 连接失败（第 2/3 次）: failed to connect
[2026-05-07 23:42:57] [INFO] [ShopBot] 等待 0.020875459901045633 秒后重试...
[2026-05-07 23:42:57] [INFO] [ShopBot] 正在连接设备 127.0.0.1:16384（第 3/3 次）
[2026-05-07 23:42:57] [WARNING] [ShopBot] 连接输出异常: failed to connect
[2026-05-07 23:42:57] [ERROR] [ShopBot] 连接失败（第 3/3 次）: failed to connect
[2026-05-07 23:42:57] [ERROR] [ShopBot] 设备连接失败，已重试 3 次: 127.0.0.1:16384
[2026-05-07 23:42:57] [INFO] [ShopBot] 正在连接设备 127.0.0.1:16384（第 1/9 次）
[2026-05-07 23:42:57] [WARNING] [ShopBot] 连接输出异常: failed to connect
[2026-05-07 23:42:57] [ERROR] [ShopBot] 连接失败（第 1/9 次）: failed to connect
[2026-05-07 23:42:57] [INFO] [ShopBot] 等待 0.020999537727502144 秒后重试...
[2026-05-07 23:42:57] [INFO] [ShopBot] 正在连接设备 127.0.0.1:16384（第 2/9 次）
[2026-05-07 23:42:57] [WARNING] [ShopBot] 连接输出异常: failed to connect
[2026-05-07 23:42:57] [ERROR] [ShopBot] 连接失败（第 2/9 次）: failed to connect
[2026-05-07 23:42:57] [INFO] [ShopBot] 等待 0.020999537727502144 秒后重试...
[2026-05-07 23:42:57] [INFO] [ShopBot] 正在连接设备 127.0.0.1:16384（第 3/9 次）
[2026-05-07 23:42:57] [WARNING] [ShopBot] 连接输出异常: failed to connect
[2026-05-07 23:42:57] [ERROR] [ShopBot] 连接失败（第 3/9 次）: failed to connect
[2026-05-07 23:42:57] [INFO] [ShopBot] 等待 0.020999537727502144 秒后重试...
[2026-05-07 23:42:57] [INFO] [ShopBot] 正在连接设备 127.0.0.1:16384（第 4/9 次）
[2026-05-07 23:42:57] [WARNING] [ShopBot] 连接输出异常: failed to connect
[2026-05-07 23:42:57] [ERROR] [ShopBot] 连接失败（第 4/9 次）: failed to connect
[2026-05-07 23:42:57] [INFO] [ShopBot] 等待 0.020999537727502144 秒后重试...
[2026-05-07 23:42:57] [INFO] [ShopBot] 正在连接设备 127.0.0.1:16384（第 5/9 次）
[2026-05-07 23:42:57] [WARNING] [ShopBot] 连接输出异常: failed to connect
[2026-05-07 23:42:57] [ERROR] [ShopBot] 连接失败（第 5/9 次）: failed to connect
[2026-05-07 23:42:57] [INFO] [ShopBot] 等待 0.020999537727502144 秒后重试...
[2026-05-07 23:42:57] [INFO] [ShopBot] 正在连接设备 127.0.0.1:16384（第 6/9 次）
[2026-05-07 23:42:57] [WARNING] [ShopBot] 连接输出异常: failed to connect
[2026-05-07 23:42:57] [ERROR] [ShopBot] 连接失败（第 6/9 次）: failed to connect
[2026-05-07 23:42:57] [INFO] [ShopBot] 等待 0.020999537727502144 秒后重试...
[2026-05-07 23:42:57] [INFO] [ShopBot] 正在连接设备 127.0.0.1:16384（第 7/9 次）
[2026-05-07 23:42:57] [WARNING] [ShopBot] 连接输出异常: failed to connect
[2026-05-07 23:42:57] [ERROR] [ShopBot] 连接失败（第 7/9 次）: failed to connect
[2026-05-07 23:42:57] [INFO] [ShopBot] 等待 0.020999537727502144 秒后重试...
[2026-05-07 23:42:57] [INFO] [ShopBot] 正在连接设备 127.0.0.1:16384（第 8/9 次）
[2026-05-07 23:42:57] [WARNING] [ShopBot] 连接输出异常: failed to connect
[2026-05-07 23:42:57] [ERROR] [ShopBot] 连接失败（第 8/9 次）: failed to connect
[2026-05-07 23:42:57] [INFO] [ShopBot] 等待 0.020999537727502144 秒后重试...
[2026-05-07 23:42:57] [INFO] [ShopBot] 正在连接设备 127.0.0.1:16384（第 9/9 次）
[2026-05-07 23:42:57] [WARNING] [ShopBot] 连接输出异常: failed to connect
[2026-05-07 23:42:57] [ERROR] [ShopBot] 连接失败（第 9/9 次）: failed to connect
[2026-05-07 23:42:57] [ERROR] [ShopBot] 设备连接失败，已重试 9 次: 127.0.0.1:16384
[2026-05-07 23:42:57] [INFO] [ShopBot] 正在连接设备 127.0.0.1:16384（第 1/9 次）
[2026-05-07 23:42:57] [WARNING] [ShopBot] 连接输出异常: failed to connect
[2026-05-07 23:42:57] [ERROR] [ShopBot] 连接失败（第 1/9 次）: failed to connect
[2026-05-07 23:42:57] [INFO] [ShopBot] 等待 0.05019283570850635 秒后重试...
[2026-05-07 23:42:57] [INFO] [ShopBot] 正在连接设备 127.0.0.1:16384（第 2/9 次）
[2026-05-07 23:42:57] [WARNING] [ShopBot] 连接输出异常: failed to connect
[2026-05-07 23:42:57] [ERROR] [ShopBot] 连接失败（第 2/9 次）: failed to connect
[2026-05-07 23:42:57] [INFO] [ShopBot] 等待 0.05019283570850635 秒后重试...
[2026-05-07 23:42:57] [INFO] [ShopBot] 正在连接设备 127.0.0.1:16384（第 3/9 次）
[2026-05-07 23:42:57] [WARNING] [ShopBot] 连接输出异常: failed to connect
[2026-05-07 23:42:57] [ERROR] [ShopBot] 连接失败（第 3/9 次）: failed to connect
[2026-05-07 23:42:57] [INFO] [ShopBot] 等待 0.05019283570850635 秒后重试...
[2026-05-07 23:42:57] [INFO] [ShopBot] 正在连接设备 127.0.0.1:16384（第 4/9 次）
[2026-05-07 23:42:57] [WARNING] [ShopBot] 连接输出异常: failed to connect
[2026-05-07 23:42:57] [ERROR] [ShopBot] 连接失败（第 4/9 次）: failed to connect
[2026-05-07 23:42:57] [INFO] [ShopBot] 等待 0.05019283570850635 秒后重试...
[2026-05-07 23:42:57] [INFO] [ShopBot] 正在连接设备 127.0.0.1:16384（第 5/9 次）
[2026-05-07 23:42:57] [WARNING] [ShopBot] 连接输出异常: failed to connect
[2026-05-07 23:42:57] [ERROR] [ShopBot] 连接失败（第 5/9 次）: failed to connect
[2026-05-07 23:42:57] [INFO] [ShopBot] 等待 0.05019283570850635 秒后重试...
[2026-05-07 23:42:57] [INFO] [ShopBot] 正在连接设备 127.0.0.1:16384（第 6/9 次）
[2026-05-07 23:42:57] [WARNING] [ShopBot] 连接输出异常: failed to connect
[2026-05-07 23:42:57] [ERROR] [ShopBot] 连接失败（第 6/9 次）: failed to connect
[2026-05-07 23:42:57] [INFO] [ShopBot] 等待 0.05019283570850635 秒后重试...
[2026-05-07 23:42:57] [INFO] [ShopBot] 正在连接设备 127.0.0.1:16384（第 7/9 次）
[2026-05-07 23:42:57] [WARNING] [ShopBot] 连接输出异常: failed to connect
[2026-05-07 23:42:57] [ERROR] [ShopBot] 连接失败（第 7/9 次）: failed to connect
[2026-05-07 23:42:57] [INFO] [ShopBot] 等待 0.05019283570850635 秒后重试...
[2026-05-07 23:42:57] [INFO] [ShopBot] 正在连接设备 127.0.0.1:16384（第 8/9 次）
[2026-05-07 23:42:57] [WARNING] [ShopBot] 连接输出异常: failed to connect
[2026-05-07 23:42:57] [ERROR] [ShopBot] 连接失败（第 8/9 次）: failed to connect
[2026-05-07 23:42:57] [INFO] [ShopBot] 等待 0.05019283570850635 秒后重试...
[2026-05-07 23:42:57] [INFO] [ShopBot] 正在连接设备 127.0.0.1:16384（第 9/9 次）
[2026-05-07 23:42:57] [WARNING] [ShopBot] 连接输出异常: failed to connect
[2026-05-07 23:42:57] [ERROR] [ShopBot] 连接失败（第 9/9 次）: failed to connect
[2026-05-07 23:42:57] [ERROR] [ShopBot] 设备连接失败，已重试 9 次: 127.0.0.1:16384
[2026-05-07 23:42:57] [INFO] [ShopBot] 正在连接设备 127.0.0.1:16384（第 1/5 次）
[2026-05-07 23:42:57] [WARNING] [ShopBot] 连接输出异常: failed to connect
[2026-05-07 23:42:57] [ERROR] [ShopBot] 连接失败（第 1/5 次）: failed to connect
[2026-05-07 23:42:57] [INFO] [ShopBot] 等待 0.011801969253646353 秒后重试...
[2026-05-07 23:42:57] [INFO] [ShopBot] 正在连接设备 127.0.0.1:16384（第 2/5 次）
[2026-05-07 23:42:57] [WARNING] [ShopBot] 连接输出异常: failed to connect
[2026-05-07 23:42:57] [ERROR] [ShopBot] 连接失败（第 2/5 次）: failed to connect
[2026-05-07 23:42:57] [INFO] [ShopBot] 等待 0.011801969253646353 秒后重试...
[2026-05-07 23:42:57] [INFO] [ShopBot] 正在连接设备 127.0.0.1:16384（第 3/5 次）
[2026-05-07 23:42:57] [WARNING] [ShopBot] 连接输出异常: failed to connect
[2026-05-07 23:42:57] [ERROR] [ShopBot] 连接失败（第 3/5 次）: failed to connect
[2026-05-07 23:42:57] [INFO] [ShopBot] 等待 0.011801969253646353 秒后重试...
[2026-05-07 23:42:57] [INFO] [ShopBot] 正在连接设备 127.0.0.1:16384（第 4/5 次）
[2026-05-07 23:42:57] [WARNING] [ShopBot] 连接输出异常: failed to connect
[2026-05-07 23:42:57] [ERROR] [ShopBot] 连接失败（第 4/5 次）: failed to connect
[2026-05-07 23:42:57] [INFO] [ShopBot] 等待 0.011801969253646353 秒后重试...
[2026-05-07 23:42:57] [INFO] [ShopBot] 正在连接设备 127.0.0.1:16384（第 5/5 次）
[2026-05-07 23:42:57] [WARNING] [ShopBot] 连接输出异常: failed to connect
[2026-05-07 23:42:57] [ERROR] [ShopBot] 连接失败（第 5/5 次）: failed to connect
[2026-05-07 23:42:57] [ERROR] [ShopBot] 设备连接失败，已重试 5 次: 127.0.0.1:16384
[2026-05-07 23:42:57] [INFO] [ShopBot] 正在连接设备 127.0.0.1:16384（第 1/1 次）
[2026-05-07 23:42:57] [WARNING] [ShopBot] 连接输出异常: failed to connect
[2026-05-07 23:42:57] [ERROR] [ShopBot] 连接失败（第 1/1 次）: failed to connect
[2026-05-07 23:42:57] [ERROR] [ShopBot] 设备连接失败，已重试 1 次: 127.0.0.1:16384
[2026-05-07 23:42:57] [INFO] [ShopBot] 正在连接设备 127.0.0.1:16384（第 1/10 次）
[2026-05-07 23:42:57] [WARNING] [ShopBot] 连接输出异常: failed to connect
[2026-05-07 23:42:57] [ERROR] [ShopBot] 连接失败（第 1/10 次）: failed to connect
[2026-05-07 23:42:57] [INFO] [ShopBot] 等待 0.029431444902227544 秒后重试...
[2026-05-07 23:42:57] [INFO] [ShopBot] 正在连接设备 127.0.0.1:16384（第 2/10 次）
[2026-05-07 23:42:57] [WARNING] [ShopBot] 连接输出异常: failed to connect
[2026-05-07 23:42:57] [ERROR] [ShopBot] 连接失败（第 2/10 次）: failed to connect
[2026-05-07 23:42:57] [INFO] [ShopBot] 等待 0.029431444902227544 秒后重试...
[2026-05-07 23:42:57] [INFO] [ShopBot] 正在连接设备 127.0.0.1:16384（第 3/10 次）
[2026-05-07 23:42:57] [WARNING] [ShopBot] 连接输出异常: failed to connect
[2026-05-07 23:42:57] [ERROR] [ShopBot] 连接失败（第 3/10 次）: failed to connect
[2026-05-07 23:42:57] [INFO] [ShopBot] 等待 0.029431444902227544 秒后重试...
[2026-05-07 23:42:57] [INFO] [ShopBot] 正在连接设备 127.0.0.1:16384（第 4/10 次）
[2026-05-07 23:42:57] [WARNING] [ShopBot] 连接输出异常: failed to connect
[2026-05-07 23:42:57] [ERROR] [ShopBot] 连接失败（第 4/10 次）: failed to connect
[2026-05-07 23:42:57] [INFO] [ShopBot] 等待 0.029431444902227544 秒后重试...
[2026-05-07 23:42:57] [INFO] [ShopBot] 正在连接设备 127.0.0.1:16384（第 5/10 次）
[2026-05-07 23:42:57] [WARNING] [ShopBot] 连接输出异常: failed to connect
[2026-05-07 23:42:57] [ERROR] [ShopBot] 连接失败（第 5/10 次）: failed to connect
[2026-05-07 23:42:57] [INFO] [ShopBot] 等待 0.029431444902227544 秒后重试...
[2026-05-07 23:42:57] [INFO] [ShopBot] 正在连接设备 127.0.0.1:16384（第 6/10 次）
[2026-05-07 23:42:57] [WARNING] [ShopBot] 连接输出异常: failed to connect
[2026-05-07 23:42:57] [ERROR] [ShopBot] 连接失败（第 6/10 次）: failed to connect
[2026-05-07 23:42:57] [INFO] [ShopBot] 等待 0.029431444902227544 秒后重试...
[2026-05-07 23:42:57] [INFO] [ShopBot] 正在连接设备 127.0.0.1:16384（第 7/10 次）
[2026-05-07 23:42:57] [WARNING] [ShopBot] 连接输出异常: failed to connect
[2026-05-07 23:42:57] [ERROR] [ShopBot] 连接失败（第 7/10 次）: failed to connect
[2026-05-07 23:42:57] [INFO] [ShopBot] 等待 0.029431444902227544 秒后重试...
[2026-05-07 23:42:57] [INFO] [ShopBot] 正在连接设备 127.0.0.1:16384（第 8/10 次）
[2026-05-07 23:42:57] [WARNING] [ShopBot] 连接输出异常: failed to connect
[2026-05-07 23:42:57] [ERROR] [ShopBot] 连接失败（第 8/10 次）: failed to connect
[2026-05-07 23:42:57] [INFO] [ShopBot] 等待 0.029431444902227544 秒后重试...
[2026-05-07 23:42:57] [INFO] [ShopBot] 正在连接设备 127.0.0.1:16384（第 9/10 次）
[2026-05-07 23:42:57] [WARNING] [ShopBot] 连接输出异常: failed to connect
[2026-05-07 23:42:57] [ERROR] [ShopBot] 连接失败（第 9/10 次）: failed to connect
[2026-05-07 23:42:57] [INFO] [ShopBot] 等待 0.029431444902227544 秒后重试...
[2026-05-07 23:42:57] [INFO] [ShopBot] 正在连接设备 127.0.0.1:16384（第 10/10 次）
[2026-05-07 23:42:57] [WARNING] [ShopBot] 连接输出异常: failed to connect
[2026-05-07 23:42:57] [ERROR] [ShopBot] 连接失败（第 10/10 次）: failed to connect
[2026-05-07 23:42:57] [ERROR] [ShopBot] 设备连接失败，已重试 10 次: 127.0.0.1:16384
[2026-05-07 23:42:57] [INFO] [ShopBot] 正在连接设备 127.0.0.1:16384（第 1/6 次）
[2026-05-07 23:42:57] [WARNING] [ShopBot] 连接输出异常: failed to connect
[2026-05-07 23:42:57] [ERROR] [ShopBot] 连接失败（第 1/6 次）: failed to connect
[2026-05-07 23:42:57] [INFO] [ShopBot] 等待 0.0717046305499981 秒后重试...
[2026-05-07 23:42:57] [INFO] [ShopBot] 正在连接设备 127.0.0.1:16384（第 2/6 次）
[2026-05-07 23:42:57] [WARNING] [ShopBot] 连接输出异常: failed to connect
[2026-05-07 23:42:57] [ERROR] [ShopBot] 连接失败（第 2/6 次）: failed to connect
[2026-05-07 23:42:57] [INFO] [ShopBot] 等待 0.0717046305499981 秒后重试...
[2026-05-07 23:42:57] [INFO] [ShopBot] 正在连接设备 127.0.0.1:16384（第 3/6 次）
[2026-05-07 23:42:57] [WARNING] [ShopBot] 连接输出异常: failed to connect
[2026-05-07 23:42:57] [ERROR] [ShopBot] 连接失败（第 3/6 次）: failed to connect
[2026-05-07 23:42:57] [INFO] [ShopBot] 等待 0.0717046305499981 秒后重试...
[2026-05-07 23:42:57] [INFO] [ShopBot] 正在连接设备 127.0.0.1:16384（第 4/6 次）
[2026-05-07 23:42:57] [WARNING] [ShopBot] 连接输出异常: failed to connect
[2026-05-07 23:42:57] [ERROR] [ShopBot] 连接失败（第 4/6 次）: failed to connect
[2026-05-07 23:42:57] [INFO] [ShopBot] 等待 0.0717046305499981 秒后重试...
[2026-05-07 23:42:57] [INFO] [ShopBot] 正在连接设备 127.0.0.1:16384（第 5/6 次）
[2026-05-07 23:42:57] [WARNING] [ShopBot] 连接输出异常: failed to connect
[2026-05-07 23:42:57] [ERROR] [ShopBot] 连接失败（第 5/6 次）: failed to connect
[2026-05-07 23:42:57] [INFO] [ShopBot] 等待 0.0717046305499981 秒后重试...
[2026-05-07 23:42:57] [INFO] [ShopBot] 正在连接设备 127.0.0.1:16384（第 6/6 次）
[2026-05-07 23:42:57] [WARNING] [ShopBot] 连接输出异常: failed to connect
[2026-05-07 23:42:57] [ERROR] [ShopBot] 连接失败（第 6/6 次）: failed to connect
[2026-05-07 23:42:57] [ERROR] [ShopBot] 设备连接失败，已重试 6 次: 127.0.0.1:16384
[2026-05-07 23:42:57] [INFO] [ShopBot] 正在连接设备 127.0.0.1:16384（第 1/8 次）
[2026-05-07 23:42:57] [WARNING] [ShopBot] 连接输出异常: failed to connect
[2026-05-07 23:42:57] [ERROR] [ShopBot] 连接失败（第 1/8 次）: failed to connect
[2026-05-07 23:42:57] [INFO] [ShopBot] 等待 0.07616230763667042 秒后重试...
[2026-05-07 23:42:57] [INFO] [ShopBot] 正在连接设备 127.0.0.1:16384（第 2/8 次）
[2026-05-07 23:42:57] [WARNING] [ShopBot] 连接输出异常: failed to connect
[2026-05-07 23:42:57] [ERROR] [ShopBot] 连接失败（第 2/8 次）: failed to connect
[2026-05-07 23:42:57] [INFO] [ShopBot] 等待 0.07616230763667042 秒后重试...
[2026-05-07 23:42:57] [INFO] [ShopBot] 正在连接设备 127.0.0.1:16384（第 3/8 次）
[2026-05-07 23:42:57] [WARNING] [ShopBot] 连接输出异常: failed to connect
[2026-05-07 23:42:57] [ERROR] [ShopBot] 连接失败（第 3/8 次）: failed to connect
[2026-05-07 23:42:57] [INFO] [ShopBot] 等待 0.07616230763667042 秒后重试...
[2026-05-07 23:42:57] [INFO] [ShopBot] 正在连接设备 127.0.0.1:16384（第 4/8 次）
[2026-05-07 23:42:57] [WARNING] [ShopBot] 连接输出异常: failed to connect
[2026-05-07 23:42:57] [ERROR] [ShopBot] 连接失败（第 4/8 次）: failed to connect
[2026-05-07 23:42:57] [INFO] [ShopBot] 等待 0.07616230763667042 秒后重试...
[2026-05-07 23:42:57] [INFO] [ShopBot] 正在连接设备 127.0.0.1:16384（第 5/8 次）
[2026-05-07 23:42:57] [WARNING] [ShopBot] 连接输出异常: failed to connect
[2026-05-07 23:42:57] [ERROR] [ShopBot] 连接失败（第 5/8 次）: failed to connect
[2026-05-07 23:42:57] [INFO] [ShopBot] 等待 0.07616230763667042 秒后重试...
[2026-05-07 23:42:57] [INFO] [ShopBot] 正在连接设备 127.0.0.1:16384（第 6/8 次）
[2026-05-07 23:42:57] [WARNING] [ShopBot] 连接输出异常: failed to connect
[2026-05-07 23:42:57] [ERROR] [ShopBot] 连接失败（第 6/8 次）: failed to connect
[2026-05-07 23:42:57] [INFO] [ShopBot] 等待 0.07616230763667042 秒后重试...
[2026-05-07 23:42:57] [INFO] [ShopBot] 正在连接设备 127.0.0.1:16384（第 7/8 次）
[2026-05-07 23:42:57] [WARNING] [ShopBot] 连接输出异常: failed to connect
[2026-05-07 23:42:57] [ERROR] [ShopBot] 连接失败（第 7/8 次）: failed to connect
[2026-05-07 23:42:57] [INFO] [ShopBot] 等待 0.07616230763667042 秒后重试...
[2026-05-07 23:42:57] [INFO] [ShopBot] 正在连接设备 127.0.0.1:16384（第 8/8 次）
[2026-05-07 23:42:57] [WARNING] [ShopBot] 连接输出异常: failed to connect
[2026-05-07 23:42:57] [ERROR] [ShopBot] 连接失败（第 8/8 次）: failed to connect
[2026-05-07 23:42:57] [ERROR] [ShopBot] 设备连接失败，已重试 8 次: 127.0.0.1:16384
[2026-05-07 23:42:57] [INFO] [ShopBot] 正在连接设备 127.0.0.1:16384（第 1/6 次）
[2026-05-07 23:42:57] [WARNING] [ShopBot] 连接输出异常: failed to connect
[2026-05-07 23:42:57] [ERROR] [ShopBot] 连接失败（第 1/6 次）: failed to connect
[2026-05-07 23:42:57] [INFO] [ShopBot] 等待 0.0959998201760294 秒后重试...
[2026-05-07 23:42:57] [INFO] [ShopBot] 正在连接设备 127.0.0.1:16384（第 2/6 次）
[2026-05-07 23:42:57] [WARNING] [ShopBot] 连接输出异常: failed to connect
[2026-05-07 23:42:57] [ERROR] [ShopBot] 连接失败（第 2/6 次）: failed to connect
[2026-05-07 23:42:57] [INFO] [ShopBot] 等待 0.0959998201760294 秒后重试...
[2026-05-07 23:42:57] [INFO] [ShopBot] 正在连接设备 127.0.0.1:16384（第 3/6 次）
[2026-05-07 23:42:57] [WARNING] [ShopBot] 连接输出异常: failed to connect
[2026-05-07 23:42:57] [ERROR] [ShopBot] 连接失败（第 3/6 次）: failed to connect
[2026-05-07 23:42:57] [INFO] [ShopBot] 等待 0.0959998201760294 秒后重试...
[2026-05-07 23:42:57] [INFO] [ShopBot] 正在连接设备 127.0.0.1:16384（第 4/6 次）
[2026-05-07 23:42:57] [WARNING] [ShopBot] 连接输出异常: failed to connect
[2026-05-07 23:42:57] [ERROR] [ShopBot] 连接失败（第 4/6 次）: failed to connect
[2026-05-07 23:42:57] [INFO] [ShopBot] 等待 0.0959998201760294 秒后重试...
[2026-05-07 23:42:57] [INFO] [ShopBot] 正在连接设备 127.0.0.1:16384（第 5/6 次）
[2026-05-07 23:42:57] [WARNING] [ShopBot] 连接输出异常: failed to connect
[2026-05-07 23:42:57] [ERROR] [ShopBot] 连接失败（第 5/6 次）: failed to connect
[2026-05-07 23:42:57] [INFO] [ShopBot] 等待 0.0959998201760294 秒后重试...
[2026-05-07 23:42:57] [INFO] [ShopBot] 正在连接设备 127.0.0.1:16384（第 6/6 次）
[2026-05-07 23:42:57] [WARNING] [ShopBot] 连接输出异常: failed to connect
[2026-05-07 23:42:57] [ERROR] [ShopBot] 连接失败（第 6/6 次）: failed to connect
[2026-05-07 23:42:57] [ERROR] [ShopBot] 设备连接失败，已重试 6 次: 127.0.0.1:16384
[2026-05-07 23:42:57] [INFO] [ShopBot] 正在连接设备 127.0.0.1:16384（第 1/1 次）
[2026-05-07 23:42:57] [WARNING] [ShopBot] 连接输出异常: failed to connect
[2026-05-07 23:42:57] [ERROR] [ShopBot] 连接失败（第 1/1 次）: failed to connect
[2026-05-07 23:42:57] [ERROR] [ShopBot] 设备连接失败，已重试 1 次: 127.0.0.1:16384
[2026-05-07 23:42:57] [INFO] [ShopBot] 正在连接设备 127.0.0.1:16384（第 1/10 次）
[2026-05-07 23:42:57] [WARNING] [ShopBot] 连接输出异常: failed to connect
[2026-05-07 23:42:57] [ERROR] [ShopBot] 连接失败（第 1/10 次）: failed to connect
[2026-05-07 23:42:57] [INFO] [ShopBot] 等待 0.06709458972701751 秒后重试...
[2026-05-07 23:42:57] [INFO] [ShopBot] 正在连接设备 127.0.0.1:16384（第 2/10 次）
[2026-05-07 23:42:57] [WARNING] [ShopBot] 连接输出异常: failed to connect
[2026-05-07 23:42:57] [ERROR] [ShopBot] 连接失败（第 2/10 次）: failed to connect
[2026-05-07 23:42:57] [INFO] [ShopBot] 等待 0.06709458972701751 秒后重试...
[2026-05-07 23:42:57] [INFO] [ShopBot] 正在连接设备 127.0.0.1:16384（第 3/10 次）
[2026-05-07 23:42:57] [WARNING] [ShopBot] 连接输出异常: failed to connect
[2026-05-07 23:42:57] [ERROR] [ShopBot] 连接失败（第 3/10 次）: failed to connect
[2026-05-07 23:42:57] [INFO] [ShopBot] 等待 0.06709458972701751 秒后重试...
[2026-05-07 23:42:57] [INFO] [ShopBot] 正在连接设备 127.0.0.1:16384（第 4/10 次）
[2026-05-07 23:42:57] [WARNING] [ShopBot] 连接输出异常: failed to connect
[2026-05-07 23:42:57] [ERROR] [ShopBot] 连接失败（第 4/10 次）: failed to connect
[2026-05-07 23:42:57] [INFO] [ShopBot] 等待 0.06709458972701751 秒后重试...
[2026-05-07 23:42:57] [INFO] [ShopBot] 正在连接设备 127.0.0.1:16384（第 5/10 次）
[2026-05-07 23:42:57] [WARNING] [ShopBot] 连接输出异常: failed to connect
[2026-05-07 23:42:57] [ERROR] [ShopBot] 连接失败（第 5/10 次）: failed to connect
[2026-05-07 23:42:57] [INFO] [ShopBot] 等待 0.06709458972701751 秒后重试...
[2026-05-07 23:42:57] [INFO] [ShopBot] 正在连接设备 127.0.0.1:16384（第 6/10 次）
[2026-05-07 23:42:57] [WARNING] [ShopBot] 连接输出异常: failed to connect
[2026-05-07 23:42:57] [ERROR] [ShopBot] 连接失败（第 6/10 次）: failed to connect
[2026-05-07 23:42:57] [INFO] [ShopBot] 等待 0.06709458972701751 秒后重试...
[2026-05-07 23:42:57] [INFO] [ShopBot] 正在连接设备 127.0.0.1:16384（第 7/10 次）
[2026-05-07 23:42:57] [WARNING] [ShopBot] 连接输出异常: failed to connect
[2026-05-07 23:42:57] [ERROR] [ShopBot] 连接失败（第 7/10 次）: failed to connect
[2026-05-07 23:42:57] [INFO] [ShopBot] 等待 0.06709458972701751 秒后重试...
[2026-05-07 23:42:57] [INFO] [ShopBot] 正在连接设备 127.0.0.1:16384（第 8/10 次）
[2026-05-07 23:42:57] [WARNING] [ShopBot] 连接输出异常: failed to connect
[2026-05-07 23:42:57] [ERROR] [ShopBot] 连接失败（第 8/10 次）: failed to connect
[2026-05-07 23:42:57] [INFO] [ShopBot] 等待 0.06709458972701751 秒后重试...
[2026-05-07 23:42:57] [INFO] [ShopBot] 正在连接设备 127.0.0.1:16384（第 9/10 次）
[2026-05-07 23:42:57] [WARNING] [ShopBot] 连接输出异常: failed to connect
[2026-05-07 23:42:57] [ERROR] [ShopBot] 连接失败（第 9/10 次）: failed to connect
[2026-05-07 23:42:57] [INFO] [ShopBot] 等待 0.06709458972701751 秒后重试...
[2026-05-07 23:42:57] [INFO] [ShopBot] 正在连接设备 127.0.0.1:16384（第 10/10 次）
[2026-05-07 23:42:57] [WARNING] [ShopBot] 连接输出异常: failed to connect
[2026-05-07 23:42:57] [ERROR] [ShopBot] 连接失败（第 10/10 次）: failed to connect
[2026-05-07 23:42:57] [ERROR] [ShopBot] 设备连接失败，已重试 10 次: 127.0.0.1:16384
[2026-05-07 23:42:57] [INFO] [ShopBot] 正在连接设备 127.0.0.1:16384（第 1/7 次）
[2026-05-07 23:42:57] [WARNING] [ShopBot] 连接输出异常: failed to connect
[2026-05-07 23:42:57] [ERROR] [ShopBot] 连接失败（第 1/7 次）: failed to connect
[2026-05-07 23:42:57] [INFO] [ShopBot] 等待 0.021144294508748437 秒后重试...
[2026-05-07 23:42:57] [INFO] [ShopBot] 正在连接设备 127.0.0.1:16384（第 2/7 次）
[2026-05-07 23:42:57] [WARNING] [ShopBot] 连接输出异常: failed to connect
[2026-05-07 23:42:57] [ERROR] [ShopBot] 连接失败（第 2/7 次）: failed to connect
[2026-05-07 23:42:57] [INFO] [ShopBot] 等待 0.021144294508748437 秒后重试...
[2026-05-07 23:42:57] [INFO] [ShopBot] 正在连接设备 127.0.0.1:16384（第 3/7 次）
[2026-05-07 23:42:57] [WARNING] [ShopBot] 连接输出异常: failed to connect
[2026-05-07 23:42:57] [ERROR] [ShopBot] 连接失败（第 3/7 次）: failed to connect
[2026-05-07 23:42:57] [INFO] [ShopBot] 等待 0.021144294508748437 秒后重试...
[2026-05-07 23:42:57] [INFO] [ShopBot] 正在连接设备 127.0.0.1:16384（第 4/7 次）
[2026-05-07 23:42:57] [WARNING] [ShopBot] 连接输出异常: failed to connect
[2026-05-07 23:42:57] [ERROR] [ShopBot] 连接失败（第 4/7 次）: failed to connect
[2026-05-07 23:42:57] [INFO] [ShopBot] 等待 0.021144294508748437 秒后重试...
[2026-05-07 23:42:57] [INFO] [ShopBot] 正在连接设备 127.0.0.1:16384（第 5/7 次）
[2026-05-07 23:42:57] [WARNING] [ShopBot] 连接输出异常: failed to connect
[2026-05-07 23:42:57] [ERROR] [ShopBot] 连接失败（第 5/7 次）: failed to connect
[2026-05-07 23:42:57] [INFO] [ShopBot] 等待 0.021144294508748437 秒后重试...
[2026-05-07 23:42:57] [INFO] [ShopBot] 正在连接设备 127.0.0.1:16384（第 6/7 次）
[2026-05-07 23:42:57] [WARNING] [ShopBot] 连接输出异常: failed to connect
[2026-05-07 23:42:57] [ERROR] [ShopBot] 连接失败（第 6/7 次）: failed to connect
[2026-05-07 23:42:57] [INFO] [ShopBot] 等待 0.021144294508748437 秒后重试...
[2026-05-07 23:42:57] [INFO] [ShopBot] 正在连接设备 127.0.0.1:16384（第 7/7 次）
[2026-05-07 23:42:57] [WARNING] [ShopBot] 连接输出异常: failed to connect
[2026-05-07 23:42:57] [ERROR] [ShopBot] 连接失败（第 7/7 次）: failed to connect
[2026-05-07 23:42:57] [ERROR] [ShopBot] 设备连接失败，已重试 7 次: 127.0.0.1:16384
[2026-05-07 23:42:57] [INFO] [ShopBot] 正在连接设备 127.0.0.1:16384（第 1/5 次）
[2026-05-07 23:42:57] [WARNING] [ShopBot] 连接输出异常: failed to connect
[2026-05-07 23:42:57] [ERROR] [ShopBot] 连接失败（第 1/5 次）: failed to connect
[2026-05-07 23:42:57] [INFO] [ShopBot] 等待 0.021497875431218498 秒后重试...
[2026-05-07 23:42:57] [INFO] [ShopBot] 正在连接设备 127.0.0.1:16384（第 2/5 次）
[2026-05-07 23:42:57] [WARNING] [ShopBot] 连接输出异常: failed to connect
[2026-05-07 23:42:57] [ERROR] [ShopBot] 连接失败（第 2/5 次）: failed to connect
[2026-05-07 23:42:57] [INFO] [ShopBot] 等待 0.021497875431218498 秒后重试...
[2026-05-07 23:42:57] [INFO] [ShopBot] 正在连接设备 127.0.0.1:16384（第 3/5 次）
[2026-05-07 23:42:57] [WARNING] [ShopBot] 连接输出异常: failed to connect
[2026-05-07 23:42:57] [ERROR] [ShopBot] 连接失败（第 3/5 次）: failed to connect
[2026-05-07 23:42:57] [INFO] [ShopBot] 等待 0.021497875431218498 秒后重试...
[2026-05-07 23:42:57] [INFO] [ShopBot] 正在连接设备 127.0.0.1:16384（第 4/5 次）
[2026-05-07 23:42:57] [WARNING] [ShopBot] 连接输出异常: failed to connect
[2026-05-07 23:42:57] [ERROR] [ShopBot] 连接失败（第 4/5 次）: failed to connect
[2026-05-07 23:42:57] [INFO] [ShopBot] 等待 0.021497875431218498 秒后重试...
[2026-05-07 23:42:57] [INFO] [ShopBot] 正在连接设备 127.0.0.1:16384（第 5/5 次）
[2026-05-07 23:42:57] [WARNING] [ShopBot] 连接输出异常: failed to connect
[2026-05-07 23:42:57] [ERROR] [ShopBot] 连接失败（第 5/5 次）: failed to connect
[2026-05-07 23:42:57] [ERROR] [ShopBot] 设备连接失败，已重试 5 次: 127.0.0.1:16384
[2026-05-07 23:42:57] [INFO] [ShopBot] 正在连接设备 127.0.0.1:16384（第 1/6 次）
[2026-05-07 23:42:57] [WARNING] [ShopBot] 连接输出异常: failed to connect
[2026-05-07 23:42:57] [ERROR] [ShopBot] 连接失败（第 1/6 次）: failed to connect
[2026-05-07 23:42:57] [INFO] [ShopBot] 等待 0.036180940771450155 秒后重试...
[2026-05-07 23:42:57] [INFO] [ShopBot] 正在连接设备 127.0.0.1:16384（第 2/6 次）
[2026-05-07 23:42:57] [WARNING] [ShopBot] 连接输出异常: failed to connect
[2026-05-07 23:42:57] [ERROR] [ShopBot] 连接失败（第 2/6 次）: failed to connect
[2026-05-07 23:42:57] [INFO] [ShopBot] 等待 0.036180940771450155 秒后重试...
[2026-05-07 23:42:57] [INFO] [ShopBot] 正在连接设备 127.0.0.1:16384（第 3/6 次）
[2026-05-07 23:42:57] [WARNING] [ShopBot] 连接输出异常: failed to connect
[2026-05-07 23:42:57] [ERROR] [ShopBot] 连接失败（第 3/6 次）: failed to connect
[2026-05-07 23:42:57] [INFO] [ShopBot] 等待 0.036180940771450155 秒后重试...
[2026-05-07 23:42:57] [INFO] [ShopBot] 正在连接设备 127.0.0.1:16384（第 4/6 次）
[2026-05-07 23:42:57] [WARNING] [ShopBot] 连接输出异常: failed to connect
[2026-05-07 23:42:57] [ERROR] [ShopBot] 连接失败（第 4/6 次）: failed to connect
[2026-05-07 23:42:57] [INFO] [ShopBot] 等待 0.036180940771450155 秒后重试...
[2026-05-07 23:42:57] [INFO] [ShopBot] 正在连接设备 127.0.0.1:16384（第 5/6 次）
[2026-05-07 23:42:57] [WARNING] [ShopBot] 连接输出异常: failed to connect
[2026-05-07 23:42:57] [ERROR] [ShopBot] 连接失败（第 5/6 次）: failed to connect
[2026-05-07 23:42:57] [INFO] [ShopBot] 等待 0.036180940771450155 秒后重试...
[2026-05-07 23:42:57] [INFO] [ShopBot] 正在连接设备 127.0.0.1:16384（第 6/6 次）
[2026-05-07 23:42:57] [WARNING] [ShopBot] 连接输出异常: failed to connect
[2026-05-07 23:42:57] [ERROR] [ShopBot] 连接失败（第 6/6 次）: failed to connect
[2026-05-07 23:42:57] [ERROR] [ShopBot] 设备连接失败，已重试 6 次: 127.0.0.1:16384
[2026-05-07 23:42:57] [INFO] [ShopBot] 正在连接设备 127.0.0.1:16384（第 1/9 次）
[2026-05-07 23:42:57] [WARNING] [ShopBot] 连接输出异常: failed to connect
[2026-05-07 23:42:57] [ERROR] [ShopBot] 连接失败（第 1/9 次）: failed to connect
[2026-05-07 23:42:57] [INFO] [ShopBot] 等待 0.05773894728832341 秒后重试...
[2026-05-07 23:42:57] [INFO] [ShopBot] 正在连接设备 127.0.0.1:16384（第 2/9 次）
[2026-05-07 23:42:57] [WARNING] [ShopBot] 连接输出异常: failed to connect
[2026-05-07 23:42:57] [ERROR] [ShopBot] 连接失败（第 2/9 次）: failed to connect
[2026-05-07 23:42:57] [INFO] [ShopBot] 等待 0.05773894728832341 秒后重试...
[2026-05-07 23:42:57] [INFO] [ShopBot] 正在连接设备 127.0.0.1:16384（第 3/9 次）
[2026-05-07 23:42:57] [WARNING] [ShopBot] 连接输出异常: failed to connect
[2026-05-07 23:42:57] [ERROR] [ShopBot] 连接失败（第 3/9 次）: failed to connect
[2026-05-07 23:42:57] [INFO] [ShopBot] 等待 0.05773894728832341 秒后重试...
[2026-05-07 23:42:57] [INFO] [ShopBot] 正在连接设备 127.0.0.1:16384（第 4/9 次）
[2026-05-07 23:42:57] [WARNING] [ShopBot] 连接输出异常: failed to connect
[2026-05-07 23:42:57] [ERROR] [ShopBot] 连接失败（第 4/9 次）: failed to connect
[2026-05-07 23:42:57] [INFO] [ShopBot] 等待 0.05773894728832341 秒后重试...
[2026-05-07 23:42:57] [INFO] [ShopBot] 正在连接设备 127.0.0.1:16384（第 5/9 次）
[2026-05-07 23:42:57] [WARNING] [ShopBot] 连接输出异常: failed to connect
[2026-05-07 23:42:57] [ERROR] [ShopBot] 连接失败（第 5/9 次）: failed to connect
[2026-05-07 23:42:57] [INFO] [ShopBot] 等待 0.05773894728832341 秒后重试...
[2026-05-07 23:42:57] [INFO] [ShopBot] 正在连接设备 127.0.0.1:16384（第 6/9 次）
[2026-05-07 23:42:57] [WARNING] [ShopBot] 连接输出异常: failed to connect
[2026-05-07 23:42:57] [ERROR] [ShopBot] 连接失败（第 6/9 次）: failed to connect
[2026-05-07 23:42:57] [INFO] [ShopBot] 等待 0.05773894728832341 秒后重试...
[2026-05-07 23:42:57] [INFO] [ShopBot] 正在连接设备 127.0.0.1:16384（第 7/9 次）
[2026-05-07 23:42:57] [WARNING] [ShopBot] 连接输出异常: failed to connect
[2026-05-07 23:42:57] [ERROR] [ShopBot] 连接失败（第 7/9 次）: failed to connect
[2026-05-07 23:42:57] [INFO] [ShopBot] 等待 0.05773894728832341 秒后重试...
[2026-05-07 23:42:57] [INFO] [ShopBot] 正在连接设备 127.0.0.1:16384（第 8/9 次）
[2026-05-07 23:42:57] [WARNING] [ShopBot] 连接输出异常: failed to connect
[2026-05-07 23:42:57] [ERROR] [ShopBot] 连接失败（第 8/9 次）: failed to connect
[2026-05-07 23:42:57] [INFO] [ShopBot] 等待 0.05773894728832341 秒后重试...
[2026-05-07 23:42:57] [INFO] [ShopBot] 正在连接设备 127.0.0.1:16384（第 9/9 次）
[2026-05-07 23:42:57] [WARNING] [ShopBot] 连接输出异常: failed to connect
[2026-05-07 23:42:57] [ERROR] [ShopBot] 连接失败（第 9/9 次）: failed to connect
[2026-05-07 23:42:57] [ERROR] [ShopBot] 设备连接失败，已重试 9 次: 127.0.0.1:16384
[2026-05-07 23:42:57] [INFO] [ShopBot] 正在连接设备 127.0.0.1:16384（第 1/1 次）
[2026-05-07 23:42:57] [WARNING] [ShopBot] 连接输出异常: failed to connect
[2026-05-07 23:42:57] [ERROR] [ShopBot] 连接失败（第 1/1 次）: failed to connect
[2026-05-07 23:42:57] [ERROR] [ShopBot] 设备连接失败，已重试 1 次: 127.0.0.1:16384
[2026-05-07 23:42:57] [INFO] [ShopBot] 正在连接设备 127.0.0.1:16384（第 1/9 次）
[2026-05-07 23:42:57] [WARNING] [ShopBot] 连接输出异常: failed to connect
[2026-05-07 23:42:57] [ERROR] [ShopBot] 连接失败（第 1/9 次）: failed to connect
[2026-05-07 23:42:57] [INFO] [ShopBot] 等待 0.025869259912818375 秒后重试...
[2026-05-07 23:42:57] [INFO] [ShopBot] 正在连接设备 127.0.0.1:16384（第 2/9 次）
[2026-05-07 23:42:57] [WARNING] [ShopBot] 连接输出异常: failed to connect
[2026-05-07 23:42:57] [ERROR] [ShopBot] 连接失败（第 2/9 次）: failed to connect
[2026-05-07 23:42:57] [INFO] [ShopBot] 等待 0.025869259912818375 秒后重试...
[2026-05-07 23:42:57] [INFO] [ShopBot] 正在连接设备 127.0.0.1:16384（第 3/9 次）
[2026-05-07 23:42:57] [WARNING] [ShopBot] 连接输出异常: failed to connect
[2026-05-07 23:42:57] [ERROR] [ShopBot] 连接失败（第 3/9 次）: failed to connect
[2026-05-07 23:42:57] [INFO] [ShopBot] 等待 0.025869259912818375 秒后重试...
[2026-05-07 23:42:57] [INFO] [ShopBot] 正在连接设备 127.0.0.1:16384（第 4/9 次）
[2026-05-07 23:42:57] [WARNING] [ShopBot] 连接输出异常: failed to connect
[2026-05-07 23:42:57] [ERROR] [ShopBot] 连接失败（第 4/9 次）: failed to connect
[2026-05-07 23:42:57] [INFO] [ShopBot] 等待 0.025869259912818375 秒后重试...
[2026-05-07 23:42:57] [INFO] [ShopBot] 正在连接设备 127.0.0.1:16384（第 5/9 次）
[2026-05-07 23:42:57] [WARNING] [ShopBot] 连接输出异常: failed to connect
[2026-05-07 23:42:57] [ERROR] [ShopBot] 连接失败（第 5/9 次）: failed to connect
[2026-05-07 23:42:57] [INFO] [ShopBot] 等待 0.025869259912818375 秒后重试...
[2026-05-07 23:42:57] [INFO] [ShopBot] 正在连接设备 127.0.0.1:16384（第 6/9 次）
[2026-05-07 23:42:57] [WARNING] [ShopBot] 连接输出异常: failed to connect
[2026-05-07 23:42:57] [ERROR] [ShopBot] 连接失败（第 6/9 次）: failed to connect
[2026-05-07 23:42:57] [INFO] [ShopBot] 等待 0.025869259912818375 秒后重试...
[2026-05-07 23:42:57] [INFO] [ShopBot] 正在连接设备 127.0.0.1:16384（第 7/9 次）
[2026-05-07 23:42:57] [WARNING] [ShopBot] 连接输出异常: failed to connect
[2026-05-07 23:42:57] [ERROR] [ShopBot] 连接失败（第 7/9 次）: failed to connect
[2026-05-07 23:42:57] [INFO] [ShopBot] 等待 0.025869259912818375 秒后重试...
[2026-05-07 23:42:57] [INFO] [ShopBot] 正在连接设备 127.0.0.1:16384（第 8/9 次）
[2026-05-07 23:42:57] [WARNING] [ShopBot] 连接输出异常: failed to connect
[2026-05-07 23:42:57] [ERROR] [ShopBot] 连接失败（第 8/9 次）: failed to connect
[2026-05-07 23:42:57] [INFO] [ShopBot] 等待 0.025869259912818375 秒后重试...
[2026-05-07 23:42:57] [INFO] [ShopBot] 正在连接设备 127.0.0.1:16384（第 9/9 次）
[2026-05-07 23:42:57] [WARNING] [ShopBot] 连接输出异常: failed to connect
[2026-05-07 23:42:57] [ERROR] [ShopBot] 连接失败（第 9/9 次）: failed to connect
[2026-05-07 23:42:57] [ERROR] [ShopBot] 设备连接失败，已重试 9 次: 127.0.0.1:16384
[2026-05-07 23:42:57] [INFO] [ShopBot] 正在连接设备 127.0.0.1:16384（第 1/2 次）
[2026-05-07 23:42:57] [WARNING] [ShopBot] 连接输出异常: failed to connect
[2026-05-07 23:42:57] [ERROR] [ShopBot] 连接失败（第 1/2 次）: failed to connect
[2026-05-07 23:42:57] [INFO] [ShopBot] 等待 0.06408018027509792 秒后重试...
[2026-05-07 23:42:57] [INFO] [ShopBot] 正在连接设备 127.0.0.1:16384（第 2/2 次）
[2026-05-07 23:42:57] [WARNING] [ShopBot] 连接输出异常: failed to connect
[2026-05-07 23:42:57] [ERROR] [ShopBot] 连接失败（第 2/2 次）: failed to connect
[2026-05-07 23:42:57] [ERROR] [ShopBot] 设备连接失败，已重试 2 次: 127.0.0.1:16384
[2026-05-07 23:42:57] [INFO] [ShopBot] 正在连接设备 127.0.0.1:16384（第 1/7 次）
[2026-05-07 23:42:57] [WARNING] [ShopBot] 连接输出异常: failed to connect
[2026-05-07 23:42:57] [ERROR] [ShopBot] 连接失败（第 1/7 次）: failed to connect
[2026-05-07 23:42:57] [INFO] [ShopBot] 等待 0.023305232476378807 秒后重试...
[2026-05-07 23:42:57] [INFO] [ShopBot] 正在连接设备 127.0.0.1:16384（第 2/7 次）
[2026-05-07 23:42:57] [WARNING] [ShopBot] 连接输出异常: failed to connect
[2026-05-07 23:42:57] [ERROR] [ShopBot] 连接失败（第 2/7 次）: failed to connect
[2026-05-07 23:42:57] [INFO] [ShopBot] 等待 0.023305232476378807 秒后重试...
[2026-05-07 23:42:57] [INFO] [ShopBot] 正在连接设备 127.0.0.1:16384（第 3/7 次）
[2026-05-07 23:42:57] [WARNING] [ShopBot] 连接输出异常: failed to connect
[2026-05-07 23:42:57] [ERROR] [ShopBot] 连接失败（第 3/7 次）: failed to connect
[2026-05-07 23:42:57] [INFO] [ShopBot] 等待 0.023305232476378807 秒后重试...
[2026-05-07 23:42:57] [INFO] [ShopBot] 正在连接设备 127.0.0.1:16384（第 4/7 次）
[2026-05-07 23:42:57] [WARNING] [ShopBot] 连接输出异常: failed to connect
[2026-05-07 23:42:57] [ERROR] [ShopBot] 连接失败（第 4/7 次）: failed to connect
[2026-05-07 23:42:57] [INFO] [ShopBot] 等待 0.023305232476378807 秒后重试...
[2026-05-07 23:42:57] [INFO] [ShopBot] 正在连接设备 127.0.0.1:16384（第 5/7 次）
[2026-05-07 23:42:57] [WARNING] [ShopBot] 连接输出异常: failed to connect
[2026-05-07 23:42:57] [ERROR] [ShopBot] 连接失败（第 5/7 次）: failed to connect
[2026-05-07 23:42:57] [INFO] [ShopBot] 等待 0.023305232476378807 秒后重试...
[2026-05-07 23:42:57] [INFO] [ShopBot] 正在连接设备 127.0.0.1:16384（第 6/7 次）
[2026-05-07 23:42:57] [WARNING] [ShopBot] 连接输出异常: failed to connect
[2026-05-07 23:42:57] [ERROR] [ShopBot] 连接失败（第 6/7 次）: failed to connect
[2026-05-07 23:42:57] [INFO] [ShopBot] 等待 0.023305232476378807 秒后重试...
[2026-05-07 23:42:57] [INFO] [ShopBot] 正在连接设备 127.0.0.1:16384（第 7/7 次）
[2026-05-07 23:42:57] [WARNING] [ShopBot] 连接输出异常: failed to connect
[2026-05-07 23:42:57] [ERROR] [ShopBot] 连接失败（第 7/7 次）: failed to connect
[2026-05-07 23:42:57] [ERROR] [ShopBot] 设备连接失败，已重试 7 次: 127.0.0.1:16384
[2026-05-07 23:42:57] [INFO] [ShopBot] 正在连接设备 127.0.0.1:16384（第 1/10 次）
[2026-05-07 23:42:57] [WARNING] [ShopBot] 连接输出异常: failed to connect
[2026-05-07 23:42:57] [ERROR] [ShopBot] 连接失败（第 1/10 次）: failed to connect
[2026-05-07 23:42:57] [INFO] [ShopBot] 等待 0.09949622255806685 秒后重试...
[2026-05-07 23:42:57] [INFO] [ShopBot] 正在连接设备 127.0.0.1:16384（第 2/10 次）
[2026-05-07 23:42:57] [WARNING] [ShopBot] 连接输出异常: failed to connect
[2026-05-07 23:42:57] [ERROR] [ShopBot] 连接失败（第 2/10 次）: failed to connect
[2026-05-07 23:42:57] [INFO] [ShopBot] 等待 0.09949622255806685 秒后重试...
[2026-05-07 23:42:57] [INFO] [ShopBot] 正在连接设备 127.0.0.1:16384（第 3/10 次）
[2026-05-07 23:42:57] [WARNING] [ShopBot] 连接输出异常: failed to connect
[2026-05-07 23:42:57] [ERROR] [ShopBot] 连接失败（第 3/10 次）: failed to connect
[2026-05-07 23:42:57] [INFO] [ShopBot] 等待 0.09949622255806685 秒后重试...
[2026-05-07 23:42:57] [INFO] [ShopBot] 正在连接设备 127.0.0.1:16384（第 4/10 次）
[2026-05-07 23:42:57] [WARNING] [ShopBot] 连接输出异常: failed to connect
[2026-05-07 23:42:57] [ERROR] [ShopBot] 连接失败（第 4/10 次）: failed to connect
[2026-05-07 23:42:57] [INFO] [ShopBot] 等待 0.09949622255806685 秒后重试...
[2026-05-07 23:42:57] [INFO] [ShopBot] 正在连接设备 127.0.0.1:16384（第 5/10 次）
[2026-05-07 23:42:57] [WARNING] [ShopBot] 连接输出异常: failed to connect
[2026-05-07 23:42:57] [ERROR] [ShopBot] 连接失败（第 5/10 次）: failed to connect
[2026-05-07 23:42:57] [INFO] [ShopBot] 等待 0.09949622255806685 秒后重试...
[2026-05-07 23:42:57] [INFO] [ShopBot] 正在连接设备 127.0.0.1:16384（第 6/10 次）
[2026-05-07 23:42:57] [WARNING] [ShopBot] 连接输出异常: failed to connect
[2026-05-07 23:42:57] [ERROR] [ShopBot] 连接失败（第 6/10 次）: failed to connect
[2026-05-07 23:42:57] [INFO] [ShopBot] 等待 0.09949622255806685 秒后重试...
[2026-05-07 23:42:57] [INFO] [ShopBot] 正在连接设备 127.0.0.1:16384（第 7/10 次）
[2026-05-07 23:42:57] [WARNING] [ShopBot] 连接输出异常: failed to connect
[2026-05-07 23:42:57] [ERROR] [ShopBot] 连接失败（第 7/10 次）: failed to connect
[2026-05-07 23:42:57] [INFO] [ShopBot] 等待 0.09949622255806685 秒后重试...
[2026-05-07 23:42:57] [INFO] [ShopBot] 正在连接设备 127.0.0.1:16384（第 8/10 次）
[2026-05-07 23:42:57] [WARNING] [ShopBot] 连接输出异常: failed to connect
[2026-05-07 23:42:57] [ERROR] [ShopBot] 连接失败（第 8/10 次）: failed to connect
[2026-05-07 23:42:57] [INFO] [ShopBot] 等待 0.09949622255806685 秒后重试...
[2026-05-07 23:42:57] [INFO] [ShopBot] 正在连接设备 127.0.0.1:16384（第 9/10 次）
[2026-05-07 23:42:57] [WARNING] [ShopBot] 连接输出异常: failed to connect
[2026-05-07 23:42:57] [ERROR] [ShopBot] 连接失败（第 9/10 次）: failed to connect
[2026-05-07 23:42:57] [INFO] [ShopBot] 等待 0.09949622255806685 秒后重试...
[2026-05-07 23:42:57] [INFO] [ShopBot] 正在连接设备 127.0.0.1:16384（第 10/10 次）
[2026-05-07 23:42:57] [WARNING] [ShopBot] 连接输出异常: failed to connect
[2026-05-07 23:42:57] [ERROR] [ShopBot] 连接失败（第 10/10 次）: failed to connect
[2026-05-07 23:42:57] [ERROR] [ShopBot] 设备连接失败，已重试 10 次: 127.0.0.1:16384
[2026-05-07 23:42:57] [INFO] [ShopBot] 正在连接设备 127.0.0.1:16384（第 1/4 次）
[2026-05-07 23:42:57] [WARNING] [ShopBot] 连接输出异常: failed to connect
[2026-05-07 23:42:57] [ERROR] [ShopBot] 连接失败（第 1/4 次）: failed to connect
[2026-05-07 23:42:57] [INFO] [ShopBot] 等待 0.017121445064041993 秒后重试...
[2026-05-07 23:42:57] [INFO] [ShopBot] 正在连接设备 127.0.0.1:16384（第 2/4 次）
[2026-05-07 23:42:57] [WARNING] [ShopBot] 连接输出异常: failed to connect
[2026-05-07 23:42:57] [ERROR] [ShopBot] 连接失败（第 2/4 次）: failed to connect
[2026-05-07 23:42:57] [INFO] [ShopBot] 等待 0.017121445064041993 秒后重试...
[2026-05-07 23:42:57] [INFO] [ShopBot] 正在连接设备 127.0.0.1:16384（第 3/4 次）
[2026-05-07 23:42:57] [WARNING] [ShopBot] 连接输出异常: failed to connect
[2026-05-07 23:42:57] [ERROR] [ShopBot] 连接失败（第 3/4 次）: failed to connect
[2026-05-07 23:42:57] [INFO] [ShopBot] 等待 0.017121445064041993 秒后重试...
[2026-05-07 23:42:57] [INFO] [ShopBot] 正在连接设备 127.0.0.1:16384（第 4/4 次）
[2026-05-07 23:42:57] [WARNING] [ShopBot] 连接输出异常: failed to connect
[2026-05-07 23:42:57] [ERROR] [ShopBot] 连接失败（第 4/4 次）: failed to connect
[2026-05-07 23:42:57] [ERROR] [ShopBot] 设备连接失败，已重试 4 次: 127.0.0.1:16384
[2026-05-07 23:42:57] [INFO] [ShopBot] 正在连接设备 127.0.0.1:16384（第 1/8 次）
[2026-05-07 23:42:57] [WARNING] [ShopBot] 连接输出异常: failed to connect
[2026-05-07 23:42:57] [ERROR] [ShopBot] 连接失败（第 1/8 次）: failed to connect
[2026-05-07 23:42:57] [INFO] [ShopBot] 等待 0.01700021173728952 秒后重试...
[2026-05-07 23:42:57] [INFO] [ShopBot] 正在连接设备 127.0.0.1:16384（第 2/8 次）
[2026-05-07 23:42:57] [WARNING] [ShopBot] 连接输出异常: failed to connect
[2026-05-07 23:42:57] [ERROR] [ShopBot] 连接失败（第 2/8 次）: failed to connect
[2026-05-07 23:42:57] [INFO] [ShopBot] 等待 0.01700021173728952 秒后重试...
[2026-05-07 23:42:57] [INFO] [ShopBot] 正在连接设备 127.0.0.1:16384（第 3/8 次）
[2026-05-07 23:42:57] [WARNING] [ShopBot] 连接输出异常: failed to connect
[2026-05-07 23:42:57] [ERROR] [ShopBot] 连接失败（第 3/8 次）: failed to connect
[2026-05-07 23:42:57] [INFO] [ShopBot] 等待 0.01700021173728952 秒后重试...
[2026-05-07 23:42:57] [INFO] [ShopBot] 正在连接设备 127.0.0.1:16384（第 4/8 次）
[2026-05-07 23:42:57] [WARNING] [ShopBot] 连接输出异常: failed to connect
[2026-05-07 23:42:57] [ERROR] [ShopBot] 连接失败（第 4/8 次）: failed to connect
[2026-05-07 23:42:57] [INFO] [ShopBot] 等待 0.01700021173728952 秒后重试...
[2026-05-07 23:42:57] [INFO] [ShopBot] 正在连接设备 127.0.0.1:16384（第 5/8 次）
[2026-05-07 23:42:57] [WARNING] [ShopBot] 连接输出异常: failed to connect
[2026-05-07 23:42:57] [ERROR] [ShopBot] 连接失败（第 5/8 次）: failed to connect
[2026-05-07 23:42:57] [INFO] [ShopBot] 等待 0.01700021173728952 秒后重试...
[2026-05-07 23:42:57] [INFO] [ShopBot] 正在连接设备 127.0.0.1:16384（第 6/8 次）
[2026-05-07 23:42:57] [WARNING] [ShopBot] 连接输出异常: failed to connect
[2026-05-07 23:42:57] [ERROR] [ShopBot] 连接失败（第 6/8 次）: failed to connect
[2026-05-07 23:42:57] [INFO] [ShopBot] 等待 0.01700021173728952 秒后重试...
[2026-05-07 23:42:57] [INFO] [ShopBot] 正在连接设备 127.0.0.1:16384（第 7/8 次）
[2026-05-07 23:42:57] [WARNING] [ShopBot] 连接输出异常: failed to connect
[2026-05-07 23:42:57] [ERROR] [ShopBot] 连接失败（第 7/8 次）: failed to connect
[2026-05-07 23:42:57] [INFO] [ShopBot] 等待 0.01700021173728952 秒后重试...
[2026-05-07 23:42:57] [INFO] [ShopBot] 正在连接设备 127.0.0.1:16384（第 8/8 次）
[2026-05-07 23:42:57] [WARNING] [ShopBot] 连接输出异常: failed to connect
[2026-05-07 23:42:57] [ERROR] [ShopBot] 连接失败（第 8/8 次）: failed to connect
[2026-05-07 23:42:57] [ERROR] [ShopBot] 设备连接失败，已重试 8 次: 127.0.0.1:16384
[2026-05-07 23:42:57] [INFO] [ShopBot] 正在连接设备 127.0.0.1:16384（第 1/9 次）
[2026-05-07 23:42:57] [WARNING] [ShopBot] 连接输出异常: failed to connect
[2026-05-07 23:42:57] [ERROR] [ShopBot] 连接失败（第 1/9 次）: failed to connect
[2026-05-07 23:42:57] [INFO] [ShopBot] 等待 0.014726055002236914 秒后重试...
[2026-05-07 23:42:57] [INFO] [ShopBot] 正在连接设备 127.0.0.1:16384（第 2/9 次）
[2026-05-07 23:42:57] [WARNING] [ShopBot] 连接输出异常: failed to connect
[2026-05-07 23:42:57] [ERROR] [ShopBot] 连接失败（第 2/9 次）: failed to connect
[2026-05-07 23:42:57] [INFO] [ShopBot] 等待 0.014726055002236914 秒后重试...
[2026-05-07 23:42:57] [INFO] [ShopBot] 正在连接设备 127.0.0.1:16384（第 3/9 次）
[2026-05-07 23:42:57] [WARNING] [ShopBot] 连接输出异常: failed to connect
[2026-05-07 23:42:57] [ERROR] [ShopBot] 连接失败（第 3/9 次）: failed to connect
[2026-05-07 23:42:57] [INFO] [ShopBot] 等待 0.014726055002236914 秒后重试...
[2026-05-07 23:42:57] [INFO] [ShopBot] 正在连接设备 127.0.0.1:16384（第 4/9 次）
[2026-05-07 23:42:57] [WARNING] [ShopBot] 连接输出异常: failed to connect
[2026-05-07 23:42:57] [ERROR] [ShopBot] 连接失败（第 4/9 次）: failed to connect
[2026-05-07 23:42:57] [INFO] [ShopBot] 等待 0.014726055002236914 秒后重试...
[2026-05-07 23:42:57] [INFO] [ShopBot] 正在连接设备 127.0.0.1:16384（第 5/9 次）
[2026-05-07 23:42:57] [WARNING] [ShopBot] 连接输出异常: failed to connect
[2026-05-07 23:42:57] [ERROR] [ShopBot] 连接失败（第 5/9 次）: failed to connect
[2026-05-07 23:42:57] [INFO] [ShopBot] 等待 0.014726055002236914 秒后重试...
[2026-05-07 23:42:57] [INFO] [ShopBot] 正在连接设备 127.0.0.1:16384（第 6/9 次）
[2026-05-07 23:42:57] [WARNING] [ShopBot] 连接输出异常: failed to connect
[2026-05-07 23:42:57] [ERROR] [ShopBot] 连接失败（第 6/9 次）: failed to connect
[2026-05-07 23:42:57] [INFO] [ShopBot] 等待 0.014726055002236914 秒后重试...
[2026-05-07 23:42:57] [INFO] [ShopBot] 正在连接设备 127.0.0.1:16384（第 7/9 次）
[2026-05-07 23:42:57] [WARNING] [ShopBot] 连接输出异常: failed to connect
[2026-05-07 23:42:57] [ERROR] [ShopBot] 连接失败（第 7/9 次）: failed to connect
[2026-05-07 23:42:57] [INFO] [ShopBot] 等待 0.014726055002236914 秒后重试...
[2026-05-07 23:42:57] [INFO] [ShopBot] 正在连接设备 127.0.0.1:16384（第 8/9 次）
[2026-05-07 23:42:57] [WARNING] [ShopBot] 连接输出异常: failed to connect
[2026-05-07 23:42:57] [ERROR] [ShopBot] 连接失败（第 8/9 次）: failed to connect
[2026-05-07 23:42:57] [INFO] [ShopBot] 等待 0.014726055002236914 秒后重试...
[2026-05-07 23:42:57] [INFO] [ShopBot] 正在连接设备 127.0.0.1:16384（第 9/9 次）
[2026-05-07 23:42:57] [WARNING] [ShopBot] 连接输出异常: failed to connect
[2026-05-07 23:42:57] [ERROR] [ShopBot] 连接失败（第 9/9 次）: failed to connect
[2026-05-07 23:42:57] [ERROR] [ShopBot] 设备连接失败，已重试 9 次: 127.0.0.1:16384
[2026-05-07 23:42:57] [INFO] [ShopBot] 正在连接设备 127.0.0.1:16384（第 1/6 次）
[2026-05-07 23:42:57] [WARNING] [ShopBot] 连接输出异常: failed to connect
[2026-05-07 23:42:57] [ERROR] [ShopBot] 连接失败（第 1/6 次）: failed to connect
[2026-05-07 23:42:57] [INFO] [ShopBot] 等待 0.01352850468210526 秒后重试...
[2026-05-07 23:42:57] [INFO] [ShopBot] 正在连接设备 127.0.0.1:16384（第 2/6 次）
[2026-05-07 23:42:57] [WARNING] [ShopBot] 连接输出异常: failed to connect
[2026-05-07 23:42:57] [ERROR] [ShopBot] 连接失败（第 2/6 次）: failed to connect
[2026-05-07 23:42:57] [INFO] [ShopBot] 等待 0.01352850468210526 秒后重试...
[2026-05-07 23:42:57] [INFO] [ShopBot] 正在连接设备 127.0.0.1:16384（第 3/6 次）
[2026-05-07 23:42:57] [WARNING] [ShopBot] 连接输出异常: failed to connect
[2026-05-07 23:42:57] [ERROR] [ShopBot] 连接失败（第 3/6 次）: failed to connect
[2026-05-07 23:42:57] [INFO] [ShopBot] 等待 0.01352850468210526 秒后重试...
[2026-05-07 23:42:57] [INFO] [ShopBot] 正在连接设备 127.0.0.1:16384（第 4/6 次）
[2026-05-07 23:42:57] [WARNING] [ShopBot] 连接输出异常: failed to connect
[2026-05-07 23:42:57] [ERROR] [ShopBot] 连接失败（第 4/6 次）: failed to connect
[2026-05-07 23:42:57] [INFO] [ShopBot] 等待 0.01352850468210526 秒后重试...
[2026-05-07 23:42:57] [INFO] [ShopBot] 正在连接设备 127.0.0.1:16384（第 5/6 次）
[2026-05-07 23:42:57] [WARNING] [ShopBot] 连接输出异常: failed to connect
[2026-05-07 23:42:57] [ERROR] [ShopBot] 连接失败（第 5/6 次）: failed to connect
[2026-05-07 23:42:57] [INFO] [ShopBot] 等待 0.01352850468210526 秒后重试...
[2026-05-07 23:42:57] [INFO] [ShopBot] 正在连接设备 127.0.0.1:16384（第 6/6 次）
[2026-05-07 23:42:57] [WARNING] [ShopBot] 连接输出异常: failed to connect
[2026-05-07 23:42:57] [ERROR] [ShopBot] 连接失败（第 6/6 次）: failed to connect
[2026-05-07 23:42:57] [ERROR] [ShopBot] 设备连接失败，已重试 6 次: 127.0.0.1:16384
[2026-05-07 23:42:57] [INFO] [ShopBot] 正在连接设备 127.0.0.1:16384（第 1/8 次）
[2026-05-07 23:42:57] [WARNING] [ShopBot] 连接输出异常: failed to connect
[2026-05-07 23:42:57] [ERROR] [ShopBot] 连接失败（第 1/8 次）: failed to connect
[2026-05-07 23:42:57] [INFO] [ShopBot] 等待 0.0763606359402812 秒后重试...
[2026-05-07 23:42:57] [INFO] [ShopBot] 正在连接设备 127.0.0.1:16384（第 2/8 次）
[2026-05-07 23:42:57] [WARNING] [ShopBot] 连接输出异常: failed to connect
[2026-05-07 23:42:57] [ERROR] [ShopBot] 连接失败（第 2/8 次）: failed to connect
[2026-05-07 23:42:57] [INFO] [ShopBot] 等待 0.0763606359402812 秒后重试...
[2026-05-07 23:42:57] [INFO] [ShopBot] 正在连接设备 127.0.0.1:16384（第 3/8 次）
[2026-05-07 23:42:57] [WARNING] [ShopBot] 连接输出异常: failed to connect
[2026-05-07 23:42:57] [ERROR] [ShopBot] 连接失败（第 3/8 次）: failed to connect
[2026-05-07 23:42:57] [INFO] [ShopBot] 等待 0.0763606359402812 秒后重试...
[2026-05-07 23:42:57] [INFO] [ShopBot] 正在连接设备 127.0.0.1:16384（第 4/8 次）
[2026-05-07 23:42:57] [WARNING] [ShopBot] 连接输出异常: failed to connect
[2026-05-07 23:42:57] [ERROR] [ShopBot] 连接失败（第 4/8 次）: failed to connect
[2026-05-07 23:42:57] [INFO] [ShopBot] 等待 0.0763606359402812 秒后重试...
[2026-05-07 23:42:57] [INFO] [ShopBot] 正在连接设备 127.0.0.1:16384（第 5/8 次）
[2026-05-07 23:42:57] [WARNING] [ShopBot] 连接输出异常: failed to connect
[2026-05-07 23:42:57] [ERROR] [ShopBot] 连接失败（第 5/8 次）: failed to connect
[2026-05-07 23:42:57] [INFO] [ShopBot] 等待 0.0763606359402812 秒后重试...
[2026-05-07 23:42:57] [INFO] [ShopBot] 正在连接设备 127.0.0.1:16384（第 6/8 次）
[2026-05-07 23:42:57] [WARNING] [ShopBot] 连接输出异常: failed to connect
[2026-05-07 23:42:57] [ERROR] [ShopBot] 连接失败（第 6/8 次）: failed to connect
[2026-05-07 23:42:57] [INFO] [ShopBot] 等待 0.0763606359402812 秒后重试...
[2026-05-07 23:42:57] [INFO] [ShopBot] 正在连接设备 127.0.0.1:16384（第 7/8 次）
[2026-05-07 23:42:57] [WARNING] [ShopBot] 连接输出异常: failed to connect
[2026-05-07 23:42:57] [ERROR] [ShopBot] 连接失败（第 7/8 次）: failed to connect
[2026-05-07 23:42:57] [INFO] [ShopBot] 等待 0.0763606359402812 秒后重试...
[2026-05-07 23:42:57] [INFO] [ShopBot] 正在连接设备 127.0.0.1:16384（第 8/8 次）
[2026-05-07 23:42:57] [WARNING] [ShopBot] 连接输出异常: failed to connect
[2026-05-07 23:42:57] [ERROR] [ShopBot] 连接失败（第 8/8 次）: failed to connect
[2026-05-07 23:42:57] [ERROR] [ShopBot] 设备连接失败，已重试 8 次: 127.0.0.1:16384
[2026-05-07 23:42:57] [INFO] [ShopBot] 正在连接设备 127.0.0.1:16384（第 1/1 次）
[2026-05-07 23:42:57] [WARNING] [ShopBot] 连接输出异常: failed to connect
[2026-05-07 23:42:57] [ERROR] [ShopBot] 连接失败（第 1/1 次）: failed to connect
[2026-05-07 23:42:57] [ERROR] [ShopBot] 设备连接失败，已重试 1 次: 127.0.0.1:16384
[2026-05-07 23:42:57] [INFO] [ShopBot] 正在连接设备 127.0.0.1:16384（第 1/6 次）
[2026-05-07 23:42:57] [WARNING] [ShopBot] 连接输出异常: failed to connect
[2026-05-07 23:42:57] [ERROR] [ShopBot] 连接失败（第 1/6 次）: failed to connect
[2026-05-07 23:42:57] [INFO] [ShopBot] 等待 0.08151606666697252 秒后重试...
[2026-05-07 23:42:57] [INFO] [ShopBot] 正在连接设备 127.0.0.1:16384（第 2/6 次）
[2026-05-07 23:42:57] [WARNING] [ShopBot] 连接输出异常: failed to connect
[2026-05-07 23:42:57] [ERROR] [ShopBot] 连接失败（第 2/6 次）: failed to connect
[2026-05-07 23:42:57] [INFO] [ShopBot] 等待 0.08151606666697252 秒后重试...
[2026-05-07 23:42:57] [INFO] [ShopBot] 正在连接设备 127.0.0.1:16384（第 3/6 次）
[2026-05-07 23:42:57] [WARNING] [ShopBot] 连接输出异常: failed to connect
[2026-05-07 23:42:57] [ERROR] [ShopBot] 连接失败（第 3/6 次）: failed to connect
[2026-05-07 23:42:57] [INFO] [ShopBot] 等待 0.08151606666697252 秒后重试...
[2026-05-07 23:42:57] [INFO] [ShopBot] 正在连接设备 127.0.0.1:16384（第 4/6 次）
[2026-05-07 23:42:57] [WARNING] [ShopBot] 连接输出异常: failed to connect
[2026-05-07 23:42:57] [ERROR] [ShopBot] 连接失败（第 4/6 次）: failed to connect
[2026-05-07 23:42:57] [INFO] [ShopBot] 等待 0.08151606666697252 秒后重试...
[2026-05-07 23:42:57] [INFO] [ShopBot] 正在连接设备 127.0.0.1:16384（第 5/6 次）
[2026-05-07 23:42:57] [WARNING] [ShopBot] 连接输出异常: failed to connect
[2026-05-07 23:42:57] [ERROR] [ShopBot] 连接失败（第 5/6 次）: failed to connect
[2026-05-07 23:42:57] [INFO] [ShopBot] 等待 0.08151606666697252 秒后重试...
[2026-05-07 23:42:57] [INFO] [ShopBot] 正在连接设备 127.0.0.1:16384（第 6/6 次）
[2026-05-07 23:42:57] [WARNING] [ShopBot] 连接输出异常: failed to connect
[2026-05-07 23:42:57] [ERROR] [ShopBot] 连接失败（第 6/6 次）: failed to connect
[2026-05-07 23:42:57] [ERROR] [ShopBot] 设备连接失败，已重试 6 次: 127.0.0.1:16384
[2026-05-07 23:42:57] [INFO] [ShopBot] 正在连接设备 127.0.0.1:16384（第 1/8 次）
[2026-05-07 23:42:57] [WARNING] [ShopBot] 连接输出异常: failed to connect
[2026-05-07 23:42:57] [ERROR] [ShopBot] 连接失败（第 1/8 次）: failed to connect
[2026-05-07 23:42:57] [INFO] [ShopBot] 等待 0.1 秒后重试...
[2026-05-07 23:42:57] [INFO] [ShopBot] 正在连接设备 127.0.0.1:16384（第 2/8 次）
[2026-05-07 23:42:57] [WARNING] [ShopBot] 连接输出异常: failed to connect
[2026-05-07 23:42:57] [ERROR] [ShopBot] 连接失败（第 2/8 次）: failed to connect
[2026-05-07 23:42:57] [INFO] [ShopBot] 等待 0.1 秒后重试...
[2026-05-07 23:42:57] [INFO] [ShopBot] 正在连接设备 127.0.0.1:16384（第 3/8 次）
[2026-05-07 23:42:57] [WARNING] [ShopBot] 连接输出异常: failed to connect
[2026-05-07 23:42:57] [ERROR] [ShopBot] 连接失败（第 3/8 次）: failed to connect
[2026-05-07 23:42:57] [INFO] [ShopBot] 等待 0.1 秒后重试...
[2026-05-07 23:42:57] [INFO] [ShopBot] 正在连接设备 127.0.0.1:16384（第 4/8 次）
[2026-05-07 23:42:57] [WARNING] [ShopBot] 连接输出异常: failed to connect
[2026-05-07 23:42:57] [ERROR] [ShopBot] 连接失败（第 4/8 次）: failed to connect
[2026-05-07 23:42:57] [INFO] [ShopBot] 等待 0.1 秒后重试...
[2026-05-07 23:42:57] [INFO] [ShopBot] 正在连接设备 127.0.0.1:16384（第 5/8 次）
[2026-05-07 23:42:57] [WARNING] [ShopBot] 连接输出异常: failed to connect
[2026-05-07 23:42:57] [ERROR] [ShopBot] 连接失败（第 5/8 次）: failed to connect
[2026-05-07 23:42:57] [INFO] [ShopBot] 等待 0.1 秒后重试...
[2026-05-07 23:42:57] [INFO] [ShopBot] 正在连接设备 127.0.0.1:16384（第 6/8 次）
[2026-05-07 23:42:57] [WARNING] [ShopBot] 连接输出异常: failed to connect
[2026-05-07 23:42:57] [ERROR] [ShopBot] 连接失败（第 6/8 次）: failed to connect
[2026-05-07 23:42:57] [INFO] [ShopBot] 等待 0.1 秒后重试...
[2026-05-07 23:42:57] [INFO] [ShopBot] 正在连接设备 127.0.0.1:16384（第 7/8 次）
[2026-05-07 23:42:57] [WARNING] [ShopBot] 连接输出异常: failed to connect
[2026-05-07 23:42:57] [ERROR] [ShopBot] 连接失败（第 7/8 次）: failed to connect
[2026-05-07 23:42:57] [INFO] [ShopBot] 等待 0.1 秒后重试...
[2026-05-07 23:42:57] [INFO] [ShopBot] 正在连接设备 127.0.0.1:16384（第 8/8 次）
[2026-05-07 23:42:57] [WARNING] [ShopBot] 连接输出异常: failed to connect
[2026-05-07 23:42:57] [ERROR] [ShopBot] 连接失败（第 8/8 次）: failed to connect
[2026-05-07 23:42:57] [ERROR] [ShopBot] 设备连接失败，已重试 8 次: 127.0.0.1:16384
[2026-05-07 23:42:57] [INFO] [ShopBot] 正在连接设备 127.0.0.1:16384（第 1/4 次）
[2026-05-07 23:42:57] [WARNING] [ShopBot] 连接输出异常: failed to connect
[2026-05-07 23:42:57] [ERROR] [ShopBot] 连接失败（第 1/4 次）: failed to connect
[2026-05-07 23:42:57] [INFO] [ShopBot] 等待 0.04081255213864405 秒后重试...
[2026-05-07 23:42:57] [INFO] [ShopBot] 正在连接设备 127.0.0.1:16384（第 2/4 次）
[2026-05-07 23:42:57] [WARNING] [ShopBot] 连接输出异常: failed to connect
[2026-05-07 23:42:57] [ERROR] [ShopBot] 连接失败（第 2/4 次）: failed to connect
[2026-05-07 23:42:57] [INFO] [ShopBot] 等待 0.04081255213864405 秒后重试...
[2026-05-07 23:42:57] [INFO] [ShopBot] 正在连接设备 127.0.0.1:16384（第 3/4 次）
[2026-05-07 23:42:57] [WARNING] [ShopBot] 连接输出异常: failed to connect
[2026-05-07 23:42:57] [ERROR] [ShopBot] 连接失败（第 3/4 次）: failed to connect
[2026-05-07 23:42:57] [INFO] [ShopBot] 等待 0.04081255213864405 秒后重试...
[2026-05-07 23:42:57] [INFO] [ShopBot] 正在连接设备 127.0.0.1:16384（第 4/4 次）
[2026-05-07 23:42:57] [WARNING] [ShopBot] 连接输出异常: failed to connect
[2026-05-07 23:42:57] [ERROR] [ShopBot] 连接失败（第 4/4 次）: failed to connect
[2026-05-07 23:42:57] [ERROR] [ShopBot] 设备连接失败，已重试 4 次: 127.0.0.1:16384
[2026-05-07 23:42:57] [INFO] [ShopBot] 正在连接设备 127.0.0.1:16384（第 1/6 次）
[2026-05-07 23:42:57] [WARNING] [ShopBot] 连接输出异常: failed to connect
[2026-05-07 23:42:57] [ERROR] [ShopBot] 连接失败（第 1/6 次）: failed to connect
[2026-05-07 23:42:57] [INFO] [ShopBot] 等待 0.012123632768642385 秒后重试...
[2026-05-07 23:42:57] [INFO] [ShopBot] 正在连接设备 127.0.0.1:16384（第 2/6 次）
[2026-05-07 23:42:57] [WARNING] [ShopBot] 连接输出异常: failed to connect
[2026-05-07 23:42:57] [ERROR] [ShopBot] 连接失败（第 2/6 次）: failed to connect
[2026-05-07 23:42:57] [INFO] [ShopBot] 等待 0.012123632768642385 秒后重试...
[2026-05-07 23:42:57] [INFO] [ShopBot] 正在连接设备 127.0.0.1:16384（第 3/6 次）
[2026-05-07 23:42:57] [WARNING] [ShopBot] 连接输出异常: failed to connect
[2026-05-07 23:42:57] [ERROR] [ShopBot] 连接失败（第 3/6 次）: failed to connect
[2026-05-07 23:42:57] [INFO] [ShopBot] 等待 0.012123632768642385 秒后重试...
[2026-05-07 23:42:57] [INFO] [ShopBot] 正在连接设备 127.0.0.1:16384（第 4/6 次）
[2026-05-07 23:42:57] [WARNING] [ShopBot] 连接输出异常: failed to connect
[2026-05-07 23:42:57] [ERROR] [ShopBot] 连接失败（第 4/6 次）: failed to connect
[2026-05-07 23:42:57] [INFO] [ShopBot] 等待 0.012123632768642385 秒后重试...
[2026-05-07 23:42:57] [INFO] [ShopBot] 正在连接设备 127.0.0.1:16384（第 5/6 次）
[2026-05-07 23:42:57] [WARNING] [ShopBot] 连接输出异常: failed to connect
[2026-05-07 23:42:57] [ERROR] [ShopBot] 连接失败（第 5/6 次）: failed to connect
[2026-05-07 23:42:57] [INFO] [ShopBot] 等待 0.012123632768642385 秒后重试...
[2026-05-07 23:42:57] [INFO] [ShopBot] 正在连接设备 127.0.0.1:16384（第 6/6 次）
[2026-05-07 23:42:57] [WARNING] [ShopBot] 连接输出异常: failed to connect
[2026-05-07 23:42:57] [ERROR] [ShopBot] 连接失败（第 6/6 次）: failed to connect
[2026-05-07 23:42:57] [ERROR] [ShopBot] 设备连接失败，已重试 6 次: 127.0.0.1:16384
[2026-05-07 23:42:57] [INFO] [ShopBot] 正在连接设备 127.0.0.1:16384（第 1/1 次）
[2026-05-07 23:42:57] [WARNING] [ShopBot] 连接输出异常: failed to connect
[2026-05-07 23:42:57] [ERROR] [ShopBot] 连接失败（第 1/1 次）: failed to connect
[2026-05-07 23:42:57] [ERROR] [ShopBot] 设备连接失败，已重试 1 次: 127.0.0.1:16384
[2026-05-07 23:42:57] [INFO] [ShopBot] 正在连接设备 127.0.0.1:16384（第 1/2 次）
[2026-05-07 23:42:57] [WARNING] [ShopBot] 连接输出异常: failed to connect
[2026-05-07 23:42:57] [ERROR] [ShopBot] 连接失败（第 1/2 次）: failed to connect
[2026-05-07 23:42:57] [INFO] [ShopBot] 等待 0.05590868234192417 秒后重试...
[2026-05-07 23:42:57] [INFO] [ShopBot] 正在连接设备 127.0.0.1:16384（第 2/2 次）
[2026-05-07 23:42:57] [WARNING] [ShopBot] 连接输出异常: failed to connect
[2026-05-07 23:42:57] [ERROR] [ShopBot] 连接失败（第 2/2 次）: failed to connect
[2026-05-07 23:42:57] [ERROR] [ShopBot] 设备连接失败，已重试 2 次: 127.0.0.1:16384
[2026-05-07 23:42:57] [INFO] [ShopBot] 正在连接设备 127.0.0.1:16384（第 1/1 次）
[2026-05-07 23:42:57] [WARNING] [ShopBot] 连接输出异常: failed to connect
[2026-05-07 23:42:57] [ERROR] [ShopBot] 连接失败（第 1/1 次）: failed to connect
[2026-05-07 23:42:57] [ERROR] [ShopBot] 设备连接失败，已重试 1 次: 127.0.0.1:16384
[2026-05-07 23:42:57] [INFO] [ShopBot] 正在连接设备 127.0.0.1:16384（第 1/4 次）
[2026-05-07 23:42:57] [WARNING] [ShopBot] 连接输出异常: failed to connect
[2026-05-07 23:42:57] [ERROR] [ShopBot] 连接失败（第 1/4 次）: failed to connect
[2026-05-07 23:42:57] [INFO] [ShopBot] 等待 0.08389636287876984 秒后重试...
[2026-05-07 23:42:57] [INFO] [ShopBot] 正在连接设备 127.0.0.1:16384（第 2/4 次）
[2026-05-07 23:42:57] [WARNING] [ShopBot] 连接输出异常: failed to connect
[2026-05-07 23:42:57] [ERROR] [ShopBot] 连接失败（第 2/4 次）: failed to connect
[2026-05-07 23:42:57] [INFO] [ShopBot] 等待 0.08389636287876984 秒后重试...
[2026-05-07 23:42:57] [INFO] [ShopBot] 正在连接设备 127.0.0.1:16384（第 3/4 次）
[2026-05-07 23:42:57] [WARNING] [ShopBot] 连接输出异常: failed to connect
[2026-05-07 23:42:57] [ERROR] [ShopBot] 连接失败（第 3/4 次）: failed to connect
[2026-05-07 23:42:57] [INFO] [ShopBot] 等待 0.08389636287876984 秒后重试...
[2026-05-07 23:42:57] [INFO] [ShopBot] 正在连接设备 127.0.0.1:16384（第 4/4 次）
[2026-05-07 23:42:57] [WARNING] [ShopBot] 连接输出异常: failed to connect
[2026-05-07 23:42:57] [ERROR] [ShopBot] 连接失败（第 4/4 次）: failed to connect
[2026-05-07 23:42:57] [ERROR] [ShopBot] 设备连接失败，已重试 4 次: 127.0.0.1:16384
[2026-05-07 23:42:57] [INFO] [ShopBot] 正在连接设备 127.0.0.1:16384（第 1/9 次）
[2026-05-07 23:42:57] [WARNING] [ShopBot] 连接输出异常: failed to connect
[2026-05-07 23:42:57] [ERROR] [ShopBot] 连接失败（第 1/9 次）: failed to connect
[2026-05-07 23:42:57] [INFO] [ShopBot] 等待 0.037533945801453306 秒后重试...
[2026-05-07 23:42:57] [INFO] [ShopBot] 正在连接设备 127.0.0.1:16384（第 2/9 次）
[2026-05-07 23:42:57] [WARNING] [ShopBot] 连接输出异常: failed to connect
[2026-05-07 23:42:57] [ERROR] [ShopBot] 连接失败（第 2/9 次）: failed to connect
[2026-05-07 23:42:57] [INFO] [ShopBot] 等待 0.037533945801453306 秒后重试...
[2026-05-07 23:42:57] [INFO] [ShopBot] 正在连接设备 127.0.0.1:16384（第 3/9 次）
[2026-05-07 23:42:57] [WARNING] [ShopBot] 连接输出异常: failed to connect
[2026-05-07 23:42:57] [ERROR] [ShopBot] 连接失败（第 3/9 次）: failed to connect
[2026-05-07 23:42:57] [INFO] [ShopBot] 等待 0.037533945801453306 秒后重试...
[2026-05-07 23:42:57] [INFO] [ShopBot] 正在连接设备 127.0.0.1:16384（第 4/9 次）
[2026-05-07 23:42:57] [WARNING] [ShopBot] 连接输出异常: failed to connect
[2026-05-07 23:42:57] [ERROR] [ShopBot] 连接失败（第 4/9 次）: failed to connect
[2026-05-07 23:42:57] [INFO] [ShopBot] 等待 0.037533945801453306 秒后重试...
[2026-05-07 23:42:57] [INFO] [ShopBot] 正在连接设备 127.0.0.1:16384（第 5/9 次）
[2026-05-07 23:42:57] [WARNING] [ShopBot] 连接输出异常: failed to connect
[2026-05-07 23:42:57] [ERROR] [ShopBot] 连接失败（第 5/9 次）: failed to connect
[2026-05-07 23:42:57] [INFO] [ShopBot] 等待 0.037533945801453306 秒后重试...
[2026-05-07 23:42:57] [INFO] [ShopBot] 正在连接设备 127.0.0.1:16384（第 6/9 次）
[2026-05-07 23:42:57] [WARNING] [ShopBot] 连接输出异常: failed to connect
[2026-05-07 23:42:57] [ERROR] [ShopBot] 连接失败（第 6/9 次）: failed to connect
[2026-05-07 23:42:57] [INFO] [ShopBot] 等待 0.037533945801453306 秒后重试...
[2026-05-07 23:42:57] [INFO] [ShopBot] 正在连接设备 127.0.0.1:16384（第 7/9 次）
[2026-05-07 23:42:57] [WARNING] [ShopBot] 连接输出异常: failed to connect
[2026-05-07 23:42:57] [ERROR] [ShopBot] 连接失败（第 7/9 次）: failed to connect
[2026-05-07 23:42:57] [INFO] [ShopBot] 等待 0.037533945801453306 秒后重试...
[2026-05-07 23:42:57] [INFO] [ShopBot] 正在连接设备 127.0.0.1:16384（第 8/9 次）
[2026-05-07 23:42:57] [WARNING] [ShopBot] 连接输出异常: failed to connect
[2026-05-07 23:42:57] [ERROR] [ShopBot] 连接失败（第 8/9 次）: failed to connect
[2026-05-07 23:42:57] [INFO] [ShopBot] 等待 0.037533945801453306 秒后重试...
[2026-05-07 23:42:57] [INFO] [ShopBot] 正在连接设备 127.0.0.1:16384（第 9/9 次）
[2026-05-07 23:42:57] [WARNING] [ShopBot] 连接输出异常: failed to connect
[2026-05-07 23:42:57] [ERROR] [ShopBot] 连接失败（第 9/9 次）: failed to connect
[2026-05-07 23:42:57] [ERROR] [ShopBot] 设备连接失败，已重试 9 次: 127.0.0.1:16384
[2026-05-07 23:42:57] [INFO] [ShopBot] 正在连接设备 127.0.0.1:16384（第 1/1 次）
[2026-05-07 23:42:57] [WARNING] [ShopBot] 连接输出异常: failed to connect
[2026-05-07 23:42:57] [ERROR] [ShopBot] 连接失败（第 1/1 次）: failed to connect
[2026-05-07 23:42:57] [ERROR] [ShopBot] 设备连接失败，已重试 1 次: 127.0.0.1:16384
[2026-05-07 23:42:57] [INFO] [ShopBot] 正在连接设备 127.0.0.1:16384（第 1/5 次）
[2026-05-07 23:42:57] [WARNING] [ShopBot] 连接输出异常: failed to connect
[2026-05-07 23:42:57] [ERROR] [ShopBot] 连接失败（第 1/5 次）: failed to connect
[2026-05-07 23:42:57] [INFO] [ShopBot] 等待 0.05334084701950647 秒后重试...
[2026-05-07 23:42:57] [INFO] [ShopBot] 正在连接设备 127.0.0.1:16384（第 2/5 次）
[2026-05-07 23:42:57] [WARNING] [ShopBot] 连接输出异常: failed to connect
[2026-05-07 23:42:57] [ERROR] [ShopBot] 连接失败（第 2/5 次）: failed to connect
[2026-05-07 23:42:57] [INFO] [ShopBot] 等待 0.05334084701950647 秒后重试...
[2026-05-07 23:42:57] [INFO] [ShopBot] 正在连接设备 127.0.0.1:16384（第 3/5 次）
[2026-05-07 23:42:57] [WARNING] [ShopBot] 连接输出异常: failed to connect
[2026-05-07 23:42:57] [ERROR] [ShopBot] 连接失败（第 3/5 次）: failed to connect
[2026-05-07 23:42:57] [INFO] [ShopBot] 等待 0.05334084701950647 秒后重试...
[2026-05-07 23:42:57] [INFO] [ShopBot] 正在连接设备 127.0.0.1:16384（第 4/5 次）
[2026-05-07 23:42:57] [WARNING] [ShopBot] 连接输出异常: failed to connect
[2026-05-07 23:42:57] [ERROR] [ShopBot] 连接失败（第 4/5 次）: failed to connect
[2026-05-07 23:42:57] [INFO] [ShopBot] 等待 0.05334084701950647 秒后重试...
[2026-05-07 23:42:57] [INFO] [ShopBot] 正在连接设备 127.0.0.1:16384（第 5/5 次）
[2026-05-07 23:42:57] [WARNING] [ShopBot] 连接输出异常: failed to connect
[2026-05-07 23:42:57] [ERROR] [ShopBot] 连接失败（第 5/5 次）: failed to connect
[2026-05-07 23:42:57] [ERROR] [ShopBot] 设备连接失败，已重试 5 次: 127.0.0.1:16384
[2026-05-07 23:42:57] [INFO] [ShopBot] 正在连接设备 127.0.0.1:16384（第 1/2 次）
[2026-05-07 23:42:57] [WARNING] [ShopBot] 连接输出异常: failed to connect
[2026-05-07 23:42:57] [ERROR] [ShopBot] 连接失败（第 1/2 次）: failed to connect
[2026-05-07 23:42:57] [INFO] [ShopBot] 等待 0.04851092284814011 秒后重试...
[2026-05-07 23:42:57] [INFO] [ShopBot] 正在连接设备 127.0.0.1:16384（第 2/2 次）
[2026-05-07 23:42:57] [WARNING] [ShopBot] 连接输出异常: failed to connect
[2026-05-07 23:42:57] [ERROR] [ShopBot] 连接失败（第 2/2 次）: failed to connect
[2026-05-07 23:42:57] [ERROR] [ShopBot] 设备连接失败，已重试 2 次: 127.0.0.1:16384
[2026-05-07 23:42:57] [INFO] [ShopBot] 正在连接设备 127.0.0.1:16384（第 1/4 次）
[2026-05-07 23:42:57] [WARNING] [ShopBot] 连接输出异常: failed to connect
[2026-05-07 23:42:57] [ERROR] [ShopBot] 连接失败（第 1/4 次）: failed to connect
[2026-05-07 23:42:57] [INFO] [ShopBot] 等待 0.07510397439608103 秒后重试...
[2026-05-07 23:42:57] [INFO] [ShopBot] 正在连接设备 127.0.0.1:16384（第 2/4 次）
[2026-05-07 23:42:57] [WARNING] [ShopBot] 连接输出异常: failed to connect
[2026-05-07 23:42:57] [ERROR] [ShopBot] 连接失败（第 2/4 次）: failed to connect
[2026-05-07 23:42:57] [INFO] [ShopBot] 等待 0.07510397439608103 秒后重试...
[2026-05-07 23:42:57] [INFO] [ShopBot] 正在连接设备 127.0.0.1:16384（第 3/4 次）
[2026-05-07 23:42:57] [WARNING] [ShopBot] 连接输出异常: failed to connect
[2026-05-07 23:42:57] [ERROR] [ShopBot] 连接失败（第 3/4 次）: failed to connect
[2026-05-07 23:42:57] [INFO] [ShopBot] 等待 0.07510397439608103 秒后重试...
[2026-05-07 23:42:57] [INFO] [ShopBot] 正在连接设备 127.0.0.1:16384（第 4/4 次）
[2026-05-07 23:42:57] [WARNING] [ShopBot] 连接输出异常: failed to connect
[2026-05-07 23:42:57] [ERROR] [ShopBot] 连接失败（第 4/4 次）: failed to connect
[2026-05-07 23:42:57] [ERROR] [ShopBot] 设备连接失败，已重试 4 次: 127.0.0.1:16384
[2026-05-07 23:42:57] [INFO] [ShopBot] 正在连接设备 127.0.0.1:16384（第 1/8 次）
[2026-05-07 23:42:57] [WARNING] [ShopBot] 连接输出异常: failed to connect
[2026-05-07 23:42:57] [ERROR] [ShopBot] 连接失败（第 1/8 次）: failed to connect
[2026-05-07 23:42:57] [INFO] [ShopBot] 等待 0.04627702541740834 秒后重试...
[2026-05-07 23:42:57] [INFO] [ShopBot] 正在连接设备 127.0.0.1:16384（第 2/8 次）
[2026-05-07 23:42:57] [WARNING] [ShopBot] 连接输出异常: failed to connect
[2026-05-07 23:42:57] [ERROR] [ShopBot] 连接失败（第 2/8 次）: failed to connect
[2026-05-07 23:42:57] [INFO] [ShopBot] 等待 0.04627702541740834 秒后重试...
[2026-05-07 23:42:57] [INFO] [ShopBot] 正在连接设备 127.0.0.1:16384（第 3/8 次）
[2026-05-07 23:42:57] [WARNING] [ShopBot] 连接输出异常: failed to connect
[2026-05-07 23:42:57] [ERROR] [ShopBot] 连接失败（第 3/8 次）: failed to connect
[2026-05-07 23:42:57] [INFO] [ShopBot] 等待 0.04627702541740834 秒后重试...
[2026-05-07 23:42:57] [INFO] [ShopBot] 正在连接设备 127.0.0.1:16384（第 4/8 次）
[2026-05-07 23:42:57] [WARNING] [ShopBot] 连接输出异常: failed to connect
[2026-05-07 23:42:57] [ERROR] [ShopBot] 连接失败（第 4/8 次）: failed to connect
[2026-05-07 23:42:57] [INFO] [ShopBot] 等待 0.04627702541740834 秒后重试...
[2026-05-07 23:42:57] [INFO] [ShopBot] 正在连接设备 127.0.0.1:16384（第 5/8 次）
[2026-05-07 23:42:57] [WARNING] [ShopBot] 连接输出异常: failed to connect
[2026-05-07 23:42:57] [ERROR] [ShopBot] 连接失败（第 5/8 次）: failed to connect
[2026-05-07 23:42:57] [INFO] [ShopBot] 等待 0.04627702541740834 秒后重试...
[2026-05-07 23:42:57] [INFO] [ShopBot] 正在连接设备 127.0.0.1:16384（第 6/8 次）
[2026-05-07 23:42:57] [WARNING] [ShopBot] 连接输出异常: failed to connect
[2026-05-07 23:42:57] [ERROR] [ShopBot] 连接失败（第 6/8 次）: failed to connect
[2026-05-07 23:42:57] [INFO] [ShopBot] 等待 0.04627702541740834 秒后重试...
[2026-05-07 23:42:57] [INFO] [ShopBot] 正在连接设备 127.0.0.1:16384（第 7/8 次）
[2026-05-07 23:42:57] [WARNING] [ShopBot] 连接输出异常: failed to connect
[2026-05-07 23:42:57] [ERROR] [ShopBot] 连接失败（第 7/8 次）: failed to connect
[2026-05-07 23:42:57] [INFO] [ShopBot] 等待 0.04627702541740834 秒后重试...
[2026-05-07 23:42:57] [INFO] [ShopBot] 正在连接设备 127.0.0.1:16384（第 8/8 次）
[2026-05-07 23:42:57] [WARNING] [ShopBot] 连接输出异常: failed to connect
[2026-05-07 23:42:57] [ERROR] [ShopBot] 连接失败（第 8/8 次）: failed to connect
[2026-05-07 23:42:57] [ERROR] [ShopBot] 设备连接失败，已重试 8 次: 127.0.0.1:16384
[2026-05-07 23:42:57] [INFO] [ShopBot] 正在连接设备 127.0.0.1:16384（第 1/5 次）
[2026-05-07 23:42:57] [WARNING] [ShopBot] 连接输出异常: failed to connect
[2026-05-07 23:42:57] [ERROR] [ShopBot] 连接失败（第 1/5 次）: failed to connect
[2026-05-07 23:42:57] [INFO] [ShopBot] 等待 0.04072564462452951 秒后重试...
[2026-05-07 23:42:57] [INFO] [ShopBot] 正在连接设备 127.0.0.1:16384（第 2/5 次）
[2026-05-07 23:42:57] [WARNING] [ShopBot] 连接输出异常: failed to connect
[2026-05-07 23:42:57] [ERROR] [ShopBot] 连接失败（第 2/5 次）: failed to connect
[2026-05-07 23:42:57] [INFO] [ShopBot] 等待 0.04072564462452951 秒后重试...
[2026-05-07 23:42:57] [INFO] [ShopBot] 正在连接设备 127.0.0.1:16384（第 3/5 次）
[2026-05-07 23:42:57] [WARNING] [ShopBot] 连接输出异常: failed to connect
[2026-05-07 23:42:57] [ERROR] [ShopBot] 连接失败（第 3/5 次）: failed to connect
[2026-05-07 23:42:57] [INFO] [ShopBot] 等待 0.04072564462452951 秒后重试...
[2026-05-07 23:42:57] [INFO] [ShopBot] 正在连接设备 127.0.0.1:16384（第 4/5 次）
[2026-05-07 23:42:57] [WARNING] [ShopBot] 连接输出异常: failed to connect
[2026-05-07 23:42:57] [ERROR] [ShopBot] 连接失败（第 4/5 次）: failed to connect
[2026-05-07 23:42:57] [INFO] [ShopBot] 等待 0.04072564462452951 秒后重试...
[2026-05-07 23:42:57] [INFO] [ShopBot] 正在连接设备 127.0.0.1:16384（第 5/5 次）
[2026-05-07 23:42:57] [WARNING] [ShopBot] 连接输出异常: failed to connect
[2026-05-07 23:42:57] [ERROR] [ShopBot] 连接失败（第 5/5 次）: failed to connect
[2026-05-07 23:42:57] [ERROR] [ShopBot] 设备连接失败，已重试 5 次: 127.0.0.1:16384
[2026-05-07 23:42:57] [INFO] [ShopBot] 正在连接设备 127.0.0.1:16384（第 1/2 次）
[2026-05-07 23:42:57] [WARNING] [ShopBot] 连接输出异常: failed to connect
[2026-05-07 23:42:57] [ERROR] [ShopBot] 连接失败（第 1/2 次）: failed to connect
[2026-05-07 23:42:57] [INFO] [ShopBot] 等待 0.07125524851267713 秒后重试...
[2026-05-07 23:42:57] [INFO] [ShopBot] 正在连接设备 127.0.0.1:16384（第 2/2 次）
[2026-05-07 23:42:57] [WARNING] [ShopBot] 连接输出异常: failed to connect
[2026-05-07 23:42:57] [ERROR] [ShopBot] 连接失败（第 2/2 次）: failed to connect
[2026-05-07 23:42:57] [ERROR] [ShopBot] 设备连接失败，已重试 2 次: 127.0.0.1:16384
[2026-05-07 23:42:57] [INFO] [ShopBot] 正在连接设备 127.0.0.1:16384（第 1/9 次）
[2026-05-07 23:42:57] [WARNING] [ShopBot] 连接输出异常: failed to connect
[2026-05-07 23:42:57] [ERROR] [ShopBot] 连接失败（第 1/9 次）: failed to connect
[2026-05-07 23:42:57] [INFO] [ShopBot] 等待 0.09342590474109867 秒后重试...
[2026-05-07 23:42:57] [INFO] [ShopBot] 正在连接设备 127.0.0.1:16384（第 2/9 次）
[2026-05-07 23:42:57] [WARNING] [ShopBot] 连接输出异常: failed to connect
[2026-05-07 23:42:57] [ERROR] [ShopBot] 连接失败（第 2/9 次）: failed to connect
[2026-05-07 23:42:57] [INFO] [ShopBot] 等待 0.09342590474109867 秒后重试...
[2026-05-07 23:42:57] [INFO] [ShopBot] 正在连接设备 127.0.0.1:16384（第 3/9 次）
[2026-05-07 23:42:57] [WARNING] [ShopBot] 连接输出异常: failed to connect
[2026-05-07 23:42:57] [ERROR] [ShopBot] 连接失败（第 3/9 次）: failed to connect
[2026-05-07 23:42:57] [INFO] [ShopBot] 等待 0.09342590474109867 秒后重试...
[2026-05-07 23:42:57] [INFO] [ShopBot] 正在连接设备 127.0.0.1:16384（第 4/9 次）
[2026-05-07 23:42:57] [WARNING] [ShopBot] 连接输出异常: failed to connect
[2026-05-07 23:42:57] [ERROR] [ShopBot] 连接失败（第 4/9 次）: failed to connect
[2026-05-07 23:42:57] [INFO] [ShopBot] 等待 0.09342590474109867 秒后重试...
[2026-05-07 23:42:57] [INFO] [ShopBot] 正在连接设备 127.0.0.1:16384（第 5/9 次）
[2026-05-07 23:42:57] [WARNING] [ShopBot] 连接输出异常: failed to connect
[2026-05-07 23:42:57] [ERROR] [ShopBot] 连接失败（第 5/9 次）: failed to connect
[2026-05-07 23:42:57] [INFO] [ShopBot] 等待 0.09342590474109867 秒后重试...
[2026-05-07 23:42:57] [INFO] [ShopBot] 正在连接设备 127.0.0.1:16384（第 6/9 次）
[2026-05-07 23:42:57] [WARNING] [ShopBot] 连接输出异常: failed to connect
[2026-05-07 23:42:57] [ERROR] [ShopBot] 连接失败（第 6/9 次）: failed to connect
[2026-05-07 23:42:57] [INFO] [ShopBot] 等待 0.09342590474109867 秒后重试...
[2026-05-07 23:42:57] [INFO] [ShopBot] 正在连接设备 127.0.0.1:16384（第 7/9 次）
[2026-05-07 23:42:57] [WARNING] [ShopBot] 连接输出异常: failed to connect
[2026-05-07 23:42:57] [ERROR] [ShopBot] 连接失败（第 7/9 次）: failed to connect
[2026-05-07 23:42:57] [INFO] [ShopBot] 等待 0.09342590474109867 秒后重试...
[2026-05-07 23:42:57] [INFO] [ShopBot] 正在连接设备 127.0.0.1:16384（第 8/9 次）
[2026-05-07 23:42:57] [WARNING] [ShopBot] 连接输出异常: failed to connect
[2026-05-07 23:42:57] [ERROR] [ShopBot] 连接失败（第 8/9 次）: failed to connect
[2026-05-07 23:42:57] [INFO] [ShopBot] 等待 0.09342590474109867 秒后重试...
[2026-05-07 23:42:57] [INFO] [ShopBot] 正在连接设备 127.0.0.1:16384（第 9/9 次）
[2026-05-07 23:42:57] [WARNING] [ShopBot] 连接输出异常: failed to connect
[2026-05-07 23:42:57] [ERROR] [ShopBot] 连接失败（第 9/9 次）: failed to connect
[2026-05-07 23:42:57] [ERROR] [ShopBot] 设备连接失败，已重试 9 次: 127.0.0.1:16384
[2026-05-07 23:42:57] [INFO] [ShopBot] 正在连接设备 127.0.0.1:16384（第 1/8 次）
[2026-05-07 23:42:57] [WARNING] [ShopBot] 连接输出异常: failed to connect
[2026-05-07 23:42:57] [ERROR] [ShopBot] 连接失败（第 1/8 次）: failed to connect
[2026-05-07 23:42:57] [INFO] [ShopBot] 等待 0.034594924522172756 秒后重试...
[2026-05-07 23:42:57] [INFO] [ShopBot] 正在连接设备 127.0.0.1:16384（第 2/8 次）
[2026-05-07 23:42:57] [WARNING] [ShopBot] 连接输出异常: failed to connect
[2026-05-07 23:42:57] [ERROR] [ShopBot] 连接失败（第 2/8 次）: failed to connect
[2026-05-07 23:42:57] [INFO] [ShopBot] 等待 0.034594924522172756 秒后重试...
[2026-05-07 23:42:57] [INFO] [ShopBot] 正在连接设备 127.0.0.1:16384（第 3/8 次）
[2026-05-07 23:42:57] [WARNING] [ShopBot] 连接输出异常: failed to connect
[2026-05-07 23:42:57] [ERROR] [ShopBot] 连接失败（第 3/8 次）: failed to connect
[2026-05-07 23:42:57] [INFO] [ShopBot] 等待 0.034594924522172756 秒后重试...
[2026-05-07 23:42:57] [INFO] [ShopBot] 正在连接设备 127.0.0.1:16384（第 4/8 次）
[2026-05-07 23:42:57] [WARNING] [ShopBot] 连接输出异常: failed to connect
[2026-05-07 23:42:57] [ERROR] [ShopBot] 连接失败（第 4/8 次）: failed to connect
[2026-05-07 23:42:57] [INFO] [ShopBot] 等待 0.034594924522172756 秒后重试...
[2026-05-07 23:42:57] [INFO] [ShopBot] 正在连接设备 127.0.0.1:16384（第 5/8 次）
[2026-05-07 23:42:57] [WARNING] [ShopBot] 连接输出异常: failed to connect
[2026-05-07 23:42:57] [ERROR] [ShopBot] 连接失败（第 5/8 次）: failed to connect
[2026-05-07 23:42:57] [INFO] [ShopBot] 等待 0.034594924522172756 秒后重试...
[2026-05-07 23:42:57] [INFO] [ShopBot] 正在连接设备 127.0.0.1:16384（第 6/8 次）
[2026-05-07 23:42:57] [WARNING] [ShopBot] 连接输出异常: failed to connect
[2026-05-07 23:42:57] [ERROR] [ShopBot] 连接失败（第 6/8 次）: failed to connect
[2026-05-07 23:42:57] [INFO] [ShopBot] 等待 0.034594924522172756 秒后重试...
[2026-05-07 23:42:57] [INFO] [ShopBot] 正在连接设备 127.0.0.1:16384（第 7/8 次）
[2026-05-07 23:42:57] [WARNING] [ShopBot] 连接输出异常: failed to connect
[2026-05-07 23:42:57] [ERROR] [ShopBot] 连接失败（第 7/8 次）: failed to connect
[2026-05-07 23:42:57] [INFO] [ShopBot] 等待 0.034594924522172756 秒后重试...
[2026-05-07 23:42:57] [INFO] [ShopBot] 正在连接设备 127.0.0.1:16384（第 8/8 次）
[2026-05-07 23:42:57] [WARNING] [ShopBot] 连接输出异常: failed to connect
[2026-05-07 23:42:57] [ERROR] [ShopBot] 连接失败（第 8/8 次）: failed to connect
[2026-05-07 23:42:57] [ERROR] [ShopBot] 设备连接失败，已重试 8 次: 127.0.0.1:16384
[2026-05-07 23:42:57] [INFO] [ShopBot] 正在连接设备 127.0.0.1:16384（第 1/6 次）
[2026-05-07 23:42:57] [WARNING] [ShopBot] 连接输出异常: failed to connect
[2026-05-07 23:42:57] [ERROR] [ShopBot] 连接失败（第 1/6 次）: failed to connect
[2026-05-07 23:42:57] [INFO] [ShopBot] 等待 0.061280293361778385 秒后重试...
[2026-05-07 23:42:57] [INFO] [ShopBot] 正在连接设备 127.0.0.1:16384（第 2/6 次）
[2026-05-07 23:42:57] [WARNING] [ShopBot] 连接输出异常: failed to connect
[2026-05-07 23:42:57] [ERROR] [ShopBot] 连接失败（第 2/6 次）: failed to connect
[2026-05-07 23:42:57] [INFO] [ShopBot] 等待 0.061280293361778385 秒后重试...
[2026-05-07 23:42:57] [INFO] [ShopBot] 正在连接设备 127.0.0.1:16384（第 3/6 次）
[2026-05-07 23:42:57] [WARNING] [ShopBot] 连接输出异常: failed to connect
[2026-05-07 23:42:57] [ERROR] [ShopBot] 连接失败（第 3/6 次）: failed to connect
[2026-05-07 23:42:57] [INFO] [ShopBot] 等待 0.061280293361778385 秒后重试...
[2026-05-07 23:42:57] [INFO] [ShopBot] 正在连接设备 127.0.0.1:16384（第 4/6 次）
[2026-05-07 23:42:57] [WARNING] [ShopBot] 连接输出异常: failed to connect
[2026-05-07 23:42:57] [ERROR] [ShopBot] 连接失败（第 4/6 次）: failed to connect
[2026-05-07 23:42:57] [INFO] [ShopBot] 等待 0.061280293361778385 秒后重试...
[2026-05-07 23:42:57] [INFO] [ShopBot] 正在连接设备 127.0.0.1:16384（第 5/6 次）
[2026-05-07 23:42:57] [WARNING] [ShopBot] 连接输出异常: failed to connect
[2026-05-07 23:42:57] [ERROR] [ShopBot] 连接失败（第 5/6 次）: failed to connect
[2026-05-07 23:42:57] [INFO] [ShopBot] 等待 0.061280293361778385 秒后重试...
[2026-05-07 23:42:57] [INFO] [ShopBot] 正在连接设备 127.0.0.1:16384（第 6/6 次）
[2026-05-07 23:42:57] [WARNING] [ShopBot] 连接输出异常: failed to connect
[2026-05-07 23:42:57] [ERROR] [ShopBot] 连接失败（第 6/6 次）: failed to connect
[2026-05-07 23:42:57] [ERROR] [ShopBot] 设备连接失败，已重试 6 次: 127.0.0.1:16384
[2026-05-07 23:42:57] [INFO] [ShopBot] 正在连接设备 127.0.0.1:16384（第 1/3 次）
[2026-05-07 23:42:57] [WARNING] [ShopBot] 连接输出异常: failed to connect
[2026-05-07 23:42:57] [ERROR] [ShopBot] 连接失败（第 1/3 次）: failed to connect
[2026-05-07 23:42:57] [INFO] [ShopBot] 等待 0.08158108596951279 秒后重试...
[2026-05-07 23:42:57] [INFO] [ShopBot] 正在连接设备 127.0.0.1:16384（第 2/3 次）
[2026-05-07 23:42:57] [WARNING] [ShopBot] 连接输出异常: failed to connect
[2026-05-07 23:42:57] [ERROR] [ShopBot] 连接失败（第 2/3 次）: failed to connect
[2026-05-07 23:42:57] [INFO] [ShopBot] 等待 0.08158108596951279 秒后重试...
[2026-05-07 23:42:57] [INFO] [ShopBot] 正在连接设备 127.0.0.1:16384（第 3/3 次）
[2026-05-07 23:42:57] [WARNING] [ShopBot] 连接输出异常: failed to connect
[2026-05-07 23:42:57] [ERROR] [ShopBot] 连接失败（第 3/3 次）: failed to connect
[2026-05-07 23:42:57] [ERROR] [ShopBot] 设备连接失败，已重试 3 次: 127.0.0.1:16384
[2026-05-07 23:42:57] [INFO] [ShopBot] 正在连接设备 127.0.0.1:16384（第 1/6 次）
[2026-05-07 23:42:57] [WARNING] [ShopBot] 连接输出异常: failed to connect
[2026-05-07 23:42:57] [ERROR] [ShopBot] 连接失败（第 1/6 次）: failed to connect
[2026-05-07 23:42:57] [INFO] [ShopBot] 等待 0.06632660080491637 秒后重试...
[2026-05-07 23:42:57] [INFO] [ShopBot] 正在连接设备 127.0.0.1:16384（第 2/6 次）
[2026-05-07 23:42:57] [WARNING] [ShopBot] 连接输出异常: failed to connect
[2026-05-07 23:42:57] [ERROR] [ShopBot] 连接失败（第 2/6 次）: failed to connect
[2026-05-07 23:42:57] [INFO] [ShopBot] 等待 0.06632660080491637 秒后重试...
[2026-05-07 23:42:57] [INFO] [ShopBot] 正在连接设备 127.0.0.1:16384（第 3/6 次）
[2026-05-07 23:42:57] [WARNING] [ShopBot] 连接输出异常: failed to connect
[2026-05-07 23:42:57] [ERROR] [ShopBot] 连接失败（第 3/6 次）: failed to connect
[2026-05-07 23:42:57] [INFO] [ShopBot] 等待 0.06632660080491637 秒后重试...
[2026-05-07 23:42:57] [INFO] [ShopBot] 正在连接设备 127.0.0.1:16384（第 4/6 次）
[2026-05-07 23:42:57] [WARNING] [ShopBot] 连接输出异常: failed to connect
[2026-05-07 23:42:57] [ERROR] [ShopBot] 连接失败（第 4/6 次）: failed to connect
[2026-05-07 23:42:57] [INFO] [ShopBot] 等待 0.06632660080491637 秒后重试...
[2026-05-07 23:42:57] [INFO] [ShopBot] 正在连接设备 127.0.0.1:16384（第 5/6 次）
[2026-05-07 23:42:57] [WARNING] [ShopBot] 连接输出异常: failed to connect
[2026-05-07 23:42:57] [ERROR] [ShopBot] 连接失败（第 5/6 次）: failed to connect
[2026-05-07 23:42:57] [INFO] [ShopBot] 等待 0.06632660080491637 秒后重试...
[2026-05-07 23:42:57] [INFO] [ShopBot] 正在连接设备 127.0.0.1:16384（第 6/6 次）
[2026-05-07 23:42:57] [WARNING] [ShopBot] 连接输出异常: failed to connect
[2026-05-07 23:42:57] [ERROR] [ShopBot] 连接失败（第 6/6 次）: failed to connect
[2026-05-07 23:42:57] [ERROR] [ShopBot] 设备连接失败，已重试 6 次: 127.0.0.1:16384
[2026-05-07 23:42:57] [INFO] [ShopBot] 正在连接设备 127.0.0.1:16384（第 1/5 次）
[2026-05-07 23:42:57] [WARNING] [ShopBot] 连接输出异常: failed to connect
[2026-05-07 23:42:57] [ERROR] [ShopBot] 连接失败（第 1/5 次）: failed to connect
[2026-05-07 23:42:57] [INFO] [ShopBot] 等待 0.04493828729616784 秒后重试...
[2026-05-07 23:42:57] [INFO] [ShopBot] 正在连接设备 127.0.0.1:16384（第 2/5 次）
[2026-05-07 23:42:57] [WARNING] [ShopBot] 连接输出异常: failed to connect
[2026-05-07 23:42:57] [ERROR] [ShopBot] 连接失败（第 2/5 次）: failed to connect
[2026-05-07 23:42:57] [INFO] [ShopBot] 等待 0.04493828729616784 秒后重试...
[2026-05-07 23:42:57] [INFO] [ShopBot] 正在连接设备 127.0.0.1:16384（第 3/5 次）
[2026-05-07 23:42:57] [WARNING] [ShopBot] 连接输出异常: failed to connect
[2026-05-07 23:42:57] [ERROR] [ShopBot] 连接失败（第 3/5 次）: failed to connect
[2026-05-07 23:42:57] [INFO] [ShopBot] 等待 0.04493828729616784 秒后重试...
[2026-05-07 23:42:57] [INFO] [ShopBot] 正在连接设备 127.0.0.1:16384（第 4/5 次）
[2026-05-07 23:42:57] [WARNING] [ShopBot] 连接输出异常: failed to connect
[2026-05-07 23:42:57] [ERROR] [ShopBot] 连接失败（第 4/5 次）: failed to connect
[2026-05-07 23:42:57] [INFO] [ShopBot] 等待 0.04493828729616784 秒后重试...
[2026-05-07 23:42:57] [INFO] [ShopBot] 正在连接设备 127.0.0.1:16384（第 5/5 次）
[2026-05-07 23:42:57] [WARNING] [ShopBot] 连接输出异常: failed to connect
[2026-05-07 23:42:57] [ERROR] [ShopBot] 连接失败（第 5/5 次）: failed to connect
[2026-05-07 23:42:57] [ERROR] [ShopBot] 设备连接失败，已重试 5 次: 127.0.0.1:16384
[2026-05-07 23:42:57] [INFO] [ShopBot] 正在连接设备 127.0.0.1:16384（第 1/3 次）
[2026-05-07 23:42:57] [WARNING] [ShopBot] 连接输出异常: failed to connect
[2026-05-07 23:42:57] [ERROR] [ShopBot] 连接失败（第 1/3 次）: failed to connect
[2026-05-07 23:42:57] [INFO] [ShopBot] 等待 0.08674529184115781 秒后重试...
[2026-05-07 23:42:57] [INFO] [ShopBot] 正在连接设备 127.0.0.1:16384（第 2/3 次）
[2026-05-07 23:42:57] [WARNING] [ShopBot] 连接输出异常: failed to connect
[2026-05-07 23:42:57] [ERROR] [ShopBot] 连接失败（第 2/3 次）: failed to connect
[2026-05-07 23:42:57] [INFO] [ShopBot] 等待 0.08674529184115781 秒后重试...
[2026-05-07 23:42:57] [INFO] [ShopBot] 正在连接设备 127.0.0.1:16384（第 3/3 次）
[2026-05-07 23:42:57] [WARNING] [ShopBot] 连接输出异常: failed to connect
[2026-05-07 23:42:57] [ERROR] [ShopBot] 连接失败（第 3/3 次）: failed to connect
[2026-05-07 23:42:57] [ERROR] [ShopBot] 设备连接失败，已重试 3 次: 127.0.0.1:16384
[2026-05-07 23:42:57] [INFO] [ShopBot] 正在连接设备 127.0.0.1:16384（第 1/3 次）
[2026-05-07 23:42:57] [WARNING] [ShopBot] 连接输出异常: failed to connect
[2026-05-07 23:42:57] [ERROR] [ShopBot] 连接失败（第 1/3 次）: failed to connect
[2026-05-07 23:42:57] [INFO] [ShopBot] 等待 0.017505078947238156 秒后重试...
[2026-05-07 23:42:57] [INFO] [ShopBot] 正在连接设备 127.0.0.1:16384（第 2/3 次）
[2026-05-07 23:42:57] [WARNING] [ShopBot] 连接输出异常: failed to connect
[2026-05-07 23:42:57] [ERROR] [ShopBot] 连接失败（第 2/3 次）: failed to connect
[2026-05-07 23:42:57] [INFO] [ShopBot] 等待 0.017505078947238156 秒后重试...
[2026-05-07 23:42:57] [INFO] [ShopBot] 正在连接设备 127.0.0.1:16384（第 3/3 次）
[2026-05-07 23:42:57] [WARNING] [ShopBot] 连接输出异常: failed to connect
[2026-05-07 23:42:57] [ERROR] [ShopBot] 连接失败（第 3/3 次）: failed to connect
[2026-05-07 23:42:57] [ERROR] [ShopBot] 设备连接失败，已重试 3 次: 127.0.0.1:16384
[2026-05-07 23:42:57] [INFO] [ShopBot] 正在连接设备 127.0.0.1:16384（第 1/6 次）
[2026-05-07 23:42:57] [WARNING] [ShopBot] 连接输出异常: failed to connect
[2026-05-07 23:42:57] [ERROR] [ShopBot] 连接失败（第 1/6 次）: failed to connect
[2026-05-07 23:42:57] [INFO] [ShopBot] 等待 0.0635868829875185 秒后重试...
[2026-05-07 23:42:57] [INFO] [ShopBot] 正在连接设备 127.0.0.1:16384（第 2/6 次）
[2026-05-07 23:42:57] [WARNING] [ShopBot] 连接输出异常: failed to connect
[2026-05-07 23:42:57] [ERROR] [ShopBot] 连接失败（第 2/6 次）: failed to connect
[2026-05-07 23:42:57] [INFO] [ShopBot] 等待 0.0635868829875185 秒后重试...
[2026-05-07 23:42:57] [INFO] [ShopBot] 正在连接设备 127.0.0.1:16384（第 3/6 次）
[2026-05-07 23:42:57] [WARNING] [ShopBot] 连接输出异常: failed to connect
[2026-05-07 23:42:57] [ERROR] [ShopBot] 连接失败（第 3/6 次）: failed to connect
[2026-05-07 23:42:57] [INFO] [ShopBot] 等待 0.0635868829875185 秒后重试...
[2026-05-07 23:42:57] [INFO] [ShopBot] 正在连接设备 127.0.0.1:16384（第 4/6 次）
[2026-05-07 23:42:57] [WARNING] [ShopBot] 连接输出异常: failed to connect
[2026-05-07 23:42:57] [ERROR] [ShopBot] 连接失败（第 4/6 次）: failed to connect
[2026-05-07 23:42:57] [INFO] [ShopBot] 等待 0.0635868829875185 秒后重试...
[2026-05-07 23:42:57] [INFO] [ShopBot] 正在连接设备 127.0.0.1:16384（第 5/6 次）
[2026-05-07 23:42:57] [WARNING] [ShopBot] 连接输出异常: failed to connect
[2026-05-07 23:42:57] [ERROR] [ShopBot] 连接失败（第 5/6 次）: failed to connect
[2026-05-07 23:42:57] [INFO] [ShopBot] 等待 0.0635868829875185 秒后重试...
[2026-05-07 23:42:57] [INFO] [ShopBot] 正在连接设备 127.0.0.1:16384（第 6/6 次）
[2026-05-07 23:42:57] [WARNING] [ShopBot] 连接输出异常: failed to connect
[2026-05-07 23:42:57] [ERROR] [ShopBot] 连接失败（第 6/6 次）: failed to connect
[2026-05-07 23:42:57] [ERROR] [ShopBot] 设备连接失败，已重试 6 次: 127.0.0.1:16384
[2026-05-07 23:42:57] [INFO] [ShopBot] 正在连接设备 127.0.0.1:16384（第 1/2 次）
[2026-05-07 23:42:57] [WARNING] [ShopBot] 连接输出异常: failed to connect
[2026-05-07 23:42:57] [ERROR] [ShopBot] 连接失败（第 1/2 次）: failed to connect
[2026-05-07 23:42:57] [INFO] [ShopBot] 等待 0.050797617610097205 秒后重试...
[2026-05-07 23:42:57] [INFO] [ShopBot] 正在连接设备 127.0.0.1:16384（第 2/2 次）
[2026-05-07 23:42:57] [WARNING] [ShopBot] 连接输出异常: failed to connect
[2026-05-07 23:42:57] [ERROR] [ShopBot] 连接失败（第 2/2 次）: failed to connect
[2026-05-07 23:42:57] [ERROR] [ShopBot] 设备连接失败，已重试 2 次: 127.0.0.1:16384
[2026-05-07 23:42:57] [INFO] [ShopBot] 正在连接设备 127.0.0.1:16384（第 1/2 次）
[2026-05-07 23:42:57] [WARNING] [ShopBot] 连接输出异常: failed to connect
[2026-05-07 23:42:57] [ERROR] [ShopBot] 连接失败（第 1/2 次）: failed to connect
[2026-05-07 23:42:57] [INFO] [ShopBot] 等待 0.09646004445320101 秒后重试...
[2026-05-07 23:42:57] [INFO] [ShopBot] 正在连接设备 127.0.0.1:16384（第 2/2 次）
[2026-05-07 23:42:57] [WARNING] [ShopBot] 连接输出异常: failed to connect
[2026-05-07 23:42:57] [ERROR] [ShopBot] 连接失败（第 2/2 次）: failed to connect
[2026-05-07 23:42:57] [ERROR] [ShopBot] 设备连接失败，已重试 2 次: 127.0.0.1:16384
[2026-05-07 23:42:57] [INFO] [ShopBot] 正在连接设备 127.0.0.1:16384（第 1/1 次）
[2026-05-07 23:42:57] [WARNING] [ShopBot] 连接输出异常: failed to connect
[2026-05-07 23:42:57] [ERROR] [ShopBot] 连接失败（第 1/1 次）: failed to connect
[2026-05-07 23:42:57] [ERROR] [ShopBot] 设备连接失败，已重试 1 次: 127.0.0.1:16384
[2026-05-07 23:42:57] [INFO] [ShopBot] 正在连接设备 127.0.0.1:16384（第 1/2 次）
[2026-05-07 23:42:57] [WARNING] [ShopBot] 连接输出异常: failed to connect
[2026-05-07 23:42:57] [ERROR] [ShopBot] 连接失败（第 1/2 次）: failed to connect
[2026-05-07 23:42:57] [INFO] [ShopBot] 等待 0.06585917398737613 秒后重试...
[2026-05-07 23:42:57] [INFO] [ShopBot] 正在连接设备 127.0.0.1:16384（第 2/2 次）
[2026-05-07 23:42:57] [WARNING] [ShopBot] 连接输出异常: failed to connect
[2026-05-07 23:42:57] [ERROR] [ShopBot] 连接失败（第 2/2 次）: failed to connect
[2026-05-07 23:42:57] [ERROR] [ShopBot] 设备连接失败，已重试 2 次: 127.0.0.1:16384
[2026-05-07 23:42:57] [INFO] [ShopBot] 正在连接设备 127.0.0.1:16384（第 1/4 次）
[2026-05-07 23:42:57] [WARNING] [ShopBot] 连接输出异常: failed to connect
[2026-05-07 23:42:57] [ERROR] [ShopBot] 连接失败（第 1/4 次）: failed to connect
[2026-05-07 23:42:57] [INFO] [ShopBot] 等待 0.054762343015591367 秒后重试...
[2026-05-07 23:42:57] [INFO] [ShopBot] 正在连接设备 127.0.0.1:16384（第 2/4 次）
[2026-05-07 23:42:57] [WARNING] [ShopBot] 连接输出异常: failed to connect
[2026-05-07 23:42:57] [ERROR] [ShopBot] 连接失败（第 2/4 次）: failed to connect
[2026-05-07 23:42:57] [INFO] [ShopBot] 等待 0.054762343015591367 秒后重试...
[2026-05-07 23:42:57] [INFO] [ShopBot] 正在连接设备 127.0.0.1:16384（第 3/4 次）
[2026-05-07 23:42:57] [WARNING] [ShopBot] 连接输出异常: failed to connect
[2026-05-07 23:42:57] [ERROR] [ShopBot] 连接失败（第 3/4 次）: failed to connect
[2026-05-07 23:42:57] [INFO] [ShopBot] 等待 0.054762343015591367 秒后重试...
[2026-05-07 23:42:57] [INFO] [ShopBot] 正在连接设备 127.0.0.1:16384（第 4/4 次）
[2026-05-07 23:42:57] [WARNING] [ShopBot] 连接输出异常: failed to connect
[2026-05-07 23:42:57] [ERROR] [ShopBot] 连接失败（第 4/4 次）: failed to connect
[2026-05-07 23:42:57] [ERROR] [ShopBot] 设备连接失败，已重试 4 次: 127.0.0.1:16384
[2026-05-07 23:42:57] [INFO] [ShopBot] 正在连接设备 127.0.0.1:16384（第 1/3 次）
[2026-05-07 23:42:57] [WARNING] [ShopBot] 连接输出异常: failed to connect
[2026-05-07 23:42:57] [ERROR] [ShopBot] 连接失败（第 1/3 次）: failed to connect
[2026-05-07 23:42:57] [INFO] [ShopBot] 等待 0.05828734189757092 秒后重试...
[2026-05-07 23:42:57] [INFO] [ShopBot] 正在连接设备 127.0.0.1:16384（第 2/3 次）
[2026-05-07 23:42:57] [WARNING] [ShopBot] 连接输出异常: failed to connect
[2026-05-07 23:42:57] [ERROR] [ShopBot] 连接失败（第 2/3 次）: failed to connect
[2026-05-07 23:42:57] [INFO] [ShopBot] 等待 0.05828734189757092 秒后重试...
[2026-05-07 23:42:57] [INFO] [ShopBot] 正在连接设备 127.0.0.1:16384（第 3/3 次）
[2026-05-07 23:42:57] [WARNING] [ShopBot] 连接输出异常: failed to connect
[2026-05-07 23:42:57] [ERROR] [ShopBot] 连接失败（第 3/3 次）: failed to connect
[2026-05-07 23:42:57] [ERROR] [ShopBot] 设备连接失败，已重试 3 次: 127.0.0.1:16384
[2026-05-07 23:42:57] [INFO] [ShopBot] 正在连接设备 127.0.0.1:16384（第 1/3 次）
[2026-05-07 23:42:57] [WARNING] [ShopBot] 连接输出异常: failed to connect
[2026-05-07 23:42:57] [ERROR] [ShopBot] 连接失败（第 1/3 次）: failed to connect
[2026-05-07 23:42:57] [INFO] [ShopBot] 等待 0.08509505456594796 秒后重试...
[2026-05-07 23:42:57] [INFO] [ShopBot] 正在连接设备 127.0.0.1:16384（第 2/3 次）
[2026-05-07 23:42:57] [WARNING] [ShopBot] 连接输出异常: failed to connect
[2026-05-07 23:42:57] [ERROR] [ShopBot] 连接失败（第 2/3 次）: failed to connect
[2026-05-07 23:42:57] [INFO] [ShopBot] 等待 0.08509505456594796 秒后重试...
[2026-05-07 23:42:57] [INFO] [ShopBot] 正在连接设备 127.0.0.1:16384（第 3/3 次）
[2026-05-07 23:42:57] [WARNING] [ShopBot] 连接输出异常: failed to connect
[2026-05-07 23:42:57] [ERROR] [ShopBot] 连接失败（第 3/3 次）: failed to connect
[2026-05-07 23:42:57] [ERROR] [ShopBot] 设备连接失败，已重试 3 次: 127.0.0.1:16384
[2026-05-07 23:42:57] [INFO] [ShopBot] 正在连接设备 127.0.0.1:16384（第 1/2 次）
[2026-05-07 23:42:57] [WARNING] [ShopBot] 连接输出异常: failed to connect
[2026-05-07 23:42:57] [ERROR] [ShopBot] 连接失败（第 1/2 次）: failed to connect
[2026-05-07 23:42:57] [INFO] [ShopBot] 等待 0.05849601245206895 秒后重试...
[2026-05-07 23:42:57] [INFO] [ShopBot] 正在连接设备 127.0.0.1:16384（第 2/2 次）
[2026-05-07 23:42:57] [WARNING] [ShopBot] 连接输出异常: failed to connect
[2026-05-07 23:42:57] [ERROR] [ShopBot] 连接失败（第 2/2 次）: failed to connect
[2026-05-07 23:42:57] [ERROR] [ShopBot] 设备连接失败，已重试 2 次: 127.0.0.1:16384
[2026-05-07 23:42:57] [INFO] [ShopBot] 正在连接设备 127.0.0.1:16384（第 1/4 次）
[2026-05-07 23:42:57] [WARNING] [ShopBot] 连接输出异常: failed to connect
[2026-05-07 23:42:57] [ERROR] [ShopBot] 连接失败（第 1/4 次）: failed to connect
[2026-05-07 23:42:57] [INFO] [ShopBot] 等待 0.05567730555442282 秒后重试...
[2026-05-07 23:42:57] [INFO] [ShopBot] 正在连接设备 127.0.0.1:16384（第 2/4 次）
[2026-05-07 23:42:57] [WARNING] [ShopBot] 连接输出异常: failed to connect
[2026-05-07 23:42:57] [ERROR] [ShopBot] 连接失败（第 2/4 次）: failed to connect
[2026-05-07 23:42:57] [INFO] [ShopBot] 等待 0.05567730555442282 秒后重试...
[2026-05-07 23:42:57] [INFO] [ShopBot] 正在连接设备 127.0.0.1:16384（第 3/4 次）
[2026-05-07 23:42:57] [WARNING] [ShopBot] 连接输出异常: failed to connect
[2026-05-07 23:42:57] [ERROR] [ShopBot] 连接失败（第 3/4 次）: failed to connect
[2026-05-07 23:42:57] [INFO] [ShopBot] 等待 0.05567730555442282 秒后重试...
[2026-05-07 23:42:57] [INFO] [ShopBot] 正在连接设备 127.0.0.1:16384（第 4/4 次）
[2026-05-07 23:42:57] [WARNING] [ShopBot] 连接输出异常: failed to connect
[2026-05-07 23:42:57] [ERROR] [ShopBot] 连接失败（第 4/4 次）: failed to connect
[2026-05-07 23:42:57] [ERROR] [ShopBot] 设备连接失败，已重试 4 次: 127.0.0.1:16384
[2026-05-07 23:42:57] [INFO] [ShopBot] 正在连接设备 127.0.0.1:16384（第 1/5 次）
[2026-05-07 23:42:57] [WARNING] [ShopBot] 连接输出异常: failed to connect
[2026-05-07 23:42:57] [ERROR] [ShopBot] 连接失败（第 1/5 次）: failed to connect
[2026-05-07 23:42:57] [INFO] [ShopBot] 等待 0.05093248231090522 秒后重试...
[2026-05-07 23:42:57] [INFO] [ShopBot] 正在连接设备 127.0.0.1:16384（第 2/5 次）
[2026-05-07 23:42:57] [WARNING] [ShopBot] 连接输出异常: failed to connect
[2026-05-07 23:42:57] [ERROR] [ShopBot] 连接失败（第 2/5 次）: failed to connect
[2026-05-07 23:42:57] [INFO] [ShopBot] 等待 0.05093248231090522 秒后重试...
[2026-05-07 23:42:57] [INFO] [ShopBot] 正在连接设备 127.0.0.1:16384（第 3/5 次）
[2026-05-07 23:42:57] [WARNING] [ShopBot] 连接输出异常: failed to connect
[2026-05-07 23:42:57] [ERROR] [ShopBot] 连接失败（第 3/5 次）: failed to connect
[2026-05-07 23:42:57] [INFO] [ShopBot] 等待 0.05093248231090522 秒后重试...
[2026-05-07 23:42:57] [INFO] [ShopBot] 正在连接设备 127.0.0.1:16384（第 4/5 次）
[2026-05-07 23:42:57] [WARNING] [ShopBot] 连接输出异常: failed to connect
[2026-05-07 23:42:57] [ERROR] [ShopBot] 连接失败（第 4/5 次）: failed to connect
[2026-05-07 23:42:57] [INFO] [ShopBot] 等待 0.05093248231090522 秒后重试...
[2026-05-07 23:42:57] [INFO] [ShopBot] 正在连接设备 127.0.0.1:16384（第 5/5 次）
[2026-05-07 23:42:57] [WARNING] [ShopBot] 连接输出异常: failed to connect
[2026-05-07 23:42:57] [ERROR] [ShopBot] 连接失败（第 5/5 次）: failed to connect
[2026-05-07 23:42:57] [ERROR] [ShopBot] 设备连接失败，已重试 5 次: 127.0.0.1:16384
[2026-05-07 23:42:57] [INFO] [ShopBot] 正在连接设备 127.0.0.1:16384（第 1/5 次）
[2026-05-07 23:42:57] [WARNING] [ShopBot] 连接输出异常: failed to connect
[2026-05-07 23:42:57] [ERROR] [ShopBot] 连接失败（第 1/5 次）: failed to connect
[2026-05-07 23:42:57] [INFO] [ShopBot] 等待 0.0157057900491104 秒后重试...
[2026-05-07 23:42:57] [INFO] [ShopBot] 正在连接设备 127.0.0.1:16384（第 2/5 次）
[2026-05-07 23:42:57] [WARNING] [ShopBot] 连接输出异常: failed to connect
[2026-05-07 23:42:57] [ERROR] [ShopBot] 连接失败（第 2/5 次）: failed to connect
[2026-05-07 23:42:57] [INFO] [ShopBot] 等待 0.0157057900491104 秒后重试...
[2026-05-07 23:42:57] [INFO] [ShopBot] 正在连接设备 127.0.0.1:16384（第 3/5 次）
[2026-05-07 23:42:57] [WARNING] [ShopBot] 连接输出异常: failed to connect
[2026-05-07 23:42:57] [ERROR] [ShopBot] 连接失败（第 3/5 次）: failed to connect
[2026-05-07 23:42:57] [INFO] [ShopBot] 等待 0.0157057900491104 秒后重试...
[2026-05-07 23:42:57] [INFO] [ShopBot] 正在连接设备 127.0.0.1:16384（第 4/5 次）
[2026-05-07 23:42:57] [WARNING] [ShopBot] 连接输出异常: failed to connect
[2026-05-07 23:42:57] [ERROR] [ShopBot] 连接失败（第 4/5 次）: failed to connect
[2026-05-07 23:42:57] [INFO] [ShopBot] 等待 0.0157057900491104 秒后重试...
[2026-05-07 23:42:57] [INFO] [ShopBot] 正在连接设备 127.0.0.1:16384（第 5/5 次）
[2026-05-07 23:42:57] [WARNING] [ShopBot] 连接输出异常: failed to connect
[2026-05-07 23:42:57] [ERROR] [ShopBot] 连接失败（第 5/5 次）: failed to connect
[2026-05-07 23:42:57] [ERROR] [ShopBot] 设备连接失败，已重试 5 次: 127.0.0.1:16384
[2026-05-07 23:42:57] [INFO] [ShopBot] 正在连接设备 127.0.0.1:16384（第 1/2 次）
[2026-05-07 23:42:57] [WARNING] [ShopBot] 连接输出异常: failed to connect
[2026-05-07 23:42:57] [ERROR] [ShopBot] 连接失败（第 1/2 次）: failed to connect
[2026-05-07 23:42:57] [INFO] [ShopBot] 等待 0.04569765030934379 秒后重试...
[2026-05-07 23:42:57] [INFO] [ShopBot] 正在连接设备 127.0.0.1:16384（第 2/2 次）
[2026-05-07 23:42:57] [WARNING] [ShopBot] 连接输出异常: failed to connect
[2026-05-07 23:42:57] [ERROR] [ShopBot] 连接失败（第 2/2 次）: failed to connect
[2026-05-07 23:42:57] [ERROR] [ShopBot] 设备连接失败，已重试 2 次: 127.0.0.1:16384
[2026-05-07 23:42:57] [INFO] [ShopBot] 正在连接设备 127.0.0.1:16384（第 1/3 次）
[2026-05-07 23:42:57] [INFO] [ShopBot] 设备连接成功: 127.0.0.1:16384
[2026-05-07 23:42:57] [INFO] [ShopBot] 正在连接设备 127.0.0.1:16384（第 1/3 次）
[2026-05-07 23:42:57] [INFO] [ShopBot] 设备连接成功: 127.0.0.1:16384
[2026-05-07 23:42:57] [INFO] [ShopBot] 正在连接设备 127.0.0.1:16384（第 1/3 次）
[2026-05-07 23:42:57] [WARNING] [ShopBot] 连接输出异常: failed to connect
[2026-05-07 23:42:57] [ERROR] [ShopBot] 连接失败（第 1/3 次）: failed to connect
[2026-05-07 23:42:57] [INFO] [ShopBot] 等待 1.0 秒后重试...
[2026-05-07 23:42:57] [INFO] [ShopBot] 正在连接设备 127.0.0.1:16384（第 2/3 次）
[2026-05-07 23:42:57] [INFO] [ShopBot] 设备连接成功: 127.0.0.1:16384
[2026-05-07 23:42:57] [INFO] [ShopBot] 正在连接设备 127.0.0.1:16384（第 1/3 次）
[2026-05-07 23:42:57] [WARNING] [ShopBot] 连接输出异常: failed
[2026-05-07 23:42:57] [ERROR] [ShopBot] 连接失败（第 1/3 次）: failed
[2026-05-07 23:42:57] [INFO] [ShopBot] 等待 0.1 秒后重试...
[2026-05-07 23:42:57] [INFO] [ShopBot] 正在连接设备 127.0.0.1:16384（第 2/3 次）
[2026-05-07 23:42:57] [WARNING] [ShopBot] 连接输出异常: failed
[2026-05-07 23:42:57] [ERROR] [ShopBot] 连接失败（第 2/3 次）: failed
[2026-05-07 23:42:57] [INFO] [ShopBot] 等待 0.1 秒后重试...
[2026-05-07 23:42:57] [INFO] [ShopBot] 正在连接设备 127.0.0.1:16384（第 3/3 次）
[2026-05-07 23:42:57] [WARNING] [ShopBot] 连接输出异常: failed
[2026-05-07 23:42:57] [ERROR] [ShopBot] 连接失败（第 3/3 次）: failed
[2026-05-07 23:42:57] [ERROR] [ShopBot] 设备连接失败，已重试 3 次: 127.0.0.1:16384
[2026-05-07 23:42:57] [INFO] [ShopBot] 正在连接设备 127.0.0.1:16384（第 1/2 次）
[2026-05-07 23:42:57] [ERROR] [ShopBot] 连接失败（第 1/2 次）: adb not found
[2026-05-07 23:42:57] [INFO] [ShopBot] 等待 0.1 秒后重试...
[2026-05-07 23:42:57] [INFO] [ShopBot] 正在连接设备 127.0.0.1:16384（第 2/2 次）
[2026-05-07 23:42:57] [INFO] [ShopBot] 设备连接成功: 127.0.0.1:16384
[2026-05-07 23:42:57] [INFO] [ShopBot] 点击 (193, 249) @ TEST_BTN
[2026-05-07 23:42:57] [INFO] [ShopBot] 点击 (123, 273) @ <MagicMock id='1554533398048'>
[2026-05-07 23:42:57] [INFO] [ShopBot] 滑动 (100, 200) -> (300, 400), 时长 0.5s
[2026-05-07 23:42:57] [INFO] [ShopBot] 滑动 (100, 200) -> (300, 400), 时长 0.3s
[2026-05-07 23:42:57] [WARNING] [ShopBot] 无可用截图，跳过错误截图保存
[2026-05-07 23:42:57] [INFO] [ShopBot] 错误截图已保存: C:\Users\18579\AppData\Local\Temp\pytest-of-18579\pytest-0\test_save_error_screenshot_wit0\device_error_20260507_234257.png
[2026-05-07 23:42:57] [INFO] [ShopBot] 错误截图已保存: C:\Users\18579\AppData\Local\Temp\pytest-of-18579\pytest-0\test_save_screenshot_creates_f0\20260507_234257.png
[2026-05-07 23:42:57] [INFO] [ShopBot] 错误截图已保存: C:\Users\18579\AppData\Local\Temp\pytest-of-18579\pytest-0\test_save_screenshot_with_name0\test_error_20260507_234257.png
[2026-05-07 23:42:57] [WARNING] [ShopBot] 无法保存截图: 无效的图像类型 <class 'str'>
[2026-05-07 23:42:57] [INFO] [ShopBot] 错误截图已保存: C:\Users\18579\AppData\Local\Temp\pytest-of-18579\pytest-0\test_save_screenshot_png_forma0\20260507_234257.png
[2026-05-07 23:42:57] [DEBUG] [ShopBot] 左侧导航顶部亮度: 240.0
[2026-05-07 23:42:57] [INFO] [ShopBot] 场景检测: 秘密商店（左侧导航栏白色高亮）
[2026-05-07 23:42:57] [DEBUG] [ShopBot] 左侧导航顶部亮度: 180.0
[2026-05-07 23:42:57] [DEBUG] [ShopBot] 左侧导航亮度: 180.0 底部亮度: 130.0
[2026-05-07 23:42:57] [INFO] [ShopBot] 场景检测: 游戏大厅
[2026-05-07 23:42:57] [DEBUG] [ShopBot] 左侧导航顶部亮度: 100.0
[2026-05-07 23:42:57] [DEBUG] [ShopBot] 左侧导航亮度: 100.0 底部亮度: 50.0
[2026-05-07 23:42:57] [WARNING] [ShopBot] 场景检测: 未知界面
[2026-05-07 23:42:57] [DEBUG] [ShopBot] 左侧导航顶部亮度: 240.0
[2026-05-07 23:42:57] [INFO] [ShopBot] 场景检测: 秘密商店（左侧导航栏白色高亮）
[2026-05-07 23:42:57] [DEBUG] [ShopBot] 左侧导航顶部亮度: 250.0
[2026-05-07 23:42:57] [DEBUG] [ShopBot] 左侧导航顶部亮度: 150.0
[2026-05-07 23:42:57] [DEBUG] [ShopBot] 左侧导航亮度: 180.0 底部亮度: 140.0
[2026-05-07 23:42:57] [DEBUG] [ShopBot] 左侧导航亮度: 180.0 底部亮度: 50.0
[2026-05-07 23:42:57] [DEBUG] [ShopBot] 左侧导航亮度: 230.0 底部亮度: 140.0
[2026-05-07 23:42:57] [DEBUG] [ShopBot] 左侧导航亮度: 100.0 底部亮度: 140.0
[2026-05-07 23:42:57] [INFO] [ShopBot] 开始导航至秘密商店（超时 30.0s）
[2026-05-07 23:42:57] [INFO] [ShopBot] 已到达秘密商店
[2026-05-07 23:42:57] [INFO] [ShopBot] 开始导航至秘密商店（超时 30.0s）
[2026-05-07 23:42:57] [INFO] [ShopBot] 从大厅点击左侧导航栏的秘密商店入口
[2026-05-07 23:42:57] [INFO] [ShopBot] 已到达秘密商店
[2026-05-07 23:42:57] [INFO] [ShopBot] 开始导航至秘密商店（超时 0.01s）
[2026-05-07 23:42:57] [WARNING] [ShopBot] 界面无法识别且无弹窗，等待后重试
[2026-05-07 23:42:57] [WARNING] [ShopBot] 界面无法识别且无弹窗，等待后重试
[2026-05-07 23:42:57] [WARNING] [ShopBot] 界面无法识别且无弹窗，等待后重试
[2026-05-07 23:42:57] [WARNING] [ShopBot] 界面无法识别且无弹窗，等待后重试
[2026-05-07 23:42:57] [WARNING] [ShopBot] 界面无法识别且无弹窗，等待后重试
[2026-05-07 23:42:57] [WARNING] [ShopBot] 界面无法识别且无弹窗，等待后重试
[2026-05-07 23:42:57] [WARNING] [ShopBot] 界面无法识别且无弹窗，等待后重试
[2026-05-07 23:42:57] [WARNING] [ShopBot] 界面无法识别且无弹窗，等待后重试
[2026-05-07 23:42:57] [WARNING] [ShopBot] 界面无法识别且无弹窗，等待后重试
[2026-05-07 23:42:57] [WARNING] [ShopBot] 界面无法识别且无弹窗，等待后重试
[2026-05-07 23:42:57] [WARNING] [ShopBot] 界面无法识别且无弹窗，等待后重试
[2026-05-07 23:42:57] [WARNING] [ShopBot] 界面无法识别且无弹窗，等待后重试
[2026-05-07 23:42:57] [WARNING] [ShopBot] 界面无法识别且无弹窗，等待后重试
[2026-05-07 23:42:57] [WARNING] [ShopBot] 界面无法识别且无弹窗，等待后重试
[2026-05-07 23:42:57] [WARNING] [ShopBot] 界面无法识别且无弹窗，等待后重试
[2026-05-07 23:42:57] [WARNING] [ShopBot] 界面无法识别且无弹窗，等待后重试
[2026-05-07 23:42:57] [WARNING] [ShopBot] 界面无法识别且无弹窗，等待后重试
[2026-05-07 23:42:57] [WARNING] [ShopBot] 界面无法识别且无弹窗，等待后重试
[2026-05-07 23:42:57] [WARNING] [ShopBot] 界面无法识别且无弹窗，等待后重试
[2026-05-07 23:42:57] [WARNING] [ShopBot] 界面无法识别且无弹窗，等待后重试
[2026-05-07 23:42:57] [WARNING] [ShopBot] 界面无法识别且无弹窗，等待后重试
[2026-05-07 23:42:57] [WARNING] [ShopBot] 界面无法识别且无弹窗，等待后重试
[2026-05-07 23:42:57] [WARNING] [ShopBot] 界面无法识别且无弹窗，等待后重试
[2026-05-07 23:42:57] [WARNING] [ShopBot] 界面无法识别且无弹窗，等待后重试
[2026-05-07 23:42:57] [WARNING] [ShopBot] 界面无法识别且无弹窗，等待后重试
[2026-05-07 23:42:57] [WARNING] [ShopBot] 界面无法识别且无弹窗，等待后重试
[2026-05-07 23:42:57] [WARNING] [ShopBot] 界面无法识别且无弹窗，等待后重试
[2026-05-07 23:42:57] [WARNING] [ShopBot] 界面无法识别且无弹窗，等待后重试
[2026-05-07 23:42:57] [WARNING] [ShopBot] 界面无法识别且无弹窗，等待后重试
[2026-05-07 23:42:57] [WARNING] [ShopBot] 界面无法识别且无弹窗，等待后重试
[2026-05-07 23:42:57] [WARNING] [ShopBot] 界面无法识别且无弹窗，等待后重试
[2026-05-07 23:42:57] [WARNING] [ShopBot] 界面无法识别且无弹窗，等待后重试
[2026-05-07 23:42:57] [WARNING] [ShopBot] 界面无法识别且无弹窗，等待后重试
[2026-05-07 23:42:57] [WARNING] [ShopBot] 界面无法识别且无弹窗，等待后重试
[2026-05-07 23:42:57] [WARNING] [ShopBot] 界面无法识别且无弹窗，等待后重试
[2026-05-07 23:42:57] [WARNING] [ShopBot] 界面无法识别且无弹窗，等待后重试
[2026-05-07 23:42:57] [WARNING] [ShopBot] 界面无法识别且无弹窗，等待后重试
[2026-05-07 23:42:57] [WARNING] [ShopBot] 界面无法识别且无弹窗，等待后重试
[2026-05-07 23:42:57] [WARNING] [ShopBot] 界面无法识别且无弹窗，等待后重试
[2026-05-07 23:42:57] [WARNING] [ShopBot] 界面无法识别且无弹窗，等待后重试
[2026-05-07 23:42:57] [WARNING] [ShopBot] 界面无法识别且无弹窗，等待后重试
[2026-05-07 23:42:57] [WARNING] [ShopBot] 界面无法识别且无弹窗，等待后重试
[2026-05-07 23:42:57] [WARNING] [ShopBot] 界面无法识别且无弹窗，等待后重试
[2026-05-07 23:42:57] [WARNING] [ShopBot] 界面无法识别且无弹窗，等待后重试
[2026-05-07 23:42:57] [WARNING] [ShopBot] 界面无法识别且无弹窗，等待后重试
[2026-05-07 23:42:57] [WARNING] [ShopBot] 界面无法识别且无弹窗，等待后重试
[2026-05-07 23:42:57] [WARNING] [ShopBot] 界面无法识别且无弹窗，等待后重试
[2026-05-07 23:42:57] [WARNING] [ShopBot] 界面无法识别且无弹窗，等待后重试
[2026-05-07 23:42:57] [WARNING] [ShopBot] 界面无法识别且无弹窗，等待后重试
[2026-05-07 23:42:57] [WARNING] [ShopBot] 界面无法识别且无弹窗，等待后重试
[2026-05-07 23:42:57] [WARNING] [ShopBot] 界面无法识别且无弹窗，等待后重试
[2026-05-07 23:42:57] [WARNING] [ShopBot] 界面无法识别且无弹窗，等待后重试
[2026-05-07 23:42:57] [WARNING] [ShopBot] 界面无法识别且无弹窗，等待后重试
[2026-05-07 23:42:57] [WARNING] [ShopBot] 界面无法识别且无弹窗，等待后重试
[2026-05-07 23:42:57] [WARNING] [ShopBot] 界面无法识别且无弹窗，等待后重试
[2026-05-07 23:42:57] [WARNING] [ShopBot] 界面无法识别且无弹窗，等待后重试
[2026-05-07 23:42:57] [WARNING] [ShopBot] 界面无法识别且无弹窗，等待后重试
[2026-05-07 23:42:57] [WARNING] [ShopBot] 界面无法识别且无弹窗，等待后重试
[2026-05-07 23:42:57] [WARNING] [ShopBot] 界面无法识别且无弹窗，等待后重试
[2026-05-07 23:42:57] [WARNING] [ShopBot] 界面无法识别且无弹窗，等待后重试
[2026-05-07 23:42:57] [WARNING] [ShopBot] 界面无法识别且无弹窗，等待后重试
[2026-05-07 23:42:57] [WARNING] [ShopBot] 界面无法识别且无弹窗，等待后重试
[2026-05-07 23:42:57] [WARNING] [ShopBot] 界面无法识别且无弹窗，等待后重试
[2026-05-07 23:42:57] [WARNING] [ShopBot] 界面无法识别且无弹窗，等待后重试
[2026-05-07 23:42:57] [WARNING] [ShopBot] 界面无法识别且无弹窗，等待后重试
[2026-05-07 23:42:57] [WARNING] [ShopBot] 界面无法识别且无弹窗，等待后重试
[2026-05-07 23:42:57] [WARNING] [ShopBot] 界面无法识别且无弹窗，等待后重试
[2026-05-07 23:42:57] [WARNING] [ShopBot] 界面无法识别且无弹窗，等待后重试
[2026-05-07 23:42:57] [WARNING] [ShopBot] 界面无法识别且无弹窗，等待后重试
[2026-05-07 23:42:57] [WARNING] [ShopBot] 界面无法识别且无弹窗，等待后重试
[2026-05-07 23:42:57] [WARNING] [ShopBot] 界面无法识别且无弹窗，等待后重试
[2026-05-07 23:42:57] [WARNING] [ShopBot] 界面无法识别且无弹窗，等待后重试
[2026-05-07 23:42:57] [WARNING] [ShopBot] 界面无法识别且无弹窗，等待后重试
[2026-05-07 23:42:57] [WARNING] [ShopBot] 界面无法识别且无弹窗，等待后重试
[2026-05-07 23:42:57] [WARNING] [ShopBot] 界面无法识别且无弹窗，等待后重试
[2026-05-07 23:42:57] [WARNING] [ShopBot] 界面无法识别且无弹窗，等待后重试
[2026-05-07 23:42:57] [WARNING] [ShopBot] 界面无法识别且无弹窗，等待后重试
[2026-05-07 23:42:57] [WARNING] [ShopBot] 界面无法识别且无弹窗，等待后重试
[2026-05-07 23:42:57] [WARNING] [ShopBot] 界面无法识别且无弹窗，等待后重试
[2026-05-07 23:42:57] [WARNING] [ShopBot] 界面无法识别且无弹窗，等待后重试
[2026-05-07 23:42:57] [WARNING] [ShopBot] 界面无法识别且无弹窗，等待后重试
[2026-05-07 23:42:57] [WARNING] [ShopBot] 界面无法识别且无弹窗，等待后重试
[2026-05-07 23:42:57] [WARNING] [ShopBot] 界面无法识别且无弹窗，等待后重试
[2026-05-07 23:42:57] [WARNING] [ShopBot] 界面无法识别且无弹窗，等待后重试
[2026-05-07 23:42:57] [WARNING] [ShopBot] 界面无法识别且无弹窗，等待后重试
[2026-05-07 23:42:57] [WARNING] [ShopBot] 界面无法识别且无弹窗，等待后重试
[2026-05-07 23:42:57] [WARNING] [ShopBot] 界面无法识别且无弹窗，等待后重试
[2026-05-07 23:42:57] [WARNING] [ShopBot] 界面无法识别且无弹窗，等待后重试
[2026-05-07 23:42:57] [WARNING] [ShopBot] 界面无法识别且无弹窗，等待后重试
[2026-05-07 23:42:57] [WARNING] [ShopBot] 界面无法识别且无弹窗，等待后重试
[2026-05-07 23:42:57] [WARNING] [ShopBot] 界面无法识别且无弹窗，等待后重试
[2026-05-07 23:42:57] [WARNING] [ShopBot] 界面无法识别且无弹窗，等待后重试
[2026-05-07 23:42:57] [WARNING] [ShopBot] 界面无法识别且无弹窗，等待后重试
[2026-05-07 23:42:57] [WARNING] [ShopBot] 界面无法识别且无弹窗，等待后重试
[2026-05-07 23:42:57] [WARNING] [ShopBot] 界面无法识别且无弹窗，等待后重试
[2026-05-07 23:42:57] [WARNING] [ShopBot] 界面无法识别且无弹窗，等待后重试
[2026-05-07 23:42:57] [WARNING] [ShopBot] 界面无法识别且无弹窗，等待后重试
[2026-05-07 23:42:57] [WARNING] [ShopBot] 界面无法识别且无弹窗，等待后重试
[2026-05-07 23:42:57] [WARNING] [ShopBot] 界面无法识别且无弹窗，等待后重试
[2026-05-07 23:42:57] [WARNING] [ShopBot] 界面无法识别且无弹窗，等待后重试
[2026-05-07 23:42:57] [WARNING] [ShopBot] 界面无法识别且无弹窗，等待后重试
[2026-05-07 23:42:57] [WARNING] [ShopBot] 界面无法识别且无弹窗，等待后重试
[2026-05-07 23:42:57] [WARNING] [ShopBot] 界面无法识别且无弹窗，等待后重试
[2026-05-07 23:42:57] [WARNING] [ShopBot] 界面无法识别且无弹窗，等待后重试
[2026-05-07 23:42:57] [WARNING] [ShopBot] 界面无法识别且无弹窗，等待后重试
[2026-05-07 23:42:57] [WARNING] [ShopBot] 界面无法识别且无弹窗，等待后重试
[2026-05-07 23:42:57] [WARNING] [ShopBot] 界面无法识别且无弹窗，等待后重试
[2026-05-07 23:42:57] [WARNING] [ShopBot] 界面无法识别且无弹窗，等待后重试
[2026-05-07 23:42:57] [WARNING] [ShopBot] 界面无法识别且无弹窗，等待后重试
[2026-05-07 23:42:57] [WARNING] [ShopBot] 界面无法识别且无弹窗，等待后重试
[2026-05-07 23:42:57] [WARNING] [ShopBot] 界面无法识别且无弹窗，等待后重试
[2026-05-07 23:42:57] [WARNING] [ShopBot] 界面无法识别且无弹窗，等待后重试
[2026-05-07 23:42:57] [WARNING] [ShopBot] 界面无法识别且无弹窗，等待后重试
[2026-05-07 23:42:57] [WARNING] [ShopBot] 界面无法识别且无弹窗，等待后重试
[2026-05-07 23:42:57] [WARNING] [ShopBot] 界面无法识别且无弹窗，等待后重试
[2026-05-07 23:42:57] [WARNING] [ShopBot] 界面无法识别且无弹窗，等待后重试
[2026-05-07 23:42:57] [WARNING] [ShopBot] 界面无法识别且无弹窗，等待后重试
[2026-05-07 23:42:57] [WARNING] [ShopBot] 界面无法识别且无弹窗，等待后重试
[2026-05-07 23:42:57] [WARNING] [ShopBot] 界面无法识别且无弹窗，等待后重试
[2026-05-07 23:42:57] [WARNING] [ShopBot] 界面无法识别且无弹窗，等待后重试
[2026-05-07 23:42:57] [WARNING] [ShopBot] 界面无法识别且无弹窗，等待后重试
[2026-05-07 23:42:57] [WARNING] [ShopBot] 界面无法识别且无弹窗，等待后重试
[2026-05-07 23:42:57] [WARNING] [ShopBot] 界面无法识别且无弹窗，等待后重试
[2026-05-07 23:42:57] [WARNING] [ShopBot] 界面无法识别且无弹窗，等待后重试
[2026-05-07 23:42:57] [WARNING] [ShopBot] 界面无法识别且无弹窗，等待后重试
[2026-05-07 23:42:57] [WARNING] [ShopBot] 界面无法识别且无弹窗，等待后重试
[2026-05-07 23:42:57] [WARNING] [ShopBot] 界面无法识别且无弹窗，等待后重试
[2026-05-07 23:42:57] [WARNING] [ShopBot] 界面无法识别且无弹窗，等待后重试
[2026-05-07 23:42:57] [WARNING] [ShopBot] 界面无法识别且无弹窗，等待后重试
[2026-05-07 23:42:57] [WARNING] [ShopBot] 界面无法识别且无弹窗，等待后重试
[2026-05-07 23:42:57] [WARNING] [ShopBot] 界面无法识别且无弹窗，等待后重试
[2026-05-07 23:42:57] [WARNING] [ShopBot] 界面无法识别且无弹窗，等待后重试
[2026-05-07 23:42:57] [WARNING] [ShopBot] 界面无法识别且无弹窗，等待后重试
[2026-05-07 23:42:57] [WARNING] [ShopBot] 界面无法识别且无弹窗，等待后重试
[2026-05-07 23:42:57] [WARNING] [ShopBot] 界面无法识别且无弹窗，等待后重试
[2026-05-07 23:42:57] [WARNING] [ShopBot] 界面无法识别且无弹窗，等待后重试
[2026-05-07 23:42:57] [WARNING] [ShopBot] 界面无法识别且无弹窗，等待后重试
[2026-05-07 23:42:57] [WARNING] [ShopBot] 界面无法识别且无弹窗，等待后重试
[2026-05-07 23:42:57] [WARNING] [ShopBot] 界面无法识别且无弹窗，等待后重试
[2026-05-07 23:42:57] [WARNING] [ShopBot] 界面无法识别且无弹窗，等待后重试
[2026-05-07 23:42:57] [WARNING] [ShopBot] 界面无法识别且无弹窗，等待后重试
[2026-05-07 23:42:57] [WARNING] [ShopBot] 界面无法识别且无弹窗，等待后重试
[2026-05-07 23:42:57] [WARNING] [ShopBot] 界面无法识别且无弹窗，等待后重试
[2026-05-07 23:42:57] [WARNING] [ShopBot] 界面无法识别且无弹窗，等待后重试
[2026-05-07 23:42:57] [WARNING] [ShopBot] 界面无法识别且无弹窗，等待后重试
[2026-05-07 23:42:57] [WARNING] [ShopBot] 界面无法识别且无弹窗，等待后重试
[2026-05-07 23:42:57] [WARNING] [ShopBot] 界面无法识别且无弹窗，等待后重试
[2026-05-07 23:42:57] [WARNING] [ShopBot] 界面无法识别且无弹窗，等待后重试
[2026-05-07 23:42:57] [WARNING] [ShopBot] 界面无法识别且无弹窗，等待后重试
[2026-05-07 23:42:57] [WARNING] [ShopBot] 界面无法识别且无弹窗，等待后重试
[2026-05-07 23:42:57] [WARNING] [ShopBot] 界面无法识别且无弹窗，等待后重试
[2026-05-07 23:42:57] [WARNING] [ShopBot] 界面无法识别且无弹窗，等待后重试
[2026-05-07 23:42:57] [WARNING] [ShopBot] 界面无法识别且无弹窗，等待后重试
[2026-05-07 23:42:57] [WARNING] [ShopBot] 界面无法识别且无弹窗，等待后重试
[2026-05-07 23:42:57] [WARNING] [ShopBot] 界面无法识别且无弹窗，等待后重试
[2026-05-07 23:42:57] [WARNING] [ShopBot] 界面无法识别且无弹窗，等待后重试
[2026-05-07 23:42:57] [WARNING] [ShopBot] 界面无法识别且无弹窗，等待后重试
[2026-05-07 23:42:57] [WARNING] [ShopBot] 界面无法识别且无弹窗，等待后重试
[2026-05-07 23:42:57] [WARNING] [ShopBot] 界面无法识别且无弹窗，等待后重试
[2026-05-07 23:42:57] [WARNING] [ShopBot] 界面无法识别且无弹窗，等待后重试
[2026-05-07 23:42:57] [WARNING] [ShopBot] 界面无法识别且无弹窗，等待后重试
[2026-05-07 23:42:57] [WARNING] [ShopBot] 界面无法识别且无弹窗，等待后重试
[2026-05-07 23:42:57] [WARNING] [ShopBot] 界面无法识别且无弹窗，等待后重试
[2026-05-07 23:42:57] [WARNING] [ShopBot] 界面无法识别且无弹窗，等待后重试
[2026-05-07 23:42:57] [WARNING] [ShopBot] 界面无法识别且无弹窗，等待后重试
[2026-05-07 23:42:57] [WARNING] [ShopBot] 界面无法识别且无弹窗，等待后重试
[2026-05-07 23:42:57] [WARNING] [ShopBot] 界面无法识别且无弹窗，等待后重试
[2026-05-07 23:42:57] [WARNING] [ShopBot] 界面无法识别且无弹窗，等待后重试
[2026-05-07 23:42:57] [WARNING] [ShopBot] 界面无法识别且无弹窗，等待后重试
[2026-05-07 23:42:57] [WARNING] [ShopBot] 界面无法识别且无弹窗，等待后重试
[2026-05-07 23:42:57] [WARNING] [ShopBot] 界面无法识别且无弹窗，等待后重试
[2026-05-07 23:42:57] [WARNING] [ShopBot] 界面无法识别且无弹窗，等待后重试
[2026-05-07 23:42:57] [WARNING] [ShopBot] 界面无法识别且无弹窗，等待后重试
[2026-05-07 23:42:57] [WARNING] [ShopBot] 界面无法识别且无弹窗，等待后重试
[2026-05-07 23:42:57] [WARNING] [ShopBot] 界面无法识别且无弹窗，等待后重试
[2026-05-07 23:42:57] [WARNING] [ShopBot] 界面无法识别且无弹窗，等待后重试
[2026-05-07 23:42:57] [WARNING] [ShopBot] 界面无法识别且无弹窗，等待后重试
[2026-05-07 23:42:57] [WARNING] [ShopBot] 界面无法识别且无弹窗，等待后重试
[2026-05-07 23:42:57] [WARNING] [ShopBot] 界面无法识别且无弹窗，等待后重试
[2026-05-07 23:42:57] [WARNING] [ShopBot] 界面无法识别且无弹窗，等待后重试
[2026-05-07 23:42:57] [WARNING] [ShopBot] 界面无法识别且无弹窗，等待后重试
[2026-05-07 23:42:57] [WARNING] [ShopBot] 界面无法识别且无弹窗，等待后重试
[2026-05-07 23:42:57] [WARNING] [ShopBot] 界面无法识别且无弹窗，等待后重试
[2026-05-07 23:42:57] [WARNING] [ShopBot] 界面无法识别且无弹窗，等待后重试
[2026-05-07 23:42:57] [WARNING] [ShopBot] 界面无法识别且无弹窗，等待后重试
[2026-05-07 23:42:57] [WARNING] [ShopBot] 界面无法识别且无弹窗，等待后重试
[2026-05-07 23:42:57] [WARNING] [ShopBot] 界面无法识别且无弹窗，等待后重试
[2026-05-07 23:42:57] [WARNING] [ShopBot] 界面无法识别且无弹窗，等待后重试
[2026-05-07 23:42:57] [WARNING] [ShopBot] 界面无法识别且无弹窗，等待后重试
[2026-05-07 23:42:57] [WARNING] [ShopBot] 界面无法识别且无弹窗，等待后重试
[2026-05-07 23:42:57] [WARNING] [ShopBot] 界面无法识别且无弹窗，等待后重试
[2026-05-07 23:42:57] [WARNING] [ShopBot] 界面无法识别且无弹窗，等待后重试
[2026-05-07 23:42:57] [WARNING] [ShopBot] 界面无法识别且无弹窗，等待后重试
[2026-05-07 23:42:57] [WARNING] [ShopBot] 界面无法识别且无弹窗，等待后重试
[2026-05-07 23:42:57] [WARNING] [ShopBot] 界面无法识别且无弹窗，等待后重试
[2026-05-07 23:42:57] [WARNING] [ShopBot] 界面无法识别且无弹窗，等待后重试
[2026-05-07 23:42:57] [WARNING] [ShopBot] 界面无法识别且无弹窗，等待后重试
[2026-05-07 23:42:57] [WARNING] [ShopBot] 界面无法识别且无弹窗，等待后重试
[2026-05-07 23:42:57] [WARNING] [ShopBot] 界面无法识别且无弹窗，等待后重试
[2026-05-07 23:42:57] [WARNING] [ShopBot] 界面无法识别且无弹窗，等待后重试
[2026-05-07 23:42:57] [WARNING] [ShopBot] 界面无法识别且无弹窗，等待后重试
[2026-05-07 23:42:57] [WARNING] [ShopBot] 界面无法识别且无弹窗，等待后重试
[2026-05-07 23:42:57] [WARNING] [ShopBot] 界面无法识别且无弹窗，等待后重试
[2026-05-07 23:42:57] [WARNING] [ShopBot] 界面无法识别且无弹窗，等待后重试
[2026-05-07 23:42:57] [WARNING] [ShopBot] 界面无法识别且无弹窗，等待后重试
[2026-05-07 23:42:57] [WARNING] [ShopBot] 界面无法识别且无弹窗，等待后重试
[2026-05-07 23:42:57] [WARNING] [ShopBot] 界面无法识别且无弹窗，等待后重试
[2026-05-07 23:42:57] [WARNING] [ShopBot] 界面无法识别且无弹窗，等待后重试
[2026-05-07 23:42:57] [WARNING] [ShopBot] 界面无法识别且无弹窗，等待后重试
[2026-05-07 23:42:57] [WARNING] [ShopBot] 界面无法识别且无弹窗，等待后重试
[2026-05-07 23:42:57] [WARNING] [ShopBot] 界面无法识别且无弹窗，等待后重试
[2026-05-07 23:42:57] [WARNING] [ShopBot] 界面无法识别且无弹窗，等待后重试
[2026-05-07 23:42:57] [WARNING] [ShopBot] 界面无法识别且无弹窗，等待后重试
[2026-05-07 23:42:57] [WARNING] [ShopBot] 界面无法识别且无弹窗，等待后重试
[2026-05-07 23:42:57] [WARNING] [ShopBot] 界面无法识别且无弹窗，等待后重试
[2026-05-07 23:42:57] [WARNING] [ShopBot] 界面无法识别且无弹窗，等待后重试
[2026-05-07 23:42:57] [WARNING] [ShopBot] 界面无法识别且无弹窗，等待后重试
[2026-05-07 23:42:57] [WARNING] [ShopBot] 界面无法识别且无弹窗，等待后重试
[2026-05-07 23:42:57] [WARNING] [ShopBot] 界面无法识别且无弹窗，等待后重试
[2026-05-07 23:42:57] [WARNING] [ShopBot] 界面无法识别且无弹窗，等待后重试
[2026-05-07 23:42:57] [WARNING] [ShopBot] 界面无法识别且无弹窗，等待后重试
[2026-05-07 23:42:57] [WARNING] [ShopBot] 界面无法识别且无弹窗，等待后重试
[2026-05-07 23:42:57] [WARNING] [ShopBot] 界面无法识别且无弹窗，等待后重试
[2026-05-07 23:42:57] [WARNING] [ShopBot] 界面无法识别且无弹窗，等待后重试
[2026-05-07 23:42:57] [WARNING] [ShopBot] 界面无法识别且无弹窗，等待后重试
[2026-05-07 23:42:57] [WARNING] [ShopBot] 界面无法识别且无弹窗，等待后重试
[2026-05-07 23:42:57] [WARNING] [ShopBot] 界面无法识别且无弹窗，等待后重试
[2026-05-07 23:42:57] [WARNING] [ShopBot] 界面无法识别且无弹窗，等待后重试
[2026-05-07 23:42:57] [WARNING] [ShopBot] 界面无法识别且无弹窗，等待后重试
[2026-05-07 23:42:57] [WARNING] [ShopBot] 界面无法识别且无弹窗，等待后重试
[2026-05-07 23:42:57] [WARNING] [ShopBot] 界面无法识别且无弹窗，等待后重试
[2026-05-07 23:42:57] [WARNING] [ShopBot] 界面无法识别且无弹窗，等待后重试
[2026-05-07 23:42:57] [WARNING] [ShopBot] 界面无法识别且无弹窗，等待后重试
[2026-05-07 23:42:57] [WARNING] [ShopBot] 界面无法识别且无弹窗，等待后重试
[2026-05-07 23:42:57] [WARNING] [ShopBot] 界面无法识别且无弹窗，等待后重试
[2026-05-07 23:42:57] [WARNING] [ShopBot] 界面无法识别且无弹窗，等待后重试
[2026-05-07 23:42:57] [WARNING] [ShopBot] 界面无法识别且无弹窗，等待后重试
[2026-05-07 23:42:57] [WARNING] [ShopBot] 界面无法识别且无弹窗，等待后重试
[2026-05-07 23:42:57] [WARNING] [ShopBot] 界面无法识别且无弹窗，等待后重试
[2026-05-07 23:42:57] [WARNING] [ShopBot] 界面无法识别且无弹窗，等待后重试
[2026-05-07 23:42:57] [WARNING] [ShopBot] 界面无法识别且无弹窗，等待后重试
[2026-05-07 23:42:57] [WARNING] [ShopBot] 界面无法识别且无弹窗，等待后重试
[2026-05-07 23:42:57] [WARNING] [ShopBot] 界面无法识别且无弹窗，等待后重试
[2026-05-07 23:42:57] [WARNING] [ShopBot] 界面无法识别且无弹窗，等待后重试
[2026-05-07 23:42:57] [WARNING] [ShopBot] 界面无法识别且无弹窗，等待后重试
[2026-05-07 23:42:57] [WARNING] [ShopBot] 界面无法识别且无弹窗，等待后重试
[2026-05-07 23:42:57] [WARNING] [ShopBot] 界面无法识别且无弹窗，等待后重试
[2026-05-07 23:42:57] [WARNING] [ShopBot] 界面无法识别且无弹窗，等待后重试
[2026-05-07 23:42:57] [WARNING] [ShopBot] 界面无法识别且无弹窗，等待后重试
[2026-05-07 23:42:57] [WARNING] [ShopBot] 界面无法识别且无弹窗，等待后重试
[2026-05-07 23:42:57] [WARNING] [ShopBot] 界面无法识别且无弹窗，等待后重试
[2026-05-07 23:42:57] [WARNING] [ShopBot] 界面无法识别且无弹窗，等待后重试
[2026-05-07 23:42:57] [WARNING] [ShopBot] 界面无法识别且无弹窗，等待后重试
[2026-05-07 23:42:57] [WARNING] [ShopBot] 界面无法识别且无弹窗，等待后重试
[2026-05-07 23:42:57] [WARNING] [ShopBot] 界面无法识别且无弹窗，等待后重试
[2026-05-07 23:42:57] [WARNING] [ShopBot] 界面无法识别且无弹窗，等待后重试
[2026-05-07 23:42:57] [WARNING] [ShopBot] 界面无法识别且无弹窗，等待后重试
[2026-05-07 23:42:57] [WARNING] [ShopBot] 界面无法识别且无弹窗，等待后重试
[2026-05-07 23:42:57] [WARNING] [ShopBot] 界面无法识别且无弹窗，等待后重试
[2026-05-07 23:42:57] [WARNING] [ShopBot] 界面无法识别且无弹窗，等待后重试
[2026-05-07 23:42:57] [WARNING] [ShopBot] 界面无法识别且无弹窗，等待后重试
[2026-05-07 23:42:57] [WARNING] [ShopBot] 界面无法识别且无弹窗，等待后重试
[2026-05-07 23:42:57] [WARNING] [ShopBot] 界面无法识别且无弹窗，等待后重试
[2026-05-07 23:42:57] [WARNING] [ShopBot] 界面无法识别且无弹窗，等待后重试
[2026-05-07 23:42:57] [WARNING] [ShopBot] 界面无法识别且无弹窗，等待后重试
[2026-05-07 23:42:57] [WARNING] [ShopBot] 界面无法识别且无弹窗，等待后重试
[2026-05-07 23:42:57] [WARNING] [ShopBot] 界面无法识别且无弹窗，等待后重试
[2026-05-07 23:42:57] [WARNING] [ShopBot] 界面无法识别且无弹窗，等待后重试
[2026-05-07 23:42:57] [WARNING] [ShopBot] 界面无法识别且无弹窗，等待后重试
[2026-05-07 23:42:57] [WARNING] [ShopBot] 界面无法识别且无弹窗，等待后重试
[2026-05-07 23:42:57] [WARNING] [ShopBot] 界面无法识别且无弹窗，等待后重试
[2026-05-07 23:42:57] [WARNING] [ShopBot] 界面无法识别且无弹窗，等待后重试
[2026-05-07 23:42:57] [WARNING] [ShopBot] 界面无法识别且无弹窗，等待后重试
[2026-05-07 23:42:57] [WARNING] [ShopBot] 界面无法识别且无弹窗，等待后重试
[2026-05-07 23:42:57] [WARNING] [ShopBot] 界面无法识别且无弹窗，等待后重试
[2026-05-07 23:42:57] [WARNING] [ShopBot] 界面无法识别且无弹窗，等待后重试
[2026-05-07 23:42:57] [WARNING] [ShopBot] 界面无法识别且无弹窗，等待后重试
[2026-05-07 23:42:57] [WARNING] [ShopBot] 界面无法识别且无弹窗，等待后重试
[2026-05-07 23:42:57] [WARNING] [ShopBot] 界面无法识别且无弹窗，等待后重试
[2026-05-07 23:42:57] [WARNING] [ShopBot] 界面无法识别且无弹窗，等待后重试
[2026-05-07 23:42:57] [WARNING] [ShopBot] 界面无法识别且无弹窗，等待后重试
[2026-05-07 23:42:57] [WARNING] [ShopBot] 界面无法识别且无弹窗，等待后重试
[2026-05-07 23:42:57] [WARNING] [ShopBot] 界面无法识别且无弹窗，等待后重试
[2026-05-07 23:42:57] [WARNING] [ShopBot] 界面无法识别且无弹窗，等待后重试
[2026-05-07 23:42:57] [WARNING] [ShopBot] 界面无法识别且无弹窗，等待后重试
[2026-05-07 23:42:57] [WARNING] [ShopBot] 界面无法识别且无弹窗，等待后重试
[2026-05-07 23:42:57] [WARNING] [ShopBot] 界面无法识别且无弹窗，等待后重试
[2026-05-07 23:42:57] [WARNING] [ShopBot] 界面无法识别且无弹窗，等待后重试
[2026-05-07 23:42:57] [WARNING] [ShopBot] 界面无法识别且无弹窗，等待后重试
[2026-05-07 23:42:57] [WARNING] [ShopBot] 界面无法识别且无弹窗，等待后重试
[2026-05-07 23:42:57] [WARNING] [ShopBot] 界面无法识别且无弹窗，等待后重试
[2026-05-07 23:42:57] [WARNING] [ShopBot] 界面无法识别且无弹窗，等待后重试
[2026-05-07 23:42:57] [WARNING] [ShopBot] 界面无法识别且无弹窗，等待后重试
[2026-05-07 23:42:57] [WARNING] [ShopBot] 界面无法识别且无弹窗，等待后重试
[2026-05-07 23:42:57] [WARNING] [ShopBot] 界面无法识别且无弹窗，等待后重试
[2026-05-07 23:42:57] [WARNING] [ShopBot] 界面无法识别且无弹窗，等待后重试
[2026-05-07 23:42:57] [WARNING] [ShopBot] 界面无法识别且无弹窗，等待后重试
[2026-05-07 23:42:57] [WARNING] [ShopBot] 界面无法识别且无弹窗，等待后重试
[2026-05-07 23:42:57] [WARNING] [ShopBot] 界面无法识别且无弹窗，等待后重试
[2026-05-07 23:42:57] [WARNING] [ShopBot] 界面无法识别且无弹窗，等待后重试
[2026-05-07 23:42:57] [WARNING] [ShopBot] 界面无法识别且无弹窗，等待后重试
[2026-05-07 23:42:57] [WARNING] [ShopBot] 界面无法识别且无弹窗，等待后重试
[2026-05-07 23:42:57] [WARNING] [ShopBot] 界面无法识别且无弹窗，等待后重试
[2026-05-07 23:42:57] [WARNING] [ShopBot] 界面无法识别且无弹窗，等待后重试
[2026-05-07 23:42:57] [WARNING] [ShopBot] 界面无法识别且无弹窗，等待后重试
[2026-05-07 23:42:57] [WARNING] [ShopBot] 界面无法识别且无弹窗，等待后重试
[2026-05-07 23:42:57] [WARNING] [ShopBot] 界面无法识别且无弹窗，等待后重试
[2026-05-07 23:42:57] [WARNING] [ShopBot] 界面无法识别且无弹窗，等待后重试
[2026-05-07 23:42:57] [WARNING] [ShopBot] 界面无法识别且无弹窗，等待后重试
[2026-05-07 23:42:57] [WARNING] [ShopBot] 界面无法识别且无弹窗，等待后重试
[2026-05-07 23:42:57] [WARNING] [ShopBot] 界面无法识别且无弹窗，等待后重试
[2026-05-07 23:42:57] [WARNING] [ShopBot] 界面无法识别且无弹窗，等待后重试
[2026-05-07 23:42:57] [WARNING] [ShopBot] 界面无法识别且无弹窗，等待后重试
[2026-05-07 23:42:57] [WARNING] [ShopBot] 界面无法识别且无弹窗，等待后重试
[2026-05-07 23:42:57] [WARNING] [ShopBot] 界面无法识别且无弹窗，等待后重试
[2026-05-07 23:42:57] [WARNING] [ShopBot] 界面无法识别且无弹窗，等待后重试
[2026-05-07 23:42:57] [WARNING] [ShopBot] 界面无法识别且无弹窗，等待后重试
[2026-05-07 23:42:57] [WARNING] [ShopBot] 界面无法识别且无弹窗，等待后重试
[2026-05-07 23:42:57] [WARNING] [ShopBot] 界面无法识别且无弹窗，等待后重试
[2026-05-07 23:42:57] [WARNING] [ShopBot] 界面无法识别且无弹窗，等待后重试
[2026-05-07 23:42:57] [WARNING] [ShopBot] 界面无法识别且无弹窗，等待后重试
[2026-05-07 23:42:57] [WARNING] [ShopBot] 界面无法识别且无弹窗，等待后重试
[2026-05-07 23:42:57] [WARNING] [ShopBot] 界面无法识别且无弹窗，等待后重试
[2026-05-07 23:42:57] [WARNING] [ShopBot] 界面无法识别且无弹窗，等待后重试
[2026-05-07 23:42:57] [WARNING] [ShopBot] 界面无法识别且无弹窗，等待后重试
[2026-05-07 23:42:57] [WARNING] [ShopBot] 界面无法识别且无弹窗，等待后重试
[2026-05-07 23:42:57] [WARNING] [ShopBot] 界面无法识别且无弹窗，等待后重试
[2026-05-07 23:42:57] [WARNING] [ShopBot] 界面无法识别且无弹窗，等待后重试
[2026-05-07 23:42:57] [WARNING] [ShopBot] 界面无法识别且无弹窗，等待后重试
[2026-05-07 23:42:57] [WARNING] [ShopBot] 界面无法识别且无弹窗，等待后重试
[2026-05-07 23:42:57] [WARNING] [ShopBot] 界面无法识别且无弹窗，等待后重试
[2026-05-07 23:42:57] [WARNING] [ShopBot] 界面无法识别且无弹窗，等待后重试
[2026-05-07 23:42:57] [WARNING] [ShopBot] 界面无法识别且无弹窗，等待后重试
[2026-05-07 23:42:57] [WARNING] [ShopBot] 界面无法识别且无弹窗，等待后重试
[2026-05-07 23:42:57] [WARNING] [ShopBot] 界面无法识别且无弹窗，等待后重试
[2026-05-07 23:42:57] [WARNING] [ShopBot] 界面无法识别且无弹窗，等待后重试
[2026-05-07 23:42:57] [WARNING] [ShopBot] 界面无法识别且无弹窗，等待后重试
[2026-05-07 23:42:57] [WARNING] [ShopBot] 界面无法识别且无弹窗，等待后重试
[2026-05-07 23:42:57] [WARNING] [ShopBot] 界面无法识别且无弹窗，等待后重试
[2026-05-07 23:42:57] [WARNING] [ShopBot] 界面无法识别且无弹窗，等待后重试
[2026-05-07 23:42:57] [WARNING] [ShopBot] 界面无法识别且无弹窗，等待后重试
[2026-05-07 23:42:57] [WARNING] [ShopBot] 界面无法识别且无弹窗，等待后重试
[2026-05-07 23:42:57] [WARNING] [ShopBot] 界面无法识别且无弹窗，等待后重试
[2026-05-07 23:42:57] [WARNING] [ShopBot] 界面无法识别且无弹窗，等待后重试
[2026-05-07 23:42:57] [WARNING] [ShopBot] 界面无法识别且无弹窗，等待后重试
[2026-05-07 23:42:57] [WARNING] [ShopBot] 界面无法识别且无弹窗，等待后重试
[2026-05-07 23:42:57] [WARNING] [ShopBot] 界面无法识别且无弹窗，等待后重试
[2026-05-07 23:42:57] [WARNING] [ShopBot] 界面无法识别且无弹窗，等待后重试
[2026-05-07 23:42:57] [WARNING] [ShopBot] 界面无法识别且无弹窗，等待后重试
[2026-05-07 23:42:57] [WARNING] [ShopBot] 界面无法识别且无弹窗，等待后重试
[2026-05-07 23:42:57] [WARNING] [ShopBot] 界面无法识别且无弹窗，等待后重试
[2026-05-07 23:42:57] [WARNING] [ShopBot] 界面无法识别且无弹窗，等待后重试
[2026-05-07 23:42:57] [WARNING] [ShopBot] 界面无法识别且无弹窗，等待后重试
[2026-05-07 23:42:57] [WARNING] [ShopBot] 界面无法识别且无弹窗，等待后重试
[2026-05-07 23:42:57] [WARNING] [ShopBot] 界面无法识别且无弹窗，等待后重试
[2026-05-07 23:42:57] [WARNING] [ShopBot] 界面无法识别且无弹窗，等待后重试
[2026-05-07 23:42:57] [WARNING] [ShopBot] 界面无法识别且无弹窗，等待后重试
[2026-05-07 23:42:57] [WARNING] [ShopBot] 界面无法识别且无弹窗，等待后重试
[2026-05-07 23:42:57] [WARNING] [ShopBot] 界面无法识别且无弹窗，等待后重试
[2026-05-07 23:42:57] [WARNING] [ShopBot] 界面无法识别且无弹窗，等待后重试
[2026-05-07 23:42:57] [WARNING] [ShopBot] 界面无法识别且无弹窗，等待后重试
[2026-05-07 23:42:57] [WARNING] [ShopBot] 界面无法识别且无弹窗，等待后重试
[2026-05-07 23:42:57] [WARNING] [ShopBot] 界面无法识别且无弹窗，等待后重试
[2026-05-07 23:42:57] [WARNING] [ShopBot] 界面无法识别且无弹窗，等待后重试
[2026-05-07 23:42:57] [WARNING] [ShopBot] 界面无法识别且无弹窗，等待后重试
[2026-05-07 23:42:57] [WARNING] [ShopBot] 界面无法识别且无弹窗，等待后重试
[2026-05-07 23:42:57] [WARNING] [ShopBot] 界面无法识别且无弹窗，等待后重试
[2026-05-07 23:42:57] [WARNING] [ShopBot] 界面无法识别且无弹窗，等待后重试
[2026-05-07 23:42:57] [WARNING] [ShopBot] 界面无法识别且无弹窗，等待后重试
[2026-05-07 23:42:57] [WARNING] [ShopBot] 界面无法识别且无弹窗，等待后重试
[2026-05-07 23:42:57] [WARNING] [ShopBot] 界面无法识别且无弹窗，等待后重试
[2026-05-07 23:42:57] [WARNING] [ShopBot] 界面无法识别且无弹窗，等待后重试
[2026-05-07 23:42:57] [WARNING] [ShopBot] 界面无法识别且无弹窗，等待后重试
[2026-05-07 23:42:57] [WARNING] [ShopBot] 界面无法识别且无弹窗，等待后重试
[2026-05-07 23:42:57] [WARNING] [ShopBot] 界面无法识别且无弹窗，等待后重试
[2026-05-07 23:42:57] [WARNING] [ShopBot] 界面无法识别且无弹窗，等待后重试
[2026-05-07 23:42:57] [WARNING] [ShopBot] 界面无法识别且无弹窗，等待后重试
[2026-05-07 23:42:57] [WARNING] [ShopBot] 界面无法识别且无弹窗，等待后重试
[2026-05-07 23:42:57] [WARNING] [ShopBot] 界面无法识别且无弹窗，等待后重试
[2026-05-07 23:42:57] [ERROR] [ShopBot] 导航超时（0.01s），未能到达秘密商店
[2026-05-07 23:42:57] [INFO] [ShopBot] 开始导航至秘密商店（超时 30.0s）
[2026-05-07 23:42:57] [INFO] [ShopBot] 已关闭弹窗，继续导航
[2026-05-07 23:42:57] [INFO] [ShopBot] 已到达秘密商店
[2026-05-07 23:42:57] [INFO] [ShopBot] 检测到弹窗，点击关闭
[2026-05-07 23:42:57] [INFO] [ShopBot] 开始购买: bookmark, 价格: 184000
[2026-05-07 23:42:57] [INFO] [ShopBot] 检测到确认弹窗，点击确认
[2026-05-07 23:42:57] [INFO] [ShopBot] 购买成功: bookmark, 价格: 184000
[2026-05-07 23:42:57] [INFO] [ShopBot] 开始购买: bookmark, 价格: 184000
[2026-05-07 23:42:57] [INFO] [ShopBot] 检测到确认弹窗，点击确认
[2026-05-07 23:42:57] [INFO] [ShopBot] 检测到二次确认弹窗，点击确认
[2026-05-07 23:42:57] [INFO] [ShopBot] 购买成功: bookmark, 价格: 184000
[2026-05-07 23:42:57] [INFO] [ShopBot] 开始购买: bookmark, 价格: 184000
[2026-05-07 23:42:57] [WARNING] [ShopBot] 购买失败 - bookmark: 金币不足
[2026-05-07 23:42:57] [INFO] [ShopBot] 开始购买: bookmark, 价格: 184000
[2026-05-07 23:42:57] [WARNING] [ShopBot] 确认弹窗未出现，重试点击: bookmark
[2026-05-07 23:42:57] [WARNING] [ShopBot] 购买失败 - bookmark: 确认弹窗未出现
[2026-05-07 23:42:57] [INFO] [ShopBot] 检测到确认弹窗，点击确认
[2026-05-07 23:42:57] [INFO] [ShopBot] 检测到确认弹窗，点击确认
[2026-05-07 23:42:57] [INFO] [ShopBot] 检测到二次确认弹窗，点击确认
[2026-05-07 23:42:57] [INFO] [ShopBot] 购买结果 - bookmark: 成功, 价格: 184000
[2026-05-07 23:42:57] [INFO] [ShopBot] 跳过物品: equipment (未在购买列表中)
[2026-05-07 23:42:57] [INFO] [ShopBot] 货架处理完成，共购买 1 个物品
[2026-05-07 23:42:57] [INFO] [ShopBot] 购买结果 - bookmark: 成功, 价格: 184000
[2026-05-07 23:42:57] [INFO] [ShopBot] 购买结果 - bookmark: 成功, 价格: 184000
[2026-05-07 23:42:57] [INFO] [ShopBot] 货架处理完成，共购买 2 个物品
[2026-05-07 23:42:57] [INFO] [ShopBot] 货架处理完成，共购买 0 个物品
[2026-05-07 23:42:57] [INFO] [ShopBot] 跳过物品: unknown (未在购买列表中)
[2026-05-07 23:42:57] [INFO] [ShopBot] 货架处理完成，共购买 0 个物品
[2026-05-07 23:42:58] [DEBUG] [ShopBot] 模板匹配 bookmark 失败: [Errno 2] No such file or directory: 'D:\\software\\7th\\7th\\assets\\e7\\bookmark.png'
[2026-05-07 23:42:58] [DEBUG] [ShopBot] 模板匹配 mystic_medal 失败: [Errno 2] No such file or directory: 'D:\\software\\7th\\7th\\assets\\e7\\mystic_medal.png'
[2026-05-07 23:42:58] [DEBUG] [ShopBot] 模板匹配 equipment 失败: [Errno 2] No such file or directory: 'D:\\software\\7th\\7th\\assets\\e7\\equipment.png'
[2026-05-07 23:42:58] [DEBUG] [ShopBot] 模板匹配 fodder 失败: [Errno 2] No such file or directory: 'D:\\software\\7th\\7th\\assets\\e7\\fodder.png'
[2026-05-07 23:42:58] [DEBUG] [ShopBot] 槽位 (120, 160, 200, 240) 最佳匹配 unknown 置信度 0.00 低于阈值 0.85，标记为 unknown
[2026-05-07 23:42:58] [WARNING] [ShopBot] OCR 价格识别失败 (210, 200, 340, 230): OCR 服务不可用
[2026-05-07 23:42:58] [INFO] [ShopBot] 槽位 0: bookmark (置信度 0.92), 价格 184000
[2026-05-07 23:42:58] [INFO] [ShopBot] 槽位 1: bookmark (置信度 0.92), 价格 184000
[2026-05-07 23:42:58] [INFO] [ShopBot] 槽位 2: bookmark (置信度 0.92), 价格 184000
[2026-05-07 23:42:58] [INFO] [ShopBot] 槽位 3: bookmark (置信度 0.92), 价格 184000
[2026-05-07 23:42:58] [INFO] [ShopBot] 槽位 4: bookmark (置信度 0.92), 价格 184000
[2026-05-07 23:42:58] [INFO] [ShopBot] 槽位 5: bookmark (置信度 0.92), 价格 184000
[2026-05-07 23:42:58] [INFO] [ShopBot] 槽位 0: bookmark (置信度 0.92), 价格 100
[2026-05-07 23:42:58] [INFO] [ShopBot] 槽位 1: bookmark (置信度 0.92), 价格 100
[2026-05-07 23:42:58] [INFO] [ShopBot] 槽位 2: bookmark (置信度 0.92), 价格 100
[2026-05-07 23:42:58] [INFO] [ShopBot] 槽位 3: bookmark (置信度 0.92), 价格 100
[2026-05-07 23:42:58] [INFO] [ShopBot] 槽位 4: bookmark (置信度 0.92), 价格 100
[2026-05-07 23:42:58] [INFO] [ShopBot] 槽位 5: bookmark (置信度 0.92), 价格 100
[2026-05-07 23:42:58] [INFO] [ShopBot] 槽位 0: equipment (置信度 0.88), 价格 50000
[2026-05-07 23:42:58] [INFO] [ShopBot] 槽位 1: equipment (置信度 0.88), 价格 50000
[2026-05-07 23:42:58] [INFO] [ShopBot] 槽位 2: equipment (置信度 0.88), 价格 50000
[2026-05-07 23:42:58] [INFO] [ShopBot] 槽位 3: equipment (置信度 0.88), 价格 50000
[2026-05-07 23:42:58] [INFO] [ShopBot] 槽位 4: equipment (置信度 0.88), 价格 50000
[2026-05-07 23:42:58] [INFO] [ShopBot] 槽位 5: equipment (置信度 0.88), 价格 50000
[2026-05-07 23:42:58] [DEBUG] [ShopBot] 底部检测相似度: 1.0000
[2026-05-07 23:42:58] [DEBUG] [ShopBot] 底部检测相似度: 0.2157
[2026-05-07 23:42:58] [INFO] [ShopBot] 已到达货架底部（第 1 次滑动后）
[2026-05-07 23:42:58] [INFO] [ShopBot] 第 1 次滑动，识别到 0 个物品
[2026-05-07 23:42:58] [INFO] [ShopBot] 第 2 次滑动，识别到 0 个物品
[2026-05-07 23:42:58] [INFO] [ShopBot] 第 3 次滑动，识别到 0 个物品
[2026-05-07 23:42:58] [INFO] [ShopBot] 第 4 次滑动，识别到 0 个物品
[2026-05-07 23:42:58] [INFO] [ShopBot] 第 5 次滑动，识别到 0 个物品
[2026-05-07 23:42:58] [INFO] [ShopBot] 开始识别完整货架
[2026-05-07 23:42:58] [INFO] [ShopBot] 货架识别完成，共 2 个物品
[2026-05-07 23:42:59] [INFO] [ShopBot] ===== 第 1 轮 =====
[2026-05-07 23:42:59] [INFO] [ShopBot] ShopBot 收到停止请求，将在当前循环结束后停止
[2026-05-07 23:42:59] [INFO] [ShopBot] 收到停止信号，退出主循环
[2026-05-07 23:42:59] [INFO] [ShopBot] ========== 运行统计 ==========
[2026-05-07 23:42:59] [INFO] [ShopBot] 总刷新次数: 0
[2026-05-07 23:42:59] [INFO] [ShopBot] 购买书签: 1
[2026-05-07 23:42:59] [INFO] [ShopBot] 购买神秘奖章: 0
[2026-05-07 23:42:59] [INFO] [ShopBot] 购买装备: 0
[2026-05-07 23:42:59] [INFO] [ShopBot] 天空石消耗: 0
[2026-05-07 23:42:59] [INFO] [ShopBot] 天空石余量: 0
[2026-05-07 23:42:59] [INFO] [ShopBot] ==============================
[2026-05-07 23:42:59] [INFO] [ShopBot] ShopBot 已停止
[2026-05-07 23:42:59] [INFO] [ShopBot] ===== 第 1 轮 =====
[2026-05-07 23:42:59] [INFO] [ShopBot] ShopBot 收到停止请求，将在当前循环结束后停止
[2026-05-07 23:42:59] [INFO] [ShopBot] 收到停止信号，退出主循环
[2026-05-07 23:42:59] [INFO] [ShopBot] ========== 运行统计 ==========
[2026-05-07 23:42:59] [INFO] [ShopBot] 总刷新次数: 0
[2026-05-07 23:42:59] [INFO] [ShopBot] 购买书签: 3
[2026-05-07 23:42:59] [INFO] [ShopBot] 购买神秘奖章: 0
[2026-05-07 23:42:59] [INFO] [ShopBot] 购买装备: 0
[2026-05-07 23:42:59] [INFO] [ShopBot] 天空石消耗: 0
[2026-05-07 23:42:59] [INFO] [ShopBot] 天空石余量: 0
[2026-05-07 23:42:59] [INFO] [ShopBot] ==============================
[2026-05-07 23:42:59] [INFO] [ShopBot] ShopBot 已停止
[2026-05-07 23:42:59] [INFO] [ShopBot] ===== 第 1 轮 =====
[2026-05-07 23:42:59] [INFO] [ShopBot] ShopBot 收到停止请求，将在当前循环结束后停止
[2026-05-07 23:42:59] [INFO] [ShopBot] 收到停止信号，退出主循环
[2026-05-07 23:42:59] [INFO] [ShopBot] ========== 运行统计 ==========
[2026-05-07 23:42:59] [INFO] [ShopBot] 总刷新次数: 0
[2026-05-07 23:42:59] [INFO] [ShopBot] 购买书签: 4
[2026-05-07 23:42:59] [INFO] [ShopBot] 购买神秘奖章: 0
[2026-05-07 23:42:59] [INFO] [ShopBot] 购买装备: 0
[2026-05-07 23:42:59] [INFO] [ShopBot] 天空石消耗: 0
[2026-05-07 23:42:59] [INFO] [ShopBot] 天空石余量: 0
[2026-05-07 23:42:59] [INFO] [ShopBot] ==============================
[2026-05-07 23:42:59] [INFO] [ShopBot] ShopBot 已停止
[2026-05-07 23:42:59] [INFO] [ShopBot] ===== 第 1 轮 =====
[2026-05-07 23:42:59] [INFO] [ShopBot] ShopBot 收到停止请求，将在当前循环结束后停止
[2026-05-07 23:42:59] [INFO] [ShopBot] 收到停止信号，退出主循环
[2026-05-07 23:42:59] [INFO] [ShopBot] ========== 运行统计 ==========
[2026-05-07 23:42:59] [INFO] [ShopBot] 总刷新次数: 0
[2026-05-07 23:42:59] [INFO] [ShopBot] 购买书签: 5
[2026-05-07 23:42:59] [INFO] [ShopBot] 购买神秘奖章: 0
[2026-05-07 23:42:59] [INFO] [ShopBot] 购买装备: 0
[2026-05-07 23:42:59] [INFO] [ShopBot] 天空石消耗: 0
[2026-05-07 23:42:59] [INFO] [ShopBot] 天空石余量: 0
[2026-05-07 23:42:59] [INFO] [ShopBot] ==============================
[2026-05-07 23:42:59] [INFO] [ShopBot] ShopBot 已停止
[2026-05-07 23:42:59] [INFO] [ShopBot] ===== 第 1 轮 =====
[2026-05-07 23:42:59] [INFO] [ShopBot] ShopBot 收到停止请求，将在当前循环结束后停止
[2026-05-07 23:42:59] [INFO] [ShopBot] 收到停止信号，退出主循环
[2026-05-07 23:42:59] [INFO] [ShopBot] ========== 运行统计 ==========
[2026-05-07 23:42:59] [INFO] [ShopBot] 总刷新次数: 0
[2026-05-07 23:42:59] [INFO] [ShopBot] 购买书签: 2
[2026-05-07 23:42:59] [INFO] [ShopBot] 购买神秘奖章: 0
[2026-05-07 23:42:59] [INFO] [ShopBot] 购买装备: 0
[2026-05-07 23:42:59] [INFO] [ShopBot] 天空石消耗: 0
[2026-05-07 23:42:59] [INFO] [ShopBot] 天空石余量: 0
[2026-05-07 23:42:59] [INFO] [ShopBot] ==============================
[2026-05-07 23:42:59] [INFO] [ShopBot] ShopBot 已停止
[2026-05-07 23:42:59] [INFO] [ShopBot] ShopBot 已启动
[2026-05-07 23:42:59] [INFO] [ShopBot] ShopBot 收到停止请求，将在当前循环结束后停止
[2026-05-07 23:42:59] [INFO] [ShopBot] ShopBot 收到停止请求，将在当前循环结束后停止
[2026-05-07 23:42:59] [WARNING] [ShopBot] ShopBot 已在运行中
[2026-05-07 23:42:59] [INFO] [ShopBot] ===== 第 1 轮 =====
[2026-05-07 23:42:59] [INFO] [ShopBot] 达到停止条件，结束运行
[2026-05-07 23:42:59] [INFO] [ShopBot] ========== 运行统计 ==========
[2026-05-07 23:42:59] [INFO] [ShopBot] 总刷新次数: 0
[2026-05-07 23:42:59] [INFO] [ShopBot] 购买书签: 0
[2026-05-07 23:42:59] [INFO] [ShopBot] 购买神秘奖章: 0
[2026-05-07 23:42:59] [INFO] [ShopBot] 购买装备: 0
[2026-05-07 23:42:59] [INFO] [ShopBot] 天空石消耗: 0
[2026-05-07 23:42:59] [INFO] [ShopBot] 天空石余量: 0
[2026-05-07 23:42:59] [INFO] [ShopBot] ==============================
[2026-05-07 23:42:59] [INFO] [ShopBot] ShopBot 已停止
[2026-05-07 23:42:59] [INFO] [ShopBot] ===== 第 1 轮 =====
[2026-05-07 23:42:59] [INFO] [ShopBot] ===== 第 2 轮 =====
[2026-05-07 23:42:59] [INFO] [ShopBot] 达到停止条件，结束运行
[2026-05-07 23:42:59] [INFO] [ShopBot] ========== 运行统计 ==========
[2026-05-07 23:42:59] [INFO] [ShopBot] 总刷新次数: 1
[2026-05-07 23:42:59] [INFO] [ShopBot] 购买书签: 0
[2026-05-07 23:42:59] [INFO] [ShopBot] 购买神秘奖章: 0
[2026-05-07 23:42:59] [INFO] [ShopBot] 购买装备: 0
[2026-05-07 23:42:59] [INFO] [ShopBot] 天空石消耗: 3
[2026-05-07 23:42:59] [INFO] [ShopBot] 天空石余量: 0
[2026-05-07 23:42:59] [INFO] [ShopBot] ==============================
[2026-05-07 23:42:59] [INFO] [ShopBot] ShopBot 已停止
[2026-05-07 23:42:59] [INFO] [ShopBot] ===== 第 1 轮 =====
[2026-05-07 23:42:59] [ERROR] [ShopBot] 主循环异常（连续第 1 次）: 测试异常
[2026-05-07 23:42:59] [INFO] [ShopBot] 异常恢复成功，继续运行
[2026-05-07 23:42:59] [INFO] [ShopBot] ===== 第 1 轮 =====
[2026-05-07 23:42:59] [INFO] [ShopBot] 达到停止条件，结束运行
[2026-05-07 23:42:59] [INFO] [ShopBot] ========== 运行统计 ==========
[2026-05-07 23:42:59] [INFO] [ShopBot] 总刷新次数: 0
[2026-05-07 23:42:59] [INFO] [ShopBot] 购买书签: 0
[2026-05-07 23:42:59] [INFO] [ShopBot] 购买神秘奖章: 0
[2026-05-07 23:42:59] [INFO] [ShopBot] 购买装备: 0
[2026-05-07 23:42:59] [INFO] [ShopBot] 天空石消耗: 0
[2026-05-07 23:42:59] [INFO] [ShopBot] 天空石余量: 0
[2026-05-07 23:42:59] [INFO] [ShopBot] ==============================
[2026-05-07 23:42:59] [INFO] [ShopBot] ShopBot 已停止
[2026-05-07 23:42:59] [INFO] [ShopBot] ===== 第 1 轮 =====
[2026-05-07 23:42:59] [ERROR] [ShopBot] 主循环异常（连续第 1 次）: 持续异常
[2026-05-07 23:42:59] [ERROR] [ShopBot] 异常恢复失败
[2026-05-07 23:42:59] [INFO] [ShopBot] ===== 第 1 轮 =====
[2026-05-07 23:42:59] [ERROR] [ShopBot] 主循环异常（连续第 2 次）: 持续异常
[2026-05-07 23:42:59] [ERROR] [ShopBot] 异常恢复失败
[2026-05-07 23:42:59] [INFO] [ShopBot] ===== 第 1 轮 =====
[2026-05-07 23:42:59] [ERROR] [ShopBot] 主循环异常（连续第 3 次）: 持续异常
[2026-05-07 23:42:59] [ERROR] [ShopBot] 异常恢复失败
[2026-05-07 23:42:59] [ERROR] [ShopBot] 连续 3 次恢复失败，终止运行
[2026-05-07 23:42:59] [INFO] [ShopBot] ========== 运行统计 ==========
[2026-05-07 23:42:59] [INFO] [ShopBot] 总刷新次数: 0
[2026-05-07 23:42:59] [INFO] [ShopBot] 购买书签: 0
[2026-05-07 23:42:59] [INFO] [ShopBot] 购买神秘奖章: 0
[2026-05-07 23:42:59] [INFO] [ShopBot] 购买装备: 0
[2026-05-07 23:42:59] [INFO] [ShopBot] 天空石消耗: 0
[2026-05-07 23:42:59] [INFO] [ShopBot] 天空石余量: 0
[2026-05-07 23:42:59] [INFO] [ShopBot] ==============================
[2026-05-07 23:42:59] [INFO] [ShopBot] ShopBot 已停止
[2026-05-07 23:42:59] [ERROR] [ShopBot] 设备连接失败，终止运行
[2026-05-07 23:42:59] [INFO] [ShopBot] ========== 运行统计 ==========
[2026-05-07 23:42:59] [INFO] [ShopBot] 总刷新次数: 0
[2026-05-07 23:42:59] [INFO] [ShopBot] 购买书签: 0
[2026-05-07 23:42:59] [INFO] [ShopBot] 购买神秘奖章: 0
[2026-05-07 23:42:59] [INFO] [ShopBot] 购买装备: 0
[2026-05-07 23:42:59] [INFO] [ShopBot] 天空石消耗: 0
[2026-05-07 23:42:59] [INFO] [ShopBot] 天空石余量: 0
[2026-05-07 23:42:59] [INFO] [ShopBot] ==============================
[2026-05-07 23:42:59] [INFO] [ShopBot] ShopBot 已停止
[2026-05-07 23:42:59] [ERROR] [ShopBot] 导航至秘密商店失败，终止运行
[2026-05-07 23:42:59] [INFO] [ShopBot] ========== 运行统计 ==========
[2026-05-07 23:42:59] [INFO] [ShopBot] 总刷新次数: 0
[2026-05-07 23:42:59] [INFO] [ShopBot] 购买书签: 0
[2026-05-07 23:42:59] [INFO] [ShopBot] 购买神秘奖章: 0
[2026-05-07 23:42:59] [INFO] [ShopBot] 购买装备: 0
[2026-05-07 23:42:59] [INFO] [ShopBot] 天空石消耗: 0
[2026-05-07 23:42:59] [INFO] [ShopBot] 天空石余量: 0
[2026-05-07 23:42:59] [INFO] [ShopBot] ==============================
[2026-05-07 23:42:59] [INFO] [ShopBot] ShopBot 已停止
[2026-05-07 23:42:59] [INFO] [ShopBot] ========== 运行统计 ==========
[2026-05-07 23:42:59] [INFO] [ShopBot] 总刷新次数: 0
[2026-05-07 23:42:59] [INFO] [ShopBot] 购买书签: 0
[2026-05-07 23:42:59] [INFO] [ShopBot] 购买神秘奖章: 0
[2026-05-07 23:42:59] [INFO] [ShopBot] 购买装备: 0
[2026-05-07 23:42:59] [INFO] [ShopBot] 天空石消耗: 0
[2026-05-07 23:42:59] [INFO] [ShopBot] 天空石余量: 0
[2026-05-07 23:42:59] [INFO] [ShopBot] ==============================
[2026-05-07 23:42:59] [INFO] [ShopBot] ShopBot 已停止
[2026-05-07 23:42:59] [INFO] [ShopBot] 点击刷新按钮（第 1 次）
[2026-05-07 23:42:59] [INFO] [ShopBot] 检测到刷新确认弹窗，点击确认
[2026-05-07 23:42:59] [INFO] [ShopBot] 等待货架加载...
[2026-05-07 23:42:59] [INFO] [ShopBot] 点击刷新按钮（第 1 次）
[2026-05-07 23:42:59] [INFO] [ShopBot] 检测到刷新确认弹窗，点击确认
[2026-05-07 23:42:59] [INFO] [ShopBot] 检测到刷新二次确认弹窗，点击确认
[2026-05-07 23:42:59] [INFO] [ShopBot] 等待货架加载...
[2026-05-07 23:42:59] [INFO] [ShopBot] 点击刷新按钮（第 1 次）
[2026-05-07 23:42:59] [WARNING] [ShopBot] 刷新确认弹窗未出现（第 1 次）
[2026-05-07 23:42:59] [INFO] [ShopBot] 点击刷新按钮（第 2 次）
[2026-05-07 23:42:59] [WARNING] [ShopBot] 刷新确认弹窗未出现（第 2 次）
[2026-05-07 23:42:59] [ERROR] [ShopBot] 刷新失败，已重试 2 次
[2026-05-07 23:42:59] [INFO] [ShopBot] 尝试恢复到秘密商店界面...
[2026-05-07 23:42:59] [INFO] [ShopBot] 尝试恢复到秘密商店界面...
[2026-05-07 23:42:59] [ERROR] [ShopBot] 异常恢复过程中出错: 保存失败
[2026-05-07 23:48:58] [DEBUG] [ShopBot] 左侧导航顶部亮度: 240.0
[2026-05-07 23:48:58] [INFO] [ShopBot] 场景检测: 秘密商店（左侧导航栏白色高亮）
[2026-05-07 23:48:58] [DEBUG] [ShopBot] 左侧导航顶部亮度: 180.0
[2026-05-07 23:48:58] [DEBUG] [ShopBot] 左侧导航亮度: 180.0 底部亮度: 130.0
[2026-05-07 23:48:58] [INFO] [ShopBot] 场景检测: 游戏大厅
[2026-05-07 23:48:58] [DEBUG] [ShopBot] 左侧导航顶部亮度: 100.0
[2026-05-07 23:48:58] [DEBUG] [ShopBot] 左侧导航亮度: 100.0 底部亮度: 50.0
[2026-05-07 23:48:58] [WARNING] [ShopBot] 场景检测: 未知界面
[2026-05-07 23:48:58] [DEBUG] [ShopBot] 左侧导航顶部亮度: 240.0
[2026-05-07 23:48:58] [INFO] [ShopBot] 场景检测: 秘密商店（左侧导航栏白色高亮）
[2026-05-07 23:48:58] [DEBUG] [ShopBot] 左侧导航顶部亮度: 250.0
[2026-05-07 23:48:58] [DEBUG] [ShopBot] 左侧导航顶部亮度: 150.0
[2026-05-07 23:48:58] [DEBUG] [ShopBot] 左侧导航亮度: 180.0 底部亮度: 140.0
[2026-05-07 23:48:58] [DEBUG] [ShopBot] 左侧导航亮度: 180.0 底部亮度: 50.0
[2026-05-07 23:48:58] [DEBUG] [ShopBot] 左侧导航亮度: 230.0 底部亮度: 140.0
[2026-05-07 23:48:58] [DEBUG] [ShopBot] 左侧导航亮度: 100.0 底部亮度: 140.0
[2026-05-07 23:48:58] [INFO] [ShopBot] 开始导航至秘密商店（超时 30.0s）
[2026-05-07 23:48:58] [INFO] [ShopBot] 已到达秘密商店
[2026-05-07 23:48:58] [INFO] [ShopBot] 开始导航至秘密商店（超时 30.0s）
[2026-05-07 23:48:58] [INFO] [ShopBot] 从大厅点击左侧导航栏的秘密商店入口
[2026-05-07 23:48:58] [INFO] [ShopBot] 已到达秘密商店
[2026-05-07 23:48:58] [INFO] [ShopBot] 开始导航至秘密商店（超时 0.01s）
[2026-05-07 23:48:58] [WARNING] [ShopBot] 界面无法识别且无弹窗，等待后重试
[2026-05-07 23:48:58] [WARNING] [ShopBot] 界面无法识别且无弹窗，等待后重试
[2026-05-07 23:48:58] [WARNING] [ShopBot] 界面无法识别且无弹窗，等待后重试
[2026-05-07 23:48:58] [WARNING] [ShopBot] 界面无法识别且无弹窗，等待后重试
[2026-05-07 23:48:58] [WARNING] [ShopBot] 界面无法识别且无弹窗，等待后重试
[2026-05-07 23:48:58] [WARNING] [ShopBot] 界面无法识别且无弹窗，等待后重试
[2026-05-07 23:48:58] [WARNING] [ShopBot] 界面无法识别且无弹窗，等待后重试
[2026-05-07 23:48:58] [WARNING] [ShopBot] 界面无法识别且无弹窗，等待后重试
[2026-05-07 23:48:58] [WARNING] [ShopBot] 界面无法识别且无弹窗，等待后重试
[2026-05-07 23:48:58] [WARNING] [ShopBot] 界面无法识别且无弹窗，等待后重试
[2026-05-07 23:48:58] [WARNING] [ShopBot] 界面无法识别且无弹窗，等待后重试
[2026-05-07 23:48:58] [WARNING] [ShopBot] 界面无法识别且无弹窗，等待后重试
[2026-05-07 23:48:58] [WARNING] [ShopBot] 界面无法识别且无弹窗，等待后重试
[2026-05-07 23:48:58] [WARNING] [ShopBot] 界面无法识别且无弹窗，等待后重试
[2026-05-07 23:48:58] [WARNING] [ShopBot] 界面无法识别且无弹窗，等待后重试
[2026-05-07 23:48:58] [WARNING] [ShopBot] 界面无法识别且无弹窗，等待后重试
[2026-05-07 23:48:58] [WARNING] [ShopBot] 界面无法识别且无弹窗，等待后重试
[2026-05-07 23:48:58] [WARNING] [ShopBot] 界面无法识别且无弹窗，等待后重试
[2026-05-07 23:48:58] [WARNING] [ShopBot] 界面无法识别且无弹窗，等待后重试
[2026-05-07 23:48:58] [WARNING] [ShopBot] 界面无法识别且无弹窗，等待后重试
[2026-05-07 23:48:58] [WARNING] [ShopBot] 界面无法识别且无弹窗，等待后重试
[2026-05-07 23:48:58] [WARNING] [ShopBot] 界面无法识别且无弹窗，等待后重试
[2026-05-07 23:48:58] [WARNING] [ShopBot] 界面无法识别且无弹窗，等待后重试
[2026-05-07 23:48:58] [WARNING] [ShopBot] 界面无法识别且无弹窗，等待后重试
[2026-05-07 23:48:58] [WARNING] [ShopBot] 界面无法识别且无弹窗，等待后重试
[2026-05-07 23:48:58] [WARNING] [ShopBot] 界面无法识别且无弹窗，等待后重试
[2026-05-07 23:48:58] [WARNING] [ShopBot] 界面无法识别且无弹窗，等待后重试
[2026-05-07 23:48:58] [WARNING] [ShopBot] 界面无法识别且无弹窗，等待后重试
[2026-05-07 23:48:58] [WARNING] [ShopBot] 界面无法识别且无弹窗，等待后重试
[2026-05-07 23:48:58] [WARNING] [ShopBot] 界面无法识别且无弹窗，等待后重试
[2026-05-07 23:48:58] [WARNING] [ShopBot] 界面无法识别且无弹窗，等待后重试
[2026-05-07 23:48:58] [WARNING] [ShopBot] 界面无法识别且无弹窗，等待后重试
[2026-05-07 23:48:58] [WARNING] [ShopBot] 界面无法识别且无弹窗，等待后重试
[2026-05-07 23:48:58] [WARNING] [ShopBot] 界面无法识别且无弹窗，等待后重试
[2026-05-07 23:48:58] [WARNING] [ShopBot] 界面无法识别且无弹窗，等待后重试
[2026-05-07 23:48:58] [WARNING] [ShopBot] 界面无法识别且无弹窗，等待后重试
[2026-05-07 23:48:58] [WARNING] [ShopBot] 界面无法识别且无弹窗，等待后重试
[2026-05-07 23:48:58] [WARNING] [ShopBot] 界面无法识别且无弹窗，等待后重试
[2026-05-07 23:48:58] [WARNING] [ShopBot] 界面无法识别且无弹窗，等待后重试
[2026-05-07 23:48:58] [WARNING] [ShopBot] 界面无法识别且无弹窗，等待后重试
[2026-05-07 23:48:58] [WARNING] [ShopBot] 界面无法识别且无弹窗，等待后重试
[2026-05-07 23:48:58] [WARNING] [ShopBot] 界面无法识别且无弹窗，等待后重试
[2026-05-07 23:48:58] [WARNING] [ShopBot] 界面无法识别且无弹窗，等待后重试
[2026-05-07 23:48:58] [WARNING] [ShopBot] 界面无法识别且无弹窗，等待后重试
[2026-05-07 23:48:58] [WARNING] [ShopBot] 界面无法识别且无弹窗，等待后重试
[2026-05-07 23:48:58] [WARNING] [ShopBot] 界面无法识别且无弹窗，等待后重试
[2026-05-07 23:48:58] [WARNING] [ShopBot] 界面无法识别且无弹窗，等待后重试
[2026-05-07 23:48:58] [WARNING] [ShopBot] 界面无法识别且无弹窗，等待后重试
[2026-05-07 23:48:58] [WARNING] [ShopBot] 界面无法识别且无弹窗，等待后重试
[2026-05-07 23:48:58] [WARNING] [ShopBot] 界面无法识别且无弹窗，等待后重试
[2026-05-07 23:48:58] [WARNING] [ShopBot] 界面无法识别且无弹窗，等待后重试
[2026-05-07 23:48:58] [WARNING] [ShopBot] 界面无法识别且无弹窗，等待后重试
[2026-05-07 23:48:58] [WARNING] [ShopBot] 界面无法识别且无弹窗，等待后重试
[2026-05-07 23:48:58] [WARNING] [ShopBot] 界面无法识别且无弹窗，等待后重试
[2026-05-07 23:48:58] [WARNING] [ShopBot] 界面无法识别且无弹窗，等待后重试
[2026-05-07 23:48:58] [WARNING] [ShopBot] 界面无法识别且无弹窗，等待后重试
[2026-05-07 23:48:58] [WARNING] [ShopBot] 界面无法识别且无弹窗，等待后重试
[2026-05-07 23:48:58] [WARNING] [ShopBot] 界面无法识别且无弹窗，等待后重试
[2026-05-07 23:48:58] [WARNING] [ShopBot] 界面无法识别且无弹窗，等待后重试
[2026-05-07 23:48:58] [WARNING] [ShopBot] 界面无法识别且无弹窗，等待后重试
[2026-05-07 23:48:58] [WARNING] [ShopBot] 界面无法识别且无弹窗，等待后重试
[2026-05-07 23:48:58] [WARNING] [ShopBot] 界面无法识别且无弹窗，等待后重试
[2026-05-07 23:48:58] [WARNING] [ShopBot] 界面无法识别且无弹窗，等待后重试
[2026-05-07 23:48:58] [WARNING] [ShopBot] 界面无法识别且无弹窗，等待后重试
[2026-05-07 23:48:58] [WARNING] [ShopBot] 界面无法识别且无弹窗，等待后重试
[2026-05-07 23:48:58] [WARNING] [ShopBot] 界面无法识别且无弹窗，等待后重试
[2026-05-07 23:48:58] [WARNING] [ShopBot] 界面无法识别且无弹窗，等待后重试
[2026-05-07 23:48:58] [WARNING] [ShopBot] 界面无法识别且无弹窗，等待后重试
[2026-05-07 23:48:58] [WARNING] [ShopBot] 界面无法识别且无弹窗，等待后重试
[2026-05-07 23:48:58] [WARNING] [ShopBot] 界面无法识别且无弹窗，等待后重试
[2026-05-07 23:48:58] [WARNING] [ShopBot] 界面无法识别且无弹窗，等待后重试
[2026-05-07 23:48:58] [WARNING] [ShopBot] 界面无法识别且无弹窗，等待后重试
[2026-05-07 23:48:58] [WARNING] [ShopBot] 界面无法识别且无弹窗，等待后重试
[2026-05-07 23:48:58] [WARNING] [ShopBot] 界面无法识别且无弹窗，等待后重试
[2026-05-07 23:48:58] [WARNING] [ShopBot] 界面无法识别且无弹窗，等待后重试
[2026-05-07 23:48:58] [WARNING] [ShopBot] 界面无法识别且无弹窗，等待后重试
[2026-05-07 23:48:58] [WARNING] [ShopBot] 界面无法识别且无弹窗，等待后重试
[2026-05-07 23:48:58] [WARNING] [ShopBot] 界面无法识别且无弹窗，等待后重试
[2026-05-07 23:48:58] [WARNING] [ShopBot] 界面无法识别且无弹窗，等待后重试
[2026-05-07 23:48:58] [WARNING] [ShopBot] 界面无法识别且无弹窗，等待后重试
[2026-05-07 23:48:58] [WARNING] [ShopBot] 界面无法识别且无弹窗，等待后重试
[2026-05-07 23:48:58] [WARNING] [ShopBot] 界面无法识别且无弹窗，等待后重试
[2026-05-07 23:48:58] [WARNING] [ShopBot] 界面无法识别且无弹窗，等待后重试
[2026-05-07 23:48:58] [WARNING] [ShopBot] 界面无法识别且无弹窗，等待后重试
[2026-05-07 23:48:58] [WARNING] [ShopBot] 界面无法识别且无弹窗，等待后重试
[2026-05-07 23:48:58] [WARNING] [ShopBot] 界面无法识别且无弹窗，等待后重试
[2026-05-07 23:48:58] [WARNING] [ShopBot] 界面无法识别且无弹窗，等待后重试
[2026-05-07 23:48:58] [WARNING] [ShopBot] 界面无法识别且无弹窗，等待后重试
[2026-05-07 23:48:58] [WARNING] [ShopBot] 界面无法识别且无弹窗，等待后重试
[2026-05-07 23:48:58] [WARNING] [ShopBot] 界面无法识别且无弹窗，等待后重试
[2026-05-07 23:48:58] [WARNING] [ShopBot] 界面无法识别且无弹窗，等待后重试
[2026-05-07 23:48:58] [WARNING] [ShopBot] 界面无法识别且无弹窗，等待后重试
[2026-05-07 23:48:58] [WARNING] [ShopBot] 界面无法识别且无弹窗，等待后重试
[2026-05-07 23:48:58] [WARNING] [ShopBot] 界面无法识别且无弹窗，等待后重试
[2026-05-07 23:48:58] [WARNING] [ShopBot] 界面无法识别且无弹窗，等待后重试
[2026-05-07 23:48:58] [WARNING] [ShopBot] 界面无法识别且无弹窗，等待后重试
[2026-05-07 23:48:58] [WARNING] [ShopBot] 界面无法识别且无弹窗，等待后重试
[2026-05-07 23:48:58] [WARNING] [ShopBot] 界面无法识别且无弹窗，等待后重试
[2026-05-07 23:48:58] [WARNING] [ShopBot] 界面无法识别且无弹窗，等待后重试
[2026-05-07 23:48:58] [WARNING] [ShopBot] 界面无法识别且无弹窗，等待后重试
[2026-05-07 23:48:58] [WARNING] [ShopBot] 界面无法识别且无弹窗，等待后重试
[2026-05-07 23:48:58] [WARNING] [ShopBot] 界面无法识别且无弹窗，等待后重试
[2026-05-07 23:48:58] [WARNING] [ShopBot] 界面无法识别且无弹窗，等待后重试
[2026-05-07 23:48:58] [WARNING] [ShopBot] 界面无法识别且无弹窗，等待后重试
[2026-05-07 23:48:58] [WARNING] [ShopBot] 界面无法识别且无弹窗，等待后重试
[2026-05-07 23:48:58] [WARNING] [ShopBot] 界面无法识别且无弹窗，等待后重试
[2026-05-07 23:48:58] [WARNING] [ShopBot] 界面无法识别且无弹窗，等待后重试
[2026-05-07 23:48:58] [WARNING] [ShopBot] 界面无法识别且无弹窗，等待后重试
[2026-05-07 23:48:58] [WARNING] [ShopBot] 界面无法识别且无弹窗，等待后重试
[2026-05-07 23:48:58] [WARNING] [ShopBot] 界面无法识别且无弹窗，等待后重试
[2026-05-07 23:48:58] [WARNING] [ShopBot] 界面无法识别且无弹窗，等待后重试
[2026-05-07 23:48:58] [WARNING] [ShopBot] 界面无法识别且无弹窗，等待后重试
[2026-05-07 23:48:58] [WARNING] [ShopBot] 界面无法识别且无弹窗，等待后重试
[2026-05-07 23:48:58] [WARNING] [ShopBot] 界面无法识别且无弹窗，等待后重试
[2026-05-07 23:48:58] [WARNING] [ShopBot] 界面无法识别且无弹窗，等待后重试
[2026-05-07 23:48:58] [WARNING] [ShopBot] 界面无法识别且无弹窗，等待后重试
[2026-05-07 23:48:58] [WARNING] [ShopBot] 界面无法识别且无弹窗，等待后重试
[2026-05-07 23:48:58] [WARNING] [ShopBot] 界面无法识别且无弹窗，等待后重试
[2026-05-07 23:48:58] [WARNING] [ShopBot] 界面无法识别且无弹窗，等待后重试
[2026-05-07 23:48:58] [WARNING] [ShopBot] 界面无法识别且无弹窗，等待后重试
[2026-05-07 23:48:58] [WARNING] [ShopBot] 界面无法识别且无弹窗，等待后重试
[2026-05-07 23:48:58] [WARNING] [ShopBot] 界面无法识别且无弹窗，等待后重试
[2026-05-07 23:48:58] [WARNING] [ShopBot] 界面无法识别且无弹窗，等待后重试
[2026-05-07 23:48:58] [WARNING] [ShopBot] 界面无法识别且无弹窗，等待后重试
[2026-05-07 23:48:58] [WARNING] [ShopBot] 界面无法识别且无弹窗，等待后重试
[2026-05-07 23:48:58] [WARNING] [ShopBot] 界面无法识别且无弹窗，等待后重试
[2026-05-07 23:48:58] [WARNING] [ShopBot] 界面无法识别且无弹窗，等待后重试
[2026-05-07 23:48:58] [WARNING] [ShopBot] 界面无法识别且无弹窗，等待后重试
[2026-05-07 23:48:58] [WARNING] [ShopBot] 界面无法识别且无弹窗，等待后重试
[2026-05-07 23:48:58] [WARNING] [ShopBot] 界面无法识别且无弹窗，等待后重试
[2026-05-07 23:48:58] [WARNING] [ShopBot] 界面无法识别且无弹窗，等待后重试
[2026-05-07 23:48:58] [WARNING] [ShopBot] 界面无法识别且无弹窗，等待后重试
[2026-05-07 23:48:58] [WARNING] [ShopBot] 界面无法识别且无弹窗，等待后重试
[2026-05-07 23:48:58] [WARNING] [ShopBot] 界面无法识别且无弹窗，等待后重试
[2026-05-07 23:48:58] [WARNING] [ShopBot] 界面无法识别且无弹窗，等待后重试
[2026-05-07 23:48:58] [WARNING] [ShopBot] 界面无法识别且无弹窗，等待后重试
[2026-05-07 23:48:58] [WARNING] [ShopBot] 界面无法识别且无弹窗，等待后重试
[2026-05-07 23:48:58] [WARNING] [ShopBot] 界面无法识别且无弹窗，等待后重试
[2026-05-07 23:48:58] [WARNING] [ShopBot] 界面无法识别且无弹窗，等待后重试
[2026-05-07 23:48:58] [WARNING] [ShopBot] 界面无法识别且无弹窗，等待后重试
[2026-05-07 23:48:58] [WARNING] [ShopBot] 界面无法识别且无弹窗，等待后重试
[2026-05-07 23:48:58] [WARNING] [ShopBot] 界面无法识别且无弹窗，等待后重试
[2026-05-07 23:48:58] [WARNING] [ShopBot] 界面无法识别且无弹窗，等待后重试
[2026-05-07 23:48:58] [WARNING] [ShopBot] 界面无法识别且无弹窗，等待后重试
[2026-05-07 23:48:58] [WARNING] [ShopBot] 界面无法识别且无弹窗，等待后重试
[2026-05-07 23:48:58] [WARNING] [ShopBot] 界面无法识别且无弹窗，等待后重试
[2026-05-07 23:48:58] [WARNING] [ShopBot] 界面无法识别且无弹窗，等待后重试
[2026-05-07 23:48:58] [WARNING] [ShopBot] 界面无法识别且无弹窗，等待后重试
[2026-05-07 23:48:58] [WARNING] [ShopBot] 界面无法识别且无弹窗，等待后重试
[2026-05-07 23:48:58] [WARNING] [ShopBot] 界面无法识别且无弹窗，等待后重试
[2026-05-07 23:48:58] [WARNING] [ShopBot] 界面无法识别且无弹窗，等待后重试
[2026-05-07 23:48:58] [WARNING] [ShopBot] 界面无法识别且无弹窗，等待后重试
[2026-05-07 23:48:58] [WARNING] [ShopBot] 界面无法识别且无弹窗，等待后重试
[2026-05-07 23:48:58] [WARNING] [ShopBot] 界面无法识别且无弹窗，等待后重试
[2026-05-07 23:48:58] [WARNING] [ShopBot] 界面无法识别且无弹窗，等待后重试
[2026-05-07 23:48:58] [WARNING] [ShopBot] 界面无法识别且无弹窗，等待后重试
[2026-05-07 23:48:58] [WARNING] [ShopBot] 界面无法识别且无弹窗，等待后重试
[2026-05-07 23:48:58] [WARNING] [ShopBot] 界面无法识别且无弹窗，等待后重试
[2026-05-07 23:48:58] [WARNING] [ShopBot] 界面无法识别且无弹窗，等待后重试
[2026-05-07 23:48:58] [WARNING] [ShopBot] 界面无法识别且无弹窗，等待后重试
[2026-05-07 23:48:58] [WARNING] [ShopBot] 界面无法识别且无弹窗，等待后重试
[2026-05-07 23:48:58] [WARNING] [ShopBot] 界面无法识别且无弹窗，等待后重试
[2026-05-07 23:48:58] [WARNING] [ShopBot] 界面无法识别且无弹窗，等待后重试
[2026-05-07 23:48:58] [WARNING] [ShopBot] 界面无法识别且无弹窗，等待后重试
[2026-05-07 23:48:58] [WARNING] [ShopBot] 界面无法识别且无弹窗，等待后重试
[2026-05-07 23:48:58] [WARNING] [ShopBot] 界面无法识别且无弹窗，等待后重试
[2026-05-07 23:48:58] [WARNING] [ShopBot] 界面无法识别且无弹窗，等待后重试
[2026-05-07 23:48:58] [WARNING] [ShopBot] 界面无法识别且无弹窗，等待后重试
[2026-05-07 23:48:58] [WARNING] [ShopBot] 界面无法识别且无弹窗，等待后重试
[2026-05-07 23:48:58] [WARNING] [ShopBot] 界面无法识别且无弹窗，等待后重试
[2026-05-07 23:48:58] [WARNING] [ShopBot] 界面无法识别且无弹窗，等待后重试
[2026-05-07 23:48:58] [WARNING] [ShopBot] 界面无法识别且无弹窗，等待后重试
[2026-05-07 23:48:58] [WARNING] [ShopBot] 界面无法识别且无弹窗，等待后重试
[2026-05-07 23:48:58] [WARNING] [ShopBot] 界面无法识别且无弹窗，等待后重试
[2026-05-07 23:48:58] [WARNING] [ShopBot] 界面无法识别且无弹窗，等待后重试
[2026-05-07 23:48:58] [WARNING] [ShopBot] 界面无法识别且无弹窗，等待后重试
[2026-05-07 23:48:58] [WARNING] [ShopBot] 界面无法识别且无弹窗，等待后重试
[2026-05-07 23:48:58] [WARNING] [ShopBot] 界面无法识别且无弹窗，等待后重试
[2026-05-07 23:48:58] [WARNING] [ShopBot] 界面无法识别且无弹窗，等待后重试
[2026-05-07 23:48:58] [WARNING] [ShopBot] 界面无法识别且无弹窗，等待后重试
[2026-05-07 23:48:58] [WARNING] [ShopBot] 界面无法识别且无弹窗，等待后重试
[2026-05-07 23:48:58] [WARNING] [ShopBot] 界面无法识别且无弹窗，等待后重试
[2026-05-07 23:48:58] [WARNING] [ShopBot] 界面无法识别且无弹窗，等待后重试
[2026-05-07 23:48:58] [WARNING] [ShopBot] 界面无法识别且无弹窗，等待后重试
[2026-05-07 23:48:58] [WARNING] [ShopBot] 界面无法识别且无弹窗，等待后重试
[2026-05-07 23:48:58] [WARNING] [ShopBot] 界面无法识别且无弹窗，等待后重试
[2026-05-07 23:48:58] [WARNING] [ShopBot] 界面无法识别且无弹窗，等待后重试
[2026-05-07 23:48:58] [WARNING] [ShopBot] 界面无法识别且无弹窗，等待后重试
[2026-05-07 23:48:58] [WARNING] [ShopBot] 界面无法识别且无弹窗，等待后重试
[2026-05-07 23:48:58] [WARNING] [ShopBot] 界面无法识别且无弹窗，等待后重试
[2026-05-07 23:48:58] [WARNING] [ShopBot] 界面无法识别且无弹窗，等待后重试
[2026-05-07 23:48:58] [WARNING] [ShopBot] 界面无法识别且无弹窗，等待后重试
[2026-05-07 23:48:58] [WARNING] [ShopBot] 界面无法识别且无弹窗，等待后重试
[2026-05-07 23:48:58] [WARNING] [ShopBot] 界面无法识别且无弹窗，等待后重试
[2026-05-07 23:48:58] [WARNING] [ShopBot] 界面无法识别且无弹窗，等待后重试
[2026-05-07 23:48:58] [WARNING] [ShopBot] 界面无法识别且无弹窗，等待后重试
[2026-05-07 23:48:58] [WARNING] [ShopBot] 界面无法识别且无弹窗，等待后重试
[2026-05-07 23:48:58] [WARNING] [ShopBot] 界面无法识别且无弹窗，等待后重试
[2026-05-07 23:48:58] [WARNING] [ShopBot] 界面无法识别且无弹窗，等待后重试
[2026-05-07 23:48:58] [WARNING] [ShopBot] 界面无法识别且无弹窗，等待后重试
[2026-05-07 23:48:58] [WARNING] [ShopBot] 界面无法识别且无弹窗，等待后重试
[2026-05-07 23:48:58] [WARNING] [ShopBot] 界面无法识别且无弹窗，等待后重试
[2026-05-07 23:48:58] [WARNING] [ShopBot] 界面无法识别且无弹窗，等待后重试
[2026-05-07 23:48:58] [WARNING] [ShopBot] 界面无法识别且无弹窗，等待后重试
[2026-05-07 23:48:58] [WARNING] [ShopBot] 界面无法识别且无弹窗，等待后重试
[2026-05-07 23:48:58] [WARNING] [ShopBot] 界面无法识别且无弹窗，等待后重试
[2026-05-07 23:48:58] [WARNING] [ShopBot] 界面无法识别且无弹窗，等待后重试
[2026-05-07 23:48:58] [WARNING] [ShopBot] 界面无法识别且无弹窗，等待后重试
[2026-05-07 23:48:58] [WARNING] [ShopBot] 界面无法识别且无弹窗，等待后重试
[2026-05-07 23:48:58] [WARNING] [ShopBot] 界面无法识别且无弹窗，等待后重试
[2026-05-07 23:48:58] [WARNING] [ShopBot] 界面无法识别且无弹窗，等待后重试
[2026-05-07 23:48:58] [WARNING] [ShopBot] 界面无法识别且无弹窗，等待后重试
[2026-05-07 23:48:58] [WARNING] [ShopBot] 界面无法识别且无弹窗，等待后重试
[2026-05-07 23:48:58] [WARNING] [ShopBot] 界面无法识别且无弹窗，等待后重试
[2026-05-07 23:48:58] [WARNING] [ShopBot] 界面无法识别且无弹窗，等待后重试
[2026-05-07 23:48:58] [WARNING] [ShopBot] 界面无法识别且无弹窗，等待后重试
[2026-05-07 23:48:58] [WARNING] [ShopBot] 界面无法识别且无弹窗，等待后重试
[2026-05-07 23:48:58] [WARNING] [ShopBot] 界面无法识别且无弹窗，等待后重试
[2026-05-07 23:48:58] [WARNING] [ShopBot] 界面无法识别且无弹窗，等待后重试
[2026-05-07 23:48:58] [WARNING] [ShopBot] 界面无法识别且无弹窗，等待后重试
[2026-05-07 23:48:58] [WARNING] [ShopBot] 界面无法识别且无弹窗，等待后重试
[2026-05-07 23:48:58] [WARNING] [ShopBot] 界面无法识别且无弹窗，等待后重试
[2026-05-07 23:48:58] [WARNING] [ShopBot] 界面无法识别且无弹窗，等待后重试
[2026-05-07 23:48:58] [WARNING] [ShopBot] 界面无法识别且无弹窗，等待后重试
[2026-05-07 23:48:58] [WARNING] [ShopBot] 界面无法识别且无弹窗，等待后重试
[2026-05-07 23:48:58] [WARNING] [ShopBot] 界面无法识别且无弹窗，等待后重试
[2026-05-07 23:48:58] [WARNING] [ShopBot] 界面无法识别且无弹窗，等待后重试
[2026-05-07 23:48:58] [WARNING] [ShopBot] 界面无法识别且无弹窗，等待后重试
[2026-05-07 23:48:58] [WARNING] [ShopBot] 界面无法识别且无弹窗，等待后重试
[2026-05-07 23:48:58] [WARNING] [ShopBot] 界面无法识别且无弹窗，等待后重试
[2026-05-07 23:48:58] [WARNING] [ShopBot] 界面无法识别且无弹窗，等待后重试
[2026-05-07 23:48:58] [WARNING] [ShopBot] 界面无法识别且无弹窗，等待后重试
[2026-05-07 23:48:58] [WARNING] [ShopBot] 界面无法识别且无弹窗，等待后重试
[2026-05-07 23:48:58] [WARNING] [ShopBot] 界面无法识别且无弹窗，等待后重试
[2026-05-07 23:48:58] [WARNING] [ShopBot] 界面无法识别且无弹窗，等待后重试
[2026-05-07 23:48:58] [WARNING] [ShopBot] 界面无法识别且无弹窗，等待后重试
[2026-05-07 23:48:58] [WARNING] [ShopBot] 界面无法识别且无弹窗，等待后重试
[2026-05-07 23:48:58] [WARNING] [ShopBot] 界面无法识别且无弹窗，等待后重试
[2026-05-07 23:48:58] [WARNING] [ShopBot] 界面无法识别且无弹窗，等待后重试
[2026-05-07 23:48:58] [WARNING] [ShopBot] 界面无法识别且无弹窗，等待后重试
[2026-05-07 23:48:58] [WARNING] [ShopBot] 界面无法识别且无弹窗，等待后重试
[2026-05-07 23:48:58] [WARNING] [ShopBot] 界面无法识别且无弹窗，等待后重试
[2026-05-07 23:48:58] [WARNING] [ShopBot] 界面无法识别且无弹窗，等待后重试
[2026-05-07 23:48:58] [WARNING] [ShopBot] 界面无法识别且无弹窗，等待后重试
[2026-05-07 23:48:58] [WARNING] [ShopBot] 界面无法识别且无弹窗，等待后重试
[2026-05-07 23:48:58] [WARNING] [ShopBot] 界面无法识别且无弹窗，等待后重试
[2026-05-07 23:48:58] [WARNING] [ShopBot] 界面无法识别且无弹窗，等待后重试
[2026-05-07 23:48:58] [WARNING] [ShopBot] 界面无法识别且无弹窗，等待后重试
[2026-05-07 23:48:58] [WARNING] [ShopBot] 界面无法识别且无弹窗，等待后重试
[2026-05-07 23:48:58] [WARNING] [ShopBot] 界面无法识别且无弹窗，等待后重试
[2026-05-07 23:48:58] [WARNING] [ShopBot] 界面无法识别且无弹窗，等待后重试
[2026-05-07 23:48:58] [WARNING] [ShopBot] 界面无法识别且无弹窗，等待后重试
[2026-05-07 23:48:58] [WARNING] [ShopBot] 界面无法识别且无弹窗，等待后重试
[2026-05-07 23:48:58] [WARNING] [ShopBot] 界面无法识别且无弹窗，等待后重试
[2026-05-07 23:48:58] [WARNING] [ShopBot] 界面无法识别且无弹窗，等待后重试
[2026-05-07 23:48:58] [WARNING] [ShopBot] 界面无法识别且无弹窗，等待后重试
[2026-05-07 23:48:58] [WARNING] [ShopBot] 界面无法识别且无弹窗，等待后重试
[2026-05-07 23:48:58] [WARNING] [ShopBot] 界面无法识别且无弹窗，等待后重试
[2026-05-07 23:48:58] [WARNING] [ShopBot] 界面无法识别且无弹窗，等待后重试
[2026-05-07 23:48:58] [WARNING] [ShopBot] 界面无法识别且无弹窗，等待后重试
[2026-05-07 23:48:58] [WARNING] [ShopBot] 界面无法识别且无弹窗，等待后重试
[2026-05-07 23:48:58] [WARNING] [ShopBot] 界面无法识别且无弹窗，等待后重试
[2026-05-07 23:48:58] [WARNING] [ShopBot] 界面无法识别且无弹窗，等待后重试
[2026-05-07 23:48:58] [WARNING] [ShopBot] 界面无法识别且无弹窗，等待后重试
[2026-05-07 23:48:58] [WARNING] [ShopBot] 界面无法识别且无弹窗，等待后重试
[2026-05-07 23:48:58] [WARNING] [ShopBot] 界面无法识别且无弹窗，等待后重试
[2026-05-07 23:48:58] [WARNING] [ShopBot] 界面无法识别且无弹窗，等待后重试
[2026-05-07 23:48:58] [WARNING] [ShopBot] 界面无法识别且无弹窗，等待后重试
[2026-05-07 23:48:58] [WARNING] [ShopBot] 界面无法识别且无弹窗，等待后重试
[2026-05-07 23:48:58] [WARNING] [ShopBot] 界面无法识别且无弹窗，等待后重试
[2026-05-07 23:48:58] [WARNING] [ShopBot] 界面无法识别且无弹窗，等待后重试
[2026-05-07 23:48:58] [WARNING] [ShopBot] 界面无法识别且无弹窗，等待后重试
[2026-05-07 23:48:58] [WARNING] [ShopBot] 界面无法识别且无弹窗，等待后重试
[2026-05-07 23:48:58] [WARNING] [ShopBot] 界面无法识别且无弹窗，等待后重试
[2026-05-07 23:48:58] [WARNING] [ShopBot] 界面无法识别且无弹窗，等待后重试
[2026-05-07 23:48:58] [WARNING] [ShopBot] 界面无法识别且无弹窗，等待后重试
[2026-05-07 23:48:58] [WARNING] [ShopBot] 界面无法识别且无弹窗，等待后重试
[2026-05-07 23:48:58] [WARNING] [ShopBot] 界面无法识别且无弹窗，等待后重试
[2026-05-07 23:48:58] [WARNING] [ShopBot] 界面无法识别且无弹窗，等待后重试
[2026-05-07 23:48:58] [WARNING] [ShopBot] 界面无法识别且无弹窗，等待后重试
[2026-05-07 23:48:58] [WARNING] [ShopBot] 界面无法识别且无弹窗，等待后重试
[2026-05-07 23:48:58] [WARNING] [ShopBot] 界面无法识别且无弹窗，等待后重试
[2026-05-07 23:48:58] [WARNING] [ShopBot] 界面无法识别且无弹窗，等待后重试
[2026-05-07 23:48:58] [WARNING] [ShopBot] 界面无法识别且无弹窗，等待后重试
[2026-05-07 23:48:58] [WARNING] [ShopBot] 界面无法识别且无弹窗，等待后重试
[2026-05-07 23:48:58] [WARNING] [ShopBot] 界面无法识别且无弹窗，等待后重试
[2026-05-07 23:48:58] [WARNING] [ShopBot] 界面无法识别且无弹窗，等待后重试
[2026-05-07 23:48:58] [WARNING] [ShopBot] 界面无法识别且无弹窗，等待后重试
[2026-05-07 23:48:58] [WARNING] [ShopBot] 界面无法识别且无弹窗，等待后重试
[2026-05-07 23:48:58] [WARNING] [ShopBot] 界面无法识别且无弹窗，等待后重试
[2026-05-07 23:48:58] [WARNING] [ShopBot] 界面无法识别且无弹窗，等待后重试
[2026-05-07 23:48:58] [WARNING] [ShopBot] 界面无法识别且无弹窗，等待后重试
[2026-05-07 23:48:58] [WARNING] [ShopBot] 界面无法识别且无弹窗，等待后重试
[2026-05-07 23:48:58] [WARNING] [ShopBot] 界面无法识别且无弹窗，等待后重试
[2026-05-07 23:48:58] [WARNING] [ShopBot] 界面无法识别且无弹窗，等待后重试
[2026-05-07 23:48:58] [WARNING] [ShopBot] 界面无法识别且无弹窗，等待后重试
[2026-05-07 23:48:58] [WARNING] [ShopBot] 界面无法识别且无弹窗，等待后重试
[2026-05-07 23:48:58] [WARNING] [ShopBot] 界面无法识别且无弹窗，等待后重试
[2026-05-07 23:48:58] [WARNING] [ShopBot] 界面无法识别且无弹窗，等待后重试
[2026-05-07 23:48:58] [WARNING] [ShopBot] 界面无法识别且无弹窗，等待后重试
[2026-05-07 23:48:58] [WARNING] [ShopBot] 界面无法识别且无弹窗，等待后重试
[2026-05-07 23:48:58] [WARNING] [ShopBot] 界面无法识别且无弹窗，等待后重试
[2026-05-07 23:48:58] [WARNING] [ShopBot] 界面无法识别且无弹窗，等待后重试
[2026-05-07 23:48:58] [WARNING] [ShopBot] 界面无法识别且无弹窗，等待后重试
[2026-05-07 23:48:58] [WARNING] [ShopBot] 界面无法识别且无弹窗，等待后重试
[2026-05-07 23:48:58] [WARNING] [ShopBot] 界面无法识别且无弹窗，等待后重试
[2026-05-07 23:48:58] [WARNING] [ShopBot] 界面无法识别且无弹窗，等待后重试
[2026-05-07 23:48:58] [WARNING] [ShopBot] 界面无法识别且无弹窗，等待后重试
[2026-05-07 23:48:58] [WARNING] [ShopBot] 界面无法识别且无弹窗，等待后重试
[2026-05-07 23:48:58] [WARNING] [ShopBot] 界面无法识别且无弹窗，等待后重试
[2026-05-07 23:48:58] [WARNING] [ShopBot] 界面无法识别且无弹窗，等待后重试
[2026-05-07 23:48:58] [WARNING] [ShopBot] 界面无法识别且无弹窗，等待后重试
[2026-05-07 23:48:58] [WARNING] [ShopBot] 界面无法识别且无弹窗，等待后重试
[2026-05-07 23:48:58] [WARNING] [ShopBot] 界面无法识别且无弹窗，等待后重试
[2026-05-07 23:48:58] [WARNING] [ShopBot] 界面无法识别且无弹窗，等待后重试
[2026-05-07 23:48:58] [WARNING] [ShopBot] 界面无法识别且无弹窗，等待后重试
[2026-05-07 23:48:58] [WARNING] [ShopBot] 界面无法识别且无弹窗，等待后重试
[2026-05-07 23:48:58] [WARNING] [ShopBot] 界面无法识别且无弹窗，等待后重试
[2026-05-07 23:48:58] [WARNING] [ShopBot] 界面无法识别且无弹窗，等待后重试
[2026-05-07 23:48:58] [WARNING] [ShopBot] 界面无法识别且无弹窗，等待后重试
[2026-05-07 23:48:58] [WARNING] [ShopBot] 界面无法识别且无弹窗，等待后重试
[2026-05-07 23:48:58] [WARNING] [ShopBot] 界面无法识别且无弹窗，等待后重试
[2026-05-07 23:48:58] [WARNING] [ShopBot] 界面无法识别且无弹窗，等待后重试
[2026-05-07 23:48:58] [WARNING] [ShopBot] 界面无法识别且无弹窗，等待后重试
[2026-05-07 23:48:58] [WARNING] [ShopBot] 界面无法识别且无弹窗，等待后重试
[2026-05-07 23:48:58] [WARNING] [ShopBot] 界面无法识别且无弹窗，等待后重试
[2026-05-07 23:48:58] [WARNING] [ShopBot] 界面无法识别且无弹窗，等待后重试
[2026-05-07 23:48:58] [WARNING] [ShopBot] 界面无法识别且无弹窗，等待后重试
[2026-05-07 23:48:58] [WARNING] [ShopBot] 界面无法识别且无弹窗，等待后重试
[2026-05-07 23:48:58] [ERROR] [ShopBot] 导航超时（0.01s），未能到达秘密商店
[2026-05-07 23:48:58] [INFO] [ShopBot] 开始导航至秘密商店（超时 30.0s）
[2026-05-07 23:48:58] [INFO] [ShopBot] 已关闭弹窗，继续导航
[2026-05-07 23:48:58] [INFO] [ShopBot] 已到达秘密商店
[2026-05-07 23:48:58] [INFO] [ShopBot] 检测到弹窗，点击关闭
[2026-05-07 23:48:58] [DEBUG] [ShopBot] 模板匹配 equipment 失败: [Errno 2] No such file or directory: 'D:\\software\\7th\\7th\\assets\\e7\\equipment.png'
[2026-05-07 23:48:58] [DEBUG] [ShopBot] 模板匹配 fodder 失败: [Errno 2] No such file or directory: 'D:\\software\\7th\\7th\\assets\\e7\\fodder.png'
[2026-05-07 23:48:58] [DEBUG] [ShopBot] 槽位 (120, 160, 200, 240) 最佳匹配 unknown 置信度 0.00 低于阈值 0.85，标记为 unknown
[2026-05-07 23:48:58] [WARNING] [ShopBot] OCR 价格识别失败 (210, 200, 340, 230): OCR 服务不可用
[2026-05-07 23:48:58] [INFO] [ShopBot] 槽位 0: bookmark (置信度 0.92), 价格 184000
[2026-05-07 23:48:58] [INFO] [ShopBot] 槽位 1: bookmark (置信度 0.92), 价格 184000
[2026-05-07 23:48:58] [INFO] [ShopBot] 槽位 2: bookmark (置信度 0.92), 价格 184000
[2026-05-07 23:48:58] [INFO] [ShopBot] 槽位 3: bookmark (置信度 0.92), 价格 184000
[2026-05-07 23:48:58] [INFO] [ShopBot] 槽位 4: bookmark (置信度 0.92), 价格 184000
[2026-05-07 23:48:58] [INFO] [ShopBot] 槽位 5: bookmark (置信度 0.92), 价格 184000
[2026-05-07 23:48:58] [INFO] [ShopBot] 槽位 0: bookmark (置信度 0.92), 价格 100
[2026-05-07 23:48:58] [INFO] [ShopBot] 槽位 1: bookmark (置信度 0.92), 价格 100
[2026-05-07 23:48:58] [INFO] [ShopBot] 槽位 2: bookmark (置信度 0.92), 价格 100
[2026-05-07 23:48:58] [INFO] [ShopBot] 槽位 3: bookmark (置信度 0.92), 价格 100
[2026-05-07 23:48:58] [INFO] [ShopBot] 槽位 4: bookmark (置信度 0.92), 价格 100
[2026-05-07 23:48:58] [INFO] [ShopBot] 槽位 5: bookmark (置信度 0.92), 价格 100
[2026-05-07 23:48:58] [INFO] [ShopBot] 槽位 0: equipment (置信度 0.88), 价格 50000
[2026-05-07 23:48:58] [INFO] [ShopBot] 槽位 1: equipment (置信度 0.88), 价格 50000
[2026-05-07 23:48:58] [INFO] [ShopBot] 槽位 2: equipment (置信度 0.88), 价格 50000
[2026-05-07 23:48:58] [INFO] [ShopBot] 槽位 3: equipment (置信度 0.88), 价格 50000
[2026-05-07 23:48:58] [INFO] [ShopBot] 槽位 4: equipment (置信度 0.88), 价格 50000
[2026-05-07 23:48:58] [INFO] [ShopBot] 槽位 5: equipment (置信度 0.88), 价格 50000
[2026-05-07 23:48:58] [DEBUG] [ShopBot] 底部检测相似度: 1.0000
[2026-05-07 23:48:58] [DEBUG] [ShopBot] 底部检测相似度: 0.2157
[2026-05-07 23:48:58] [INFO] [ShopBot] 已到达货架底部（第 1 次滑动后）
[2026-05-07 23:48:58] [INFO] [ShopBot] 第 1 次滑动，识别到 0 个物品
[2026-05-07 23:48:58] [INFO] [ShopBot] 第 2 次滑动，识别到 0 个物品
[2026-05-07 23:48:58] [INFO] [ShopBot] 第 3 次滑动，识别到 0 个物品
[2026-05-07 23:48:58] [INFO] [ShopBot] 第 4 次滑动，识别到 0 个物品
[2026-05-07 23:48:58] [INFO] [ShopBot] 第 5 次滑动，识别到 0 个物品
[2026-05-07 23:48:58] [INFO] [ShopBot] 开始识别完整货架
[2026-05-07 23:48:58] [INFO] [ShopBot] 货架识别完成，共 2 个物品
[2026-05-07 23:52:26] [INFO] [ShopBot] 配置已加载 - 设备: 127.0.0.1:16384, 截图: ADB, 控制: ADB
[2026-05-07 23:52:26] [INFO] [ShopBot] 购买列表 - 书签: True, 神秘奖章: True, 装备: False, 狗粮: False
[2026-05-07 23:52:26] [INFO] [ShopBot] 刷新上限: 200, 天空石阈值: 0, 金币阈值: 0
[2026-05-07 23:52:26] [INFO] [ShopBot] 正在连接设备 127.0.0.1:16384（第 1/3 次）
[2026-05-07 23:52:28] [INFO] [ShopBot] 设备连接成功: 127.0.0.1:16384
[2026-05-07 23:52:43] [INFO] [ShopBot] 配置已加载 - 设备: 127.0.0.1:16384, 截图: ADB, 控制: ADB
[2026-05-07 23:52:43] [INFO] [ShopBot] 购买列表 - 书签: True, 神秘奖章: True, 装备: False, 狗粮: False
[2026-05-07 23:52:43] [INFO] [ShopBot] 刷新上限: 200, 天空石阈值: 0, 金币阈值: 0
[2026-05-07 23:52:43] [INFO] [ShopBot] 正在连接设备 127.0.0.1:16384（第 1/3 次）
[2026-05-07 23:52:43] [INFO] [ShopBot] 设备连接成功: 127.0.0.1:16384
[2026-05-07 23:53:05] [INFO] [ShopBot] 配置已加载 - 设备: 127.0.0.1:16384, 截图: ADB, 控制: ADB
[2026-05-07 23:53:05] [INFO] [ShopBot] 购买列表 - 书签: True, 神秘奖章: True, 装备: False, 狗粮: False
[2026-05-07 23:53:05] [INFO] [ShopBot] 刷新上限: 200, 天空石阈值: 0, 金币阈值: 0
[2026-05-07 23:53:05] [INFO] [ShopBot] 正在连接设备 127.0.0.1:16384（第 1/3 次）
[2026-05-07 23:53:05] [INFO] [ShopBot] 设备连接成功: 127.0.0.1:16384
[2026-05-07 23:53:06] [DEBUG] [ShopBot] 左侧导航顶部亮度: 51.2
[2026-05-07 23:53:06] [DEBUG] [ShopBot] 左侧导航亮度: 123.0 底部亮度: 47.2
[2026-05-07 23:53:06] [WARNING] [ShopBot] 场景检测: 未知界面
