[2026-05-08 00:02:08] [DEBUG] [ShopBot] 秘密商店检测: 导航顶部=50 导航中部=180 内容区=50
[2026-05-08 00:02:08] [INFO] [ShopBot] 场景检测: 秘密商店
[2026-05-08 00:02:08] [DEBUG] [ShopBot] 大厅检测: 导航顶部=150 内容区=180
[2026-05-08 00:02:08] [INFO] [ShopBot] 场景检测: 游戏大厅
[2026-05-08 00:02:08] [DEBUG] [ShopBot] 秘密商店检测: 导航顶部=50 导航中部=50 内容区=50
[2026-05-08 00:02:08] [DEBUG] [ShopBot] 大厅检测: 导航顶部=50 内容区=50
[2026-05-08 00:02:08] [WARNING] [ShopBot] 场景检测: 未知界面
[2026-05-08 00:02:08] [DEBUG] [ShopBot] 秘密商店检测: 导航顶部=50 导航中部=180 内容区=180
[2026-05-08 00:02:08] [DEBUG] [ShopBot] 大厅检测: 导航顶部=50 内容区=180
[2026-05-08 00:02:08] [WARNING] [ShopBot] 场景检测: 未知界面
[2026-05-08 00:02:08] [DEBUG] [ShopBot] 秘密商店检测: 导航顶部=40 导航中部=150 内容区=60
[2026-05-08 00:02:08] [DEBUG] [ShopBot] 秘密商店检测: 导航顶部=50 导航中部=50 内容区=60
[2026-05-08 00:02:08] [DEBUG] [ShopBot] 秘密商店检测: 导航顶部=50 导航中部=150 内容区=180
[2026-05-08 00:02:08] [DEBUG] [ShopBot] 大厅检测: 导航顶部=150 内容区=180
[2026-05-08 00:02:08] [DEBUG] [ShopBot] 大厅检测: 导航顶部=50 内容区=180
[2026-05-08 00:02:08] [DEBUG] [ShopBot] 大厅检测: 导航顶部=150 内容区=50
[2026-05-08 00:02:08] [INFO] [ShopBot] 开始导航至秘密商店（超时 30.0s）
[2026-05-08 00:02:08] [INFO] [ShopBot] 已到达秘密商店
[2026-05-08 00:02:08] [INFO] [ShopBot] 开始导航至秘密商店（超时 30.0s）
[2026-05-08 00:02:08] [INFO] [ShopBot] 从大厅点击左侧导航栏的秘密商店入口
[2026-05-08 00:02:08] [INFO] [ShopBot] 已到达秘密商店
[2026-05-08 00:02:08] [INFO] [ShopBot] 开始导航至秘密商店（超时 0.01s）
[2026-05-08 00:02:08] [WARNING] [ShopBot] 界面无法识别且无弹窗，等待后重试
[2026-05-08 00:02:08] [WARNING] [ShopBot] 界面无法识别且无弹窗，等待后重试
[2026-05-08 00:02:08] [WARNING] [ShopBot] 界面无法识别且无弹窗，等待后重试
[2026-05-08 00:02:08] [WARNING] [ShopBot] 界面无法识别且无弹窗，等待后重试
[2026-05-08 00:02:08] [WARNING] [ShopBot] 界面无法识别且无弹窗，等待后重试
[2026-05-08 00:02:08] [WARNING] [ShopBot] 界面无法识别且无弹窗，等待后重试
[2026-05-08 00:02:08] [WARNING] [ShopBot] 界面无法识别且无弹窗，等待后重试
[2026-05-08 00:02:08] [WARNING] [ShopBot] 界面无法识别且无弹窗，等待后重试
[2026-05-08 00:02:08] [WARNING] [ShopBot] 界面无法识别且无弹窗，等待后重试
[2026-05-08 00:02:08] [WARNING] [ShopBot] 界面无法识别且无弹窗，等待后重试
[2026-05-08 00:02:08] [WARNING] [ShopBot] 界面无法识别且无弹窗，等待后重试
[2026-05-08 00:02:08] [WARNING] [ShopBot] 界面无法识别且无弹窗，等待后重试
[2026-05-08 00:02:08] [WARNING] [ShopBot] 界面无法识别且无弹窗，等待后重试
[2026-05-08 00:02:08] [WARNING] [ShopBot] 界面无法识别且无弹窗，等待后重试
[2026-05-08 00:02:08] [WARNING] [ShopBot] 界面无法识别且无弹窗，等待后重试
[2026-05-08 00:02:08] [WARNING] [ShopBot] 界面无法识别且无弹窗，等待后重试
[2026-05-08 00:02:08] [WARNING] [ShopBot] 界面无法识别且无弹窗，等待后重试
[2026-05-08 00:02:08] [WARNING] [ShopBot] 界面无法识别且无弹窗，等待后重试
[2026-05-08 00:02:08] [WARNING] [ShopBot] 界面无法识别且无弹窗，等待后重试
[2026-05-08 00:02:08] [WARNING] [ShopBot] 界面无法识别且无弹窗，等待后重试
[2026-05-08 00:02:08] [WARNING] [ShopBot] 界面无法识别且无弹窗，等待后重试
[2026-05-08 00:02:08] [WARNING] [ShopBot] 界面无法识别且无弹窗，等待后重试
[2026-05-08 00:02:08] [WARNING] [ShopBot] 界面无法识别且无弹窗，等待后重试
[2026-05-08 00:02:08] [WARNING] [ShopBot] 界面无法识别且无弹窗，等待后重试
[2026-05-08 00:02:08] [WARNING] [ShopBot] 界面无法识别且无弹窗，等待后重试
[2026-05-08 00:02:08] [WARNING] [ShopBot] 界面无法识别且无弹窗，等待后重试
[2026-05-08 00:02:08] [WARNING] [ShopBot] 界面无法识别且无弹窗，等待后重试
[2026-05-08 00:02:08] [WARNING] [ShopBot] 界面无法识别且无弹窗，等待后重试
[2026-05-08 00:02:08] [WARNING] [ShopBot] 界面无法识别且无弹窗，等待后重试
[2026-05-08 00:02:08] [WARNING] [ShopBot] 界面无法识别且无弹窗，等待后重试
[2026-05-08 00:02:08] [WARNING] [ShopBot] 界面无法识别且无弹窗，等待后重试
[2026-05-08 00:02:08] [WARNING] [ShopBot] 界面无法识别且无弹窗，等待后重试
[2026-05-08 00:02:08] [WARNING] [ShopBot] 界面无法识别且无弹窗，等待后重试
[2026-05-08 00:02:08] [WARNING] [ShopBot] 界面无法识别且无弹窗，等待后重试
[2026-05-08 00:02:08] [WARNING] [ShopBot] 界面无法识别且无弹窗，等待后重试
[2026-05-08 00:02:08] [WARNING] [ShopBot] 界面无法识别且无弹窗，等待后重试
[2026-05-08 00:02:08] [WARNING] [ShopBot] 界面无法识别且无弹窗，等待后重试
[2026-05-08 00:02:08] [WARNING] [ShopBot] 界面无法识别且无弹窗，等待后重试
[2026-05-08 00:02:08] [WARNING] [ShopBot] 界面无法识别且无弹窗，等待后重试
[2026-05-08 00:02:08] [WARNING] [ShopBot] 界面无法识别且无弹窗，等待后重试
[2026-05-08 00:02:08] [WARNING] [ShopBot] 界面无法识别且无弹窗，等待后重试
[2026-05-08 00:02:08] [WARNING] [ShopBot] 界面无法识别且无弹窗，等待后重试
[2026-05-08 00:02:08] [WARNING] [ShopBot] 界面无法识别且无弹窗，等待后重试
[2026-05-08 00:02:08] [WARNING] [ShopBot] 界面无法识别且无弹窗，等待后重试
[2026-05-08 00:02:08] [WARNING] [ShopBot] 界面无法识别且无弹窗，等待后重试
[2026-05-08 00:02:08] [WARNING] [ShopBot] 界面无法识别且无弹窗，等待后重试
[2026-05-08 00:02:08] [WARNING] [ShopBot] 界面无法识别且无弹窗，等待后重试
[2026-05-08 00:02:08] [WARNING] [ShopBot] 界面无法识别且无弹窗，等待后重试
[2026-05-08 00:02:08] [WARNING] [ShopBot] 界面无法识别且无弹窗，等待后重试
[2026-05-08 00:02:08] [WARNING] [ShopBot] 界面无法识别且无弹窗，等待后重试
[2026-05-08 00:02:08] [WARNING] [ShopBot] 界面无法识别且无弹窗，等待后重试
[2026-05-08 00:02:08] [WARNING] [ShopBot] 界面无法识别且无弹窗，等待后重试
[2026-05-08 00:02:08] [WARNING] [ShopBot] 界面无法识别且无弹窗，等待后重试
[2026-05-08 00:02:08] [WARNING] [ShopBot] 界面无法识别且无弹窗，等待后重试
[2026-05-08 00:02:08] [WARNING] [ShopBot] 界面无法识别且无弹窗，等待后重试
[2026-05-08 00:02:08] [WARNING] [ShopBot] 界面无法识别且无弹窗，等待后重试
[2026-05-08 00:02:08] [WARNING] [ShopBot] 界面无法识别且无弹窗，等待后重试
[2026-05-08 00:02:08] [WARNING] [ShopBot] 界面无法识别且无弹窗，等待后重试
[2026-05-08 00:02:08] [WARNING] [ShopBot] 界面无法识别且无弹窗，等待后重试
[2026-05-08 00:02:08] [WARNING] [ShopBot] 界面无法识别且无弹窗，等待后重试
[2026-05-08 00:02:08] [WARNING] [ShopBot] 界面无法识别且无弹窗，等待后重试
[2026-05-08 00:02:08] [WARNING] [ShopBot] 界面无法识别且无弹窗，等待后重试
[2026-05-08 00:02:08] [WARNING] [ShopBot] 界面无法识别且无弹窗，等待后重试
[2026-05-08 00:02:08] [WARNING] [ShopBot] 界面无法识别且无弹窗，等待后重试
[2026-05-08 00:02:08] [WARNING] [ShopBot] 界面无法识别且无弹窗，等待后重试
[2026-05-08 00:02:08] [WARNING] [ShopBot] 界面无法识别且无弹窗，等待后重试
[2026-05-08 00:02:08] [WARNING] [ShopBot] 界面无法识别且无弹窗，等待后重试
[2026-05-08 00:02:08] [WARNING] [ShopBot] 界面无法识别且无弹窗，等待后重试
[2026-05-08 00:02:08] [WARNING] [ShopBot] 界面无法识别且无弹窗，等待后重试
[2026-05-08 00:02:08] [WARNING] [ShopBot] 界面无法识别且无弹窗，等待后重试
[2026-05-08 00:02:08] [WARNING] [ShopBot] 界面无法识别且无弹窗，等待后重试
[2026-05-08 00:02:08] [WARNING] [ShopBot] 界面无法识别且无弹窗，等待后重试
[2026-05-08 00:02:08] [WARNING] [ShopBot] 界面无法识别且无弹窗，等待后重试
[2026-05-08 00:02:08] [WARNING] [ShopBot] 界面无法识别且无弹窗，等待后重试
[2026-05-08 00:02:08] [WARNING] [ShopBot] 界面无法识别且无弹窗，等待后重试
[2026-05-08 00:02:08] [WARNING] [ShopBot] 界面无法识别且无弹窗，等待后重试
[2026-05-08 00:02:08] [WARNING] [ShopBot] 界面无法识别且无弹窗，等待后重试
[2026-05-08 00:02:08] [WARNING] [ShopBot] 界面无法识别且无弹窗，等待后重试
[2026-05-08 00:02:08] [WARNING] [ShopBot] 界面无法识别且无弹窗，等待后重试
[2026-05-08 00:02:08] [WARNING] [ShopBot] 界面无法识别且无弹窗，等待后重试
[2026-05-08 00:02:08] [WARNING] [ShopBot] 界面无法识别且无弹窗，等待后重试
[2026-05-08 00:02:08] [WARNING] [ShopBot] 界面无法识别且无弹窗，等待后重试
[2026-05-08 00:02:08] [WARNING] [ShopBot] 界面无法识别且无弹窗，等待后重试
[2026-05-08 00:02:08] [WARNING] [ShopBot] 界面无法识别且无弹窗，等待后重试
[2026-05-08 00:02:08] [WARNING] [ShopBot] 界面无法识别且无弹窗，等待后重试
[2026-05-08 00:02:08] [WARNING] [ShopBot] 界面无法识别且无弹窗，等待后重试
[2026-05-08 00:02:08] [WARNING] [ShopBot] 界面无法识别且无弹窗，等待后重试
[2026-05-08 00:02:08] [WARNING] [ShopBot] 界面无法识别且无弹窗，等待后重试
[2026-05-08 00:02:08] [WARNING] [ShopBot] 界面无法识别且无弹窗，等待后重试
[2026-05-08 00:02:08] [WARNING] [ShopBot] 界面无法识别且无弹窗，等待后重试
[2026-05-08 00:02:08] [WARNING] [ShopBot] 界面无法识别且无弹窗，等待后重试
[2026-05-08 00:02:08] [WARNING] [ShopBot] 界面无法识别且无弹窗，等待后重试
[2026-05-08 00:02:08] [WARNING] [ShopBot] 界面无法识别且无弹窗，等待后重试
[2026-05-08 00:02:08] [WARNING] [ShopBot] 界面无法识别且无弹窗，等待后重试
[2026-05-08 00:02:08] [WARNING] [ShopBot] 界面无法识别且无弹窗，等待后重试
[2026-05-08 00:02:08] [WARNING] [ShopBot] 界面无法识别且无弹窗，等待后重试
[2026-05-08 00:02:08] [WARNING] [ShopBot] 界面无法识别且无弹窗，等待后重试
[2026-05-08 00:02:08] [WARNING] [ShopBot] 界面无法识别且无弹窗，等待后重试
[2026-05-08 00:02:08] [WARNING] [ShopBot] 界面无法识别且无弹窗，等待后重试
[2026-05-08 00:02:08] [WARNING] [ShopBot] 界面无法识别且无弹窗，等待后重试
[2026-05-08 00:02:08] [WARNING] [ShopBot] 界面无法识别且无弹窗，等待后重试
[2026-05-08 00:02:08] [WARNING] [ShopBot] 界面无法识别且无弹窗，等待后重试
[2026-05-08 00:02:08] [WARNING] [ShopBot] 界面无法识别且无弹窗，等待后重试
[2026-05-08 00:02:08] [WARNING] [ShopBot] 界面无法识别且无弹窗，等待后重试
[2026-05-08 00:02:08] [WARNING] [ShopBot] 界面无法识别且无弹窗，等待后重试
[2026-05-08 00:02:08] [WARNING] [ShopBot] 界面无法识别且无弹窗，等待后重试
[2026-05-08 00:02:08] [WARNING] [ShopBot] 界面无法识别且无弹窗，等待后重试
[2026-05-08 00:02:08] [WARNING] [ShopBot] 界面无法识别且无弹窗，等待后重试
[2026-05-08 00:02:08] [WARNING] [ShopBot] 界面无法识别且无弹窗，等待后重试
[2026-05-08 00:02:08] [WARNING] [ShopBot] 界面无法识别且无弹窗，等待后重试
[2026-05-08 00:02:08] [WARNING] [ShopBot] 界面无法识别且无弹窗，等待后重试
[2026-05-08 00:02:08] [WARNING] [ShopBot] 界面无法识别且无弹窗，等待后重试
[2026-05-08 00:02:08] [WARNING] [ShopBot] 界面无法识别且无弹窗，等待后重试
[2026-05-08 00:02:08] [WARNING] [ShopBot] 界面无法识别且无弹窗，等待后重试
[2026-05-08 00:02:08] [WARNING] [ShopBot] 界面无法识别且无弹窗，等待后重试
[2026-05-08 00:02:08] [WARNING] [ShopBot] 界面无法识别且无弹窗，等待后重试
[2026-05-08 00:02:08] [WARNING] [ShopBot] 界面无法识别且无弹窗，等待后重试
[2026-05-08 00:02:08] [WARNING] [ShopBot] 界面无法识别且无弹窗，等待后重试
[2026-05-08 00:02:08] [WARNING] [ShopBot] 界面无法识别且无弹窗，等待后重试
[2026-05-08 00:02:08] [WARNING] [ShopBot] 界面无法识别且无弹窗，等待后重试
[2026-05-08 00:02:08] [WARNING] [ShopBot] 界面无法识别且无弹窗，等待后重试
[2026-05-08 00:02:08] [WARNING] [ShopBot] 界面无法识别且无弹窗，等待后重试
[2026-05-08 00:02:08] [WARNING] [ShopBot] 界面无法识别且无弹窗，等待后重试
[2026-05-08 00:02:08] [WARNING] [ShopBot] 界面无法识别且无弹窗，等待后重试
[2026-05-08 00:02:08] [WARNING] [ShopBot] 界面无法识别且无弹窗，等待后重试
[2026-05-08 00:02:08] [WARNING] [ShopBot] 界面无法识别且无弹窗，等待后重试
[2026-05-08 00:02:08] [WARNING] [ShopBot] 界面无法识别且无弹窗，等待后重试
[2026-05-08 00:02:08] [WARNING] [ShopBot] 界面无法识别且无弹窗，等待后重试
[2026-05-08 00:02:08] [WARNING] [ShopBot] 界面无法识别且无弹窗，等待后重试
[2026-05-08 00:02:08] [WARNING] [ShopBot] 界面无法识别且无弹窗，等待后重试
[2026-05-08 00:02:08] [WARNING] [ShopBot] 界面无法识别且无弹窗，等待后重试
[2026-05-08 00:02:08] [WARNING] [ShopBot] 界面无法识别且无弹窗，等待后重试
[2026-05-08 00:02:08] [WARNING] [ShopBot] 界面无法识别且无弹窗，等待后重试
[2026-05-08 00:02:08] [WARNING] [ShopBot] 界面无法识别且无弹窗，等待后重试
[2026-05-08 00:02:08] [WARNING] [ShopBot] 界面无法识别且无弹窗，等待后重试
[2026-05-08 00:02:08] [WARNING] [ShopBot] 界面无法识别且无弹窗，等待后重试
[2026-05-08 00:02:08] [WARNING] [ShopBot] 界面无法识别且无弹窗，等待后重试
[2026-05-08 00:02:08] [WARNING] [ShopBot] 界面无法识别且无弹窗，等待后重试
[2026-05-08 00:02:08] [WARNING] [ShopBot] 界面无法识别且无弹窗，等待后重试
[2026-05-08 00:02:08] [WARNING] [ShopBot] 界面无法识别且无弹窗，等待后重试
[2026-05-08 00:02:08] [WARNING] [ShopBot] 界面无法识别且无弹窗，等待后重试
[2026-05-08 00:02:08] [WARNING] [ShopBot] 界面无法识别且无弹窗，等待后重试
[2026-05-08 00:02:08] [WARNING] [ShopBot] 界面无法识别且无弹窗，等待后重试
[2026-05-08 00:02:08] [WARNING] [ShopBot] 界面无法识别且无弹窗，等待后重试
[2026-05-08 00:02:08] [WARNING] [ShopBot] 界面无法识别且无弹窗，等待后重试
[2026-05-08 00:02:08] [WARNING] [ShopBot] 界面无法识别且无弹窗，等待后重试
[2026-05-08 00:02:08] [WARNING] [ShopBot] 界面无法识别且无弹窗，等待后重试
[2026-05-08 00:02:08] [WARNING] [ShopBot] 界面无法识别且无弹窗，等待后重试
[2026-05-08 00:02:08] [WARNING] [ShopBot] 界面无法识别且无弹窗，等待后重试
[2026-05-08 00:02:08] [WARNING] [ShopBot] 界面无法识别且无弹窗，等待后重试
[2026-05-08 00:02:08] [WARNING] [ShopBot] 界面无法识别且无弹窗，等待后重试
[2026-05-08 00:02:08] [WARNING] [ShopBot] 界面无法识别且无弹窗，等待后重试
[2026-05-08 00:02:08] [WARNING] [ShopBot] 界面无法识别且无弹窗，等待后重试
[2026-05-08 00:02:08] [WARNING] [ShopBot] 界面无法识别且无弹窗，等待后重试
[2026-05-08 00:02:08] [WARNING] [ShopBot] 界面无法识别且无弹窗，等待后重试
[2026-05-08 00:02:08] [WARNING] [ShopBot] 界面无法识别且无弹窗，等待后重试
[2026-05-08 00:02:08] [WARNING] [ShopBot] 界面无法识别且无弹窗，等待后重试
[2026-05-08 00:02:08] [WARNING] [ShopBot] 界面无法识别且无弹窗，等待后重试
[2026-05-08 00:02:08] [WARNING] [ShopBot] 界面无法识别且无弹窗，等待后重试
[2026-05-08 00:02:08] [WARNING] [ShopBot] 界面无法识别且无弹窗，等待后重试
[2026-05-08 00:02:08] [WARNING] [ShopBot] 界面无法识别且无弹窗，等待后重试
[2026-05-08 00:02:08] [WARNING] [ShopBot] 界面无法识别且无弹窗，等待后重试
[2026-05-08 00:02:08] [WARNING] [ShopBot] 界面无法识别且无弹窗，等待后重试
[2026-05-08 00:02:08] [WARNING] [ShopBot] 界面无法识别且无弹窗，等待后重试
[2026-05-08 00:02:08] [WARNING] [ShopBot] 界面无法识别且无弹窗，等待后重试
[2026-05-08 00:02:08] [WARNING] [ShopBot] 界面无法识别且无弹窗，等待后重试
[2026-05-08 00:02:08] [WARNING] [ShopBot] 界面无法识别且无弹窗，等待后重试
[2026-05-08 00:02:08] [WARNING] [ShopBot] 界面无法识别且无弹窗，等待后重试
[2026-05-08 00:02:08] [WARNING] [ShopBot] 界面无法识别且无弹窗，等待后重试
[2026-05-08 00:02:08] [WARNING] [ShopBot] 界面无法识别且无弹窗，等待后重试
[2026-05-08 00:02:08] [WARNING] [ShopBot] 界面无法识别且无弹窗，等待后重试
[2026-05-08 00:02:08] [WARNING] [ShopBot] 界面无法识别且无弹窗，等待后重试
[2026-05-08 00:02:08] [WARNING] [ShopBot] 界面无法识别且无弹窗，等待后重试
[2026-05-08 00:02:08] [WARNING] [ShopBot] 界面无法识别且无弹窗，等待后重试
[2026-05-08 00:02:08] [WARNING] [ShopBot] 界面无法识别且无弹窗，等待后重试
[2026-05-08 00:02:08] [WARNING] [ShopBot] 界面无法识别且无弹窗，等待后重试
[2026-05-08 00:02:08] [WARNING] [ShopBot] 界面无法识别且无弹窗，等待后重试
[2026-05-08 00:02:08] [WARNING] [ShopBot] 界面无法识别且无弹窗，等待后重试
[2026-05-08 00:02:08] [WARNING] [ShopBot] 界面无法识别且无弹窗，等待后重试
[2026-05-08 00:02:08] [WARNING] [ShopBot] 界面无法识别且无弹窗，等待后重试
[2026-05-08 00:02:08] [WARNING] [ShopBot] 界面无法识别且无弹窗，等待后重试
[2026-05-08 00:02:08] [WARNING] [ShopBot] 界面无法识别且无弹窗，等待后重试
[2026-05-08 00:02:08] [WARNING] [ShopBot] 界面无法识别且无弹窗，等待后重试
[2026-05-08 00:02:08] [WARNING] [ShopBot] 界面无法识别且无弹窗，等待后重试
[2026-05-08 00:02:08] [WARNING] [ShopBot] 界面无法识别且无弹窗，等待后重试
[2026-05-08 00:02:08] [WARNING] [ShopBot] 界面无法识别且无弹窗，等待后重试
[2026-05-08 00:02:08] [WARNING] [ShopBot] 界面无法识别且无弹窗，等待后重试
[2026-05-08 00:02:08] [WARNING] [ShopBot] 界面无法识别且无弹窗，等待后重试
[2026-05-08 00:02:08] [WARNING] [ShopBot] 界面无法识别且无弹窗，等待后重试
[2026-05-08 00:02:08] [WARNING] [ShopBot] 界面无法识别且无弹窗，等待后重试
[2026-05-08 00:02:08] [WARNING] [ShopBot] 界面无法识别且无弹窗，等待后重试
[2026-05-08 00:02:08] [WARNING] [ShopBot] 界面无法识别且无弹窗，等待后重试
[2026-05-08 00:02:08] [WARNING] [ShopBot] 界面无法识别且无弹窗，等待后重试
[2026-05-08 00:02:08] [WARNING] [ShopBot] 界面无法识别且无弹窗，等待后重试
[2026-05-08 00:02:08] [WARNING] [ShopBot] 界面无法识别且无弹窗，等待后重试
[2026-05-08 00:02:08] [WARNING] [ShopBot] 界面无法识别且无弹窗，等待后重试
[2026-05-08 00:02:08] [WARNING] [ShopBot] 界面无法识别且无弹窗，等待后重试
[2026-05-08 00:02:08] [WARNING] [ShopBot] 界面无法识别且无弹窗，等待后重试
[2026-05-08 00:02:08] [WARNING] [ShopBot] 界面无法识别且无弹窗，等待后重试
[2026-05-08 00:02:08] [WARNING] [ShopBot] 界面无法识别且无弹窗，等待后重试
[2026-05-08 00:02:08] [WARNING] [ShopBot] 界面无法识别且无弹窗，等待后重试
[2026-05-08 00:02:08] [WARNING] [ShopBot] 界面无法识别且无弹窗，等待后重试
[2026-05-08 00:02:08] [WARNING] [ShopBot] 界面无法识别且无弹窗，等待后重试
[2026-05-08 00:02:08] [WARNING] [ShopBot] 界面无法识别且无弹窗，等待后重试
[2026-05-08 00:02:08] [WARNING] [ShopBot] 界面无法识别且无弹窗，等待后重试
[2026-05-08 00:02:08] [WARNING] [ShopBot] 界面无法识别且无弹窗，等待后重试
[2026-05-08 00:02:08] [WARNING] [ShopBot] 界面无法识别且无弹窗，等待后重试
[2026-05-08 00:02:08] [WARNING] [ShopBot] 界面无法识别且无弹窗，等待后重试
[2026-05-08 00:02:08] [WARNING] [ShopBot] 界面无法识别且无弹窗，等待后重试
[2026-05-08 00:02:08] [WARNING] [ShopBot] 界面无法识别且无弹窗，等待后重试
[2026-05-08 00:02:08] [WARNING] [ShopBot] 界面无法识别且无弹窗，等待后重试
[2026-05-08 00:02:08] [WARNING] [ShopBot] 界面无法识别且无弹窗，等待后重试
[2026-05-08 00:02:08] [WARNING] [ShopBot] 界面无法识别且无弹窗，等待后重试
[2026-05-08 00:02:08] [WARNING] [ShopBot] 界面无法识别且无弹窗，等待后重试
[2026-05-08 00:02:08] [WARNING] [ShopBot] 界面无法识别且无弹窗，等待后重试
[2026-05-08 00:02:08] [WARNING] [ShopBot] 界面无法识别且无弹窗，等待后重试
[2026-05-08 00:02:08] [WARNING] [ShopBot] 界面无法识别且无弹窗，等待后重试
[2026-05-08 00:02:08] [WARNING] [ShopBot] 界面无法识别且无弹窗，等待后重试
[2026-05-08 00:02:08] [WARNING] [ShopBot] 界面无法识别且无弹窗，等待后重试
[2026-05-08 00:02:08] [WARNING] [ShopBot] 界面无法识别且无弹窗，等待后重试
[2026-05-08 00:02:08] [WARNING] [ShopBot] 界面无法识别且无弹窗，等待后重试
[2026-05-08 00:02:08] [WARNING] [ShopBot] 界面无法识别且无弹窗，等待后重试
[2026-05-08 00:02:08] [WARNING] [ShopBot] 界面无法识别且无弹窗，等待后重试
[2026-05-08 00:02:08] [WARNING] [ShopBot] 界面无法识别且无弹窗，等待后重试
[2026-05-08 00:02:08] [WARNING] [ShopBot] 界面无法识别且无弹窗，等待后重试
[2026-05-08 00:02:08] [WARNING] [ShopBot] 界面无法识别且无弹窗，等待后重试
[2026-05-08 00:02:08] [WARNING] [ShopBot] 界面无法识别且无弹窗，等待后重试
[2026-05-08 00:02:08] [WARNING] [ShopBot] 界面无法识别且无弹窗，等待后重试
[2026-05-08 00:02:08] [WARNING] [ShopBot] 界面无法识别且无弹窗，等待后重试
[2026-05-08 00:02:08] [WARNING] [ShopBot] 界面无法识别且无弹窗，等待后重试
[2026-05-08 00:02:08] [WARNING] [ShopBot] 界面无法识别且无弹窗，等待后重试
[2026-05-08 00:02:08] [WARNING] [ShopBot] 界面无法识别且无弹窗，等待后重试
[2026-05-08 00:02:08] [WARNING] [ShopBot] 界面无法识别且无弹窗，等待后重试
[2026-05-08 00:02:08] [WARNING] [ShopBot] 界面无法识别且无弹窗，等待后重试
[2026-05-08 00:02:08] [WARNING] [ShopBot] 界面无法识别且无弹窗，等待后重试
[2026-05-08 00:02:08] [WARNING] [ShopBot] 界面无法识别且无弹窗，等待后重试
[2026-05-08 00:02:08] [WARNING] [ShopBot] 界面无法识别且无弹窗，等待后重试
[2026-05-08 00:02:08] [WARNING] [ShopBot] 界面无法识别且无弹窗，等待后重试
[2026-05-08 00:02:08] [WARNING] [ShopBot] 界面无法识别且无弹窗，等待后重试
[2026-05-08 00:02:08] [WARNING] [ShopBot] 界面无法识别且无弹窗，等待后重试
[2026-05-08 00:02:08] [WARNING] [ShopBot] 界面无法识别且无弹窗，等待后重试
[2026-05-08 00:02:08] [WARNING] [ShopBot] 界面无法识别且无弹窗，等待后重试
[2026-05-08 00:02:08] [WARNING] [ShopBot] 界面无法识别且无弹窗，等待后重试
[2026-05-08 00:02:08] [WARNING] [ShopBot] 界面无法识别且无弹窗，等待后重试
[2026-05-08 00:02:08] [WARNING] [ShopBot] 界面无法识别且无弹窗，等待后重试
[2026-05-08 00:02:08] [WARNING] [ShopBot] 界面无法识别且无弹窗，等待后重试
[2026-05-08 00:02:08] [WARNING] [ShopBot] 界面无法识别且无弹窗，等待后重试
[2026-05-08 00:02:08] [WARNING] [ShopBot] 界面无法识别且无弹窗，等待后重试
[2026-05-08 00:02:08] [WARNING] [ShopBot] 界面无法识别且无弹窗，等待后重试
[2026-05-08 00:02:08] [WARNING] [ShopBot] 界面无法识别且无弹窗，等待后重试
[2026-05-08 00:02:08] [WARNING] [ShopBot] 界面无法识别且无弹窗，等待后重试
[2026-05-08 00:02:08] [WARNING] [ShopBot] 界面无法识别且无弹窗，等待后重试
[2026-05-08 00:02:08] [WARNING] [ShopBot] 界面无法识别且无弹窗，等待后重试
[2026-05-08 00:02:08] [WARNING] [ShopBot] 界面无法识别且无弹窗，等待后重试
[2026-05-08 00:02:08] [WARNING] [ShopBot] 界面无法识别且无弹窗，等待后重试
[2026-05-08 00:02:08] [WARNING] [ShopBot] 界面无法识别且无弹窗，等待后重试
[2026-05-08 00:02:08] [WARNING] [ShopBot] 界面无法识别且无弹窗，等待后重试
[2026-05-08 00:02:08] [WARNING] [ShopBot] 界面无法识别且无弹窗，等待后重试
[2026-05-08 00:02:08] [WARNING] [ShopBot] 界面无法识别且无弹窗，等待后重试
[2026-05-08 00:02:08] [WARNING] [ShopBot] 界面无法识别且无弹窗，等待后重试
[2026-05-08 00:02:08] [WARNING] [ShopBot] 界面无法识别且无弹窗，等待后重试
[2026-05-08 00:02:08] [WARNING] [ShopBot] 界面无法识别且无弹窗，等待后重试
[2026-05-08 00:02:08] [WARNING] [ShopBot] 界面无法识别且无弹窗，等待后重试
[2026-05-08 00:02:08] [WARNING] [ShopBot] 界面无法识别且无弹窗，等待后重试
[2026-05-08 00:02:08] [WARNING] [ShopBot] 界面无法识别且无弹窗，等待后重试
[2026-05-08 00:02:08] [WARNING] [ShopBot] 界面无法识别且无弹窗，等待后重试
[2026-05-08 00:02:08] [WARNING] [ShopBot] 界面无法识别且无弹窗，等待后重试
[2026-05-08 00:02:08] [WARNING] [ShopBot] 界面无法识别且无弹窗，等待后重试
[2026-05-08 00:02:08] [WARNING] [ShopBot] 界面无法识别且无弹窗，等待后重试
[2026-05-08 00:02:08] [WARNING] [ShopBot] 界面无法识别且无弹窗，等待后重试
[2026-05-08 00:02:08] [WARNING] [ShopBot] 界面无法识别且无弹窗，等待后重试
[2026-05-08 00:02:08] [WARNING] [ShopBot] 界面无法识别且无弹窗，等待后重试
[2026-05-08 00:02:08] [WARNING] [ShopBot] 界面无法识别且无弹窗，等待后重试
[2026-05-08 00:02:08] [WARNING] [ShopBot] 界面无法识别且无弹窗，等待后重试
[2026-05-08 00:02:08] [WARNING] [ShopBot] 界面无法识别且无弹窗，等待后重试
[2026-05-08 00:02:08] [WARNING] [ShopBot] 界面无法识别且无弹窗，等待后重试
[2026-05-08 00:02:08] [WARNING] [ShopBot] 界面无法识别且无弹窗，等待后重试
[2026-05-08 00:02:08] [WARNING] [ShopBot] 界面无法识别且无弹窗，等待后重试
[2026-05-08 00:02:08] [WARNING] [ShopBot] 界面无法识别且无弹窗，等待后重试
[2026-05-08 00:02:08] [WARNING] [ShopBot] 界面无法识别且无弹窗，等待后重试
[2026-05-08 00:02:08] [WARNING] [ShopBot] 界面无法识别且无弹窗，等待后重试
[2026-05-08 00:02:08] [ERROR] [ShopBot] 导航超时（0.01s），未能到达秘密商店
[2026-05-08 00:02:08] [INFO] [ShopBot] 开始导航至秘密商店（超时 30.0s）
[2026-05-08 00:02:08] [INFO] [ShopBot] 已关闭弹窗，继续导航
[2026-05-08 00:02:08] [INFO] [ShopBot] 已到达秘密商店
[2026-05-08 00:02:08] [INFO] [ShopBot] 检测到弹窗，点击关闭
[2026-05-08 00:03:54] [INFO] [ShopBot] 配置已加载 - 设备: 0, 截图: ADB, 控制: ADB
[2026-05-08 00:03:54] [INFO] [ShopBot] 购买列表 - 书签: False, 神秘奖章: False, 装备: False, 狗粮: False
[2026-05-08 00:03:54] [INFO] [ShopBot] 刷新上限: 0, 天空石阈值: 0, 金币阈值: 0
[2026-05-08 00:03:54] [INFO] [ShopBot] 配置已加载 - 设备: ę<¦úጝ段FÕ씝, 截图: ADB, 控制: ADB
[2026-05-08 00:03:54] [INFO] [ShopBot] 购买列表 - 书签: False, 神秘奖章: False, 装备: False, 狗粮: False
[2026-05-08 00:03:54] [INFO] [ShopBot] 刷新上限: 0, 天空石阈值: 0, 金币阈值: 0
[2026-05-08 00:03:54] [INFO] [ShopBot] 配置已加载 - 设备: ę<¦úጝ段FÕ씝, 截图: uiautomator2, 控制: ADB
[2026-05-08 00:03:54] [INFO] [ShopBot] 购买列表 - 书签: False, 神秘奖章: False, 装备: False, 狗粮: False
[2026-05-08 00:03:54] [INFO] [ShopBot] 刷新上限: 59840, 天空石阈值: 16712, 金币阈值: 41129
[2026-05-08 00:03:55] [INFO] [ShopBot] 配置已加载 - 设备: 氛é𪵹o, 截图: ADB, 控制: ADB
[2026-05-08 00:03:55] [INFO] [ShopBot] 购买列表 - 书签: False, 神秘奖章: False, 装备: False, 狗粮: False
[2026-05-08 00:03:55] [INFO] [ShopBot] 刷新上限: 0, 天空石阈值: 0, 金币阈值: 0
[2026-05-08 00:03:55] [INFO] [ShopBot] 配置已加载 - 设备: 氛é𪵹o, 截图: ADB, 控制: ADB
[2026-05-08 00:03:55] [INFO] [ShopBot] 购买列表 - 书签: True, 神秘奖章: True, 装备: True, 狗粮: True
[2026-05-08 00:03:55] [INFO] [ShopBot] 刷新上限: 50323, 天空石阈值: 42651, 金币阈值: 27486
[2026-05-08 00:03:55] [INFO] [ShopBot] 配置已加载 - 设备: 𠅁, 截图: ADB, 控制: ADB
[2026-05-08 00:03:55] [INFO] [ShopBot] 购买列表 - 书签: False, 神秘奖章: False, 装备: False, 狗粮: False
[2026-05-08 00:03:55] [INFO] [ShopBot] 刷新上限: 0, 天空石阈值: 0, 金币阈值: 0
[2026-05-08 00:03:55] [INFO] [ShopBot] 配置已加载 - 设备: 𠅁, 截图: ADB, 控制: uiautomator2
[2026-05-08 00:03:55] [INFO] [ShopBot] 购买列表 - 书签: True, 神秘奖章: True, 装备: True, 狗粮: False
[2026-05-08 00:03:55] [INFO] [ShopBot] 刷新上限: 9220, 天空石阈值: 44094, 金币阈值: 17639
[2026-05-08 00:03:55] [INFO] [ShopBot] 配置已加载 - 设备: Ċ|ķČ<ó𠀼:ķéÝâVÉMĬ§8𬨇?ćú}, 截图: ADB, 控制: ADB
[2026-05-08 00:03:55] [INFO] [ShopBot] 购买列表 - 书签: False, 神秘奖章: False, 装备: False, 狗粮: False
[2026-05-08 00:03:55] [INFO] [ShopBot] 刷新上限: 0, 天空石阈值: 0, 金币阈值: 0
[2026-05-08 00:03:55] [INFO] [ShopBot] 配置已加载 - 设备: Ċ|ķČ<ó𠀼:ķéÝâVÉMĬ§8𬨇?ćú}, 截图: uiautomator2, 控制: uiautomator2
[2026-05-08 00:03:55] [INFO] [ShopBot] 购买列表 - 书签: True, 神秘奖章: False, 装备: False, 狗粮: False
[2026-05-08 00:03:55] [INFO] [ShopBot] 刷新上限: 99999, 天空石阈值: 86132, 金币阈值: 81212
[2026-05-08 00:03:55] [INFO] [ShopBot] 配置已加载 - 设备: ĵÍæąÿK, 截图: ADB, 控制: ADB
[2026-05-08 00:03:55] [INFO] [ShopBot] 购买列表 - 书签: False, 神秘奖章: False, 装备: False, 狗粮: False
[2026-05-08 00:03:55] [INFO] [ShopBot] 刷新上限: 0, 天空石阈值: 0, 金币阈值: 0
[2026-05-08 00:03:55] [INFO] [ShopBot] 配置已加载 - 设备: ĵÍæąÿK, 截图: ADB, 控制: uiautomator2
[2026-05-08 00:03:55] [INFO] [ShopBot] 购买列表 - 书签: False, 神秘奖章: False, 装备: False, 狗粮: False
[2026-05-08 00:03:55] [INFO] [ShopBot] 刷新上限: 23759, 天空石阈值: 0, 金币阈值: 20101
[2026-05-08 00:03:55] [INFO] [ShopBot] 配置已加载 - 设备: ĵÍæąÿK, 截图: ADB, 控制: ADB
[2026-05-08 00:03:55] [INFO] [ShopBot] 购买列表 - 书签: False, 神秘奖章: False, 装备: False, 狗粮: False
[2026-05-08 00:03:55] [INFO] [ShopBot] 刷新上限: 23759, 天空石阈值: 0, 金币阈值: 20101
[2026-05-08 00:03:55] [INFO] [ShopBot] 配置已加载 - 设备: ĵÍæąÿK, 截图: ADB, 控制: ADB
[2026-05-08 00:03:55] [INFO] [ShopBot] 购买列表 - 书签: False, 神秘奖章: False, 装备: False, 狗粮: False
[2026-05-08 00:03:55] [INFO] [ShopBot] 刷新上限: 23759, 天空石阈值: 0, 金币阈值: 20101
[2026-05-08 00:03:55] [INFO] [ShopBot] 配置已加载 - 设备: 𮷵, 截图: uiautomator2, 控制: uiautomator2
[2026-05-08 00:03:55] [INFO] [ShopBot] 购买列表 - 书签: False, 神秘奖章: True, 装备: False, 狗粮: True
[2026-05-08 00:03:55] [INFO] [ShopBot] 刷新上限: 12129, 天空石阈值: 25854, 金币阈值: 720
[2026-05-08 00:03:55] [INFO] [ShopBot] 配置已加载 - 设备: 𮷵, 截图: uiautomator2, 控制: uiautomator2
[2026-05-08 00:03:55] [INFO] [ShopBot] 购买列表 - 书签: False, 神秘奖章: True, 装备: False, 狗粮: True
[2026-05-08 00:03:55] [INFO] [ShopBot] 刷新上限: 12129, 天空石阈值: 25854, 金币阈值: 720
[2026-05-08 00:03:55] [INFO] [ShopBot] 配置已加载 - 设备: 𮷵, 截图: uiautomator2, 控制: uiautomator2
[2026-05-08 00:03:55] [INFO] [ShopBot] 购买列表 - 书签: True, 神秘奖章: True, 装备: False, 狗粮: True
[2026-05-08 00:03:55] [INFO] [ShopBot] 刷新上限: 12129, 天空石阈值: 25854, 金币阈值: 720
[2026-05-08 00:03:55] [INFO] [ShopBot] 配置已加载 - 设备: 𮷵, 截图: uiautomator2, 控制: uiautomator2
[2026-05-08 00:03:55] [INFO] [ShopBot] 购买列表 - 书签: True, 神秘奖章: True, 装备: True, 狗粮: True
[2026-05-08 00:03:55] [INFO] [ShopBot] 刷新上限: 12129, 天空石阈值: 25854, 金币阈值: 720
[2026-05-08 00:03:55] [INFO] [ShopBot] 配置已加载 - 设备: 𮷵, 截图: uiautomator2, 控制: uiautomator2
[2026-05-08 00:03:55] [INFO] [ShopBot] 购买列表 - 书签: True, 神秘奖章: True, 装备: True, 狗粮: True
[2026-05-08 00:03:55] [INFO] [ShopBot] 刷新上限: 12129, 天空石阈值: 25854, 金币阈值: 12129
[2026-05-08 00:03:55] [INFO] [ShopBot] 配置已加载 - 设备: Ĺ졟o·ªÀm|, 截图: ADB, 控制: ADB
[2026-05-08 00:03:55] [INFO] [ShopBot] 购买列表 - 书签: True, 神秘奖章: True, 装备: False, 狗粮: False
[2026-05-08 00:03:55] [INFO] [ShopBot] 刷新上限: 43238, 天空石阈值: 1823, 金币阈值: 73819
[2026-05-08 00:03:55] [INFO] [ShopBot] 配置已加载 - 设备: Ĺ졟o·ªÀm|, 截图: ADB, 控制: ADB
[2026-05-08 00:03:55] [INFO] [ShopBot] 购买列表 - 书签: True, 神秘奖章: True, 装备: False, 狗粮: True
[2026-05-08 00:03:55] [INFO] [ShopBot] 刷新上限: 43238, 天空石阈值: 1823, 金币阈值: 73819
[2026-05-08 00:03:55] [INFO] [ShopBot] 配置已加载 - 设备: Ĺ졟o·ªÀm|, 截图: ADB, 控制: ADB
[2026-05-08 00:03:55] [INFO] [ShopBot] 购买列表 - 书签: True, 神秘奖章: True, 装备: False, 狗粮: True
[2026-05-08 00:03:55] [INFO] [ShopBot] 刷新上限: 43238, 天空石阈值: 73819, 金币阈值: 73819
[2026-05-08 00:03:55] [INFO] [ShopBot] 配置已加载 - 设备: Ĺ졟o·ªÀm|, 截图: ADB, 控制: ADB
[2026-05-08 00:03:55] [INFO] [ShopBot] 购买列表 - 书签: True, 神秘奖章: True, 装备: True, 狗粮: True
[2026-05-08 00:03:55] [INFO] [ShopBot] 刷新上限: 43238, 天空石阈值: 73819, 金币阈值: 73819
[2026-05-08 00:03:55] [INFO] [ShopBot] 配置已加载 - 设备: screenshots, 截图: uiautomator2, 控制: uiautomator2
[2026-05-08 00:03:55] [INFO] [ShopBot] 购买列表 - 书签: False, 神秘奖章: True, 装备: False, 狗粮: True
[2026-05-08 00:03:55] [INFO] [ShopBot] 刷新上限: 94818, 天空石阈值: 48050, 金币阈值: 51413
[2026-05-08 00:03:55] [INFO] [ShopBot] 配置已加载 - 设备: screenshots, 截图: uiautomator2, 控制: uiautomator2
[2026-05-08 00:03:55] [INFO] [ShopBot] 购买列表 - 书签: False, 神秘奖章: True, 装备: False, 狗粮: True
[2026-05-08 00:03:55] [INFO] [ShopBot] 刷新上限: 94818, 天空石阈值: 48050, 金币阈值: 51413
[2026-05-08 00:03:55] [INFO] [ShopBot] 配置已加载 - 设备: screenshots, 截图: uiautomator2, 控制: uiautomator2
[2026-05-08 00:03:55] [INFO] [ShopBot] 购买列表 - 书签: False, 神秘奖章: False, 装备: False, 狗粮: True
[2026-05-08 00:03:55] [INFO] [ShopBot] 刷新上限: 94818, 天空石阈值: 48050, 金币阈值: 51413
[2026-05-08 00:03:55] [INFO] [ShopBot] 配置已加载 - 设备: screenshots, 截图: uiautomator2, 控制: uiautomator2
[2026-05-08 00:03:55] [INFO] [ShopBot] 购买列表 - 书签: False, 神秘奖章: False, 装备: False, 狗粮: True
[2026-05-08 00:03:55] [INFO] [ShopBot] 刷新上限: 94818, 天空石阈值: 48050, 金币阈值: 94818
[2026-05-08 00:03:55] [INFO] [ShopBot] 配置已加载 - 设备: screenshots, 截图: uiautomator2, 控制: uiautomator2
[2026-05-08 00:03:55] [INFO] [ShopBot] 购买列表 - 书签: False, 神秘奖章: False, 装备: False, 狗粮: False
[2026-05-08 00:03:55] [INFO] [ShopBot] 刷新上限: 94818, 天空石阈值: 48050, 金币阈值: 94818
[2026-05-08 00:03:55] [INFO] [ShopBot] 配置已加载 - 设备: screenshots, 截图: uiautomator2, 控制: uiautomator2
[2026-05-08 00:03:55] [INFO] [ShopBot] 购买列表 - 书签: False, 神秘奖章: False, 装备: False, 狗粮: False
[2026-05-08 00:03:55] [INFO] [ShopBot] 刷新上限: 94818, 天空石阈值: 94818, 金币阈值: 94818
[2026-05-08 00:03:55] [INFO] [ShopBot] 配置已加载 - 设备: screenshots, 截图: uiautomator2, 控制: uiautomator2
[2026-05-08 00:03:55] [INFO] [ShopBot] 购买列表 - 书签: False, 神秘奖章: False, 装备: False, 狗粮: False
[2026-05-08 00:03:55] [INFO] [ShopBot] 刷新上限: 94818, 天空石阈值: 94818, 金币阈值: 94818
[2026-05-08 00:03:55] [INFO] [ShopBot] 配置已加载 - 设备: ª㥑ı·dᇿq𗠇á#AĸĚvķ, 截图: uiautomator2, 控制: uiautomator2
[2026-05-08 00:03:55] [INFO] [ShopBot] 购买列表 - 书签: True, 神秘奖章: False, 装备: True, 狗粮: True
[2026-05-08 00:03:55] [INFO] [ShopBot] 刷新上限: 14000, 天空石阈值: 28829, 金币阈值: 79296
[2026-05-08 00:03:55] [INFO] [ShopBot] 配置已加载 - 设备: ª㥑ı·dᇿq𗠇á#AĸĚvķ, 截图: uiautomator2, 控制: uiautomator2
[2026-05-08 00:03:55] [INFO] [ShopBot] 购买列表 - 书签: True, 神秘奖章: True, 装备: True, 狗粮: True
[2026-05-08 00:03:55] [INFO] [ShopBot] 刷新上限: 14000, 天空石阈值: 28829, 金币阈值: 79296
[2026-05-08 00:03:55] [INFO] [ShopBot] 配置已加载 - 设备: ª㥑ı·dᇿq𗠇á#AĸĚvķ, 截图: uiautomator2, 控制: uiautomator2
[2026-05-08 00:03:55] [INFO] [ShopBot] 购买列表 - 书签: True, 神秘奖章: True, 装备: True, 狗粮: True
[2026-05-08 00:03:55] [INFO] [ShopBot] 刷新上限: 79296, 天空石阈值: 28829, 金币阈值: 79296
[2026-05-08 00:03:55] [INFO] [ShopBot] 配置已加载 - 设备: wó蜧, 截图: uiautomator2, 控制: uiautomator2
[2026-05-08 00:03:55] [INFO] [ShopBot] 购买列表 - 书签: False, 神秘奖章: True, 装备: True, 狗粮: False
[2026-05-08 00:03:55] [INFO] [ShopBot] 刷新上限: 0, 天空石阈值: 82392, 金币阈值: 41917
[2026-05-08 00:03:55] [INFO] [ShopBot] 配置已加载 - 设备: wó蜧, 截图: uiautomator2, 控制: uiautomator2
[2026-05-08 00:03:55] [INFO] [ShopBot] 购买列表 - 书签: False, 神秘奖章: False, 装备: True, 狗粮: False
[2026-05-08 00:03:55] [INFO] [ShopBot] 刷新上限: 0, 天空石阈值: 82392, 金币阈值: 41917
[2026-05-08 00:03:55] [INFO] [ShopBot] 配置已加载 - 设备: wó蜧, 截图: uiautomator2, 控制: uiautomator2
[2026-05-08 00:03:55] [INFO] [ShopBot] 购买列表 - 书签: False, 神秘奖章: False, 装备: True, 狗粮: False
[2026-05-08 00:03:55] [INFO] [ShopBot] 刷新上限: 0, 天空石阈值: 41917, 金币阈值: 41917
[2026-05-08 00:03:55] [INFO] [ShopBot] 配置已加载 - 设备: wó蜧, 截图: uiautomator2, 控制: uiautomator2
[2026-05-08 00:03:55] [INFO] [ShopBot] 购买列表 - 书签: False, 神秘奖章: False, 装备: True, 狗粮: False
[2026-05-08 00:03:55] [INFO] [ShopBot] 刷新上限: 0, 天空石阈值: 41917, 金币阈值: 41917
[2026-05-08 00:03:55] [INFO] [ShopBot] 配置已加载 - 设备: wó蜧, 截图: uiautomator2, 控制: uiautomator2
[2026-05-08 00:03:55] [INFO] [ShopBot] 购买列表 - 书签: False, 神秘奖章: False, 装备: True, 狗粮: False
[2026-05-08 00:03:55] [INFO] [ShopBot] 刷新上限: 0, 天空石阈值: 41917, 金币阈值: 41917
[2026-05-08 00:03:55] [INFO] [ShopBot] 配置已加载 - 设备: wó蜧, 截图: uiautomator2, 控制: uiautomator2
[2026-05-08 00:03:55] [INFO] [ShopBot] 购买列表 - 书签: False, 神秘奖章: False, 装备: True, 狗粮: False
[2026-05-08 00:03:55] [INFO] [ShopBot] 刷新上限: 0, 天空石阈值: 41917, 金币阈值: 1
[2026-05-08 00:03:55] [INFO] [ShopBot] 配置已加载 - 设备: @훮ġ4𪶣ë𱧻=, 截图: uiautomator2, 控制: uiautomator2
[2026-05-08 00:03:55] [INFO] [ShopBot] 购买列表 - 书签: True, 神秘奖章: False, 装备: True, 狗粮: False
[2026-05-08 00:03:55] [INFO] [ShopBot] 刷新上限: 13731, 天空石阈值: 58347, 金币阈值: 99999
[2026-05-08 00:03:55] [INFO] [ShopBot] 配置已加载 - 设备: @훮ġ4𪶣ë𱧻=, 截图: uiautomator2, 控制: uiautomator2
[2026-05-08 00:03:55] [INFO] [ShopBot] 购买列表 - 书签: True, 神秘奖章: False, 装备: True, 狗粮: False
[2026-05-08 00:03:55] [INFO] [ShopBot] 刷新上限: 13731, 天空石阈值: 13731, 金币阈值: 99999
[2026-05-08 00:03:55] [INFO] [ShopBot] 配置已加载 - 设备: @훮ġ4𪶣ë𱧻=, 截图: uiautomator2, 控制: uiautomator2
[2026-05-08 00:03:55] [INFO] [ShopBot] 购买列表 - 书签: True, 神秘奖章: False, 装备: True, 狗粮: False
[2026-05-08 00:03:55] [INFO] [ShopBot] 刷新上限: 13731, 天空石阈值: 13731, 金币阈值: 99999
[2026-05-08 00:03:55] [INFO] [ShopBot] 配置已加载 - 设备: @훮ġ4𪶣ë𱧻=, 截图: uiautomator2, 控制: uiautomator2
[2026-05-08 00:03:55] [INFO] [ShopBot] 购买列表 - 书签: True, 神秘奖章: False, 装备: False, 狗粮: False
[2026-05-08 00:03:55] [INFO] [ShopBot] 刷新上限: 13731, 天空石阈值: 13731, 金币阈值: 99999
[2026-05-08 00:03:55] [INFO] [ShopBot] 配置已加载 - 设备: @훮ġ4𪶣ë𱧻=, 截图: uiautomator2, 控制: uiautomator2
[2026-05-08 00:03:55] [INFO] [ShopBot] 购买列表 - 书签: True, 神秘奖章: False, 装备: False, 狗粮: False
[2026-05-08 00:03:55] [INFO] [ShopBot] 刷新上限: 13731, 天空石阈值: 1, 金币阈值: 99999
[2026-05-08 00:03:55] [INFO] [ShopBot] 配置已加载 - 设备: @훮ġ4𪶣ë𱧻=, 截图: uiautomator2, 控制: uiautomator2
[2026-05-08 00:03:55] [INFO] [ShopBot] 购买列表 - 书签: True, 神秘奖章: False, 装备: False, 狗粮: False
[2026-05-08 00:03:55] [INFO] [ShopBot] 刷新上限: 13731, 天空石阈值: 1, 金币阈值: 99999
[2026-05-08 00:03:55] [INFO] [ShopBot] 配置已加载 - 设备: @훮ġ4𪶣ë𱧻=, 截图: uiautomator2, 控制: uiautomator2
[2026-05-08 00:03:55] [INFO] [ShopBot] 购买列表 - 书签: True, 神秘奖章: False, 装备: False, 狗粮: False
[2026-05-08 00:03:55] [INFO] [ShopBot] 刷新上限: 1, 天空石阈值: 1, 金币阈值: 99999
[2026-05-08 00:03:55] [INFO] [ShopBot] 配置已加载 - 设备: Ę𛉋!~ÏĎ, 截图: uiautomator2, 控制: uiautomator2
[2026-05-08 00:03:55] [INFO] [ShopBot] 购买列表 - 书签: False, 神秘奖章: False, 装备: True, 狗粮: True
[2026-05-08 00:03:55] [INFO] [ShopBot] 刷新上限: 75793, 天空石阈值: 36195, 金币阈值: 85709
[2026-05-08 00:03:55] [INFO] [ShopBot] 配置已加载 - 设备: Ę𛉋!~ÏĎ, 截图: uiautomator2, 控制: uiautomator2
[2026-05-08 00:03:55] [INFO] [ShopBot] 购买列表 - 书签: True, 神秘奖章: False, 装备: True, 狗粮: True
[2026-05-08 00:03:55] [INFO] [ShopBot] 刷新上限: 75793, 天空石阈值: 36195, 金币阈值: 85709
[2026-05-08 00:03:55] [INFO] [ShopBot] 配置已加载 - 设备: Ę𛉋!~ÏĎ, 截图: uiautomator2, 控制: uiautomator2
[2026-05-08 00:03:55] [INFO] [ShopBot] 购买列表 - 书签: True, 神秘奖章: False, 装备: False, 狗粮: True
[2026-05-08 00:03:55] [INFO] [ShopBot] 刷新上限: 75793, 天空石阈值: 36195, 金币阈值: 85709
[2026-05-08 00:03:55] [INFO] [ShopBot] 配置已加载 - 设备: Ę𛉋!~ÏĎ, 截图: uiautomator2, 控制: uiautomator2
[2026-05-08 00:03:55] [INFO] [ShopBot] 购买列表 - 书签: False, 神秘奖章: False, 装备: False, 狗粮: True
[2026-05-08 00:03:55] [INFO] [ShopBot] 刷新上限: 75793, 天空石阈值: 36195, 金币阈值: 85709
[2026-05-08 00:03:55] [INFO] [ShopBot] 配置已加载 - 设备: Ę𛉋!~ÏĎ, 截图: uiautomator2, 控制: uiautomator2
[2026-05-08 00:03:55] [INFO] [ShopBot] 购买列表 - 书签: False, 神秘奖章: True, 装备: False, 狗粮: True
[2026-05-08 00:03:55] [INFO] [ShopBot] 刷新上限: 75793, 天空石阈值: 36195, 金币阈值: 85709
[2026-05-08 00:03:55] [INFO] [ShopBot] 配置已加载 - 设备: Ę𛉋!~ÏĎ, 截图: uiautomator2, 控制: uiautomator2
[2026-05-08 00:03:55] [INFO] [ShopBot] 购买列表 - 书签: False, 神秘奖章: False, 装备: False, 狗粮: True
[2026-05-08 00:03:55] [INFO] [ShopBot] 刷新上限: 75793, 天空石阈值: 1, 金币阈值: 85709
[2026-05-08 00:03:55] [INFO] [ShopBot] 配置已加载 - 设备: Ę𛉋!~ÏĎ, 截图: uiautomator2, 控制: uiautomator2
[2026-05-08 00:03:55] [INFO] [ShopBot] 购买列表 - 书签: False, 神秘奖章: False, 装备: True, 狗粮: True
[2026-05-08 00:03:55] [INFO] [ShopBot] 刷新上限: 75793, 天空石阈值: 1, 金币阈值: 85709
[2026-05-08 00:03:55] [INFO] [ShopBot] 配置已加载 - 设备: b, 截图: uiautomator2, 控制: uiautomator2
[2026-05-08 00:03:55] [INFO] [ShopBot] 购买列表 - 书签: False, 神秘奖章: True, 装备: True, 狗粮: False
[2026-05-08 00:03:55] [INFO] [ShopBot] 刷新上限: 54221, 天空石阈值: 64686, 金币阈值: 56280
[2026-05-08 00:03:55] [INFO] [ShopBot] 配置已加载 - 设备: b, 截图: uiautomator2, 控制: uiautomator2
[2026-05-08 00:03:55] [INFO] [ShopBot] 购买列表 - 书签: False, 神秘奖章: True, 装备: True, 狗粮: False
[2026-05-08 00:03:55] [INFO] [ShopBot] 刷新上限: 54221, 天空石阈值: 56280, 金币阈值: 56280
[2026-05-08 00:03:55] [INFO] [ShopBot] 配置已加载 - 设备: b, 截图: uiautomator2, 控制: uiautomator2
[2026-05-08 00:03:55] [INFO] [ShopBot] 购买列表 - 书签: False, 神秘奖章: True, 装备: True, 狗粮: False
[2026-05-08 00:03:55] [INFO] [ShopBot] 刷新上限: 56280, 天空石阈值: 56280, 金币阈值: 56280
[2026-05-08 00:03:55] [INFO] [ShopBot] 配置已加载 - 设备: b, 截图: uiautomator2, 控制: uiautomator2
[2026-05-08 00:03:55] [INFO] [ShopBot] 购买列表 - 书签: True, 神秘奖章: True, 装备: True, 狗粮: False
[2026-05-08 00:03:55] [INFO] [ShopBot] 刷新上限: 56280, 天空石阈值: 56280, 金币阈值: 56280
[2026-05-08 00:03:55] [INFO] [ShopBot] 配置已加载 - 设备: b, 截图: uiautomator2, 控制: uiautomator2
[2026-05-08 00:03:55] [INFO] [ShopBot] 购买列表 - 书签: True, 神秘奖章: True, 装备: True, 狗粮: False
[2026-05-08 00:03:55] [INFO] [ShopBot] 刷新上限: 56280, 天空石阈值: 56280, 金币阈值: 64096
[2026-05-08 00:03:55] [INFO] [ShopBot] 配置已加载 - 设备: b, 截图: uiautomator2, 控制: uiautomator2
[2026-05-08 00:03:55] [INFO] [ShopBot] 购买列表 - 书签: True, 神秘奖章: True, 装备: True, 狗粮: False
[2026-05-08 00:03:55] [INFO] [ShopBot] 刷新上限: 56280, 天空石阈值: 64096, 金币阈值: 64096
[2026-05-08 00:03:55] [INFO] [ShopBot] 配置已加载 - 设备: b, 截图: uiautomator2, 控制: uiautomator2
[2026-05-08 00:03:55] [INFO] [ShopBot] 购买列表 - 书签: True, 神秘奖章: False, 装备: True, 狗粮: False
[2026-05-08 00:03:55] [INFO] [ShopBot] 刷新上限: 56280, 天空石阈值: 64096, 金币阈值: 64096
[2026-05-08 00:03:55] [INFO] [ShopBot] 配置已加载 - 设备: <Ù, 截图: ADB, 控制: ADB
[2026-05-08 00:03:55] [INFO] [ShopBot] 购买列表 - 书签: False, 神秘奖章: True, 装备: False, 狗粮: False
[2026-05-08 00:03:55] [INFO] [ShopBot] 刷新上限: 47056, 天空石阈值: 6672, 金币阈值: 18302
[2026-05-08 00:03:55] [INFO] [ShopBot] 配置已加载 - 设备: <Ù, 截图: ADB, 控制: ADB
[2026-05-08 00:03:55] [INFO] [ShopBot] 购买列表 - 书签: False, 神秘奖章: True, 装备: False, 狗粮: False
[2026-05-08 00:03:55] [INFO] [ShopBot] 刷新上限: 47056, 天空石阈值: 54663, 金币阈值: 18302
[2026-05-08 00:03:55] [INFO] [ShopBot] 配置已加载 - 设备: <Ù, 截图: ADB, 控制: ADB
[2026-05-08 00:03:55] [INFO] [ShopBot] 购买列表 - 书签: False, 神秘奖章: False, 装备: False, 狗粮: False
[2026-05-08 00:03:55] [INFO] [ShopBot] 刷新上限: 47056, 天空石阈值: 54663, 金币阈值: 18302
[2026-05-08 00:03:55] [INFO] [ShopBot] 配置已加载 - 设备: <Ù, 截图: ADB, 控制: ADB
[2026-05-08 00:03:55] [INFO] [ShopBot] 购买列表 - 书签: False, 神秘奖章: False, 装备: False, 狗粮: False
[2026-05-08 00:03:55] [INFO] [ShopBot] 刷新上限: 47056, 天空石阈值: 54663, 金币阈值: 54663
[2026-05-08 00:03:55] [INFO] [ShopBot] 配置已加载 - 设备: <Ù, 截图: ADB, 控制: ADB
[2026-05-08 00:03:55] [INFO] [ShopBot] 购买列表 - 书签: False, 神秘奖章: False, 装备: False, 狗粮: False
[2026-05-08 00:03:55] [INFO] [ShopBot] 刷新上限: 54663, 天空石阈值: 54663, 金币阈值: 54663
[2026-05-08 00:03:55] [INFO] [ShopBot] 配置已加载 - 设备: 𣤟<{ĉÖĦÿ½BDěÐ䒋zĦ氻6lF蒋, 截图: ADB, 控制: ADB
[2026-05-08 00:03:55] [INFO] [ShopBot] 购买列表 - 书签: True, 神秘奖章: False, 装备: True, 狗粮: False
[2026-05-08 00:03:55] [INFO] [ShopBot] 刷新上限: 45349, 天空石阈值: 36865, 金币阈值: 96469
[2026-05-08 00:03:55] [INFO] [ShopBot] 配置已加载 - 设备: 𣤟<{ĉÖĦÿ½BDěÐ䒋zĦ氻6lF蒋, 截图: ADB, 控制: ADB
[2026-05-08 00:03:55] [INFO] [ShopBot] 购买列表 - 书签: True, 神秘奖章: True, 装备: True, 狗粮: False
[2026-05-08 00:03:55] [INFO] [ShopBot] 刷新上限: 45349, 天空石阈值: 36865, 金币阈值: 96469
[2026-05-08 00:03:55] [INFO] [ShopBot] 配置已加载 - 设备: 𣤟<{ĉÖĦÿ½BDěÐ䒋zĦ氻6lF蒋, 截图: ADB, 控制: ADB
[2026-05-08 00:03:55] [INFO] [ShopBot] 购买列表 - 书签: True, 神秘奖章: True, 装备: True, 狗粮: True
[2026-05-08 00:03:55] [INFO] [ShopBot] 刷新上限: 45349, 天空石阈值: 36865, 金币阈值: 96469
[2026-05-08 00:03:55] [INFO] [ShopBot] 配置已加载 - 设备: 𣤟<{ĉÖĦÿ½BDěÐ䒋zĦ氻6lF蒋, 截图: ADB, 控制: ADB
[2026-05-08 00:03:55] [INFO] [ShopBot] 购买列表 - 书签: True, 神秘奖章: True, 装备: True, 狗粮: True
[2026-05-08 00:03:55] [INFO] [ShopBot] 刷新上限: 45349, 天空石阈值: 28403, 金币阈值: 96469
[2026-05-08 00:03:55] [INFO] [ShopBot] 配置已加载 - 设备: 𣤟<{ĉÖĦÿ½BDěÐ䒋zĦ氻6lF蒋, 截图: ADB, 控制: ADB
[2026-05-08 00:03:55] [INFO] [ShopBot] 购买列表 - 书签: True, 神秘奖章: True, 装备: True, 狗粮: True
[2026-05-08 00:03:55] [INFO] [ShopBot] 刷新上限: 28403, 天空石阈值: 28403, 金币阈值: 96469
[2026-05-08 00:03:55] [INFO] [ShopBot] 配置已加载 - 设备: 𣤟<{ĉÖĦÿ½BDěÐ䒋zĦ氻6lF蒋, 截图: ADB, 控制: ADB
[2026-05-08 00:03:55] [INFO] [ShopBot] 购买列表 - 书签: True, 神秘奖章: True, 装备: True, 狗粮: True
[2026-05-08 00:03:55] [INFO] [ShopBot] 刷新上限: 28403, 天空石阈值: 28403, 金币阈值: 28403
[2026-05-08 00:03:55] [INFO] [ShopBot] 配置已加载 - 设备: M痩p⾢ĺ𔌖¼ė%ćP2, 截图: ADB, 控制: uiautomator2
[2026-05-08 00:03:55] [INFO] [ShopBot] 购买列表 - 书签: False, 神秘奖章: False, 装备: False, 狗粮: True
[2026-05-08 00:03:55] [INFO] [ShopBot] 刷新上限: 71446, 天空石阈值: 686, 金币阈值: 34297
[2026-05-08 00:03:55] [INFO] [ShopBot] 配置已加载 - 设备: M痩p⾢ĺ𔌖¼ė%ćP2, 截图: ADB, 控制: ADB
[2026-05-08 00:03:55] [INFO] [ShopBot] 购买列表 - 书签: False, 神秘奖章: False, 装备: False, 狗粮: True
[2026-05-08 00:03:55] [INFO] [ShopBot] 刷新上限: 71446, 天空石阈值: 686, 金币阈值: 34297
[2026-05-08 00:03:55] [INFO] [ShopBot] 配置已加载 - 设备: M痩p⾢ĺ𔌖¼ė%ćP2, 截图: ADB, 控制: ADB
[2026-05-08 00:03:55] [INFO] [ShopBot] 购买列表 - 书签: False, 神秘奖章: False, 装备: False, 狗粮: True
[2026-05-08 00:03:55] [INFO] [ShopBot] 刷新上限: 71446, 天空石阈值: 686, 金币阈值: 686
[2026-05-08 00:03:55] [INFO] [ShopBot] 配置已加载 - 设备: M痩p⾢ĺ𔌖¼ė%ćP2, 截图: ADB, 控制: ADB
[2026-05-08 00:03:55] [INFO] [ShopBot] 购买列表 - 书签: False, 神秘奖章: False, 装备: False, 狗粮: True
[2026-05-08 00:03:55] [INFO] [ShopBot] 刷新上限: 71446, 天空石阈值: 686, 金币阈值: 6606
[2026-05-08 00:03:55] [INFO] [ShopBot] 配置已加载 - 设备: M痩p⾢ĺ𔌖¼ė%ćP2, 截图: ADB, 控制: ADB
[2026-05-08 00:03:55] [INFO] [ShopBot] 购买列表 - 书签: False, 神秘奖章: False, 装备: True, 狗粮: True
[2026-05-08 00:03:55] [INFO] [ShopBot] 刷新上限: 71446, 天空石阈值: 686, 金币阈值: 6606
[2026-05-08 00:03:55] [INFO] [ShopBot] 配置已加载 - 设备: M痩p⾢ĺ𔌖¼ė%ćP2, 截图: ADB, 控制: ADB
[2026-05-08 00:03:55] [INFO] [ShopBot] 购买列表 - 书签: False, 神秘奖章: False, 装备: True, 狗粮: True
[2026-05-08 00:03:55] [INFO] [ShopBot] 刷新上限: 71446, 天空石阈值: 686, 金币阈值: 686
[2026-05-08 00:03:55] [INFO] [ShopBot] 配置已加载 - 设备: M痩p⾢ĺ𔌖¼ė%ćP2, 截图: ADB, 控制: ADB
[2026-05-08 00:03:55] [INFO] [ShopBot] 购买列表 - 书签: True, 神秘奖章: False, 装备: True, 狗粮: True
[2026-05-08 00:03:55] [INFO] [ShopBot] 刷新上限: 71446, 天空石阈值: 686, 金币阈值: 686
[2026-05-08 00:03:55] [INFO] [ShopBot] 配置已加载 - 设备: ¸¡Ħ¯, 截图: ADB, 控制: uiautomator2
[2026-05-08 00:03:55] [INFO] [ShopBot] 购买列表 - 书签: True, 神秘奖章: False, 装备: True, 狗粮: True
[2026-05-08 00:03:55] [INFO] [ShopBot] 刷新上限: 23910, 天空石阈值: 6350, 金币阈值: 99999
[2026-05-08 00:03:55] [INFO] [ShopBot] 配置已加载 - 设备: ¸¡Ħ¯, 截图: ADB, 控制: uiautomator2
[2026-05-08 00:03:55] [INFO] [ShopBot] 购买列表 - 书签: True, 神秘奖章: False, 装备: False, 狗粮: True
[2026-05-08 00:03:55] [INFO] [ShopBot] 刷新上限: 23910, 天空石阈值: 6350, 金币阈值: 99999
[2026-05-08 00:03:55] [INFO] [ShopBot] 配置已加载 - 设备: ¸¡Ħ¯, 截图: ADB, 控制: uiautomator2
[2026-05-08 00:03:55] [INFO] [ShopBot] 购买列表 - 书签: True, 神秘奖章: False, 装备: False, 狗粮: True
[2026-05-08 00:03:55] [INFO] [ShopBot] 刷新上限: 99999, 天空石阈值: 6350, 金币阈值: 99999
[2026-05-08 00:03:55] [INFO] [ShopBot] 配置已加载 - 设备: ¸¡Ħ¯, 截图: ADB, 控制: uiautomator2
[2026-05-08 00:03:55] [INFO] [ShopBot] 购买列表 - 书签: True, 神秘奖章: False, 装备: False, 狗粮: True
[2026-05-08 00:03:55] [INFO] [ShopBot] 刷新上限: 99999, 天空石阈值: 6350, 金币阈值: 99999
[2026-05-08 00:03:55] [INFO] [ShopBot] 配置已加载 - 设备: ¸¡Ħ¯, 截图: ADB, 控制: uiautomator2
[2026-05-08 00:03:55] [INFO] [ShopBot] 购买列表 - 书签: False, 神秘奖章: False, 装备: False, 狗粮: True
[2026-05-08 00:03:55] [INFO] [ShopBot] 刷新上限: 99999, 天空石阈值: 6350, 金币阈值: 99999
[2026-05-08 00:03:55] [INFO] [ShopBot] 配置已加载 - 设备: ¸¡Ħ¯, 截图: ADB, 控制: ADB
[2026-05-08 00:03:55] [INFO] [ShopBot] 购买列表 - 书签: False, 神秘奖章: False, 装备: False, 狗粮: True
[2026-05-08 00:03:55] [INFO] [ShopBot] 刷新上限: 99999, 天空石阈值: 6350, 金币阈值: 99999
[2026-05-08 00:03:55] [INFO] [ShopBot] 配置已加载 - 设备: ¸¡Ħ¯, 截图: ADB, 控制: ADB
[2026-05-08 00:03:55] [INFO] [ShopBot] 购买列表 - 书签: False, 神秘奖章: False, 装备: False, 狗粮: False
[2026-05-08 00:03:55] [INFO] [ShopBot] 刷新上限: 99999, 天空石阈值: 6350, 金币阈值: 99999
[2026-05-08 00:03:55] [INFO] [ShopBot] 配置已加载 - 设备: Öt𪉓xXÞ, 截图: uiautomator2, 控制: uiautomator2
[2026-05-08 00:03:55] [INFO] [ShopBot] 购买列表 - 书签: True, 神秘奖章: False, 装备: False, 狗粮: True
[2026-05-08 00:03:55] [INFO] [ShopBot] 刷新上限: 66282, 天空石阈值: 66618, 金币阈值: 39323
[2026-05-08 00:03:55] [INFO] [ShopBot] 配置已加载 - 设备: Öt𪉓xXÞ, 截图: uiautomator2, 控制: uiautomator2
[2026-05-08 00:03:55] [INFO] [ShopBot] 购买列表 - 书签: True, 神秘奖章: False, 装备: False, 狗粮: True
[2026-05-08 00:03:55] [INFO] [ShopBot] 刷新上限: 66282, 天空石阈值: 66618, 金币阈值: 39323
[2026-05-08 00:03:55] [INFO] [ShopBot] 配置已加载 - 设备: Öt𪉓xXÞ, 截图: uiautomator2, 控制: uiautomator2
[2026-05-08 00:03:55] [INFO] [ShopBot] 购买列表 - 书签: True, 神秘奖章: False, 装备: False, 狗粮: True
[2026-05-08 00:03:55] [INFO] [ShopBot] 刷新上限: 66282, 天空石阈值: 66618, 金币阈值: 1
[2026-05-08 00:03:55] [INFO] [ShopBot] 配置已加载 - 设备: Öt𪉓xXÞ, 截图: uiautomator2, 控制: uiautomator2
[2026-05-08 00:03:55] [INFO] [ShopBot] 购买列表 - 书签: False, 神秘奖章: False, 装备: False, 狗粮: True
[2026-05-08 00:03:55] [INFO] [ShopBot] 刷新上限: 66282, 天空石阈值: 66618, 金币阈值: 1
[2026-05-08 00:03:55] [INFO] [ShopBot] 配置已加载 - 设备: Öt𪉓xXÞ, 截图: uiautomator2, 控制: uiautomator2
[2026-05-08 00:03:55] [INFO] [ShopBot] 购买列表 - 书签: False, 神秘奖章: False, 装备: False, 狗粮: True
[2026-05-08 00:03:55] [INFO] [ShopBot] 刷新上限: 66282, 天空石阈值: 66618, 金币阈值: 66618
[2026-05-08 00:03:55] [INFO] [ShopBot] 配置已加载 - 设备: Öt𪉓xXÞ, 截图: uiautomator2, 控制: uiautomator2
[2026-05-08 00:03:55] [INFO] [ShopBot] 购买列表 - 书签: False, 神秘奖章: False, 装备: False, 狗粮: True
[2026-05-08 00:03:55] [INFO] [ShopBot] 刷新上限: 1, 天空石阈值: 66618, 金币阈值: 66618
[2026-05-08 00:03:55] [INFO] [ShopBot] 配置已加载 - 设备: êÄĜ,ġ𥏳, 截图: ADB, 控制: uiautomator2
[2026-05-08 00:03:55] [INFO] [ShopBot] 购买列表 - 书签: False, 神秘奖章: False, 装备: True, 狗粮: False
[2026-05-08 00:03:55] [INFO] [ShopBot] 刷新上限: 65448, 天空石阈值: 88416, 金币阈值: 58074
[2026-05-08 00:03:55] [INFO] [ShopBot] 配置已加载 - 设备: êÄĜ,ġ𥏳, 截图: uiautomator2, 控制: uiautomator2
[2026-05-08 00:03:55] [INFO] [ShopBot] 购买列表 - 书签: False, 神秘奖章: False, 装备: True, 狗粮: False
[2026-05-08 00:03:55] [INFO] [ShopBot] 刷新上限: 65448, 天空石阈值: 88416, 金币阈值: 58074
[2026-05-08 00:03:55] [INFO] [ShopBot] 配置已加载 - 设备: êÄĜ,ġ𥏳, 截图: uiautomator2, 控制: uiautomator2
[2026-05-08 00:03:55] [INFO] [ShopBot] 购买列表 - 书签: False, 神秘奖章: False, 装备: True, 狗粮: False
[2026-05-08 00:03:55] [INFO] [ShopBot] 刷新上限: 65448, 天空石阈值: 88416, 金币阈值: 65448
[2026-05-08 00:03:55] [INFO] [ShopBot] 配置已加载 - 设备: êÄĜ,ġ𥏳, 截图: uiautomator2, 控制: uiautomator2
[2026-05-08 00:03:55] [INFO] [ShopBot] 购买列表 - 书签: False, 神秘奖章: False, 装备: False, 狗粮: False
[2026-05-08 00:03:55] [INFO] [ShopBot] 刷新上限: 65448, 天空石阈值: 88416, 金币阈值: 65448
[2026-05-08 00:03:55] [INFO] [ShopBot] 配置已加载 - 设备: êÄĜ,ġ𥏳, 截图: uiautomator2, 控制: uiautomator2
[2026-05-08 00:03:55] [INFO] [ShopBot] 购买列表 - 书签: False, 神秘奖章: False, 装备: False, 狗粮: False
[2026-05-08 00:03:55] [INFO] [ShopBot] 刷新上限: 65448, 天空石阈值: 65448, 金币阈值: 65448
[2026-05-08 00:03:55] [INFO] [ShopBot] 配置已加载 - 设备: êÄĜ,ġ𥏳, 截图: uiautomator2, 控制: uiautomator2
[2026-05-08 00:03:55] [INFO] [ShopBot] 购买列表 - 书签: False, 神秘奖章: False, 装备: False, 狗粮: False
[2026-05-08 00:03:55] [INFO] [ShopBot] 刷新上限: 65448, 天空石阈值: 65448, 金币阈值: 65448
[2026-05-08 00:03:55] [INFO] [ShopBot] 配置已加载 - 设备: bÏ, 截图: ADB, 控制: uiautomator2
[2026-05-08 00:03:55] [INFO] [ShopBot] 购买列表 - 书签: False, 神秘奖章: True, 装备: True, 狗粮: False
[2026-05-08 00:03:55] [INFO] [ShopBot] 刷新上限: 27874, 天空石阈值: 33476, 金币阈值: 65535
[2026-05-08 00:03:55] [INFO] [ShopBot] 配置已加载 - 设备: bÏ, 截图: ADB, 控制: uiautomator2
[2026-05-08 00:03:55] [INFO] [ShopBot] 购买列表 - 书签: False, 神秘奖章: True, 装备: True, 狗粮: False
[2026-05-08 00:03:55] [INFO] [ShopBot] 刷新上限: 27874, 天空石阈值: 44697, 金币阈值: 65535
[2026-05-08 00:03:55] [INFO] [ShopBot] 配置已加载 - 设备: bÏ, 截图: uiautomator2, 控制: uiautomator2
[2026-05-08 00:03:55] [INFO] [ShopBot] 购买列表 - 书签: False, 神秘奖章: True, 装备: True, 狗粮: False
[2026-05-08 00:03:55] [INFO] [ShopBot] 刷新上限: 27874, 天空石阈值: 44697, 金币阈值: 65535
[2026-05-08 00:03:55] [INFO] [ShopBot] 配置已加载 - 设备: bÏ, 截图: uiautomator2, 控制: uiautomator2
[2026-05-08 00:03:55] [INFO] [ShopBot] 购买列表 - 书签: False, 神秘奖章: True, 装备: True, 狗粮: False
[2026-05-08 00:03:55] [INFO] [ShopBot] 刷新上限: 27874, 天空石阈值: 44697, 金币阈值: 27874
[2026-05-08 00:03:57] [INFO] [ShopBot] 配置文件不存在，生成默认模板: C:\Users\18579\AppData\Local\Temp\pytest-of-18579\pytest-1\test_load_generates_default_wh0\config.yaml
[2026-05-08 00:03:57] [INFO] [ShopBot] 配置已加载 - 设备: 127.0.0.1:16384, 截图: ADB, 控制: ADB
[2026-05-08 00:03:57] [INFO] [ShopBot] 购买列表 - 书签: True, 神秘奖章: True, 装备: False, 狗粮: False
[2026-05-08 00:03:57] [INFO] [ShopBot] 刷新上限: 200, 天空石阈值: 0, 金币阈值: 0
[2026-05-08 00:03:57] [INFO] [ShopBot] 配置文件不存在，生成默认模板: C:\Users\18579\AppData\Local\Temp\pytest-of-18579\pytest-1\test_generated_default_is_vali0\config.yaml
[2026-05-08 00:03:57] [INFO] [ShopBot] 配置已加载 - 设备: 127.0.0.1:16384, 截图: ADB, 控制: ADB
[2026-05-08 00:03:57] [INFO] [ShopBot] 购买列表 - 书签: True, 神秘奖章: True, 装备: False, 狗粮: False
[2026-05-08 00:03:57] [INFO] [ShopBot] 刷新上限: 200, 天空石阈值: 0, 金币阈值: 0
[2026-05-08 00:03:57] [INFO] [ShopBot] 配置已加载 - 设备: 192.168.1.100:5555, 截图: uiautomator2, 控制: ADB
[2026-05-08 00:03:57] [INFO] [ShopBot] 购买列表 - 书签: False, 神秘奖章: True, 装备: False, 狗粮: False
[2026-05-08 00:03:57] [INFO] [ShopBot] 刷新上限: 100, 天空石阈值: 0, 金币阈值: 0
[2026-05-08 00:03:57] [INFO] [ShopBot] 配置已加载 - 设备: 10.0.0.1:5555, 截图: ADB, 控制: ADB
[2026-05-08 00:03:57] [INFO] [ShopBot] 购买列表 - 书签: False, 神秘奖章: True, 装备: False, 狗粮: False
[2026-05-08 00:03:57] [INFO] [ShopBot] 刷新上限: 200, 天空石阈值: 0, 金币阈值: 0
[2026-05-08 00:03:57] [INFO] [ShopBot] 配置已加载 - 设备: 127.0.0.1:16384, 截图: ADB, 控制: ADB
[2026-05-08 00:03:57] [INFO] [ShopBot] 购买列表 - 书签: True, 神秘奖章: True, 装备: False, 狗粮: False
[2026-05-08 00:03:57] [INFO] [ShopBot] 刷新上限: 500, 天空石阈值: 0, 金币阈值: 0
[2026-05-08 00:03:57] [INFO] [ShopBot] 正在连接设备 127.0.0.1:16384（第 1/1 次）
[2026-05-08 00:03:57] [WARNING] [ShopBot] 连接输出异常: failed to connect
[2026-05-08 00:03:57] [ERROR] [ShopBot] 连接失败（第 1/1 次）: failed to connect
[2026-05-08 00:03:57] [ERROR] [ShopBot] 设备连接失败，已重试 1 次: 127.0.0.1:16384
[2026-05-08 00:03:57] [INFO] [ShopBot] 正在连接设备 127.0.0.1:16384（第 1/2 次）
[2026-05-08 00:03:57] [WARNING] [ShopBot] 连接输出异常: failed to connect
[2026-05-08 00:03:57] [ERROR] [ShopBot] 连接失败（第 1/2 次）: failed to connect
[2026-05-08 00:03:57] [INFO] [ShopBot] 等待 0.01 秒后重试...
[2026-05-08 00:03:57] [INFO] [ShopBot] 正在连接设备 127.0.0.1:16384（第 2/2 次）
[2026-05-08 00:03:57] [WARNING] [ShopBot] 连接输出异常: failed to connect
[2026-05-08 00:03:57] [ERROR] [ShopBot] 连接失败（第 2/2 次）: failed to connect
[2026-05-08 00:03:57] [ERROR] [ShopBot] 设备连接失败，已重试 2 次: 127.0.0.1:16384
[2026-05-08 00:03:57] [INFO] [ShopBot] 正在连接设备 127.0.0.1:16384（第 1/2 次）
[2026-05-08 00:03:57] [WARNING] [ShopBot] 连接输出异常: failed to connect
[2026-05-08 00:03:57] [ERROR] [ShopBot] 连接失败（第 1/2 次）: failed to connect
[2026-05-08 00:03:57] [INFO] [ShopBot] 等待 0.03709978862872153 秒后重试...
[2026-05-08 00:03:57] [INFO] [ShopBot] 正在连接设备 127.0.0.1:16384（第 2/2 次）
[2026-05-08 00:03:57] [WARNING] [ShopBot] 连接输出异常: failed to connect
[2026-05-08 00:03:57] [ERROR] [ShopBot] 连接失败（第 2/2 次）: failed to connect
[2026-05-08 00:03:57] [ERROR] [ShopBot] 设备连接失败，已重试 2 次: 127.0.0.1:16384
[2026-05-08 00:03:57] [INFO] [ShopBot] 正在连接设备 127.0.0.1:16384（第 1/10 次）
[2026-05-08 00:03:57] [WARNING] [ShopBot] 连接输出异常: failed to connect
[2026-05-08 00:03:57] [ERROR] [ShopBot] 连接失败（第 1/10 次）: failed to connect
[2026-05-08 00:03:57] [INFO] [ShopBot] 等待 0.01 秒后重试...
[2026-05-08 00:03:57] [INFO] [ShopBot] 正在连接设备 127.0.0.1:16384（第 2/10 次）
[2026-05-08 00:03:57] [WARNING] [ShopBot] 连接输出异常: failed to connect
[2026-05-08 00:03:57] [ERROR] [ShopBot] 连接失败（第 2/10 次）: failed to connect
[2026-05-08 00:03:57] [INFO] [ShopBot] 等待 0.01 秒后重试...
[2026-05-08 00:03:57] [INFO] [ShopBot] 正在连接设备 127.0.0.1:16384（第 3/10 次）
[2026-05-08 00:03:57] [WARNING] [ShopBot] 连接输出异常: failed to connect
[2026-05-08 00:03:57] [ERROR] [ShopBot] 连接失败（第 3/10 次）: failed to connect
[2026-05-08 00:03:57] [INFO] [ShopBot] 等待 0.01 秒后重试...
[2026-05-08 00:03:57] [INFO] [ShopBot] 正在连接设备 127.0.0.1:16384（第 4/10 次）
[2026-05-08 00:03:57] [WARNING] [ShopBot] 连接输出异常: failed to connect
[2026-05-08 00:03:57] [ERROR] [ShopBot] 连接失败（第 4/10 次）: failed to connect
[2026-05-08 00:03:57] [INFO] [ShopBot] 等待 0.01 秒后重试...
[2026-05-08 00:03:57] [INFO] [ShopBot] 正在连接设备 127.0.0.1:16384（第 5/10 次）
[2026-05-08 00:03:57] [WARNING] [ShopBot] 连接输出异常: failed to connect
[2026-05-08 00:03:57] [ERROR] [ShopBot] 连接失败（第 5/10 次）: failed to connect
[2026-05-08 00:03:57] [INFO] [ShopBot] 等待 0.01 秒后重试...
[2026-05-08 00:03:57] [INFO] [ShopBot] 正在连接设备 127.0.0.1:16384（第 6/10 次）
[2026-05-08 00:03:57] [WARNING] [ShopBot] 连接输出异常: failed to connect
[2026-05-08 00:03:57] [ERROR] [ShopBot] 连接失败（第 6/10 次）: failed to connect
[2026-05-08 00:03:57] [INFO] [ShopBot] 等待 0.01 秒后重试...
[2026-05-08 00:03:57] [INFO] [ShopBot] 正在连接设备 127.0.0.1:16384（第 7/10 次）
[2026-05-08 00:03:57] [WARNING] [ShopBot] 连接输出异常: failed to connect
[2026-05-08 00:03:57] [ERROR] [ShopBot] 连接失败（第 7/10 次）: failed to connect
[2026-05-08 00:03:57] [INFO] [ShopBot] 等待 0.01 秒后重试...
[2026-05-08 00:03:57] [INFO] [ShopBot] 正在连接设备 127.0.0.1:16384（第 8/10 次）
[2026-05-08 00:03:57] [WARNING] [ShopBot] 连接输出异常: failed to connect
[2026-05-08 00:03:57] [ERROR] [ShopBot] 连接失败（第 8/10 次）: failed to connect
[2026-05-08 00:03:57] [INFO] [ShopBot] 等待 0.01 秒后重试...
[2026-05-08 00:03:57] [INFO] [ShopBot] 正在连接设备 127.0.0.1:16384（第 9/10 次）
[2026-05-08 00:03:57] [WARNING] [ShopBot] 连接输出异常: failed to connect
[2026-05-08 00:03:57] [ERROR] [ShopBot] 连接失败（第 9/10 次）: failed to connect
[2026-05-08 00:03:57] [INFO] [ShopBot] 等待 0.01 秒后重试...
[2026-05-08 00:03:57] [INFO] [ShopBot] 正在连接设备 127.0.0.1:16384（第 10/10 次）
[2026-05-08 00:03:57] [WARNING] [ShopBot] 连接输出异常: failed to connect
[2026-05-08 00:03:57] [ERROR] [ShopBot] 连接失败（第 10/10 次）: failed to connect
[2026-05-08 00:03:57] [ERROR] [ShopBot] 设备连接失败，已重试 10 次: 127.0.0.1:16384
[2026-05-08 00:03:57] [INFO] [ShopBot] 正在连接设备 127.0.0.1:16384（第 1/10 次）
[2026-05-08 00:03:57] [WARNING] [ShopBot] 连接输出异常: failed to connect
[2026-05-08 00:03:57] [ERROR] [ShopBot] 连接失败（第 1/10 次）: failed to connect
[2026-05-08 00:03:57] [INFO] [ShopBot] 等待 0.015668584880175675 秒后重试...
[2026-05-08 00:03:57] [INFO] [ShopBot] 正在连接设备 127.0.0.1:16384（第 2/10 次）
[2026-05-08 00:03:57] [WARNING] [ShopBot] 连接输出异常: failed to connect
[2026-05-08 00:03:57] [ERROR] [ShopBot] 连接失败（第 2/10 次）: failed to connect
[2026-05-08 00:03:57] [INFO] [ShopBot] 等待 0.015668584880175675 秒后重试...
[2026-05-08 00:03:57] [INFO] [ShopBot] 正在连接设备 127.0.0.1:16384（第 3/10 次）
[2026-05-08 00:03:57] [WARNING] [ShopBot] 连接输出异常: failed to connect
[2026-05-08 00:03:57] [ERROR] [ShopBot] 连接失败（第 3/10 次）: failed to connect
[2026-05-08 00:03:57] [INFO] [ShopBot] 等待 0.015668584880175675 秒后重试...
[2026-05-08 00:03:57] [INFO] [ShopBot] 正在连接设备 127.0.0.1:16384（第 4/10 次）
[2026-05-08 00:03:57] [WARNING] [ShopBot] 连接输出异常: failed to connect
[2026-05-08 00:03:57] [ERROR] [ShopBot] 连接失败（第 4/10 次）: failed to connect
[2026-05-08 00:03:57] [INFO] [ShopBot] 等待 0.015668584880175675 秒后重试...
[2026-05-08 00:03:57] [INFO] [ShopBot] 正在连接设备 127.0.0.1:16384（第 5/10 次）
[2026-05-08 00:03:57] [WARNING] [ShopBot] 连接输出异常: failed to connect
[2026-05-08 00:03:57] [ERROR] [ShopBot] 连接失败（第 5/10 次）: failed to connect
[2026-05-08 00:03:57] [INFO] [ShopBot] 等待 0.015668584880175675 秒后重试...
[2026-05-08 00:03:57] [INFO] [ShopBot] 正在连接设备 127.0.0.1:16384（第 6/10 次）
[2026-05-08 00:03:57] [WARNING] [ShopBot] 连接输出异常: failed to connect
[2026-05-08 00:03:57] [ERROR] [ShopBot] 连接失败（第 6/10 次）: failed to connect
[2026-05-08 00:03:57] [INFO] [ShopBot] 等待 0.015668584880175675 秒后重试...
[2026-05-08 00:03:57] [INFO] [ShopBot] 正在连接设备 127.0.0.1:16384（第 7/10 次）
[2026-05-08 00:03:57] [WARNING] [ShopBot] 连接输出异常: failed to connect
[2026-05-08 00:03:57] [ERROR] [ShopBot] 连接失败（第 7/10 次）: failed to connect
[2026-05-08 00:03:57] [INFO] [ShopBot] 等待 0.015668584880175675 秒后重试...
[2026-05-08 00:03:57] [INFO] [ShopBot] 正在连接设备 127.0.0.1:16384（第 8/10 次）
[2026-05-08 00:03:57] [WARNING] [ShopBot] 连接输出异常: failed to connect
[2026-05-08 00:03:57] [ERROR] [ShopBot] 连接失败（第 8/10 次）: failed to connect
[2026-05-08 00:03:57] [INFO] [ShopBot] 等待 0.015668584880175675 秒后重试...
[2026-05-08 00:03:57] [INFO] [ShopBot] 正在连接设备 127.0.0.1:16384（第 9/10 次）
[2026-05-08 00:03:57] [WARNING] [ShopBot] 连接输出异常: failed to connect
[2026-05-08 00:03:57] [ERROR] [ShopBot] 连接失败（第 9/10 次）: failed to connect
[2026-05-08 00:03:57] [INFO] [ShopBot] 等待 0.015668584880175675 秒后重试...
[2026-05-08 00:03:57] [INFO] [ShopBot] 正在连接设备 127.0.0.1:16384（第 10/10 次）
[2026-05-08 00:03:57] [WARNING] [ShopBot] 连接输出异常: failed to connect
[2026-05-08 00:03:57] [ERROR] [ShopBot] 连接失败（第 10/10 次）: failed to connect
[2026-05-08 00:03:57] [ERROR] [ShopBot] 设备连接失败，已重试 10 次: 127.0.0.1:16384
[2026-05-08 00:03:57] [INFO] [ShopBot] 正在连接设备 127.0.0.1:16384（第 1/10 次）
[2026-05-08 00:03:57] [WARNING] [ShopBot] 连接输出异常: failed to connect
[2026-05-08 00:03:57] [ERROR] [ShopBot] 连接失败（第 1/10 次）: failed to connect
[2026-05-08 00:03:57] [INFO] [ShopBot] 等待 0.0575129449663988 秒后重试...
[2026-05-08 00:03:57] [INFO] [ShopBot] 正在连接设备 127.0.0.1:16384（第 2/10 次）
[2026-05-08 00:03:57] [WARNING] [ShopBot] 连接输出异常: failed to connect
[2026-05-08 00:03:57] [ERROR] [ShopBot] 连接失败（第 2/10 次）: failed to connect
[2026-05-08 00:03:57] [INFO] [ShopBot] 等待 0.0575129449663988 秒后重试...
[2026-05-08 00:03:57] [INFO] [ShopBot] 正在连接设备 127.0.0.1:16384（第 3/10 次）
[2026-05-08 00:03:57] [WARNING] [ShopBot] 连接输出异常: failed to connect
[2026-05-08 00:03:57] [ERROR] [ShopBot] 连接失败（第 3/10 次）: failed to connect
[2026-05-08 00:03:57] [INFO] [ShopBot] 等待 0.0575129449663988 秒后重试...
[2026-05-08 00:03:57] [INFO] [ShopBot] 正在连接设备 127.0.0.1:16384（第 4/10 次）
[2026-05-08 00:03:57] [WARNING] [ShopBot] 连接输出异常: failed to connect
[2026-05-08 00:03:57] [ERROR] [ShopBot] 连接失败（第 4/10 次）: failed to connect
[2026-05-08 00:03:57] [INFO] [ShopBot] 等待 0.0575129449663988 秒后重试...
[2026-05-08 00:03:57] [INFO] [ShopBot] 正在连接设备 127.0.0.1:16384（第 5/10 次）
[2026-05-08 00:03:57] [WARNING] [ShopBot] 连接输出异常: failed to connect
[2026-05-08 00:03:57] [ERROR] [ShopBot] 连接失败（第 5/10 次）: failed to connect
[2026-05-08 00:03:57] [INFO] [ShopBot] 等待 0.0575129449663988 秒后重试...
[2026-05-08 00:03:57] [INFO] [ShopBot] 正在连接设备 127.0.0.1:16384（第 6/10 次）
[2026-05-08 00:03:57] [WARNING] [ShopBot] 连接输出异常: failed to connect
[2026-05-08 00:03:57] [ERROR] [ShopBot] 连接失败（第 6/10 次）: failed to connect
[2026-05-08 00:03:57] [INFO] [ShopBot] 等待 0.0575129449663988 秒后重试...
[2026-05-08 00:03:57] [INFO] [ShopBot] 正在连接设备 127.0.0.1:16384（第 7/10 次）
[2026-05-08 00:03:57] [WARNING] [ShopBot] 连接输出异常: failed to connect
[2026-05-08 00:03:57] [ERROR] [ShopBot] 连接失败（第 7/10 次）: failed to connect
[2026-05-08 00:03:57] [INFO] [ShopBot] 等待 0.0575129449663988 秒后重试...
[2026-05-08 00:03:57] [INFO] [ShopBot] 正在连接设备 127.0.0.1:16384（第 8/10 次）
[2026-05-08 00:03:57] [WARNING] [ShopBot] 连接输出异常: failed to connect
[2026-05-08 00:03:57] [ERROR] [ShopBot] 连接失败（第 8/10 次）: failed to connect
[2026-05-08 00:03:57] [INFO] [ShopBot] 等待 0.0575129449663988 秒后重试...
[2026-05-08 00:03:57] [INFO] [ShopBot] 正在连接设备 127.0.0.1:16384（第 9/10 次）
[2026-05-08 00:03:57] [WARNING] [ShopBot] 连接输出异常: failed to connect
[2026-05-08 00:03:57] [ERROR] [ShopBot] 连接失败（第 9/10 次）: failed to connect
[2026-05-08 00:03:57] [INFO] [ShopBot] 等待 0.0575129449663988 秒后重试...
[2026-05-08 00:03:57] [INFO] [ShopBot] 正在连接设备 127.0.0.1:16384（第 10/10 次）
[2026-05-08 00:03:57] [WARNING] [ShopBot] 连接输出异常: failed to connect
[2026-05-08 00:03:57] [ERROR] [ShopBot] 连接失败（第 10/10 次）: failed to connect
[2026-05-08 00:03:57] [ERROR] [ShopBot] 设备连接失败，已重试 10 次: 127.0.0.1:16384
[2026-05-08 00:03:57] [INFO] [ShopBot] 正在连接设备 127.0.0.1:16384（第 1/1 次）
[2026-05-08 00:03:57] [WARNING] [ShopBot] 连接输出异常: failed to connect
[2026-05-08 00:03:57] [ERROR] [ShopBot] 连接失败（第 1/1 次）: failed to connect
[2026-05-08 00:03:57] [ERROR] [ShopBot] 设备连接失败，已重试 1 次: 127.0.0.1:16384
[2026-05-08 00:03:57] [INFO] [ShopBot] 正在连接设备 127.0.0.1:16384（第 1/6 次）
[2026-05-08 00:03:57] [WARNING] [ShopBot] 连接输出异常: failed to connect
[2026-05-08 00:03:57] [ERROR] [ShopBot] 连接失败（第 1/6 次）: failed to connect
[2026-05-08 00:03:57] [INFO] [ShopBot] 等待 0.01 秒后重试...
[2026-05-08 00:03:57] [INFO] [ShopBot] 正在连接设备 127.0.0.1:16384（第 2/6 次）
[2026-05-08 00:03:57] [WARNING] [ShopBot] 连接输出异常: failed to connect
[2026-05-08 00:03:57] [ERROR] [ShopBot] 连接失败（第 2/6 次）: failed to connect
[2026-05-08 00:03:57] [INFO] [ShopBot] 等待 0.01 秒后重试...
[2026-05-08 00:03:57] [INFO] [ShopBot] 正在连接设备 127.0.0.1:16384（第 3/6 次）
[2026-05-08 00:03:57] [WARNING] [ShopBot] 连接输出异常: failed to connect
[2026-05-08 00:03:57] [ERROR] [ShopBot] 连接失败（第 3/6 次）: failed to connect
[2026-05-08 00:03:57] [INFO] [ShopBot] 等待 0.01 秒后重试...
[2026-05-08 00:03:57] [INFO] [ShopBot] 正在连接设备 127.0.0.1:16384（第 4/6 次）
[2026-05-08 00:03:57] [WARNING] [ShopBot] 连接输出异常: failed to connect
[2026-05-08 00:03:57] [ERROR] [ShopBot] 连接失败（第 4/6 次）: failed to connect
[2026-05-08 00:03:57] [INFO] [ShopBot] 等待 0.01 秒后重试...
[2026-05-08 00:03:57] [INFO] [ShopBot] 正在连接设备 127.0.0.1:16384（第 5/6 次）
[2026-05-08 00:03:57] [WARNING] [ShopBot] 连接输出异常: failed to connect
[2026-05-08 00:03:57] [ERROR] [ShopBot] 连接失败（第 5/6 次）: failed to connect
[2026-05-08 00:03:57] [INFO] [ShopBot] 等待 0.01 秒后重试...
[2026-05-08 00:03:57] [INFO] [ShopBot] 正在连接设备 127.0.0.1:16384（第 6/6 次）
[2026-05-08 00:03:57] [WARNING] [ShopBot] 连接输出异常: failed to connect
[2026-05-08 00:03:57] [ERROR] [ShopBot] 连接失败（第 6/6 次）: failed to connect
[2026-05-08 00:03:57] [ERROR] [ShopBot] 设备连接失败，已重试 6 次: 127.0.0.1:16384
[2026-05-08 00:03:57] [INFO] [ShopBot] 正在连接设备 127.0.0.1:16384（第 1/6 次）
[2026-05-08 00:03:57] [WARNING] [ShopBot] 连接输出异常: failed to connect
[2026-05-08 00:03:57] [ERROR] [ShopBot] 连接失败（第 1/6 次）: failed to connect
[2026-05-08 00:03:57] [INFO] [ShopBot] 等待 0.04523559847811598 秒后重试...
[2026-05-08 00:03:57] [INFO] [ShopBot] 正在连接设备 127.0.0.1:16384（第 2/6 次）
[2026-05-08 00:03:57] [WARNING] [ShopBot] 连接输出异常: failed to connect
[2026-05-08 00:03:57] [ERROR] [ShopBot] 连接失败（第 2/6 次）: failed to connect
[2026-05-08 00:03:57] [INFO] [ShopBot] 等待 0.04523559847811598 秒后重试...
[2026-05-08 00:03:57] [INFO] [ShopBot] 正在连接设备 127.0.0.1:16384（第 3/6 次）
[2026-05-08 00:03:57] [WARNING] [ShopBot] 连接输出异常: failed to connect
[2026-05-08 00:03:57] [ERROR] [ShopBot] 连接失败（第 3/6 次）: failed to connect
[2026-05-08 00:03:57] [INFO] [ShopBot] 等待 0.04523559847811598 秒后重试...
[2026-05-08 00:03:57] [INFO] [ShopBot] 正在连接设备 127.0.0.1:16384（第 4/6 次）
[2026-05-08 00:03:57] [WARNING] [ShopBot] 连接输出异常: failed to connect
[2026-05-08 00:03:57] [ERROR] [ShopBot] 连接失败（第 4/6 次）: failed to connect
[2026-05-08 00:03:57] [INFO] [ShopBot] 等待 0.04523559847811598 秒后重试...
[2026-05-08 00:03:57] [INFO] [ShopBot] 正在连接设备 127.0.0.1:16384（第 5/6 次）
[2026-05-08 00:03:57] [WARNING] [ShopBot] 连接输出异常: failed to connect
[2026-05-08 00:03:57] [ERROR] [ShopBot] 连接失败（第 5/6 次）: failed to connect
[2026-05-08 00:03:57] [INFO] [ShopBot] 等待 0.04523559847811598 秒后重试...
[2026-05-08 00:03:57] [INFO] [ShopBot] 正在连接设备 127.0.0.1:16384（第 6/6 次）
[2026-05-08 00:03:57] [WARNING] [ShopBot] 连接输出异常: failed to connect
[2026-05-08 00:03:57] [ERROR] [ShopBot] 连接失败（第 6/6 次）: failed to connect
[2026-05-08 00:03:57] [ERROR] [ShopBot] 设备连接失败，已重试 6 次: 127.0.0.1:16384
[2026-05-08 00:03:57] [INFO] [ShopBot] 正在连接设备 127.0.0.1:16384（第 1/5 次）
[2026-05-08 00:03:57] [WARNING] [ShopBot] 连接输出异常: failed to connect
[2026-05-08 00:03:57] [ERROR] [ShopBot] 连接失败（第 1/5 次）: failed to connect
[2026-05-08 00:03:57] [INFO] [ShopBot] 等待 0.01 秒后重试...
[2026-05-08 00:03:57] [INFO] [ShopBot] 正在连接设备 127.0.0.1:16384（第 2/5 次）
[2026-05-08 00:03:57] [WARNING] [ShopBot] 连接输出异常: failed to connect
[2026-05-08 00:03:57] [ERROR] [ShopBot] 连接失败（第 2/5 次）: failed to connect
[2026-05-08 00:03:57] [INFO] [ShopBot] 等待 0.01 秒后重试...
[2026-05-08 00:03:57] [INFO] [ShopBot] 正在连接设备 127.0.0.1:16384（第 3/5 次）
[2026-05-08 00:03:57] [WARNING] [ShopBot] 连接输出异常: failed to connect
[2026-05-08 00:03:57] [ERROR] [ShopBot] 连接失败（第 3/5 次）: failed to connect
[2026-05-08 00:03:57] [INFO] [ShopBot] 等待 0.01 秒后重试...
[2026-05-08 00:03:57] [INFO] [ShopBot] 正在连接设备 127.0.0.1:16384（第 4/5 次）
[2026-05-08 00:03:57] [WARNING] [ShopBot] 连接输出异常: failed to connect
[2026-05-08 00:03:57] [ERROR] [ShopBot] 连接失败（第 4/5 次）: failed to connect
[2026-05-08 00:03:57] [INFO] [ShopBot] 等待 0.01 秒后重试...
[2026-05-08 00:03:57] [INFO] [ShopBot] 正在连接设备 127.0.0.1:16384（第 5/5 次）
[2026-05-08 00:03:57] [WARNING] [ShopBot] 连接输出异常: failed to connect
[2026-05-08 00:03:57] [ERROR] [ShopBot] 连接失败（第 5/5 次）: failed to connect
[2026-05-08 00:03:57] [ERROR] [ShopBot] 设备连接失败，已重试 5 次: 127.0.0.1:16384
[2026-05-08 00:03:57] [INFO] [ShopBot] 正在连接设备 127.0.0.1:16384（第 1/5 次）
[2026-05-08 00:03:57] [WARNING] [ShopBot] 连接输出异常: failed to connect
[2026-05-08 00:03:57] [ERROR] [ShopBot] 连接失败（第 1/5 次）: failed to connect
[2026-05-08 00:03:57] [INFO] [ShopBot] 等待 0.010000000000000002 秒后重试...
[2026-05-08 00:03:57] [INFO] [ShopBot] 正在连接设备 127.0.0.1:16384（第 2/5 次）
[2026-05-08 00:03:57] [WARNING] [ShopBot] 连接输出异常: failed to connect
[2026-05-08 00:03:57] [ERROR] [ShopBot] 连接失败（第 2/5 次）: failed to connect
[2026-05-08 00:03:57] [INFO] [ShopBot] 等待 0.010000000000000002 秒后重试...
[2026-05-08 00:03:57] [INFO] [ShopBot] 正在连接设备 127.0.0.1:16384（第 3/5 次）
[2026-05-08 00:03:57] [WARNING] [ShopBot] 连接输出异常: failed to connect
[2026-05-08 00:03:57] [ERROR] [ShopBot] 连接失败（第 3/5 次）: failed to connect
[2026-05-08 00:03:57] [INFO] [ShopBot] 等待 0.010000000000000002 秒后重试...
[2026-05-08 00:03:57] [INFO] [ShopBot] 正在连接设备 127.0.0.1:16384（第 4/5 次）
[2026-05-08 00:03:57] [WARNING] [ShopBot] 连接输出异常: failed to connect
[2026-05-08 00:03:57] [ERROR] [ShopBot] 连接失败（第 4/5 次）: failed to connect
[2026-05-08 00:03:57] [INFO] [ShopBot] 等待 0.010000000000000002 秒后重试...
[2026-05-08 00:03:57] [INFO] [ShopBot] 正在连接设备 127.0.0.1:16384（第 5/5 次）
[2026-05-08 00:03:57] [WARNING] [ShopBot] 连接输出异常: failed to connect
[2026-05-08 00:03:57] [ERROR] [ShopBot] 连接失败（第 5/5 次）: failed to connect
[2026-05-08 00:03:57] [ERROR] [ShopBot] 设备连接失败，已重试 5 次: 127.0.0.1:16384
[2026-05-08 00:03:57] [INFO] [ShopBot] 正在连接设备 127.0.0.1:16384（第 1/9 次）
[2026-05-08 00:03:57] [WARNING] [ShopBot] 连接输出异常: failed to connect
[2026-05-08 00:03:57] [ERROR] [ShopBot] 连接失败（第 1/9 次）: failed to connect
[2026-05-08 00:03:57] [INFO] [ShopBot] 等待 0.018213376884333193 秒后重试...
[2026-05-08 00:03:57] [INFO] [ShopBot] 正在连接设备 127.0.0.1:16384（第 2/9 次）
[2026-05-08 00:03:57] [WARNING] [ShopBot] 连接输出异常: failed to connect
[2026-05-08 00:03:57] [ERROR] [ShopBot] 连接失败（第 2/9 次）: failed to connect
[2026-05-08 00:03:57] [INFO] [ShopBot] 等待 0.018213376884333193 秒后重试...
[2026-05-08 00:03:57] [INFO] [ShopBot] 正在连接设备 127.0.0.1:16384（第 3/9 次）
[2026-05-08 00:03:57] [WARNING] [ShopBot] 连接输出异常: failed to connect
[2026-05-08 00:03:57] [ERROR] [ShopBot] 连接失败（第 3/9 次）: failed to connect
[2026-05-08 00:03:57] [INFO] [ShopBot] 等待 0.018213376884333193 秒后重试...
[2026-05-08 00:03:57] [INFO] [ShopBot] 正在连接设备 127.0.0.1:16384（第 4/9 次）
[2026-05-08 00:03:57] [WARNING] [ShopBot] 连接输出异常: failed to connect
[2026-05-08 00:03:57] [ERROR] [ShopBot] 连接失败（第 4/9 次）: failed to connect
[2026-05-08 00:03:57] [INFO] [ShopBot] 等待 0.018213376884333193 秒后重试...
[2026-05-08 00:03:57] [INFO] [ShopBot] 正在连接设备 127.0.0.1:16384（第 5/9 次）
[2026-05-08 00:03:57] [WARNING] [ShopBot] 连接输出异常: failed to connect
[2026-05-08 00:03:57] [ERROR] [ShopBot] 连接失败（第 5/9 次）: failed to connect
[2026-05-08 00:03:57] [INFO] [ShopBot] 等待 0.018213376884333193 秒后重试...
[2026-05-08 00:03:57] [INFO] [ShopBot] 正在连接设备 127.0.0.1:16384（第 6/9 次）
[2026-05-08 00:03:57] [WARNING] [ShopBot] 连接输出异常: failed to connect
[2026-05-08 00:03:57] [ERROR] [ShopBot] 连接失败（第 6/9 次）: failed to connect
[2026-05-08 00:03:57] [INFO] [ShopBot] 等待 0.018213376884333193 秒后重试...
[2026-05-08 00:03:57] [INFO] [ShopBot] 正在连接设备 127.0.0.1:16384（第 7/9 次）
[2026-05-08 00:03:57] [WARNING] [ShopBot] 连接输出异常: failed to connect
[2026-05-08 00:03:57] [ERROR] [ShopBot] 连接失败（第 7/9 次）: failed to connect
[2026-05-08 00:03:57] [INFO] [ShopBot] 等待 0.018213376884333193 秒后重试...
[2026-05-08 00:03:57] [INFO] [ShopBot] 正在连接设备 127.0.0.1:16384（第 8/9 次）
[2026-05-08 00:03:57] [WARNING] [ShopBot] 连接输出异常: failed to connect
[2026-05-08 00:03:57] [ERROR] [ShopBot] 连接失败（第 8/9 次）: failed to connect
[2026-05-08 00:03:57] [INFO] [ShopBot] 等待 0.018213376884333193 秒后重试...
[2026-05-08 00:03:57] [INFO] [ShopBot] 正在连接设备 127.0.0.1:16384（第 9/9 次）
[2026-05-08 00:03:57] [WARNING] [ShopBot] 连接输出异常: failed to connect
[2026-05-08 00:03:57] [ERROR] [ShopBot] 连接失败（第 9/9 次）: failed to connect
[2026-05-08 00:03:57] [ERROR] [ShopBot] 设备连接失败，已重试 9 次: 127.0.0.1:16384
[2026-05-08 00:03:57] [INFO] [ShopBot] 正在连接设备 127.0.0.1:16384（第 1/1 次）
[2026-05-08 00:03:57] [WARNING] [ShopBot] 连接输出异常: failed to connect
[2026-05-08 00:03:57] [ERROR] [ShopBot] 连接失败（第 1/1 次）: failed to connect
[2026-05-08 00:03:57] [ERROR] [ShopBot] 设备连接失败，已重试 1 次: 127.0.0.1:16384
[2026-05-08 00:03:57] [INFO] [ShopBot] 正在连接设备 127.0.0.1:16384（第 1/10 次）
[2026-05-08 00:03:57] [WARNING] [ShopBot] 连接输出异常: failed to connect
[2026-05-08 00:03:57] [ERROR] [ShopBot] 连接失败（第 1/10 次）: failed to connect
[2026-05-08 00:03:57] [INFO] [ShopBot] 等待 0.011574305393943895 秒后重试...
[2026-05-08 00:03:57] [INFO] [ShopBot] 正在连接设备 127.0.0.1:16384（第 2/10 次）
[2026-05-08 00:03:57] [WARNING] [ShopBot] 连接输出异常: failed to connect
[2026-05-08 00:03:57] [ERROR] [ShopBot] 连接失败（第 2/10 次）: failed to connect
[2026-05-08 00:03:57] [INFO] [ShopBot] 等待 0.011574305393943895 秒后重试...
[2026-05-08 00:03:57] [INFO] [ShopBot] 正在连接设备 127.0.0.1:16384（第 3/10 次）
[2026-05-08 00:03:57] [WARNING] [ShopBot] 连接输出异常: failed to connect
[2026-05-08 00:03:57] [ERROR] [ShopBot] 连接失败（第 3/10 次）: failed to connect
[2026-05-08 00:03:57] [INFO] [ShopBot] 等待 0.011574305393943895 秒后重试...
[2026-05-08 00:03:57] [INFO] [ShopBot] 正在连接设备 127.0.0.1:16384（第 4/10 次）
[2026-05-08 00:03:57] [WARNING] [ShopBot] 连接输出异常: failed to connect
[2026-05-08 00:03:57] [ERROR] [ShopBot] 连接失败（第 4/10 次）: failed to connect
[2026-05-08 00:03:57] [INFO] [ShopBot] 等待 0.011574305393943895 秒后重试...
[2026-05-08 00:03:57] [INFO] [ShopBot] 正在连接设备 127.0.0.1:16384（第 5/10 次）
[2026-05-08 00:03:57] [WARNING] [ShopBot] 连接输出异常: failed to connect
[2026-05-08 00:03:57] [ERROR] [ShopBot] 连接失败（第 5/10 次）: failed to connect
[2026-05-08 00:03:57] [INFO] [ShopBot] 等待 0.011574305393943895 秒后重试...
[2026-05-08 00:03:57] [INFO] [ShopBot] 正在连接设备 127.0.0.1:16384（第 6/10 次）
[2026-05-08 00:03:57] [WARNING] [ShopBot] 连接输出异常: failed to connect
[2026-05-08 00:03:57] [ERROR] [ShopBot] 连接失败（第 6/10 次）: failed to connect
[2026-05-08 00:03:57] [INFO] [ShopBot] 等待 0.011574305393943895 秒后重试...
[2026-05-08 00:03:57] [INFO] [ShopBot] 正在连接设备 127.0.0.1:16384（第 7/10 次）
[2026-05-08 00:03:57] [WARNING] [ShopBot] 连接输出异常: failed to connect
[2026-05-08 00:03:57] [ERROR] [ShopBot] 连接失败（第 7/10 次）: failed to connect
[2026-05-08 00:03:57] [INFO] [ShopBot] 等待 0.011574305393943895 秒后重试...
[2026-05-08 00:03:57] [INFO] [ShopBot] 正在连接设备 127.0.0.1:16384（第 8/10 次）
[2026-05-08 00:03:57] [WARNING] [ShopBot] 连接输出异常: failed to connect
[2026-05-08 00:03:57] [ERROR] [ShopBot] 连接失败（第 8/10 次）: failed to connect
[2026-05-08 00:03:57] [INFO] [ShopBot] 等待 0.011574305393943895 秒后重试...
[2026-05-08 00:03:57] [INFO] [ShopBot] 正在连接设备 127.0.0.1:16384（第 9/10 次）
[2026-05-08 00:03:57] [WARNING] [ShopBot] 连接输出异常: failed to connect
[2026-05-08 00:03:57] [ERROR] [ShopBot] 连接失败（第 9/10 次）: failed to connect
[2026-05-08 00:03:57] [INFO] [ShopBot] 等待 0.011574305393943895 秒后重试...
[2026-05-08 00:03:57] [INFO] [ShopBot] 正在连接设备 127.0.0.1:16384（第 10/10 次）
[2026-05-08 00:03:57] [WARNING] [ShopBot] 连接输出异常: failed to connect
[2026-05-08 00:03:57] [ERROR] [ShopBot] 连接失败（第 10/10 次）: failed to connect
[2026-05-08 00:03:57] [ERROR] [ShopBot] 设备连接失败，已重试 10 次: 127.0.0.1:16384
[2026-05-08 00:03:57] [INFO] [ShopBot] 正在连接设备 127.0.0.1:16384（第 1/7 次）
[2026-05-08 00:03:57] [WARNING] [ShopBot] 连接输出异常: failed to connect
[2026-05-08 00:03:57] [ERROR] [ShopBot] 连接失败（第 1/7 次）: failed to connect
[2026-05-08 00:03:57] [INFO] [ShopBot] 等待 0.02033201242625483 秒后重试...
[2026-05-08 00:03:57] [INFO] [ShopBot] 正在连接设备 127.0.0.1:16384（第 2/7 次）
[2026-05-08 00:03:57] [WARNING] [ShopBot] 连接输出异常: failed to connect
[2026-05-08 00:03:57] [ERROR] [ShopBot] 连接失败（第 2/7 次）: failed to connect
[2026-05-08 00:03:57] [INFO] [ShopBot] 等待 0.02033201242625483 秒后重试...
[2026-05-08 00:03:57] [INFO] [ShopBot] 正在连接设备 127.0.0.1:16384（第 3/7 次）
[2026-05-08 00:03:57] [WARNING] [ShopBot] 连接输出异常: failed to connect
[2026-05-08 00:03:57] [ERROR] [ShopBot] 连接失败（第 3/7 次）: failed to connect
[2026-05-08 00:03:57] [INFO] [ShopBot] 等待 0.02033201242625483 秒后重试...
[2026-05-08 00:03:57] [INFO] [ShopBot] 正在连接设备 127.0.0.1:16384（第 4/7 次）
[2026-05-08 00:03:57] [WARNING] [ShopBot] 连接输出异常: failed to connect
[2026-05-08 00:03:57] [ERROR] [ShopBot] 连接失败（第 4/7 次）: failed to connect
[2026-05-08 00:03:57] [INFO] [ShopBot] 等待 0.02033201242625483 秒后重试...
[2026-05-08 00:03:57] [INFO] [ShopBot] 正在连接设备 127.0.0.1:16384（第 5/7 次）
[2026-05-08 00:03:57] [WARNING] [ShopBot] 连接输出异常: failed to connect
[2026-05-08 00:03:57] [ERROR] [ShopBot] 连接失败（第 5/7 次）: failed to connect
[2026-05-08 00:03:57] [INFO] [ShopBot] 等待 0.02033201242625483 秒后重试...
[2026-05-08 00:03:57] [INFO] [ShopBot] 正在连接设备 127.0.0.1:16384（第 6/7 次）
[2026-05-08 00:03:57] [WARNING] [ShopBot] 连接输出异常: failed to connect
[2026-05-08 00:03:57] [ERROR] [ShopBot] 连接失败（第 6/7 次）: failed to connect
[2026-05-08 00:03:57] [INFO] [ShopBot] 等待 0.02033201242625483 秒后重试...
[2026-05-08 00:03:57] [INFO] [ShopBot] 正在连接设备 127.0.0.1:16384（第 7/7 次）
[2026-05-08 00:03:57] [WARNING] [ShopBot] 连接输出异常: failed to connect
[2026-05-08 00:03:57] [ERROR] [ShopBot] 连接失败（第 7/7 次）: failed to connect
[2026-05-08 00:03:57] [ERROR] [ShopBot] 设备连接失败，已重试 7 次: 127.0.0.1:16384
[2026-05-08 00:03:57] [INFO] [ShopBot] 正在连接设备 127.0.0.1:16384（第 1/8 次）
[2026-05-08 00:03:57] [WARNING] [ShopBot] 连接输出异常: failed to connect
[2026-05-08 00:03:57] [ERROR] [ShopBot] 连接失败（第 1/8 次）: failed to connect
[2026-05-08 00:03:57] [INFO] [ShopBot] 等待 0.013392425121187454 秒后重试...
[2026-05-08 00:03:57] [INFO] [ShopBot] 正在连接设备 127.0.0.1:16384（第 2/8 次）
[2026-05-08 00:03:57] [WARNING] [ShopBot] 连接输出异常: failed to connect
[2026-05-08 00:03:57] [ERROR] [ShopBot] 连接失败（第 2/8 次）: failed to connect
[2026-05-08 00:03:57] [INFO] [ShopBot] 等待 0.013392425121187454 秒后重试...
[2026-05-08 00:03:57] [INFO] [ShopBot] 正在连接设备 127.0.0.1:16384（第 3/8 次）
[2026-05-08 00:03:57] [WARNING] [ShopBot] 连接输出异常: failed to connect
[2026-05-08 00:03:57] [ERROR] [ShopBot] 连接失败（第 3/8 次）: failed to connect
[2026-05-08 00:03:57] [INFO] [ShopBot] 等待 0.013392425121187454 秒后重试...
[2026-05-08 00:03:57] [INFO] [ShopBot] 正在连接设备 127.0.0.1:16384（第 4/8 次）
[2026-05-08 00:03:57] [WARNING] [ShopBot] 连接输出异常: failed to connect
[2026-05-08 00:03:57] [ERROR] [ShopBot] 连接失败（第 4/8 次）: failed to connect
[2026-05-08 00:03:57] [INFO] [ShopBot] 等待 0.013392425121187454 秒后重试...
[2026-05-08 00:03:57] [INFO] [ShopBot] 正在连接设备 127.0.0.1:16384（第 5/8 次）
[2026-05-08 00:03:57] [WARNING] [ShopBot] 连接输出异常: failed to connect
[2026-05-08 00:03:57] [ERROR] [ShopBot] 连接失败（第 5/8 次）: failed to connect
[2026-05-08 00:03:57] [INFO] [ShopBot] 等待 0.013392425121187454 秒后重试...
[2026-05-08 00:03:57] [INFO] [ShopBot] 正在连接设备 127.0.0.1:16384（第 6/8 次）
[2026-05-08 00:03:57] [WARNING] [ShopBot] 连接输出异常: failed to connect
[2026-05-08 00:03:57] [ERROR] [ShopBot] 连接失败（第 6/8 次）: failed to connect
[2026-05-08 00:03:57] [INFO] [ShopBot] 等待 0.013392425121187454 秒后重试...
[2026-05-08 00:03:57] [INFO] [ShopBot] 正在连接设备 127.0.0.1:16384（第 7/8 次）
[2026-05-08 00:03:57] [WARNING] [ShopBot] 连接输出异常: failed to connect
[2026-05-08 00:03:57] [ERROR] [ShopBot] 连接失败（第 7/8 次）: failed to connect
[2026-05-08 00:03:57] [INFO] [ShopBot] 等待 0.013392425121187454 秒后重试...
[2026-05-08 00:03:57] [INFO] [ShopBot] 正在连接设备 127.0.0.1:16384（第 8/8 次）
[2026-05-08 00:03:57] [WARNING] [ShopBot] 连接输出异常: failed to connect
[2026-05-08 00:03:57] [ERROR] [ShopBot] 连接失败（第 8/8 次）: failed to connect
[2026-05-08 00:03:57] [ERROR] [ShopBot] 设备连接失败，已重试 8 次: 127.0.0.1:16384
[2026-05-08 00:03:57] [INFO] [ShopBot] 正在连接设备 127.0.0.1:16384（第 1/7 次）
[2026-05-08 00:03:57] [WARNING] [ShopBot] 连接输出异常: failed to connect
[2026-05-08 00:03:57] [ERROR] [ShopBot] 连接失败（第 1/7 次）: failed to connect
[2026-05-08 00:03:57] [INFO] [ShopBot] 等待 0.07146811318674379 秒后重试...
[2026-05-08 00:03:57] [INFO] [ShopBot] 正在连接设备 127.0.0.1:16384（第 2/7 次）
[2026-05-08 00:03:57] [WARNING] [ShopBot] 连接输出异常: failed to connect
[2026-05-08 00:03:57] [ERROR] [ShopBot] 连接失败（第 2/7 次）: failed to connect
[2026-05-08 00:03:57] [INFO] [ShopBot] 等待 0.07146811318674379 秒后重试...
[2026-05-08 00:03:57] [INFO] [ShopBot] 正在连接设备 127.0.0.1:16384（第 3/7 次）
[2026-05-08 00:03:57] [WARNING] [ShopBot] 连接输出异常: failed to connect
[2026-05-08 00:03:57] [ERROR] [ShopBot] 连接失败（第 3/7 次）: failed to connect
[2026-05-08 00:03:57] [INFO] [ShopBot] 等待 0.07146811318674379 秒后重试...
[2026-05-08 00:03:57] [INFO] [ShopBot] 正在连接设备 127.0.0.1:16384（第 4/7 次）
[2026-05-08 00:03:57] [WARNING] [ShopBot] 连接输出异常: failed to connect
[2026-05-08 00:03:57] [ERROR] [ShopBot] 连接失败（第 4/7 次）: failed to connect
[2026-05-08 00:03:57] [INFO] [ShopBot] 等待 0.07146811318674379 秒后重试...
[2026-05-08 00:03:57] [INFO] [ShopBot] 正在连接设备 127.0.0.1:16384（第 5/7 次）
[2026-05-08 00:03:57] [WARNING] [ShopBot] 连接输出异常: failed to connect
[2026-05-08 00:03:57] [ERROR] [ShopBot] 连接失败（第 5/7 次）: failed to connect
[2026-05-08 00:03:57] [INFO] [ShopBot] 等待 0.07146811318674379 秒后重试...
[2026-05-08 00:03:57] [INFO] [ShopBot] 正在连接设备 127.0.0.1:16384（第 6/7 次）
[2026-05-08 00:03:57] [WARNING] [ShopBot] 连接输出异常: failed to connect
[2026-05-08 00:03:57] [ERROR] [ShopBot] 连接失败（第 6/7 次）: failed to connect
[2026-05-08 00:03:57] [INFO] [ShopBot] 等待 0.07146811318674379 秒后重试...
[2026-05-08 00:03:57] [INFO] [ShopBot] 正在连接设备 127.0.0.1:16384（第 7/7 次）
[2026-05-08 00:03:57] [WARNING] [ShopBot] 连接输出异常: failed to connect
[2026-05-08 00:03:57] [ERROR] [ShopBot] 连接失败（第 7/7 次）: failed to connect
[2026-05-08 00:03:57] [ERROR] [ShopBot] 设备连接失败，已重试 7 次: 127.0.0.1:16384
[2026-05-08 00:03:57] [INFO] [ShopBot] 正在连接设备 127.0.0.1:16384（第 1/4 次）
[2026-05-08 00:03:57] [WARNING] [ShopBot] 连接输出异常: failed to connect
[2026-05-08 00:03:57] [ERROR] [ShopBot] 连接失败（第 1/4 次）: failed to connect
[2026-05-08 00:03:57] [INFO] [ShopBot] 等待 0.09253370141007478 秒后重试...
[2026-05-08 00:03:57] [INFO] [ShopBot] 正在连接设备 127.0.0.1:16384（第 2/4 次）
[2026-05-08 00:03:57] [WARNING] [ShopBot] 连接输出异常: failed to connect
[2026-05-08 00:03:57] [ERROR] [ShopBot] 连接失败（第 2/4 次）: failed to connect
[2026-05-08 00:03:57] [INFO] [ShopBot] 等待 0.09253370141007478 秒后重试...
[2026-05-08 00:03:57] [INFO] [ShopBot] 正在连接设备 127.0.0.1:16384（第 3/4 次）
[2026-05-08 00:03:57] [WARNING] [ShopBot] 连接输出异常: failed to connect
[2026-05-08 00:03:57] [ERROR] [ShopBot] 连接失败（第 3/4 次）: failed to connect
[2026-05-08 00:03:57] [INFO] [ShopBot] 等待 0.09253370141007478 秒后重试...
[2026-05-08 00:03:57] [INFO] [ShopBot] 正在连接设备 127.0.0.1:16384（第 4/4 次）
[2026-05-08 00:03:57] [WARNING] [ShopBot] 连接输出异常: failed to connect
[2026-05-08 00:03:57] [ERROR] [ShopBot] 连接失败（第 4/4 次）: failed to connect
[2026-05-08 00:03:57] [ERROR] [ShopBot] 设备连接失败，已重试 4 次: 127.0.0.1:16384
[2026-05-08 00:03:57] [INFO] [ShopBot] 正在连接设备 127.0.0.1:16384（第 1/6 次）
[2026-05-08 00:03:57] [WARNING] [ShopBot] 连接输出异常: failed to connect
[2026-05-08 00:03:57] [ERROR] [ShopBot] 连接失败（第 1/6 次）: failed to connect
[2026-05-08 00:03:57] [INFO] [ShopBot] 等待 0.0388880286776857 秒后重试...
[2026-05-08 00:03:57] [INFO] [ShopBot] 正在连接设备 127.0.0.1:16384（第 2/6 次）
[2026-05-08 00:03:57] [WARNING] [ShopBot] 连接输出异常: failed to connect
[2026-05-08 00:03:57] [ERROR] [ShopBot] 连接失败（第 2/6 次）: failed to connect
[2026-05-08 00:03:57] [INFO] [ShopBot] 等待 0.0388880286776857 秒后重试...
[2026-05-08 00:03:57] [INFO] [ShopBot] 正在连接设备 127.0.0.1:16384（第 3/6 次）
[2026-05-08 00:03:57] [WARNING] [ShopBot] 连接输出异常: failed to connect
[2026-05-08 00:03:57] [ERROR] [ShopBot] 连接失败（第 3/6 次）: failed to connect
[2026-05-08 00:03:57] [INFO] [ShopBot] 等待 0.0388880286776857 秒后重试...
[2026-05-08 00:03:57] [INFO] [ShopBot] 正在连接设备 127.0.0.1:16384（第 4/6 次）
[2026-05-08 00:03:57] [WARNING] [ShopBot] 连接输出异常: failed to connect
[2026-05-08 00:03:57] [ERROR] [ShopBot] 连接失败（第 4/6 次）: failed to connect
[2026-05-08 00:03:57] [INFO] [ShopBot] 等待 0.0388880286776857 秒后重试...
[2026-05-08 00:03:57] [INFO] [ShopBot] 正在连接设备 127.0.0.1:16384（第 5/6 次）
[2026-05-08 00:03:57] [WARNING] [ShopBot] 连接输出异常: failed to connect
[2026-05-08 00:03:57] [ERROR] [ShopBot] 连接失败（第 5/6 次）: failed to connect
[2026-05-08 00:03:57] [INFO] [ShopBot] 等待 0.0388880286776857 秒后重试...
[2026-05-08 00:03:57] [INFO] [ShopBot] 正在连接设备 127.0.0.1:16384（第 6/6 次）
[2026-05-08 00:03:57] [WARNING] [ShopBot] 连接输出异常: failed to connect
[2026-05-08 00:03:57] [ERROR] [ShopBot] 连接失败（第 6/6 次）: failed to connect
[2026-05-08 00:03:57] [ERROR] [ShopBot] 设备连接失败，已重试 6 次: 127.0.0.1:16384
[2026-05-08 00:03:57] [INFO] [ShopBot] 正在连接设备 127.0.0.1:16384（第 1/8 次）
[2026-05-08 00:03:57] [WARNING] [ShopBot] 连接输出异常: failed to connect
[2026-05-08 00:03:57] [ERROR] [ShopBot] 连接失败（第 1/8 次）: failed to connect
[2026-05-08 00:03:57] [INFO] [ShopBot] 等待 0.01 秒后重试...
[2026-05-08 00:03:57] [INFO] [ShopBot] 正在连接设备 127.0.0.1:16384（第 2/8 次）
[2026-05-08 00:03:57] [WARNING] [ShopBot] 连接输出异常: failed to connect
[2026-05-08 00:03:57] [ERROR] [ShopBot] 连接失败（第 2/8 次）: failed to connect
[2026-05-08 00:03:57] [INFO] [ShopBot] 等待 0.01 秒后重试...
[2026-05-08 00:03:57] [INFO] [ShopBot] 正在连接设备 127.0.0.1:16384（第 3/8 次）
[2026-05-08 00:03:57] [WARNING] [ShopBot] 连接输出异常: failed to connect
[2026-05-08 00:03:57] [ERROR] [ShopBot] 连接失败（第 3/8 次）: failed to connect
[2026-05-08 00:03:57] [INFO] [ShopBot] 等待 0.01 秒后重试...
[2026-05-08 00:03:57] [INFO] [ShopBot] 正在连接设备 127.0.0.1:16384（第 4/8 次）
[2026-05-08 00:03:57] [WARNING] [ShopBot] 连接输出异常: failed to connect
[2026-05-08 00:03:57] [ERROR] [ShopBot] 连接失败（第 4/8 次）: failed to connect
[2026-05-08 00:03:57] [INFO] [ShopBot] 等待 0.01 秒后重试...
[2026-05-08 00:03:57] [INFO] [ShopBot] 正在连接设备 127.0.0.1:16384（第 5/8 次）
[2026-05-08 00:03:57] [WARNING] [ShopBot] 连接输出异常: failed to connect
[2026-05-08 00:03:57] [ERROR] [ShopBot] 连接失败（第 5/8 次）: failed to connect
[2026-05-08 00:03:57] [INFO] [ShopBot] 等待 0.01 秒后重试...
[2026-05-08 00:03:57] [INFO] [ShopBot] 正在连接设备 127.0.0.1:16384（第 6/8 次）
[2026-05-08 00:03:57] [WARNING] [ShopBot] 连接输出异常: failed to connect
[2026-05-08 00:03:57] [ERROR] [ShopBot] 连接失败（第 6/8 次）: failed to connect
[2026-05-08 00:03:57] [INFO] [ShopBot] 等待 0.01 秒后重试...
[2026-05-08 00:03:57] [INFO] [ShopBot] 正在连接设备 127.0.0.1:16384（第 7/8 次）
[2026-05-08 00:03:57] [WARNING] [ShopBot] 连接输出异常: failed to connect
[2026-05-08 00:03:57] [ERROR] [ShopBot] 连接失败（第 7/8 次）: failed to connect
[2026-05-08 00:03:57] [INFO] [ShopBot] 等待 0.01 秒后重试...
[2026-05-08 00:03:57] [INFO] [ShopBot] 正在连接设备 127.0.0.1:16384（第 8/8 次）
[2026-05-08 00:03:57] [WARNING] [ShopBot] 连接输出异常: failed to connect
[2026-05-08 00:03:57] [ERROR] [ShopBot] 连接失败（第 8/8 次）: failed to connect
[2026-05-08 00:03:57] [ERROR] [ShopBot] 设备连接失败，已重试 8 次: 127.0.0.1:16384
[2026-05-08 00:03:57] [INFO] [ShopBot] 正在连接设备 127.0.0.1:16384（第 1/10 次）
[2026-05-08 00:03:57] [WARNING] [ShopBot] 连接输出异常: failed to connect
[2026-05-08 00:03:57] [ERROR] [ShopBot] 连接失败（第 1/10 次）: failed to connect
[2026-05-08 00:03:57] [INFO] [ShopBot] 等待 0.02512040111650015 秒后重试...
[2026-05-08 00:03:57] [INFO] [ShopBot] 正在连接设备 127.0.0.1:16384（第 2/10 次）
[2026-05-08 00:03:57] [WARNING] [ShopBot] 连接输出异常: failed to connect
[2026-05-08 00:03:57] [ERROR] [ShopBot] 连接失败（第 2/10 次）: failed to connect
[2026-05-08 00:03:57] [INFO] [ShopBot] 等待 0.02512040111650015 秒后重试...
[2026-05-08 00:03:57] [INFO] [ShopBot] 正在连接设备 127.0.0.1:16384（第 3/10 次）
[2026-05-08 00:03:57] [WARNING] [ShopBot] 连接输出异常: failed to connect
[2026-05-08 00:03:57] [ERROR] [ShopBot] 连接失败（第 3/10 次）: failed to connect
[2026-05-08 00:03:57] [INFO] [ShopBot] 等待 0.02512040111650015 秒后重试...
[2026-05-08 00:03:57] [INFO] [ShopBot] 正在连接设备 127.0.0.1:16384（第 4/10 次）
[2026-05-08 00:03:57] [WARNING] [ShopBot] 连接输出异常: failed to connect
[2026-05-08 00:03:57] [ERROR] [ShopBot] 连接失败（第 4/10 次）: failed to connect
[2026-05-08 00:03:57] [INFO] [ShopBot] 等待 0.02512040111650015 秒后重试...
[2026-05-08 00:03:57] [INFO] [ShopBot] 正在连接设备 127.0.0.1:16384（第 5/10 次）
[2026-05-08 00:03:57] [WARNING] [ShopBot] 连接输出异常: failed to connect
[2026-05-08 00:03:57] [ERROR] [ShopBot] 连接失败（第 5/10 次）: failed to connect
[2026-05-08 00:03:57] [INFO] [ShopBot] 等待 0.02512040111650015 秒后重试...
[2026-05-08 00:03:57] [INFO] [ShopBot] 正在连接设备 127.0.0.1:16384（第 6/10 次）
[2026-05-08 00:03:57] [WARNING] [ShopBot] 连接输出异常: failed to connect
[2026-05-08 00:03:57] [ERROR] [ShopBot] 连接失败（第 6/10 次）: failed to connect
[2026-05-08 00:03:57] [INFO] [ShopBot] 等待 0.02512040111650015 秒后重试...
[2026-05-08 00:03:57] [INFO] [ShopBot] 正在连接设备 127.0.0.1:16384（第 7/10 次）
[2026-05-08 00:03:57] [WARNING] [ShopBot] 连接输出异常: failed to connect
[2026-05-08 00:03:57] [ERROR] [ShopBot] 连接失败（第 7/10 次）: failed to connect
[2026-05-08 00:03:57] [INFO] [ShopBot] 等待 0.02512040111650015 秒后重试...
[2026-05-08 00:03:57] [INFO] [ShopBot] 正在连接设备 127.0.0.1:16384（第 8/10 次）
[2026-05-08 00:03:57] [WARNING] [ShopBot] 连接输出异常: failed to connect
[2026-05-08 00:03:57] [ERROR] [ShopBot] 连接失败（第 8/10 次）: failed to connect
[2026-05-08 00:03:57] [INFO] [ShopBot] 等待 0.02512040111650015 秒后重试...
[2026-05-08 00:03:57] [INFO] [ShopBot] 正在连接设备 127.0.0.1:16384（第 9/10 次）
[2026-05-08 00:03:57] [WARNING] [ShopBot] 连接输出异常: failed to connect
[2026-05-08 00:03:57] [ERROR] [ShopBot] 连接失败（第 9/10 次）: failed to connect
[2026-05-08 00:03:57] [INFO] [ShopBot] 等待 0.02512040111650015 秒后重试...
[2026-05-08 00:03:57] [INFO] [ShopBot] 正在连接设备 127.0.0.1:16384（第 10/10 次）
[2026-05-08 00:03:57] [WARNING] [ShopBot] 连接输出异常: failed to connect
[2026-05-08 00:03:57] [ERROR] [ShopBot] 连接失败（第 10/10 次）: failed to connect
[2026-05-08 00:03:57] [ERROR] [ShopBot] 设备连接失败，已重试 10 次: 127.0.0.1:16384
[2026-05-08 00:03:57] [INFO] [ShopBot] 正在连接设备 127.0.0.1:16384（第 1/8 次）
[2026-05-08 00:03:57] [WARNING] [ShopBot] 连接输出异常: failed to connect
[2026-05-08 00:03:57] [ERROR] [ShopBot] 连接失败（第 1/8 次）: failed to connect
[2026-05-08 00:03:57] [INFO] [ShopBot] 等待 0.0919564547806497 秒后重试...
[2026-05-08 00:03:57] [INFO] [ShopBot] 正在连接设备 127.0.0.1:16384（第 2/8 次）
[2026-05-08 00:03:57] [WARNING] [ShopBot] 连接输出异常: failed to connect
[2026-05-08 00:03:57] [ERROR] [ShopBot] 连接失败（第 2/8 次）: failed to connect
[2026-05-08 00:03:57] [INFO] [ShopBot] 等待 0.0919564547806497 秒后重试...
[2026-05-08 00:03:57] [INFO] [ShopBot] 正在连接设备 127.0.0.1:16384（第 3/8 次）
[2026-05-08 00:03:57] [WARNING] [ShopBot] 连接输出异常: failed to connect
[2026-05-08 00:03:57] [ERROR] [ShopBot] 连接失败（第 3/8 次）: failed to connect
[2026-05-08 00:03:57] [INFO] [ShopBot] 等待 0.0919564547806497 秒后重试...
[2026-05-08 00:03:57] [INFO] [ShopBot] 正在连接设备 127.0.0.1:16384（第 4/8 次）
[2026-05-08 00:03:57] [WARNING] [ShopBot] 连接输出异常: failed to connect
[2026-05-08 00:03:57] [ERROR] [ShopBot] 连接失败（第 4/8 次）: failed to connect
[2026-05-08 00:03:57] [INFO] [ShopBot] 等待 0.0919564547806497 秒后重试...
[2026-05-08 00:03:57] [INFO] [ShopBot] 正在连接设备 127.0.0.1:16384（第 5/8 次）
[2026-05-08 00:03:57] [WARNING] [ShopBot] 连接输出异常: failed to connect
[2026-05-08 00:03:57] [ERROR] [ShopBot] 连接失败（第 5/8 次）: failed to connect
[2026-05-08 00:03:57] [INFO] [ShopBot] 等待 0.0919564547806497 秒后重试...
[2026-05-08 00:03:57] [INFO] [ShopBot] 正在连接设备 127.0.0.1:16384（第 6/8 次）
[2026-05-08 00:03:57] [WARNING] [ShopBot] 连接输出异常: failed to connect
[2026-05-08 00:03:57] [ERROR] [ShopBot] 连接失败（第 6/8 次）: failed to connect
[2026-05-08 00:03:57] [INFO] [ShopBot] 等待 0.0919564547806497 秒后重试...
[2026-05-08 00:03:57] [INFO] [ShopBot] 正在连接设备 127.0.0.1:16384（第 7/8 次）
[2026-05-08 00:03:57] [WARNING] [ShopBot] 连接输出异常: failed to connect
[2026-05-08 00:03:57] [ERROR] [ShopBot] 连接失败（第 7/8 次）: failed to connect
[2026-05-08 00:03:57] [INFO] [ShopBot] 等待 0.0919564547806497 秒后重试...
[2026-05-08 00:03:57] [INFO] [ShopBot] 正在连接设备 127.0.0.1:16384（第 8/8 次）
[2026-05-08 00:03:57] [WARNING] [ShopBot] 连接输出异常: failed to connect
[2026-05-08 00:03:57] [ERROR] [ShopBot] 连接失败（第 8/8 次）: failed to connect
[2026-05-08 00:03:57] [ERROR] [ShopBot] 设备连接失败，已重试 8 次: 127.0.0.1:16384
[2026-05-08 00:03:57] [INFO] [ShopBot] 正在连接设备 127.0.0.1:16384（第 1/8 次）
[2026-05-08 00:03:57] [WARNING] [ShopBot] 连接输出异常: failed to connect
[2026-05-08 00:03:57] [ERROR] [ShopBot] 连接失败（第 1/8 次）: failed to connect
[2026-05-08 00:03:57] [INFO] [ShopBot] 等待 0.09535200931245046 秒后重试...
[2026-05-08 00:03:57] [INFO] [ShopBot] 正在连接设备 127.0.0.1:16384（第 2/8 次）
[2026-05-08 00:03:57] [WARNING] [ShopBot] 连接输出异常: failed to connect
[2026-05-08 00:03:57] [ERROR] [ShopBot] 连接失败（第 2/8 次）: failed to connect
[2026-05-08 00:03:57] [INFO] [ShopBot] 等待 0.09535200931245046 秒后重试...
[2026-05-08 00:03:57] [INFO] [ShopBot] 正在连接设备 127.0.0.1:16384（第 3/8 次）
[2026-05-08 00:03:57] [WARNING] [ShopBot] 连接输出异常: failed to connect
[2026-05-08 00:03:57] [ERROR] [ShopBot] 连接失败（第 3/8 次）: failed to connect
[2026-05-08 00:03:57] [INFO] [ShopBot] 等待 0.09535200931245046 秒后重试...
[2026-05-08 00:03:57] [INFO] [ShopBot] 正在连接设备 127.0.0.1:16384（第 4/8 次）
[2026-05-08 00:03:57] [WARNING] [ShopBot] 连接输出异常: failed to connect
[2026-05-08 00:03:57] [ERROR] [ShopBot] 连接失败（第 4/8 次）: failed to connect
[2026-05-08 00:03:57] [INFO] [ShopBot] 等待 0.09535200931245046 秒后重试...
[2026-05-08 00:03:57] [INFO] [ShopBot] 正在连接设备 127.0.0.1:16384（第 5/8 次）
[2026-05-08 00:03:57] [WARNING] [ShopBot] 连接输出异常: failed to connect
[2026-05-08 00:03:57] [ERROR] [ShopBot] 连接失败（第 5/8 次）: failed to connect
[2026-05-08 00:03:57] [INFO] [ShopBot] 等待 0.09535200931245046 秒后重试...
[2026-05-08 00:03:57] [INFO] [ShopBot] 正在连接设备 127.0.0.1:16384（第 6/8 次）
[2026-05-08 00:03:57] [WARNING] [ShopBot] 连接输出异常: failed to connect
[2026-05-08 00:03:57] [ERROR] [ShopBot] 连接失败（第 6/8 次）: failed to connect
[2026-05-08 00:03:57] [INFO] [ShopBot] 等待 0.09535200931245046 秒后重试...
[2026-05-08 00:03:57] [INFO] [ShopBot] 正在连接设备 127.0.0.1:16384（第 7/8 次）
[2026-05-08 00:03:57] [WARNING] [ShopBot] 连接输出异常: failed to connect
[2026-05-08 00:03:57] [ERROR] [ShopBot] 连接失败（第 7/8 次）: failed to connect
[2026-05-08 00:03:57] [INFO] [ShopBot] 等待 0.09535200931245046 秒后重试...
[2026-05-08 00:03:57] [INFO] [ShopBot] 正在连接设备 127.0.0.1:16384（第 8/8 次）
[2026-05-08 00:03:57] [WARNING] [ShopBot] 连接输出异常: failed to connect
[2026-05-08 00:03:57] [ERROR] [ShopBot] 连接失败（第 8/8 次）: failed to connect
[2026-05-08 00:03:57] [ERROR] [ShopBot] 设备连接失败，已重试 8 次: 127.0.0.1:16384
[2026-05-08 00:03:57] [INFO] [ShopBot] 正在连接设备 127.0.0.1:16384（第 1/9 次）
[2026-05-08 00:03:57] [WARNING] [ShopBot] 连接输出异常: failed to connect
[2026-05-08 00:03:57] [ERROR] [ShopBot] 连接失败（第 1/9 次）: failed to connect
[2026-05-08 00:03:57] [INFO] [ShopBot] 等待 0.01 秒后重试...
[2026-05-08 00:03:57] [INFO] [ShopBot] 正在连接设备 127.0.0.1:16384（第 2/9 次）
[2026-05-08 00:03:57] [WARNING] [ShopBot] 连接输出异常: failed to connect
[2026-05-08 00:03:57] [ERROR] [ShopBot] 连接失败（第 2/9 次）: failed to connect
[2026-05-08 00:03:57] [INFO] [ShopBot] 等待 0.01 秒后重试...
[2026-05-08 00:03:57] [INFO] [ShopBot] 正在连接设备 127.0.0.1:16384（第 3/9 次）
[2026-05-08 00:03:57] [WARNING] [ShopBot] 连接输出异常: failed to connect
[2026-05-08 00:03:57] [ERROR] [ShopBot] 连接失败（第 3/9 次）: failed to connect
[2026-05-08 00:03:57] [INFO] [ShopBot] 等待 0.01 秒后重试...
[2026-05-08 00:03:57] [INFO] [ShopBot] 正在连接设备 127.0.0.1:16384（第 4/9 次）
[2026-05-08 00:03:57] [WARNING] [ShopBot] 连接输出异常: failed to connect
[2026-05-08 00:03:57] [ERROR] [ShopBot] 连接失败（第 4/9 次）: failed to connect
[2026-05-08 00:03:57] [INFO] [ShopBot] 等待 0.01 秒后重试...
[2026-05-08 00:03:57] [INFO] [ShopBot] 正在连接设备 127.0.0.1:16384（第 5/9 次）
[2026-05-08 00:03:57] [WARNING] [ShopBot] 连接输出异常: failed to connect
[2026-05-08 00:03:57] [ERROR] [ShopBot] 连接失败（第 5/9 次）: failed to connect
[2026-05-08 00:03:57] [INFO] [ShopBot] 等待 0.01 秒后重试...
[2026-05-08 00:03:57] [INFO] [ShopBot] 正在连接设备 127.0.0.1:16384（第 6/9 次）
[2026-05-08 00:03:57] [WARNING] [ShopBot] 连接输出异常: failed to connect
[2026-05-08 00:03:57] [ERROR] [ShopBot] 连接失败（第 6/9 次）: failed to connect
[2026-05-08 00:03:57] [INFO] [ShopBot] 等待 0.01 秒后重试...
[2026-05-08 00:03:57] [INFO] [ShopBot] 正在连接设备 127.0.0.1:16384（第 7/9 次）
[2026-05-08 00:03:57] [WARNING] [ShopBot] 连接输出异常: failed to connect
[2026-05-08 00:03:57] [ERROR] [ShopBot] 连接失败（第 7/9 次）: failed to connect
[2026-05-08 00:03:57] [INFO] [ShopBot] 等待 0.01 秒后重试...
[2026-05-08 00:03:57] [INFO] [ShopBot] 正在连接设备 127.0.0.1:16384（第 8/9 次）
[2026-05-08 00:03:57] [WARNING] [ShopBot] 连接输出异常: failed to connect
[2026-05-08 00:03:57] [ERROR] [ShopBot] 连接失败（第 8/9 次）: failed to connect
[2026-05-08 00:03:57] [INFO] [ShopBot] 等待 0.01 秒后重试...
[2026-05-08 00:03:57] [INFO] [ShopBot] 正在连接设备 127.0.0.1:16384（第 9/9 次）
[2026-05-08 00:03:57] [WARNING] [ShopBot] 连接输出异常: failed to connect
[2026-05-08 00:03:57] [ERROR] [ShopBot] 连接失败（第 9/9 次）: failed to connect
[2026-05-08 00:03:57] [ERROR] [ShopBot] 设备连接失败，已重试 9 次: 127.0.0.1:16384
[2026-05-08 00:03:57] [INFO] [ShopBot] 正在连接设备 127.0.0.1:16384（第 1/3 次）
[2026-05-08 00:03:57] [WARNING] [ShopBot] 连接输出异常: failed to connect
[2026-05-08 00:03:57] [ERROR] [ShopBot] 连接失败（第 1/3 次）: failed to connect
[2026-05-08 00:03:57] [INFO] [ShopBot] 等待 0.08329837596679178 秒后重试...
[2026-05-08 00:03:57] [INFO] [ShopBot] 正在连接设备 127.0.0.1:16384（第 2/3 次）
[2026-05-08 00:03:57] [WARNING] [ShopBot] 连接输出异常: failed to connect
[2026-05-08 00:03:57] [ERROR] [ShopBot] 连接失败（第 2/3 次）: failed to connect
[2026-05-08 00:03:57] [INFO] [ShopBot] 等待 0.08329837596679178 秒后重试...
[2026-05-08 00:03:57] [INFO] [ShopBot] 正在连接设备 127.0.0.1:16384（第 3/3 次）
[2026-05-08 00:03:57] [WARNING] [ShopBot] 连接输出异常: failed to connect
[2026-05-08 00:03:57] [ERROR] [ShopBot] 连接失败（第 3/3 次）: failed to connect
[2026-05-08 00:03:57] [ERROR] [ShopBot] 设备连接失败，已重试 3 次: 127.0.0.1:16384
[2026-05-08 00:03:57] [INFO] [ShopBot] 正在连接设备 127.0.0.1:16384（第 1/7 次）
[2026-05-08 00:03:57] [WARNING] [ShopBot] 连接输出异常: failed to connect
[2026-05-08 00:03:57] [ERROR] [ShopBot] 连接失败（第 1/7 次）: failed to connect
[2026-05-08 00:03:57] [INFO] [ShopBot] 等待 0.018201565473490104 秒后重试...
[2026-05-08 00:03:57] [INFO] [ShopBot] 正在连接设备 127.0.0.1:16384（第 2/7 次）
[2026-05-08 00:03:57] [WARNING] [ShopBot] 连接输出异常: failed to connect
[2026-05-08 00:03:57] [ERROR] [ShopBot] 连接失败（第 2/7 次）: failed to connect
[2026-05-08 00:03:57] [INFO] [ShopBot] 等待 0.018201565473490104 秒后重试...
[2026-05-08 00:03:57] [INFO] [ShopBot] 正在连接设备 127.0.0.1:16384（第 3/7 次）
[2026-05-08 00:03:57] [WARNING] [ShopBot] 连接输出异常: failed to connect
[2026-05-08 00:03:57] [ERROR] [ShopBot] 连接失败（第 3/7 次）: failed to connect
[2026-05-08 00:03:57] [INFO] [ShopBot] 等待 0.018201565473490104 秒后重试...
[2026-05-08 00:03:57] [INFO] [ShopBot] 正在连接设备 127.0.0.1:16384（第 4/7 次）
[2026-05-08 00:03:57] [WARNING] [ShopBot] 连接输出异常: failed to connect
[2026-05-08 00:03:57] [ERROR] [ShopBot] 连接失败（第 4/7 次）: failed to connect
[2026-05-08 00:03:57] [INFO] [ShopBot] 等待 0.018201565473490104 秒后重试...
[2026-05-08 00:03:57] [INFO] [ShopBot] 正在连接设备 127.0.0.1:16384（第 5/7 次）
[2026-05-08 00:03:57] [WARNING] [ShopBot] 连接输出异常: failed to connect
[2026-05-08 00:03:57] [ERROR] [ShopBot] 连接失败（第 5/7 次）: failed to connect
[2026-05-08 00:03:57] [INFO] [ShopBot] 等待 0.018201565473490104 秒后重试...
[2026-05-08 00:03:57] [INFO] [ShopBot] 正在连接设备 127.0.0.1:16384（第 6/7 次）
[2026-05-08 00:03:57] [WARNING] [ShopBot] 连接输出异常: failed to connect
[2026-05-08 00:03:57] [ERROR] [ShopBot] 连接失败（第 6/7 次）: failed to connect
[2026-05-08 00:03:57] [INFO] [ShopBot] 等待 0.018201565473490104 秒后重试...
[2026-05-08 00:03:57] [INFO] [ShopBot] 正在连接设备 127.0.0.1:16384（第 7/7 次）
[2026-05-08 00:03:57] [WARNING] [ShopBot] 连接输出异常: failed to connect
[2026-05-08 00:03:57] [ERROR] [ShopBot] 连接失败（第 7/7 次）: failed to connect
[2026-05-08 00:03:57] [ERROR] [ShopBot] 设备连接失败，已重试 7 次: 127.0.0.1:16384
[2026-05-08 00:03:57] [INFO] [ShopBot] 正在连接设备 127.0.0.1:16384（第 1/6 次）
[2026-05-08 00:03:57] [WARNING] [ShopBot] 连接输出异常: failed to connect
[2026-05-08 00:03:57] [ERROR] [ShopBot] 连接失败（第 1/6 次）: failed to connect
[2026-05-08 00:03:57] [INFO] [ShopBot] 等待 0.015905693273623386 秒后重试...
[2026-05-08 00:03:57] [INFO] [ShopBot] 正在连接设备 127.0.0.1:16384（第 2/6 次）
[2026-05-08 00:03:57] [WARNING] [ShopBot] 连接输出异常: failed to connect
[2026-05-08 00:03:57] [ERROR] [ShopBot] 连接失败（第 2/6 次）: failed to connect
[2026-05-08 00:03:57] [INFO] [ShopBot] 等待 0.015905693273623386 秒后重试...
[2026-05-08 00:03:57] [INFO] [ShopBot] 正在连接设备 127.0.0.1:16384（第 3/6 次）
[2026-05-08 00:03:57] [WARNING] [ShopBot] 连接输出异常: failed to connect
[2026-05-08 00:03:57] [ERROR] [ShopBot] 连接失败（第 3/6 次）: failed to connect
[2026-05-08 00:03:57] [INFO] [ShopBot] 等待 0.015905693273623386 秒后重试...
[2026-05-08 00:03:57] [INFO] [ShopBot] 正在连接设备 127.0.0.1:16384（第 4/6 次）
[2026-05-08 00:03:57] [WARNING] [ShopBot] 连接输出异常: failed to connect
[2026-05-08 00:03:57] [ERROR] [ShopBot] 连接失败（第 4/6 次）: failed to connect
[2026-05-08 00:03:57] [INFO] [ShopBot] 等待 0.015905693273623386 秒后重试...
[2026-05-08 00:03:57] [INFO] [ShopBot] 正在连接设备 127.0.0.1:16384（第 5/6 次）
[2026-05-08 00:03:57] [WARNING] [ShopBot] 连接输出异常: failed to connect
[2026-05-08 00:03:57] [ERROR] [ShopBot] 连接失败（第 5/6 次）: failed to connect
[2026-05-08 00:03:57] [INFO] [ShopBot] 等待 0.015905693273623386 秒后重试...
[2026-05-08 00:03:57] [INFO] [ShopBot] 正在连接设备 127.0.0.1:16384（第 6/6 次）
[2026-05-08 00:03:57] [WARNING] [ShopBot] 连接输出异常: failed to connect
[2026-05-08 00:03:57] [ERROR] [ShopBot] 连接失败（第 6/6 次）: failed to connect
[2026-05-08 00:03:57] [ERROR] [ShopBot] 设备连接失败，已重试 6 次: 127.0.0.1:16384
[2026-05-08 00:03:57] [INFO] [ShopBot] 正在连接设备 127.0.0.1:16384（第 1/6 次）
[2026-05-08 00:03:57] [WARNING] [ShopBot] 连接输出异常: failed to connect
[2026-05-08 00:03:57] [ERROR] [ShopBot] 连接失败（第 1/6 次）: failed to connect
[2026-05-08 00:03:57] [INFO] [ShopBot] 等待 0.08071128128502725 秒后重试...
[2026-05-08 00:03:57] [INFO] [ShopBot] 正在连接设备 127.0.0.1:16384（第 2/6 次）
[2026-05-08 00:03:57] [WARNING] [ShopBot] 连接输出异常: failed to connect
[2026-05-08 00:03:57] [ERROR] [ShopBot] 连接失败（第 2/6 次）: failed to connect
[2026-05-08 00:03:57] [INFO] [ShopBot] 等待 0.08071128128502725 秒后重试...
[2026-05-08 00:03:57] [INFO] [ShopBot] 正在连接设备 127.0.0.1:16384（第 3/6 次）
[2026-05-08 00:03:57] [WARNING] [ShopBot] 连接输出异常: failed to connect
[2026-05-08 00:03:57] [ERROR] [ShopBot] 连接失败（第 3/6 次）: failed to connect
[2026-05-08 00:03:57] [INFO] [ShopBot] 等待 0.08071128128502725 秒后重试...
[2026-05-08 00:03:57] [INFO] [ShopBot] 正在连接设备 127.0.0.1:16384（第 4/6 次）
[2026-05-08 00:03:57] [WARNING] [ShopBot] 连接输出异常: failed to connect
[2026-05-08 00:03:57] [ERROR] [ShopBot] 连接失败（第 4/6 次）: failed to connect
[2026-05-08 00:03:57] [INFO] [ShopBot] 等待 0.08071128128502725 秒后重试...
[2026-05-08 00:03:57] [INFO] [ShopBot] 正在连接设备 127.0.0.1:16384（第 5/6 次）
[2026-05-08 00:03:57] [WARNING] [ShopBot] 连接输出异常: failed to connect
[2026-05-08 00:03:57] [ERROR] [ShopBot] 连接失败（第 5/6 次）: failed to connect
[2026-05-08 00:03:57] [INFO] [ShopBot] 等待 0.08071128128502725 秒后重试...
[2026-05-08 00:03:57] [INFO] [ShopBot] 正在连接设备 127.0.0.1:16384（第 6/6 次）
[2026-05-08 00:03:57] [WARNING] [ShopBot] 连接输出异常: failed to connect
[2026-05-08 00:03:57] [ERROR] [ShopBot] 连接失败（第 6/6 次）: failed to connect
[2026-05-08 00:03:57] [ERROR] [ShopBot] 设备连接失败，已重试 6 次: 127.0.0.1:16384
[2026-05-08 00:03:57] [INFO] [ShopBot] 正在连接设备 127.0.0.1:16384（第 1/3 次）
[2026-05-08 00:03:57] [WARNING] [ShopBot] 连接输出异常: failed to connect
[2026-05-08 00:03:57] [ERROR] [ShopBot] 连接失败（第 1/3 次）: failed to connect
[2026-05-08 00:03:57] [INFO] [ShopBot] 等待 0.07277564792419296 秒后重试...
[2026-05-08 00:03:57] [INFO] [ShopBot] 正在连接设备 127.0.0.1:16384（第 2/3 次）
[2026-05-08 00:03:57] [WARNING] [ShopBot] 连接输出异常: failed to connect
[2026-05-08 00:03:57] [ERROR] [ShopBot] 连接失败（第 2/3 次）: failed to connect
[2026-05-08 00:03:57] [INFO] [ShopBot] 等待 0.07277564792419296 秒后重试...
[2026-05-08 00:03:57] [INFO] [ShopBot] 正在连接设备 127.0.0.1:16384（第 3/3 次）
[2026-05-08 00:03:57] [WARNING] [ShopBot] 连接输出异常: failed to connect
[2026-05-08 00:03:57] [ERROR] [ShopBot] 连接失败（第 3/3 次）: failed to connect
[2026-05-08 00:03:57] [ERROR] [ShopBot] 设备连接失败，已重试 3 次: 127.0.0.1:16384
[2026-05-08 00:03:57] [INFO] [ShopBot] 正在连接设备 127.0.0.1:16384（第 1/7 次）
[2026-05-08 00:03:57] [WARNING] [ShopBot] 连接输出异常: failed to connect
[2026-05-08 00:03:57] [ERROR] [ShopBot] 连接失败（第 1/7 次）: failed to connect
[2026-05-08 00:03:57] [INFO] [ShopBot] 等待 0.09597991314554984 秒后重试...
[2026-05-08 00:03:57] [INFO] [ShopBot] 正在连接设备 127.0.0.1:16384（第 2/7 次）
[2026-05-08 00:03:57] [WARNING] [ShopBot] 连接输出异常: failed to connect
[2026-05-08 00:03:57] [ERROR] [ShopBot] 连接失败（第 2/7 次）: failed to connect
[2026-05-08 00:03:57] [INFO] [ShopBot] 等待 0.09597991314554984 秒后重试...
[2026-05-08 00:03:57] [INFO] [ShopBot] 正在连接设备 127.0.0.1:16384（第 3/7 次）
[2026-05-08 00:03:57] [WARNING] [ShopBot] 连接输出异常: failed to connect
[2026-05-08 00:03:57] [ERROR] [ShopBot] 连接失败（第 3/7 次）: failed to connect
[2026-05-08 00:03:57] [INFO] [ShopBot] 等待 0.09597991314554984 秒后重试...
[2026-05-08 00:03:57] [INFO] [ShopBot] 正在连接设备 127.0.0.1:16384（第 4/7 次）
[2026-05-08 00:03:57] [WARNING] [ShopBot] 连接输出异常: failed to connect
[2026-05-08 00:03:57] [ERROR] [ShopBot] 连接失败（第 4/7 次）: failed to connect
[2026-05-08 00:03:57] [INFO] [ShopBot] 等待 0.09597991314554984 秒后重试...
[2026-05-08 00:03:57] [INFO] [ShopBot] 正在连接设备 127.0.0.1:16384（第 5/7 次）
[2026-05-08 00:03:57] [WARNING] [ShopBot] 连接输出异常: failed to connect
[2026-05-08 00:03:57] [ERROR] [ShopBot] 连接失败（第 5/7 次）: failed to connect
[2026-05-08 00:03:57] [INFO] [ShopBot] 等待 0.09597991314554984 秒后重试...
[2026-05-08 00:03:57] [INFO] [ShopBot] 正在连接设备 127.0.0.1:16384（第 6/7 次）
[2026-05-08 00:03:57] [WARNING] [ShopBot] 连接输出异常: failed to connect
[2026-05-08 00:03:57] [ERROR] [ShopBot] 连接失败（第 6/7 次）: failed to connect
[2026-05-08 00:03:57] [INFO] [ShopBot] 等待 0.09597991314554984 秒后重试...
[2026-05-08 00:03:57] [INFO] [ShopBot] 正在连接设备 127.0.0.1:16384（第 7/7 次）
[2026-05-08 00:03:57] [WARNING] [ShopBot] 连接输出异常: failed to connect
[2026-05-08 00:03:57] [ERROR] [ShopBot] 连接失败（第 7/7 次）: failed to connect
[2026-05-08 00:03:57] [ERROR] [ShopBot] 设备连接失败，已重试 7 次: 127.0.0.1:16384
[2026-05-08 00:03:57] [INFO] [ShopBot] 正在连接设备 127.0.0.1:16384（第 1/9 次）
[2026-05-08 00:03:57] [WARNING] [ShopBot] 连接输出异常: failed to connect
[2026-05-08 00:03:57] [ERROR] [ShopBot] 连接失败（第 1/9 次）: failed to connect
[2026-05-08 00:03:57] [INFO] [ShopBot] 等待 0.016408422374031246 秒后重试...
[2026-05-08 00:03:57] [INFO] [ShopBot] 正在连接设备 127.0.0.1:16384（第 2/9 次）
[2026-05-08 00:03:57] [WARNING] [ShopBot] 连接输出异常: failed to connect
[2026-05-08 00:03:57] [ERROR] [ShopBot] 连接失败（第 2/9 次）: failed to connect
[2026-05-08 00:03:57] [INFO] [ShopBot] 等待 0.016408422374031246 秒后重试...
[2026-05-08 00:03:57] [INFO] [ShopBot] 正在连接设备 127.0.0.1:16384（第 3/9 次）
[2026-05-08 00:03:57] [WARNING] [ShopBot] 连接输出异常: failed to connect
[2026-05-08 00:03:57] [ERROR] [ShopBot] 连接失败（第 3/9 次）: failed to connect
[2026-05-08 00:03:57] [INFO] [ShopBot] 等待 0.016408422374031246 秒后重试...
[2026-05-08 00:03:57] [INFO] [ShopBot] 正在连接设备 127.0.0.1:16384（第 4/9 次）
[2026-05-08 00:03:57] [WARNING] [ShopBot] 连接输出异常: failed to connect
[2026-05-08 00:03:57] [ERROR] [ShopBot] 连接失败（第 4/9 次）: failed to connect
[2026-05-08 00:03:57] [INFO] [ShopBot] 等待 0.016408422374031246 秒后重试...
[2026-05-08 00:03:57] [INFO] [ShopBot] 正在连接设备 127.0.0.1:16384（第 5/9 次）
[2026-05-08 00:03:57] [WARNING] [ShopBot] 连接输出异常: failed to connect
[2026-05-08 00:03:57] [ERROR] [ShopBot] 连接失败（第 5/9 次）: failed to connect
[2026-05-08 00:03:57] [INFO] [ShopBot] 等待 0.016408422374031246 秒后重试...
[2026-05-08 00:03:57] [INFO] [ShopBot] 正在连接设备 127.0.0.1:16384（第 6/9 次）
[2026-05-08 00:03:57] [WARNING] [ShopBot] 连接输出异常: failed to connect
[2026-05-08 00:03:57] [ERROR] [ShopBot] 连接失败（第 6/9 次）: failed to connect
[2026-05-08 00:03:57] [INFO] [ShopBot] 等待 0.016408422374031246 秒后重试...
[2026-05-08 00:03:57] [INFO] [ShopBot] 正在连接设备 127.0.0.1:16384（第 7/9 次）
[2026-05-08 00:03:57] [WARNING] [ShopBot] 连接输出异常: failed to connect
[2026-05-08 00:03:57] [ERROR] [ShopBot] 连接失败（第 7/9 次）: failed to connect
[2026-05-08 00:03:57] [INFO] [ShopBot] 等待 0.016408422374031246 秒后重试...
[2026-05-08 00:03:57] [INFO] [ShopBot] 正在连接设备 127.0.0.1:16384（第 8/9 次）
[2026-05-08 00:03:57] [WARNING] [ShopBot] 连接输出异常: failed to connect
[2026-05-08 00:03:57] [ERROR] [ShopBot] 连接失败（第 8/9 次）: failed to connect
[2026-05-08 00:03:57] [INFO] [ShopBot] 等待 0.016408422374031246 秒后重试...
[2026-05-08 00:03:57] [INFO] [ShopBot] 正在连接设备 127.0.0.1:16384（第 9/9 次）
[2026-05-08 00:03:57] [WARNING] [ShopBot] 连接输出异常: failed to connect
[2026-05-08 00:03:57] [ERROR] [ShopBot] 连接失败（第 9/9 次）: failed to connect
[2026-05-08 00:03:57] [ERROR] [ShopBot] 设备连接失败，已重试 9 次: 127.0.0.1:16384
[2026-05-08 00:03:57] [INFO] [ShopBot] 正在连接设备 127.0.0.1:16384（第 1/8 次）
[2026-05-08 00:03:57] [WARNING] [ShopBot] 连接输出异常: failed to connect
[2026-05-08 00:03:57] [ERROR] [ShopBot] 连接失败（第 1/8 次）: failed to connect
[2026-05-08 00:03:57] [INFO] [ShopBot] 等待 0.056420468887087745 秒后重试...
[2026-05-08 00:03:57] [INFO] [ShopBot] 正在连接设备 127.0.0.1:16384（第 2/8 次）
[2026-05-08 00:03:57] [WARNING] [ShopBot] 连接输出异常: failed to connect
[2026-05-08 00:03:57] [ERROR] [ShopBot] 连接失败（第 2/8 次）: failed to connect
[2026-05-08 00:03:57] [INFO] [ShopBot] 等待 0.056420468887087745 秒后重试...
[2026-05-08 00:03:57] [INFO] [ShopBot] 正在连接设备 127.0.0.1:16384（第 3/8 次）
[2026-05-08 00:03:57] [WARNING] [ShopBot] 连接输出异常: failed to connect
[2026-05-08 00:03:57] [ERROR] [ShopBot] 连接失败（第 3/8 次）: failed to connect
[2026-05-08 00:03:57] [INFO] [ShopBot] 等待 0.056420468887087745 秒后重试...
[2026-05-08 00:03:57] [INFO] [ShopBot] 正在连接设备 127.0.0.1:16384（第 4/8 次）
[2026-05-08 00:03:57] [WARNING] [ShopBot] 连接输出异常: failed to connect
[2026-05-08 00:03:57] [ERROR] [ShopBot] 连接失败（第 4/8 次）: failed to connect
[2026-05-08 00:03:57] [INFO] [ShopBot] 等待 0.056420468887087745 秒后重试...
[2026-05-08 00:03:57] [INFO] [ShopBot] 正在连接设备 127.0.0.1:16384（第 5/8 次）
[2026-05-08 00:03:57] [WARNING] [ShopBot] 连接输出异常: failed to connect
[2026-05-08 00:03:57] [ERROR] [ShopBot] 连接失败（第 5/8 次）: failed to connect
[2026-05-08 00:03:57] [INFO] [ShopBot] 等待 0.056420468887087745 秒后重试...
[2026-05-08 00:03:57] [INFO] [ShopBot] 正在连接设备 127.0.0.1:16384（第 6/8 次）
[2026-05-08 00:03:57] [WARNING] [ShopBot] 连接输出异常: failed to connect
[2026-05-08 00:03:57] [ERROR] [ShopBot] 连接失败（第 6/8 次）: failed to connect
[2026-05-08 00:03:57] [INFO] [ShopBot] 等待 0.056420468887087745 秒后重试...
[2026-05-08 00:03:57] [INFO] [ShopBot] 正在连接设备 127.0.0.1:16384（第 7/8 次）
[2026-05-08 00:03:57] [WARNING] [ShopBot] 连接输出异常: failed to connect
[2026-05-08 00:03:57] [ERROR] [ShopBot] 连接失败（第 7/8 次）: failed to connect
[2026-05-08 00:03:57] [INFO] [ShopBot] 等待 0.056420468887087745 秒后重试...
[2026-05-08 00:03:57] [INFO] [ShopBot] 正在连接设备 127.0.0.1:16384（第 8/8 次）
[2026-05-08 00:03:57] [WARNING] [ShopBot] 连接输出异常: failed to connect
[2026-05-08 00:03:57] [ERROR] [ShopBot] 连接失败（第 8/8 次）: failed to connect
[2026-05-08 00:03:57] [ERROR] [ShopBot] 设备连接失败，已重试 8 次: 127.0.0.1:16384
[2026-05-08 00:03:57] [INFO] [ShopBot] 正在连接设备 127.0.0.1:16384（第 1/10 次）
[2026-05-08 00:03:57] [WARNING] [ShopBot] 连接输出异常: failed to connect
[2026-05-08 00:03:57] [ERROR] [ShopBot] 连接失败（第 1/10 次）: failed to connect
[2026-05-08 00:03:57] [INFO] [ShopBot] 等待 0.06764871497618281 秒后重试...
[2026-05-08 00:03:57] [INFO] [ShopBot] 正在连接设备 127.0.0.1:16384（第 2/10 次）
[2026-05-08 00:03:57] [WARNING] [ShopBot] 连接输出异常: failed to connect
[2026-05-08 00:03:57] [ERROR] [ShopBot] 连接失败（第 2/10 次）: failed to connect
[2026-05-08 00:03:57] [INFO] [ShopBot] 等待 0.06764871497618281 秒后重试...
[2026-05-08 00:03:57] [INFO] [ShopBot] 正在连接设备 127.0.0.1:16384（第 3/10 次）
[2026-05-08 00:03:57] [WARNING] [ShopBot] 连接输出异常: failed to connect
[2026-05-08 00:03:57] [ERROR] [ShopBot] 连接失败（第 3/10 次）: failed to connect
[2026-05-08 00:03:57] [INFO] [ShopBot] 等待 0.06764871497618281 秒后重试...
[2026-05-08 00:03:57] [INFO] [ShopBot] 正在连接设备 127.0.0.1:16384（第 4/10 次）
[2026-05-08 00:03:57] [WARNING] [ShopBot] 连接输出异常: failed to connect
[2026-05-08 00:03:57] [ERROR] [ShopBot] 连接失败（第 4/10 次）: failed to connect
[2026-05-08 00:03:57] [INFO] [ShopBot] 等待 0.06764871497618281 秒后重试...
[2026-05-08 00:03:57] [INFO] [ShopBot] 正在连接设备 127.0.0.1:16384（第 5/10 次）
[2026-05-08 00:03:57] [WARNING] [ShopBot] 连接输出异常: failed to connect
[2026-05-08 00:03:57] [ERROR] [ShopBot] 连接失败（第 5/10 次）: failed to connect
[2026-05-08 00:03:57] [INFO] [ShopBot] 等待 0.06764871497618281 秒后重试...
[2026-05-08 00:03:57] [INFO] [ShopBot] 正在连接设备 127.0.0.1:16384（第 6/10 次）
[2026-05-08 00:03:57] [WARNING] [ShopBot] 连接输出异常: failed to connect
[2026-05-08 00:03:57] [ERROR] [ShopBot] 连接失败（第 6/10 次）: failed to connect
[2026-05-08 00:03:57] [INFO] [ShopBot] 等待 0.06764871497618281 秒后重试...
[2026-05-08 00:03:57] [INFO] [ShopBot] 正在连接设备 127.0.0.1:16384（第 7/10 次）
[2026-05-08 00:03:57] [WARNING] [ShopBot] 连接输出异常: failed to connect
[2026-05-08 00:03:57] [ERROR] [ShopBot] 连接失败（第 7/10 次）: failed to connect
[2026-05-08 00:03:57] [INFO] [ShopBot] 等待 0.06764871497618281 秒后重试...
[2026-05-08 00:03:57] [INFO] [ShopBot] 正在连接设备 127.0.0.1:16384（第 8/10 次）
[2026-05-08 00:03:57] [WARNING] [ShopBot] 连接输出异常: failed to connect
[2026-05-08 00:03:57] [ERROR] [ShopBot] 连接失败（第 8/10 次）: failed to connect
[2026-05-08 00:03:57] [INFO] [ShopBot] 等待 0.06764871497618281 秒后重试...
[2026-05-08 00:03:57] [INFO] [ShopBot] 正在连接设备 127.0.0.1:16384（第 9/10 次）
[2026-05-08 00:03:57] [WARNING] [ShopBot] 连接输出异常: failed to connect
[2026-05-08 00:03:57] [ERROR] [ShopBot] 连接失败（第 9/10 次）: failed to connect
[2026-05-08 00:03:57] [INFO] [ShopBot] 等待 0.06764871497618281 秒后重试...
[2026-05-08 00:03:57] [INFO] [ShopBot] 正在连接设备 127.0.0.1:16384（第 10/10 次）
[2026-05-08 00:03:57] [WARNING] [ShopBot] 连接输出异常: failed to connect
[2026-05-08 00:03:57] [ERROR] [ShopBot] 连接失败（第 10/10 次）: failed to connect
[2026-05-08 00:03:57] [ERROR] [ShopBot] 设备连接失败，已重试 10 次: 127.0.0.1:16384
[2026-05-08 00:03:57] [INFO] [ShopBot] 正在连接设备 127.0.0.1:16384（第 1/3 次）
[2026-05-08 00:03:57] [WARNING] [ShopBot] 连接输出异常: failed to connect
[2026-05-08 00:03:57] [ERROR] [ShopBot] 连接失败（第 1/3 次）: failed to connect
[2026-05-08 00:03:57] [INFO] [ShopBot] 等待 0.05223294252577294 秒后重试...
[2026-05-08 00:03:57] [INFO] [ShopBot] 正在连接设备 127.0.0.1:16384（第 2/3 次）
[2026-05-08 00:03:57] [WARNING] [ShopBot] 连接输出异常: failed to connect
[2026-05-08 00:03:57] [ERROR] [ShopBot] 连接失败（第 2/3 次）: failed to connect
[2026-05-08 00:03:57] [INFO] [ShopBot] 等待 0.05223294252577294 秒后重试...
[2026-05-08 00:03:57] [INFO] [ShopBot] 正在连接设备 127.0.0.1:16384（第 3/3 次）
[2026-05-08 00:03:57] [WARNING] [ShopBot] 连接输出异常: failed to connect
[2026-05-08 00:03:57] [ERROR] [ShopBot] 连接失败（第 3/3 次）: failed to connect
[2026-05-08 00:03:57] [ERROR] [ShopBot] 设备连接失败，已重试 3 次: 127.0.0.1:16384
[2026-05-08 00:03:57] [INFO] [ShopBot] 正在连接设备 127.0.0.1:16384（第 1/6 次）
[2026-05-08 00:03:57] [WARNING] [ShopBot] 连接输出异常: failed to connect
[2026-05-08 00:03:57] [ERROR] [ShopBot] 连接失败（第 1/6 次）: failed to connect
[2026-05-08 00:03:57] [INFO] [ShopBot] 等待 0.02266645702448021 秒后重试...
[2026-05-08 00:03:57] [INFO] [ShopBot] 正在连接设备 127.0.0.1:16384（第 2/6 次）
[2026-05-08 00:03:57] [WARNING] [ShopBot] 连接输出异常: failed to connect
[2026-05-08 00:03:57] [ERROR] [ShopBot] 连接失败（第 2/6 次）: failed to connect
[2026-05-08 00:03:57] [INFO] [ShopBot] 等待 0.02266645702448021 秒后重试...
[2026-05-08 00:03:57] [INFO] [ShopBot] 正在连接设备 127.0.0.1:16384（第 3/6 次）
[2026-05-08 00:03:57] [WARNING] [ShopBot] 连接输出异常: failed to connect
[2026-05-08 00:03:57] [ERROR] [ShopBot] 连接失败（第 3/6 次）: failed to connect
[2026-05-08 00:03:57] [INFO] [ShopBot] 等待 0.02266645702448021 秒后重试...
[2026-05-08 00:03:57] [INFO] [ShopBot] 正在连接设备 127.0.0.1:16384（第 4/6 次）
[2026-05-08 00:03:57] [WARNING] [ShopBot] 连接输出异常: failed to connect
[2026-05-08 00:03:57] [ERROR] [ShopBot] 连接失败（第 4/6 次）: failed to connect
[2026-05-08 00:03:57] [INFO] [ShopBot] 等待 0.02266645702448021 秒后重试...
[2026-05-08 00:03:57] [INFO] [ShopBot] 正在连接设备 127.0.0.1:16384（第 5/6 次）
[2026-05-08 00:03:57] [WARNING] [ShopBot] 连接输出异常: failed to connect
[2026-05-08 00:03:57] [ERROR] [ShopBot] 连接失败（第 5/6 次）: failed to connect
[2026-05-08 00:03:57] [INFO] [ShopBot] 等待 0.02266645702448021 秒后重试...
[2026-05-08 00:03:57] [INFO] [ShopBot] 正在连接设备 127.0.0.1:16384（第 6/6 次）
[2026-05-08 00:03:57] [WARNING] [ShopBot] 连接输出异常: failed to connect
[2026-05-08 00:03:57] [ERROR] [ShopBot] 连接失败（第 6/6 次）: failed to connect
[2026-05-08 00:03:57] [ERROR] [ShopBot] 设备连接失败，已重试 6 次: 127.0.0.1:16384
[2026-05-08 00:03:57] [INFO] [ShopBot] 正在连接设备 127.0.0.1:16384（第 1/1 次）
[2026-05-08 00:03:57] [WARNING] [ShopBot] 连接输出异常: failed to connect
[2026-05-08 00:03:57] [ERROR] [ShopBot] 连接失败（第 1/1 次）: failed to connect
[2026-05-08 00:03:57] [ERROR] [ShopBot] 设备连接失败，已重试 1 次: 127.0.0.1:16384
[2026-05-08 00:03:57] [INFO] [ShopBot] 正在连接设备 127.0.0.1:16384（第 1/10 次）
[2026-05-08 00:03:57] [WARNING] [ShopBot] 连接输出异常: failed to connect
[2026-05-08 00:03:57] [ERROR] [ShopBot] 连接失败（第 1/10 次）: failed to connect
[2026-05-08 00:03:57] [INFO] [ShopBot] 等待 0.07100958413733142 秒后重试...
[2026-05-08 00:03:57] [INFO] [ShopBot] 正在连接设备 127.0.0.1:16384（第 2/10 次）
[2026-05-08 00:03:57] [WARNING] [ShopBot] 连接输出异常: failed to connect
[2026-05-08 00:03:57] [ERROR] [ShopBot] 连接失败（第 2/10 次）: failed to connect
[2026-05-08 00:03:57] [INFO] [ShopBot] 等待 0.07100958413733142 秒后重试...
[2026-05-08 00:03:57] [INFO] [ShopBot] 正在连接设备 127.0.0.1:16384（第 3/10 次）
[2026-05-08 00:03:57] [WARNING] [ShopBot] 连接输出异常: failed to connect
[2026-05-08 00:03:57] [ERROR] [ShopBot] 连接失败（第 3/10 次）: failed to connect
[2026-05-08 00:03:57] [INFO] [ShopBot] 等待 0.07100958413733142 秒后重试...
[2026-05-08 00:03:57] [INFO] [ShopBot] 正在连接设备 127.0.0.1:16384（第 4/10 次）
[2026-05-08 00:03:57] [WARNING] [ShopBot] 连接输出异常: failed to connect
[2026-05-08 00:03:57] [ERROR] [ShopBot] 连接失败（第 4/10 次）: failed to connect
[2026-05-08 00:03:57] [INFO] [ShopBot] 等待 0.07100958413733142 秒后重试...
[2026-05-08 00:03:57] [INFO] [ShopBot] 正在连接设备 127.0.0.1:16384（第 5/10 次）
[2026-05-08 00:03:57] [WARNING] [ShopBot] 连接输出异常: failed to connect
[2026-05-08 00:03:57] [ERROR] [ShopBot] 连接失败（第 5/10 次）: failed to connect
[2026-05-08 00:03:57] [INFO] [ShopBot] 等待 0.07100958413733142 秒后重试...
[2026-05-08 00:03:57] [INFO] [ShopBot] 正在连接设备 127.0.0.1:16384（第 6/10 次）
[2026-05-08 00:03:57] [WARNING] [ShopBot] 连接输出异常: failed to connect
[2026-05-08 00:03:57] [ERROR] [ShopBot] 连接失败（第 6/10 次）: failed to connect
[2026-05-08 00:03:57] [INFO] [ShopBot] 等待 0.07100958413733142 秒后重试...
[2026-05-08 00:03:57] [INFO] [ShopBot] 正在连接设备 127.0.0.1:16384（第 7/10 次）
[2026-05-08 00:03:57] [WARNING] [ShopBot] 连接输出异常: failed to connect
[2026-05-08 00:03:57] [ERROR] [ShopBot] 连接失败（第 7/10 次）: failed to connect
[2026-05-08 00:03:57] [INFO] [ShopBot] 等待 0.07100958413733142 秒后重试...
[2026-05-08 00:03:57] [INFO] [ShopBot] 正在连接设备 127.0.0.1:16384（第 8/10 次）
[2026-05-08 00:03:57] [WARNING] [ShopBot] 连接输出异常: failed to connect
[2026-05-08 00:03:57] [ERROR] [ShopBot] 连接失败（第 8/10 次）: failed to connect
[2026-05-08 00:03:57] [INFO] [ShopBot] 等待 0.07100958413733142 秒后重试...
[2026-05-08 00:03:57] [INFO] [ShopBot] 正在连接设备 127.0.0.1:16384（第 9/10 次）
[2026-05-08 00:03:57] [WARNING] [ShopBot] 连接输出异常: failed to connect
[2026-05-08 00:03:57] [ERROR] [ShopBot] 连接失败（第 9/10 次）: failed to connect
[2026-05-08 00:03:57] [INFO] [ShopBot] 等待 0.07100958413733142 秒后重试...
[2026-05-08 00:03:57] [INFO] [ShopBot] 正在连接设备 127.0.0.1:16384（第 10/10 次）
[2026-05-08 00:03:57] [WARNING] [ShopBot] 连接输出异常: failed to connect
[2026-05-08 00:03:57] [ERROR] [ShopBot] 连接失败（第 10/10 次）: failed to connect
[2026-05-08 00:03:57] [ERROR] [ShopBot] 设备连接失败，已重试 10 次: 127.0.0.1:16384
[2026-05-08 00:03:57] [INFO] [ShopBot] 正在连接设备 127.0.0.1:16384（第 1/3 次）
[2026-05-08 00:03:57] [WARNING] [ShopBot] 连接输出异常: failed to connect
[2026-05-08 00:03:57] [ERROR] [ShopBot] 连接失败（第 1/3 次）: failed to connect
[2026-05-08 00:03:57] [INFO] [ShopBot] 等待 0.06965863013295116 秒后重试...
[2026-05-08 00:03:57] [INFO] [ShopBot] 正在连接设备 127.0.0.1:16384（第 2/3 次）
[2026-05-08 00:03:57] [WARNING] [ShopBot] 连接输出异常: failed to connect
[2026-05-08 00:03:57] [ERROR] [ShopBot] 连接失败（第 2/3 次）: failed to connect
[2026-05-08 00:03:57] [INFO] [ShopBot] 等待 0.06965863013295116 秒后重试...
[2026-05-08 00:03:57] [INFO] [ShopBot] 正在连接设备 127.0.0.1:16384（第 3/3 次）
[2026-05-08 00:03:57] [WARNING] [ShopBot] 连接输出异常: failed to connect
[2026-05-08 00:03:57] [ERROR] [ShopBot] 连接失败（第 3/3 次）: failed to connect
[2026-05-08 00:03:57] [ERROR] [ShopBot] 设备连接失败，已重试 3 次: 127.0.0.1:16384
[2026-05-08 00:03:57] [INFO] [ShopBot] 正在连接设备 127.0.0.1:16384（第 1/6 次）
[2026-05-08 00:03:57] [WARNING] [ShopBot] 连接输出异常: failed to connect
[2026-05-08 00:03:57] [ERROR] [ShopBot] 连接失败（第 1/6 次）: failed to connect
[2026-05-08 00:03:57] [INFO] [ShopBot] 等待 0.015516962747520353 秒后重试...
[2026-05-08 00:03:57] [INFO] [ShopBot] 正在连接设备 127.0.0.1:16384（第 2/6 次）
[2026-05-08 00:03:57] [WARNING] [ShopBot] 连接输出异常: failed to connect
[2026-05-08 00:03:57] [ERROR] [ShopBot] 连接失败（第 2/6 次）: failed to connect
[2026-05-08 00:03:57] [INFO] [ShopBot] 等待 0.015516962747520353 秒后重试...
[2026-05-08 00:03:57] [INFO] [ShopBot] 正在连接设备 127.0.0.1:16384（第 3/6 次）
[2026-05-08 00:03:57] [WARNING] [ShopBot] 连接输出异常: failed to connect
[2026-05-08 00:03:57] [ERROR] [ShopBot] 连接失败（第 3/6 次）: failed to connect
[2026-05-08 00:03:57] [INFO] [ShopBot] 等待 0.015516962747520353 秒后重试...
[2026-05-08 00:03:57] [INFO] [ShopBot] 正在连接设备 127.0.0.1:16384（第 4/6 次）
[2026-05-08 00:03:57] [WARNING] [ShopBot] 连接输出异常: failed to connect
[2026-05-08 00:03:57] [ERROR] [ShopBot] 连接失败（第 4/6 次）: failed to connect
[2026-05-08 00:03:57] [INFO] [ShopBot] 等待 0.015516962747520353 秒后重试...
[2026-05-08 00:03:57] [INFO] [ShopBot] 正在连接设备 127.0.0.1:16384（第 5/6 次）
[2026-05-08 00:03:57] [WARNING] [ShopBot] 连接输出异常: failed to connect
[2026-05-08 00:03:57] [ERROR] [ShopBot] 连接失败（第 5/6 次）: failed to connect
[2026-05-08 00:03:57] [INFO] [ShopBot] 等待 0.015516962747520353 秒后重试...
[2026-05-08 00:03:57] [INFO] [ShopBot] 正在连接设备 127.0.0.1:16384（第 6/6 次）
[2026-05-08 00:03:57] [WARNING] [ShopBot] 连接输出异常: failed to connect
[2026-05-08 00:03:57] [ERROR] [ShopBot] 连接失败（第 6/6 次）: failed to connect
[2026-05-08 00:03:57] [ERROR] [ShopBot] 设备连接失败，已重试 6 次: 127.0.0.1:16384
[2026-05-08 00:03:57] [INFO] [ShopBot] 正在连接设备 127.0.0.1:16384（第 1/3 次）
[2026-05-08 00:03:57] [WARNING] [ShopBot] 连接输出异常: failed to connect
[2026-05-08 00:03:57] [ERROR] [ShopBot] 连接失败（第 1/3 次）: failed to connect
[2026-05-08 00:03:57] [INFO] [ShopBot] 等待 0.09889440178157113 秒后重试...
[2026-05-08 00:03:57] [INFO] [ShopBot] 正在连接设备 127.0.0.1:16384（第 2/3 次）
[2026-05-08 00:03:57] [WARNING] [ShopBot] 连接输出异常: failed to connect
[2026-05-08 00:03:57] [ERROR] [ShopBot] 连接失败（第 2/3 次）: failed to connect
[2026-05-08 00:03:57] [INFO] [ShopBot] 等待 0.09889440178157113 秒后重试...
[2026-05-08 00:03:57] [INFO] [ShopBot] 正在连接设备 127.0.0.1:16384（第 3/3 次）
[2026-05-08 00:03:57] [WARNING] [ShopBot] 连接输出异常: failed to connect
[2026-05-08 00:03:57] [ERROR] [ShopBot] 连接失败（第 3/3 次）: failed to connect
[2026-05-08 00:03:57] [ERROR] [ShopBot] 设备连接失败，已重试 3 次: 127.0.0.1:16384
[2026-05-08 00:03:57] [INFO] [ShopBot] 正在连接设备 127.0.0.1:16384（第 1/6 次）
[2026-05-08 00:03:57] [WARNING] [ShopBot] 连接输出异常: failed to connect
[2026-05-08 00:03:57] [ERROR] [ShopBot] 连接失败（第 1/6 次）: failed to connect
[2026-05-08 00:03:57] [INFO] [ShopBot] 等待 0.055207581154154334 秒后重试...
[2026-05-08 00:03:57] [INFO] [ShopBot] 正在连接设备 127.0.0.1:16384（第 2/6 次）
[2026-05-08 00:03:57] [WARNING] [ShopBot] 连接输出异常: failed to connect
[2026-05-08 00:03:57] [ERROR] [ShopBot] 连接失败（第 2/6 次）: failed to connect
[2026-05-08 00:03:57] [INFO] [ShopBot] 等待 0.055207581154154334 秒后重试...
[2026-05-08 00:03:57] [INFO] [ShopBot] 正在连接设备 127.0.0.1:16384（第 3/6 次）
[2026-05-08 00:03:57] [WARNING] [ShopBot] 连接输出异常: failed to connect
[2026-05-08 00:03:57] [ERROR] [ShopBot] 连接失败（第 3/6 次）: failed to connect
[2026-05-08 00:03:57] [INFO] [ShopBot] 等待 0.055207581154154334 秒后重试...
[2026-05-08 00:03:57] [INFO] [ShopBot] 正在连接设备 127.0.0.1:16384（第 4/6 次）
[2026-05-08 00:03:57] [WARNING] [ShopBot] 连接输出异常: failed to connect
[2026-05-08 00:03:57] [ERROR] [ShopBot] 连接失败（第 4/6 次）: failed to connect
[2026-05-08 00:03:57] [INFO] [ShopBot] 等待 0.055207581154154334 秒后重试...
[2026-05-08 00:03:57] [INFO] [ShopBot] 正在连接设备 127.0.0.1:16384（第 5/6 次）
[2026-05-08 00:03:57] [WARNING] [ShopBot] 连接输出异常: failed to connect
[2026-05-08 00:03:57] [ERROR] [ShopBot] 连接失败（第 5/6 次）: failed to connect
[2026-05-08 00:03:57] [INFO] [ShopBot] 等待 0.055207581154154334 秒后重试...
[2026-05-08 00:03:57] [INFO] [ShopBot] 正在连接设备 127.0.0.1:16384（第 6/6 次）
[2026-05-08 00:03:57] [WARNING] [ShopBot] 连接输出异常: failed to connect
[2026-05-08 00:03:57] [ERROR] [ShopBot] 连接失败（第 6/6 次）: failed to connect
[2026-05-08 00:03:57] [ERROR] [ShopBot] 设备连接失败，已重试 6 次: 127.0.0.1:16384
[2026-05-08 00:03:57] [INFO] [ShopBot] 正在连接设备 127.0.0.1:16384（第 1/4 次）
[2026-05-08 00:03:57] [WARNING] [ShopBot] 连接输出异常: failed to connect
[2026-05-08 00:03:57] [ERROR] [ShopBot] 连接失败（第 1/4 次）: failed to connect
[2026-05-08 00:03:57] [INFO] [ShopBot] 等待 0.051264337408785755 秒后重试...
[2026-05-08 00:03:57] [INFO] [ShopBot] 正在连接设备 127.0.0.1:16384（第 2/4 次）
[2026-05-08 00:03:57] [WARNING] [ShopBot] 连接输出异常: failed to connect
[2026-05-08 00:03:57] [ERROR] [ShopBot] 连接失败（第 2/4 次）: failed to connect
[2026-05-08 00:03:57] [INFO] [ShopBot] 等待 0.051264337408785755 秒后重试...
[2026-05-08 00:03:57] [INFO] [ShopBot] 正在连接设备 127.0.0.1:16384（第 3/4 次）
[2026-05-08 00:03:57] [WARNING] [ShopBot] 连接输出异常: failed to connect
[2026-05-08 00:03:57] [ERROR] [ShopBot] 连接失败（第 3/4 次）: failed to connect
[2026-05-08 00:03:57] [INFO] [ShopBot] 等待 0.051264337408785755 秒后重试...
[2026-05-08 00:03:57] [INFO] [ShopBot] 正在连接设备 127.0.0.1:16384（第 4/4 次）
[2026-05-08 00:03:57] [WARNING] [ShopBot] 连接输出异常: failed to connect
[2026-05-08 00:03:57] [ERROR] [ShopBot] 连接失败（第 4/4 次）: failed to connect
[2026-05-08 00:03:57] [ERROR] [ShopBot] 设备连接失败，已重试 4 次: 127.0.0.1:16384
[2026-05-08 00:03:57] [INFO] [ShopBot] 正在连接设备 127.0.0.1:16384（第 1/7 次）
[2026-05-08 00:03:57] [WARNING] [ShopBot] 连接输出异常: failed to connect
[2026-05-08 00:03:57] [ERROR] [ShopBot] 连接失败（第 1/7 次）: failed to connect
[2026-05-08 00:03:57] [INFO] [ShopBot] 等待 0.03074104421813667 秒后重试...
[2026-05-08 00:03:57] [INFO] [ShopBot] 正在连接设备 127.0.0.1:16384（第 2/7 次）
[2026-05-08 00:03:57] [WARNING] [ShopBot] 连接输出异常: failed to connect
[2026-05-08 00:03:57] [ERROR] [ShopBot] 连接失败（第 2/7 次）: failed to connect
[2026-05-08 00:03:57] [INFO] [ShopBot] 等待 0.03074104421813667 秒后重试...
[2026-05-08 00:03:57] [INFO] [ShopBot] 正在连接设备 127.0.0.1:16384（第 3/7 次）
[2026-05-08 00:03:57] [WARNING] [ShopBot] 连接输出异常: failed to connect
[2026-05-08 00:03:57] [ERROR] [ShopBot] 连接失败（第 3/7 次）: failed to connect
[2026-05-08 00:03:57] [INFO] [ShopBot] 等待 0.03074104421813667 秒后重试...
[2026-05-08 00:03:57] [INFO] [ShopBot] 正在连接设备 127.0.0.1:16384（第 4/7 次）
[2026-05-08 00:03:57] [WARNING] [ShopBot] 连接输出异常: failed to connect
[2026-05-08 00:03:57] [ERROR] [ShopBot] 连接失败（第 4/7 次）: failed to connect
[2026-05-08 00:03:57] [INFO] [ShopBot] 等待 0.03074104421813667 秒后重试...
[2026-05-08 00:03:57] [INFO] [ShopBot] 正在连接设备 127.0.0.1:16384（第 5/7 次）
[2026-05-08 00:03:57] [WARNING] [ShopBot] 连接输出异常: failed to connect
[2026-05-08 00:03:57] [ERROR] [ShopBot] 连接失败（第 5/7 次）: failed to connect
[2026-05-08 00:03:57] [INFO] [ShopBot] 等待 0.03074104421813667 秒后重试...
[2026-05-08 00:03:57] [INFO] [ShopBot] 正在连接设备 127.0.0.1:16384（第 6/7 次）
[2026-05-08 00:03:57] [WARNING] [ShopBot] 连接输出异常: failed to connect
[2026-05-08 00:03:57] [ERROR] [ShopBot] 连接失败（第 6/7 次）: failed to connect
[2026-05-08 00:03:57] [INFO] [ShopBot] 等待 0.03074104421813667 秒后重试...
[2026-05-08 00:03:57] [INFO] [ShopBot] 正在连接设备 127.0.0.1:16384（第 7/7 次）
[2026-05-08 00:03:57] [WARNING] [ShopBot] 连接输出异常: failed to connect
[2026-05-08 00:03:57] [ERROR] [ShopBot] 连接失败（第 7/7 次）: failed to connect
[2026-05-08 00:03:57] [ERROR] [ShopBot] 设备连接失败，已重试 7 次: 127.0.0.1:16384
[2026-05-08 00:03:57] [INFO] [ShopBot] 正在连接设备 127.0.0.1:16384（第 1/1 次）
[2026-05-08 00:03:57] [WARNING] [ShopBot] 连接输出异常: failed to connect
[2026-05-08 00:03:57] [ERROR] [ShopBot] 连接失败（第 1/1 次）: failed to connect
[2026-05-08 00:03:57] [ERROR] [ShopBot] 设备连接失败，已重试 1 次: 127.0.0.1:16384
[2026-05-08 00:03:57] [INFO] [ShopBot] 正在连接设备 127.0.0.1:16384（第 1/1 次）
[2026-05-08 00:03:57] [WARNING] [ShopBot] 连接输出异常: failed to connect
[2026-05-08 00:03:57] [ERROR] [ShopBot] 连接失败（第 1/1 次）: failed to connect
[2026-05-08 00:03:57] [ERROR] [ShopBot] 设备连接失败，已重试 1 次: 127.0.0.1:16384
[2026-05-08 00:03:57] [INFO] [ShopBot] 正在连接设备 127.0.0.1:16384（第 1/6 次）
[2026-05-08 00:03:57] [WARNING] [ShopBot] 连接输出异常: failed to connect
[2026-05-08 00:03:57] [ERROR] [ShopBot] 连接失败（第 1/6 次）: failed to connect
[2026-05-08 00:03:57] [INFO] [ShopBot] 等待 0.0779593855871477 秒后重试...
[2026-05-08 00:03:57] [INFO] [ShopBot] 正在连接设备 127.0.0.1:16384（第 2/6 次）
[2026-05-08 00:03:57] [WARNING] [ShopBot] 连接输出异常: failed to connect
[2026-05-08 00:03:57] [ERROR] [ShopBot] 连接失败（第 2/6 次）: failed to connect
[2026-05-08 00:03:57] [INFO] [ShopBot] 等待 0.0779593855871477 秒后重试...
[2026-05-08 00:03:57] [INFO] [ShopBot] 正在连接设备 127.0.0.1:16384（第 3/6 次）
[2026-05-08 00:03:57] [WARNING] [ShopBot] 连接输出异常: failed to connect
[2026-05-08 00:03:57] [ERROR] [ShopBot] 连接失败（第 3/6 次）: failed to connect
[2026-05-08 00:03:57] [INFO] [ShopBot] 等待 0.0779593855871477 秒后重试...
[2026-05-08 00:03:57] [INFO] [ShopBot] 正在连接设备 127.0.0.1:16384（第 4/6 次）
[2026-05-08 00:03:57] [WARNING] [ShopBot] 连接输出异常: failed to connect
[2026-05-08 00:03:57] [ERROR] [ShopBot] 连接失败（第 4/6 次）: failed to connect
[2026-05-08 00:03:57] [INFO] [ShopBot] 等待 0.0779593855871477 秒后重试...
[2026-05-08 00:03:57] [INFO] [ShopBot] 正在连接设备 127.0.0.1:16384（第 5/6 次）
[2026-05-08 00:03:57] [WARNING] [ShopBot] 连接输出异常: failed to connect
[2026-05-08 00:03:57] [ERROR] [ShopBot] 连接失败（第 5/6 次）: failed to connect
[2026-05-08 00:03:57] [INFO] [ShopBot] 等待 0.0779593855871477 秒后重试...
[2026-05-08 00:03:57] [INFO] [ShopBot] 正在连接设备 127.0.0.1:16384（第 6/6 次）
[2026-05-08 00:03:57] [WARNING] [ShopBot] 连接输出异常: failed to connect
[2026-05-08 00:03:57] [ERROR] [ShopBot] 连接失败（第 6/6 次）: failed to connect
[2026-05-08 00:03:57] [ERROR] [ShopBot] 设备连接失败，已重试 6 次: 127.0.0.1:16384
[2026-05-08 00:03:57] [INFO] [ShopBot] 正在连接设备 127.0.0.1:16384（第 1/3 次）
[2026-05-08 00:03:57] [WARNING] [ShopBot] 连接输出异常: failed to connect
[2026-05-08 00:03:57] [ERROR] [ShopBot] 连接失败（第 1/3 次）: failed to connect
[2026-05-08 00:03:57] [INFO] [ShopBot] 等待 0.054057529094356044 秒后重试...
[2026-05-08 00:03:57] [INFO] [ShopBot] 正在连接设备 127.0.0.1:16384（第 2/3 次）
[2026-05-08 00:03:57] [WARNING] [ShopBot] 连接输出异常: failed to connect
[2026-05-08 00:03:57] [ERROR] [ShopBot] 连接失败（第 2/3 次）: failed to connect
[2026-05-08 00:03:57] [INFO] [ShopBot] 等待 0.054057529094356044 秒后重试...
[2026-05-08 00:03:57] [INFO] [ShopBot] 正在连接设备 127.0.0.1:16384（第 3/3 次）
[2026-05-08 00:03:57] [WARNING] [ShopBot] 连接输出异常: failed to connect
[2026-05-08 00:03:57] [ERROR] [ShopBot] 连接失败（第 3/3 次）: failed to connect
[2026-05-08 00:03:57] [ERROR] [ShopBot] 设备连接失败，已重试 3 次: 127.0.0.1:16384
[2026-05-08 00:03:57] [INFO] [ShopBot] 正在连接设备 127.0.0.1:16384（第 1/5 次）
[2026-05-08 00:03:57] [WARNING] [ShopBot] 连接输出异常: failed to connect
[2026-05-08 00:03:57] [ERROR] [ShopBot] 连接失败（第 1/5 次）: failed to connect
[2026-05-08 00:03:57] [INFO] [ShopBot] 等待 0.028709894610805524 秒后重试...
[2026-05-08 00:03:57] [INFO] [ShopBot] 正在连接设备 127.0.0.1:16384（第 2/5 次）
[2026-05-08 00:03:57] [WARNING] [ShopBot] 连接输出异常: failed to connect
[2026-05-08 00:03:57] [ERROR] [ShopBot] 连接失败（第 2/5 次）: failed to connect
[2026-05-08 00:03:57] [INFO] [ShopBot] 等待 0.028709894610805524 秒后重试...
[2026-05-08 00:03:57] [INFO] [ShopBot] 正在连接设备 127.0.0.1:16384（第 3/5 次）
[2026-05-08 00:03:57] [WARNING] [ShopBot] 连接输出异常: failed to connect
[2026-05-08 00:03:57] [ERROR] [ShopBot] 连接失败（第 3/5 次）: failed to connect
[2026-05-08 00:03:57] [INFO] [ShopBot] 等待 0.028709894610805524 秒后重试...
[2026-05-08 00:03:57] [INFO] [ShopBot] 正在连接设备 127.0.0.1:16384（第 4/5 次）
[2026-05-08 00:03:57] [WARNING] [ShopBot] 连接输出异常: failed to connect
[2026-05-08 00:03:57] [ERROR] [ShopBot] 连接失败（第 4/5 次）: failed to connect
[2026-05-08 00:03:57] [INFO] [ShopBot] 等待 0.028709894610805524 秒后重试...
[2026-05-08 00:03:57] [INFO] [ShopBot] 正在连接设备 127.0.0.1:16384（第 5/5 次）
[2026-05-08 00:03:57] [WARNING] [ShopBot] 连接输出异常: failed to connect
[2026-05-08 00:03:57] [ERROR] [ShopBot] 连接失败（第 5/5 次）: failed to connect
[2026-05-08 00:03:57] [ERROR] [ShopBot] 设备连接失败，已重试 5 次: 127.0.0.1:16384
[2026-05-08 00:03:57] [INFO] [ShopBot] 正在连接设备 127.0.0.1:16384（第 1/1 次）
[2026-05-08 00:03:57] [WARNING] [ShopBot] 连接输出异常: failed to connect
[2026-05-08 00:03:57] [ERROR] [ShopBot] 连接失败（第 1/1 次）: failed to connect
[2026-05-08 00:03:57] [ERROR] [ShopBot] 设备连接失败，已重试 1 次: 127.0.0.1:16384
[2026-05-08 00:03:57] [INFO] [ShopBot] 正在连接设备 127.0.0.1:16384（第 1/8 次）
[2026-05-08 00:03:57] [WARNING] [ShopBot] 连接输出异常: failed to connect
[2026-05-08 00:03:57] [ERROR] [ShopBot] 连接失败（第 1/8 次）: failed to connect
[2026-05-08 00:03:57] [INFO] [ShopBot] 等待 0.013520142865061981 秒后重试...
[2026-05-08 00:03:57] [INFO] [ShopBot] 正在连接设备 127.0.0.1:16384（第 2/8 次）
[2026-05-08 00:03:57] [WARNING] [ShopBot] 连接输出异常: failed to connect
[2026-05-08 00:03:57] [ERROR] [ShopBot] 连接失败（第 2/8 次）: failed to connect
[2026-05-08 00:03:57] [INFO] [ShopBot] 等待 0.013520142865061981 秒后重试...
[2026-05-08 00:03:57] [INFO] [ShopBot] 正在连接设备 127.0.0.1:16384（第 3/8 次）
[2026-05-08 00:03:57] [WARNING] [ShopBot] 连接输出异常: failed to connect
[2026-05-08 00:03:57] [ERROR] [ShopBot] 连接失败（第 3/8 次）: failed to connect
[2026-05-08 00:03:57] [INFO] [ShopBot] 等待 0.013520142865061981 秒后重试...
[2026-05-08 00:03:57] [INFO] [ShopBot] 正在连接设备 127.0.0.1:16384（第 4/8 次）
[2026-05-08 00:03:57] [WARNING] [ShopBot] 连接输出异常: failed to connect
[2026-05-08 00:03:57] [ERROR] [ShopBot] 连接失败（第 4/8 次）: failed to connect
[2026-05-08 00:03:57] [INFO] [ShopBot] 等待 0.013520142865061981 秒后重试...
[2026-05-08 00:03:57] [INFO] [ShopBot] 正在连接设备 127.0.0.1:16384（第 5/8 次）
[2026-05-08 00:03:57] [WARNING] [ShopBot] 连接输出异常: failed to connect
[2026-05-08 00:03:57] [ERROR] [ShopBot] 连接失败（第 5/8 次）: failed to connect
[2026-05-08 00:03:57] [INFO] [ShopBot] 等待 0.013520142865061981 秒后重试...
[2026-05-08 00:03:57] [INFO] [ShopBot] 正在连接设备 127.0.0.1:16384（第 6/8 次）
[2026-05-08 00:03:57] [WARNING] [ShopBot] 连接输出异常: failed to connect
[2026-05-08 00:03:57] [ERROR] [ShopBot] 连接失败（第 6/8 次）: failed to connect
[2026-05-08 00:03:57] [INFO] [ShopBot] 等待 0.013520142865061981 秒后重试...
[2026-05-08 00:03:57] [INFO] [ShopBot] 正在连接设备 127.0.0.1:16384（第 7/8 次）
[2026-05-08 00:03:57] [WARNING] [ShopBot] 连接输出异常: failed to connect
[2026-05-08 00:03:57] [ERROR] [ShopBot] 连接失败（第 7/8 次）: failed to connect
[2026-05-08 00:03:57] [INFO] [ShopBot] 等待 0.013520142865061981 秒后重试...
[2026-05-08 00:03:57] [INFO] [ShopBot] 正在连接设备 127.0.0.1:16384（第 8/8 次）
[2026-05-08 00:03:57] [WARNING] [ShopBot] 连接输出异常: failed to connect
[2026-05-08 00:03:57] [ERROR] [ShopBot] 连接失败（第 8/8 次）: failed to connect
[2026-05-08 00:03:57] [ERROR] [ShopBot] 设备连接失败，已重试 8 次: 127.0.0.1:16384
[2026-05-08 00:03:57] [INFO] [ShopBot] 正在连接设备 127.0.0.1:16384（第 1/4 次）
[2026-05-08 00:03:57] [WARNING] [ShopBot] 连接输出异常: failed to connect
[2026-05-08 00:03:57] [ERROR] [ShopBot] 连接失败（第 1/4 次）: failed to connect
[2026-05-08 00:03:57] [INFO] [ShopBot] 等待 0.05422290104682399 秒后重试...
[2026-05-08 00:03:57] [INFO] [ShopBot] 正在连接设备 127.0.0.1:16384（第 2/4 次）
[2026-05-08 00:03:57] [WARNING] [ShopBot] 连接输出异常: failed to connect
[2026-05-08 00:03:57] [ERROR] [ShopBot] 连接失败（第 2/4 次）: failed to connect
[2026-05-08 00:03:57] [INFO] [ShopBot] 等待 0.05422290104682399 秒后重试...
[2026-05-08 00:03:57] [INFO] [ShopBot] 正在连接设备 127.0.0.1:16384（第 3/4 次）
[2026-05-08 00:03:57] [WARNING] [ShopBot] 连接输出异常: failed to connect
[2026-05-08 00:03:57] [ERROR] [ShopBot] 连接失败（第 3/4 次）: failed to connect
[2026-05-08 00:03:57] [INFO] [ShopBot] 等待 0.05422290104682399 秒后重试...
[2026-05-08 00:03:57] [INFO] [ShopBot] 正在连接设备 127.0.0.1:16384（第 4/4 次）
[2026-05-08 00:03:57] [WARNING] [ShopBot] 连接输出异常: failed to connect
[2026-05-08 00:03:57] [ERROR] [ShopBot] 连接失败（第 4/4 次）: failed to connect
[2026-05-08 00:03:57] [ERROR] [ShopBot] 设备连接失败，已重试 4 次: 127.0.0.1:16384
[2026-05-08 00:03:57] [INFO] [ShopBot] 正在连接设备 127.0.0.1:16384（第 1/5 次）
[2026-05-08 00:03:57] [WARNING] [ShopBot] 连接输出异常: failed to connect
[2026-05-08 00:03:57] [ERROR] [ShopBot] 连接失败（第 1/5 次）: failed to connect
[2026-05-08 00:03:57] [INFO] [ShopBot] 等待 0.08709708158585705 秒后重试...
[2026-05-08 00:03:57] [INFO] [ShopBot] 正在连接设备 127.0.0.1:16384（第 2/5 次）
[2026-05-08 00:03:57] [WARNING] [ShopBot] 连接输出异常: failed to connect
[2026-05-08 00:03:57] [ERROR] [ShopBot] 连接失败（第 2/5 次）: failed to connect
[2026-05-08 00:03:57] [INFO] [ShopBot] 等待 0.08709708158585705 秒后重试...
[2026-05-08 00:03:57] [INFO] [ShopBot] 正在连接设备 127.0.0.1:16384（第 3/5 次）
[2026-05-08 00:03:57] [WARNING] [ShopBot] 连接输出异常: failed to connect
[2026-05-08 00:03:57] [ERROR] [ShopBot] 连接失败（第 3/5 次）: failed to connect
[2026-05-08 00:03:57] [INFO] [ShopBot] 等待 0.08709708158585705 秒后重试...
[2026-05-08 00:03:57] [INFO] [ShopBot] 正在连接设备 127.0.0.1:16384（第 4/5 次）
[2026-05-08 00:03:57] [WARNING] [ShopBot] 连接输出异常: failed to connect
[2026-05-08 00:03:57] [ERROR] [ShopBot] 连接失败（第 4/5 次）: failed to connect
[2026-05-08 00:03:57] [INFO] [ShopBot] 等待 0.08709708158585705 秒后重试...
[2026-05-08 00:03:57] [INFO] [ShopBot] 正在连接设备 127.0.0.1:16384（第 5/5 次）
[2026-05-08 00:03:57] [WARNING] [ShopBot] 连接输出异常: failed to connect
[2026-05-08 00:03:57] [ERROR] [ShopBot] 连接失败（第 5/5 次）: failed to connect
[2026-05-08 00:03:57] [ERROR] [ShopBot] 设备连接失败，已重试 5 次: 127.0.0.1:16384
[2026-05-08 00:03:57] [INFO] [ShopBot] 正在连接设备 127.0.0.1:16384（第 1/8 次）
[2026-05-08 00:03:57] [WARNING] [ShopBot] 连接输出异常: failed to connect
[2026-05-08 00:03:57] [ERROR] [ShopBot] 连接失败（第 1/8 次）: failed to connect
[2026-05-08 00:03:57] [INFO] [ShopBot] 等待 0.08940925529276024 秒后重试...
[2026-05-08 00:03:57] [INFO] [ShopBot] 正在连接设备 127.0.0.1:16384（第 2/8 次）
[2026-05-08 00:03:57] [WARNING] [ShopBot] 连接输出异常: failed to connect
[2026-05-08 00:03:57] [ERROR] [ShopBot] 连接失败（第 2/8 次）: failed to connect
[2026-05-08 00:03:57] [INFO] [ShopBot] 等待 0.08940925529276024 秒后重试...
[2026-05-08 00:03:57] [INFO] [ShopBot] 正在连接设备 127.0.0.1:16384（第 3/8 次）
[2026-05-08 00:03:57] [WARNING] [ShopBot] 连接输出异常: failed to connect
[2026-05-08 00:03:57] [ERROR] [ShopBot] 连接失败（第 3/8 次）: failed to connect
[2026-05-08 00:03:57] [INFO] [ShopBot] 等待 0.08940925529276024 秒后重试...
[2026-05-08 00:03:57] [INFO] [ShopBot] 正在连接设备 127.0.0.1:16384（第 4/8 次）
[2026-05-08 00:03:57] [WARNING] [ShopBot] 连接输出异常: failed to connect
[2026-05-08 00:03:57] [ERROR] [ShopBot] 连接失败（第 4/8 次）: failed to connect
[2026-05-08 00:03:57] [INFO] [ShopBot] 等待 0.08940925529276024 秒后重试...
[2026-05-08 00:03:57] [INFO] [ShopBot] 正在连接设备 127.0.0.1:16384（第 5/8 次）
[2026-05-08 00:03:57] [WARNING] [ShopBot] 连接输出异常: failed to connect
[2026-05-08 00:03:57] [ERROR] [ShopBot] 连接失败（第 5/8 次）: failed to connect
[2026-05-08 00:03:57] [INFO] [ShopBot] 等待 0.08940925529276024 秒后重试...
[2026-05-08 00:03:57] [INFO] [ShopBot] 正在连接设备 127.0.0.1:16384（第 6/8 次）
[2026-05-08 00:03:57] [WARNING] [ShopBot] 连接输出异常: failed to connect
[2026-05-08 00:03:57] [ERROR] [ShopBot] 连接失败（第 6/8 次）: failed to connect
[2026-05-08 00:03:57] [INFO] [ShopBot] 等待 0.08940925529276024 秒后重试...
[2026-05-08 00:03:57] [INFO] [ShopBot] 正在连接设备 127.0.0.1:16384（第 7/8 次）
[2026-05-08 00:03:57] [WARNING] [ShopBot] 连接输出异常: failed to connect
[2026-05-08 00:03:57] [ERROR] [ShopBot] 连接失败（第 7/8 次）: failed to connect
[2026-05-08 00:03:57] [INFO] [ShopBot] 等待 0.08940925529276024 秒后重试...
[2026-05-08 00:03:57] [INFO] [ShopBot] 正在连接设备 127.0.0.1:16384（第 8/8 次）
[2026-05-08 00:03:57] [WARNING] [ShopBot] 连接输出异常: failed to connect
[2026-05-08 00:03:57] [ERROR] [ShopBot] 连接失败（第 8/8 次）: failed to connect
[2026-05-08 00:03:57] [ERROR] [ShopBot] 设备连接失败，已重试 8 次: 127.0.0.1:16384
[2026-05-08 00:03:57] [INFO] [ShopBot] 正在连接设备 127.0.0.1:16384（第 1/6 次）
[2026-05-08 00:03:57] [WARNING] [ShopBot] 连接输出异常: failed to connect
[2026-05-08 00:03:57] [ERROR] [ShopBot] 连接失败（第 1/6 次）: failed to connect
[2026-05-08 00:03:57] [INFO] [ShopBot] 等待 0.08839571748664007 秒后重试...
[2026-05-08 00:03:57] [INFO] [ShopBot] 正在连接设备 127.0.0.1:16384（第 2/6 次）
[2026-05-08 00:03:57] [WARNING] [ShopBot] 连接输出异常: failed to connect
[2026-05-08 00:03:57] [ERROR] [ShopBot] 连接失败（第 2/6 次）: failed to connect
[2026-05-08 00:03:57] [INFO] [ShopBot] 等待 0.08839571748664007 秒后重试...
[2026-05-08 00:03:57] [INFO] [ShopBot] 正在连接设备 127.0.0.1:16384（第 3/6 次）
[2026-05-08 00:03:57] [WARNING] [ShopBot] 连接输出异常: failed to connect
[2026-05-08 00:03:57] [ERROR] [ShopBot] 连接失败（第 3/6 次）: failed to connect
[2026-05-08 00:03:57] [INFO] [ShopBot] 等待 0.08839571748664007 秒后重试...
[2026-05-08 00:03:57] [INFO] [ShopBot] 正在连接设备 127.0.0.1:16384（第 4/6 次）
[2026-05-08 00:03:57] [WARNING] [ShopBot] 连接输出异常: failed to connect
[2026-05-08 00:03:57] [ERROR] [ShopBot] 连接失败（第 4/6 次）: failed to connect
[2026-05-08 00:03:57] [INFO] [ShopBot] 等待 0.08839571748664007 秒后重试...
[2026-05-08 00:03:57] [INFO] [ShopBot] 正在连接设备 127.0.0.1:16384（第 5/6 次）
[2026-05-08 00:03:57] [WARNING] [ShopBot] 连接输出异常: failed to connect
[2026-05-08 00:03:57] [ERROR] [ShopBot] 连接失败（第 5/6 次）: failed to connect
[2026-05-08 00:03:57] [INFO] [ShopBot] 等待 0.08839571748664007 秒后重试...
[2026-05-08 00:03:57] [INFO] [ShopBot] 正在连接设备 127.0.0.1:16384（第 6/6 次）
[2026-05-08 00:03:57] [WARNING] [ShopBot] 连接输出异常: failed to connect
[2026-05-08 00:03:57] [ERROR] [ShopBot] 连接失败（第 6/6 次）: failed to connect
[2026-05-08 00:03:57] [ERROR] [ShopBot] 设备连接失败，已重试 6 次: 127.0.0.1:16384
[2026-05-08 00:03:57] [INFO] [ShopBot] 正在连接设备 127.0.0.1:16384（第 1/10 次）
[2026-05-08 00:03:57] [WARNING] [ShopBot] 连接输出异常: failed to connect
[2026-05-08 00:03:57] [ERROR] [ShopBot] 连接失败（第 1/10 次）: failed to connect
[2026-05-08 00:03:57] [INFO] [ShopBot] 等待 0.09999999999999999 秒后重试...
[2026-05-08 00:03:57] [INFO] [ShopBot] 正在连接设备 127.0.0.1:16384（第 2/10 次）
[2026-05-08 00:03:57] [WARNING] [ShopBot] 连接输出异常: failed to connect
[2026-05-08 00:03:57] [ERROR] [ShopBot] 连接失败（第 2/10 次）: failed to connect
[2026-05-08 00:03:57] [INFO] [ShopBot] 等待 0.09999999999999999 秒后重试...
[2026-05-08 00:03:57] [INFO] [ShopBot] 正在连接设备 127.0.0.1:16384（第 3/10 次）
[2026-05-08 00:03:57] [WARNING] [ShopBot] 连接输出异常: failed to connect
[2026-05-08 00:03:57] [ERROR] [ShopBot] 连接失败（第 3/10 次）: failed to connect
[2026-05-08 00:03:57] [INFO] [ShopBot] 等待 0.09999999999999999 秒后重试...
[2026-05-08 00:03:57] [INFO] [ShopBot] 正在连接设备 127.0.0.1:16384（第 4/10 次）
[2026-05-08 00:03:57] [WARNING] [ShopBot] 连接输出异常: failed to connect
[2026-05-08 00:03:57] [ERROR] [ShopBot] 连接失败（第 4/10 次）: failed to connect
[2026-05-08 00:03:57] [INFO] [ShopBot] 等待 0.09999999999999999 秒后重试...
[2026-05-08 00:03:57] [INFO] [ShopBot] 正在连接设备 127.0.0.1:16384（第 5/10 次）
[2026-05-08 00:03:57] [WARNING] [ShopBot] 连接输出异常: failed to connect
[2026-05-08 00:03:57] [ERROR] [ShopBot] 连接失败（第 5/10 次）: failed to connect
[2026-05-08 00:03:57] [INFO] [ShopBot] 等待 0.09999999999999999 秒后重试...
[2026-05-08 00:03:57] [INFO] [ShopBot] 正在连接设备 127.0.0.1:16384（第 6/10 次）
[2026-05-08 00:03:57] [WARNING] [ShopBot] 连接输出异常: failed to connect
[2026-05-08 00:03:57] [ERROR] [ShopBot] 连接失败（第 6/10 次）: failed to connect
[2026-05-08 00:03:57] [INFO] [ShopBot] 等待 0.09999999999999999 秒后重试...
[2026-05-08 00:03:57] [INFO] [ShopBot] 正在连接设备 127.0.0.1:16384（第 7/10 次）
[2026-05-08 00:03:57] [WARNING] [ShopBot] 连接输出异常: failed to connect
[2026-05-08 00:03:57] [ERROR] [ShopBot] 连接失败（第 7/10 次）: failed to connect
[2026-05-08 00:03:57] [INFO] [ShopBot] 等待 0.09999999999999999 秒后重试...
[2026-05-08 00:03:57] [INFO] [ShopBot] 正在连接设备 127.0.0.1:16384（第 8/10 次）
[2026-05-08 00:03:57] [WARNING] [ShopBot] 连接输出异常: failed to connect
[2026-05-08 00:03:57] [ERROR] [ShopBot] 连接失败（第 8/10 次）: failed to connect
[2026-05-08 00:03:57] [INFO] [ShopBot] 等待 0.09999999999999999 秒后重试...
[2026-05-08 00:03:57] [INFO] [ShopBot] 正在连接设备 127.0.0.1:16384（第 9/10 次）
[2026-05-08 00:03:57] [WARNING] [ShopBot] 连接输出异常: failed to connect
[2026-05-08 00:03:57] [ERROR] [ShopBot] 连接失败（第 9/10 次）: failed to connect
[2026-05-08 00:03:57] [INFO] [ShopBot] 等待 0.09999999999999999 秒后重试...
[2026-05-08 00:03:57] [INFO] [ShopBot] 正在连接设备 127.0.0.1:16384（第 10/10 次）
[2026-05-08 00:03:57] [WARNING] [ShopBot] 连接输出异常: failed to connect
[2026-05-08 00:03:57] [ERROR] [ShopBot] 连接失败（第 10/10 次）: failed to connect
[2026-05-08 00:03:57] [ERROR] [ShopBot] 设备连接失败，已重试 10 次: 127.0.0.1:16384
[2026-05-08 00:03:57] [INFO] [ShopBot] 正在连接设备 127.0.0.1:16384（第 1/2 次）
[2026-05-08 00:03:57] [WARNING] [ShopBot] 连接输出异常: failed to connect
[2026-05-08 00:03:57] [ERROR] [ShopBot] 连接失败（第 1/2 次）: failed to connect
[2026-05-08 00:03:57] [INFO] [ShopBot] 等待 0.010345335069951608 秒后重试...
[2026-05-08 00:03:57] [INFO] [ShopBot] 正在连接设备 127.0.0.1:16384（第 2/2 次）
[2026-05-08 00:03:57] [WARNING] [ShopBot] 连接输出异常: failed to connect
[2026-05-08 00:03:57] [ERROR] [ShopBot] 连接失败（第 2/2 次）: failed to connect
[2026-05-08 00:03:57] [ERROR] [ShopBot] 设备连接失败，已重试 2 次: 127.0.0.1:16384
[2026-05-08 00:03:57] [INFO] [ShopBot] 正在连接设备 127.0.0.1:16384（第 1/10 次）
[2026-05-08 00:03:57] [WARNING] [ShopBot] 连接输出异常: failed to connect
[2026-05-08 00:03:57] [ERROR] [ShopBot] 连接失败（第 1/10 次）: failed to connect
[2026-05-08 00:03:57] [INFO] [ShopBot] 等待 0.08933335329872547 秒后重试...
[2026-05-08 00:03:57] [INFO] [ShopBot] 正在连接设备 127.0.0.1:16384（第 2/10 次）
[2026-05-08 00:03:57] [WARNING] [ShopBot] 连接输出异常: failed to connect
[2026-05-08 00:03:57] [ERROR] [ShopBot] 连接失败（第 2/10 次）: failed to connect
[2026-05-08 00:03:57] [INFO] [ShopBot] 等待 0.08933335329872547 秒后重试...
[2026-05-08 00:03:57] [INFO] [ShopBot] 正在连接设备 127.0.0.1:16384（第 3/10 次）
[2026-05-08 00:03:57] [WARNING] [ShopBot] 连接输出异常: failed to connect
[2026-05-08 00:03:57] [ERROR] [ShopBot] 连接失败（第 3/10 次）: failed to connect
[2026-05-08 00:03:57] [INFO] [ShopBot] 等待 0.08933335329872547 秒后重试...
[2026-05-08 00:03:57] [INFO] [ShopBot] 正在连接设备 127.0.0.1:16384（第 4/10 次）
[2026-05-08 00:03:57] [WARNING] [ShopBot] 连接输出异常: failed to connect
[2026-05-08 00:03:57] [ERROR] [ShopBot] 连接失败（第 4/10 次）: failed to connect
[2026-05-08 00:03:57] [INFO] [ShopBot] 等待 0.08933335329872547 秒后重试...
[2026-05-08 00:03:57] [INFO] [ShopBot] 正在连接设备 127.0.0.1:16384（第 5/10 次）
[2026-05-08 00:03:57] [WARNING] [ShopBot] 连接输出异常: failed to connect
[2026-05-08 00:03:57] [ERROR] [ShopBot] 连接失败（第 5/10 次）: failed to connect
[2026-05-08 00:03:57] [INFO] [ShopBot] 等待 0.08933335329872547 秒后重试...
[2026-05-08 00:03:57] [INFO] [ShopBot] 正在连接设备 127.0.0.1:16384（第 6/10 次）
[2026-05-08 00:03:57] [WARNING] [ShopBot] 连接输出异常: failed to connect
[2026-05-08 00:03:57] [ERROR] [ShopBot] 连接失败（第 6/10 次）: failed to connect
[2026-05-08 00:03:57] [INFO] [ShopBot] 等待 0.08933335329872547 秒后重试...
[2026-05-08 00:03:57] [INFO] [ShopBot] 正在连接设备 127.0.0.1:16384（第 7/10 次）
[2026-05-08 00:03:57] [WARNING] [ShopBot] 连接输出异常: failed to connect
[2026-05-08 00:03:57] [ERROR] [ShopBot] 连接失败（第 7/10 次）: failed to connect
[2026-05-08 00:03:57] [INFO] [ShopBot] 等待 0.08933335329872547 秒后重试...
[2026-05-08 00:03:57] [INFO] [ShopBot] 正在连接设备 127.0.0.1:16384（第 8/10 次）
[2026-05-08 00:03:57] [WARNING] [ShopBot] 连接输出异常: failed to connect
[2026-05-08 00:03:57] [ERROR] [ShopBot] 连接失败（第 8/10 次）: failed to connect
[2026-05-08 00:03:57] [INFO] [ShopBot] 等待 0.08933335329872547 秒后重试...
[2026-05-08 00:03:57] [INFO] [ShopBot] 正在连接设备 127.0.0.1:16384（第 9/10 次）
[2026-05-08 00:03:57] [WARNING] [ShopBot] 连接输出异常: failed to connect
[2026-05-08 00:03:57] [ERROR] [ShopBot] 连接失败（第 9/10 次）: failed to connect
[2026-05-08 00:03:57] [INFO] [ShopBot] 等待 0.08933335329872547 秒后重试...
[2026-05-08 00:03:57] [INFO] [ShopBot] 正在连接设备 127.0.0.1:16384（第 10/10 次）
[2026-05-08 00:03:57] [WARNING] [ShopBot] 连接输出异常: failed to connect
[2026-05-08 00:03:57] [ERROR] [ShopBot] 连接失败（第 10/10 次）: failed to connect
[2026-05-08 00:03:57] [ERROR] [ShopBot] 设备连接失败，已重试 10 次: 127.0.0.1:16384
[2026-05-08 00:03:57] [INFO] [ShopBot] 正在连接设备 127.0.0.1:16384（第 1/7 次）
[2026-05-08 00:03:57] [WARNING] [ShopBot] 连接输出异常: failed to connect
[2026-05-08 00:03:57] [ERROR] [ShopBot] 连接失败（第 1/7 次）: failed to connect
[2026-05-08 00:03:57] [INFO] [ShopBot] 等待 0.04145135884445211 秒后重试...
[2026-05-08 00:03:57] [INFO] [ShopBot] 正在连接设备 127.0.0.1:16384（第 2/7 次）
[2026-05-08 00:03:57] [WARNING] [ShopBot] 连接输出异常: failed to connect
[2026-05-08 00:03:57] [ERROR] [ShopBot] 连接失败（第 2/7 次）: failed to connect
[2026-05-08 00:03:57] [INFO] [ShopBot] 等待 0.04145135884445211 秒后重试...
[2026-05-08 00:03:57] [INFO] [ShopBot] 正在连接设备 127.0.0.1:16384（第 3/7 次）
[2026-05-08 00:03:57] [WARNING] [ShopBot] 连接输出异常: failed to connect
[2026-05-08 00:03:57] [ERROR] [ShopBot] 连接失败（第 3/7 次）: failed to connect
[2026-05-08 00:03:57] [INFO] [ShopBot] 等待 0.04145135884445211 秒后重试...
[2026-05-08 00:03:57] [INFO] [ShopBot] 正在连接设备 127.0.0.1:16384（第 4/7 次）
[2026-05-08 00:03:57] [WARNING] [ShopBot] 连接输出异常: failed to connect
[2026-05-08 00:03:57] [ERROR] [ShopBot] 连接失败（第 4/7 次）: failed to connect
[2026-05-08 00:03:57] [INFO] [ShopBot] 等待 0.04145135884445211 秒后重试...
[2026-05-08 00:03:57] [INFO] [ShopBot] 正在连接设备 127.0.0.1:16384（第 5/7 次）
[2026-05-08 00:03:57] [WARNING] [ShopBot] 连接输出异常: failed to connect
[2026-05-08 00:03:57] [ERROR] [ShopBot] 连接失败（第 5/7 次）: failed to connect
[2026-05-08 00:03:57] [INFO] [ShopBot] 等待 0.04145135884445211 秒后重试...
[2026-05-08 00:03:57] [INFO] [ShopBot] 正在连接设备 127.0.0.1:16384（第 6/7 次）
[2026-05-08 00:03:57] [WARNING] [ShopBot] 连接输出异常: failed to connect
[2026-05-08 00:03:57] [ERROR] [ShopBot] 连接失败（第 6/7 次）: failed to connect
[2026-05-08 00:03:57] [INFO] [ShopBot] 等待 0.04145135884445211 秒后重试...
[2026-05-08 00:03:57] [INFO] [ShopBot] 正在连接设备 127.0.0.1:16384（第 7/7 次）
[2026-05-08 00:03:57] [WARNING] [ShopBot] 连接输出异常: failed to connect
[2026-05-08 00:03:57] [ERROR] [ShopBot] 连接失败（第 7/7 次）: failed to connect
[2026-05-08 00:03:57] [ERROR] [ShopBot] 设备连接失败，已重试 7 次: 127.0.0.1:16384
[2026-05-08 00:03:57] [INFO] [ShopBot] 正在连接设备 127.0.0.1:16384（第 1/2 次）
[2026-05-08 00:03:57] [WARNING] [ShopBot] 连接输出异常: failed to connect
[2026-05-08 00:03:57] [ERROR] [ShopBot] 连接失败（第 1/2 次）: failed to connect
[2026-05-08 00:03:57] [INFO] [ShopBot] 等待 0.03351022811003699 秒后重试...
[2026-05-08 00:03:57] [INFO] [ShopBot] 正在连接设备 127.0.0.1:16384（第 2/2 次）
[2026-05-08 00:03:57] [WARNING] [ShopBot] 连接输出异常: failed to connect
[2026-05-08 00:03:57] [ERROR] [ShopBot] 连接失败（第 2/2 次）: failed to connect
[2026-05-08 00:03:57] [ERROR] [ShopBot] 设备连接失败，已重试 2 次: 127.0.0.1:16384
[2026-05-08 00:03:57] [INFO] [ShopBot] 正在连接设备 127.0.0.1:16384（第 1/8 次）
[2026-05-08 00:03:57] [WARNING] [ShopBot] 连接输出异常: failed to connect
[2026-05-08 00:03:57] [ERROR] [ShopBot] 连接失败（第 1/8 次）: failed to connect
[2026-05-08 00:03:57] [INFO] [ShopBot] 等待 0.07774482890718651 秒后重试...
[2026-05-08 00:03:57] [INFO] [ShopBot] 正在连接设备 127.0.0.1:16384（第 2/8 次）
[2026-05-08 00:03:57] [WARNING] [ShopBot] 连接输出异常: failed to connect
[2026-05-08 00:03:57] [ERROR] [ShopBot] 连接失败（第 2/8 次）: failed to connect
[2026-05-08 00:03:57] [INFO] [ShopBot] 等待 0.07774482890718651 秒后重试...
[2026-05-08 00:03:57] [INFO] [ShopBot] 正在连接设备 127.0.0.1:16384（第 3/8 次）
[2026-05-08 00:03:57] [WARNING] [ShopBot] 连接输出异常: failed to connect
[2026-05-08 00:03:57] [ERROR] [ShopBot] 连接失败（第 3/8 次）: failed to connect
[2026-05-08 00:03:57] [INFO] [ShopBot] 等待 0.07774482890718651 秒后重试...
[2026-05-08 00:03:57] [INFO] [ShopBot] 正在连接设备 127.0.0.1:16384（第 4/8 次）
[2026-05-08 00:03:57] [WARNING] [ShopBot] 连接输出异常: failed to connect
[2026-05-08 00:03:57] [ERROR] [ShopBot] 连接失败（第 4/8 次）: failed to connect
[2026-05-08 00:03:57] [INFO] [ShopBot] 等待 0.07774482890718651 秒后重试...
[2026-05-08 00:03:57] [INFO] [ShopBot] 正在连接设备 127.0.0.1:16384（第 5/8 次）
[2026-05-08 00:03:57] [WARNING] [ShopBot] 连接输出异常: failed to connect
[2026-05-08 00:03:57] [ERROR] [ShopBot] 连接失败（第 5/8 次）: failed to connect
[2026-05-08 00:03:57] [INFO] [ShopBot] 等待 0.07774482890718651 秒后重试...
[2026-05-08 00:03:57] [INFO] [ShopBot] 正在连接设备 127.0.0.1:16384（第 6/8 次）
[2026-05-08 00:03:57] [WARNING] [ShopBot] 连接输出异常: failed to connect
[2026-05-08 00:03:57] [ERROR] [ShopBot] 连接失败（第 6/8 次）: failed to connect
[2026-05-08 00:03:57] [INFO] [ShopBot] 等待 0.07774482890718651 秒后重试...
[2026-05-08 00:03:57] [INFO] [ShopBot] 正在连接设备 127.0.0.1:16384（第 7/8 次）
[2026-05-08 00:03:57] [WARNING] [ShopBot] 连接输出异常: failed to connect
[2026-05-08 00:03:57] [ERROR] [ShopBot] 连接失败（第 7/8 次）: failed to connect
[2026-05-08 00:03:57] [INFO] [ShopBot] 等待 0.07774482890718651 秒后重试...
[2026-05-08 00:03:57] [INFO] [ShopBot] 正在连接设备 127.0.0.1:16384（第 8/8 次）
[2026-05-08 00:03:57] [WARNING] [ShopBot] 连接输出异常: failed to connect
[2026-05-08 00:03:57] [ERROR] [ShopBot] 连接失败（第 8/8 次）: failed to connect
[2026-05-08 00:03:57] [ERROR] [ShopBot] 设备连接失败，已重试 8 次: 127.0.0.1:16384
[2026-05-08 00:03:57] [INFO] [ShopBot] 正在连接设备 127.0.0.1:16384（第 1/9 次）
[2026-05-08 00:03:57] [WARNING] [ShopBot] 连接输出异常: failed to connect
[2026-05-08 00:03:57] [ERROR] [ShopBot] 连接失败（第 1/9 次）: failed to connect
[2026-05-08 00:03:57] [INFO] [ShopBot] 等待 0.029249931917542167 秒后重试...
[2026-05-08 00:03:57] [INFO] [ShopBot] 正在连接设备 127.0.0.1:16384（第 2/9 次）
[2026-05-08 00:03:57] [WARNING] [ShopBot] 连接输出异常: failed to connect
[2026-05-08 00:03:57] [ERROR] [ShopBot] 连接失败（第 2/9 次）: failed to connect
[2026-05-08 00:03:57] [INFO] [ShopBot] 等待 0.029249931917542167 秒后重试...
[2026-05-08 00:03:57] [INFO] [ShopBot] 正在连接设备 127.0.0.1:16384（第 3/9 次）
[2026-05-08 00:03:57] [WARNING] [ShopBot] 连接输出异常: failed to connect
[2026-05-08 00:03:57] [ERROR] [ShopBot] 连接失败（第 3/9 次）: failed to connect
[2026-05-08 00:03:57] [INFO] [ShopBot] 等待 0.029249931917542167 秒后重试...
[2026-05-08 00:03:57] [INFO] [ShopBot] 正在连接设备 127.0.0.1:16384（第 4/9 次）
[2026-05-08 00:03:57] [WARNING] [ShopBot] 连接输出异常: failed to connect
[2026-05-08 00:03:57] [ERROR] [ShopBot] 连接失败（第 4/9 次）: failed to connect
[2026-05-08 00:03:57] [INFO] [ShopBot] 等待 0.029249931917542167 秒后重试...
[2026-05-08 00:03:57] [INFO] [ShopBot] 正在连接设备 127.0.0.1:16384（第 5/9 次）
[2026-05-08 00:03:57] [WARNING] [ShopBot] 连接输出异常: failed to connect
[2026-05-08 00:03:57] [ERROR] [ShopBot] 连接失败（第 5/9 次）: failed to connect
[2026-05-08 00:03:57] [INFO] [ShopBot] 等待 0.029249931917542167 秒后重试...
[2026-05-08 00:03:57] [INFO] [ShopBot] 正在连接设备 127.0.0.1:16384（第 6/9 次）
[2026-05-08 00:03:57] [WARNING] [ShopBot] 连接输出异常: failed to connect
[2026-05-08 00:03:57] [ERROR] [ShopBot] 连接失败（第 6/9 次）: failed to connect
[2026-05-08 00:03:57] [INFO] [ShopBot] 等待 0.029249931917542167 秒后重试...
[2026-05-08 00:03:57] [INFO] [ShopBot] 正在连接设备 127.0.0.1:16384（第 7/9 次）
[2026-05-08 00:03:57] [WARNING] [ShopBot] 连接输出异常: failed to connect
[2026-05-08 00:03:57] [ERROR] [ShopBot] 连接失败（第 7/9 次）: failed to connect
[2026-05-08 00:03:57] [INFO] [ShopBot] 等待 0.029249931917542167 秒后重试...
[2026-05-08 00:03:57] [INFO] [ShopBot] 正在连接设备 127.0.0.1:16384（第 8/9 次）
[2026-05-08 00:03:57] [WARNING] [ShopBot] 连接输出异常: failed to connect
[2026-05-08 00:03:57] [ERROR] [ShopBot] 连接失败（第 8/9 次）: failed to connect
[2026-05-08 00:03:57] [INFO] [ShopBot] 等待 0.029249931917542167 秒后重试...
[2026-05-08 00:03:57] [INFO] [ShopBot] 正在连接设备 127.0.0.1:16384（第 9/9 次）
[2026-05-08 00:03:57] [WARNING] [ShopBot] 连接输出异常: failed to connect
[2026-05-08 00:03:57] [ERROR] [ShopBot] 连接失败（第 9/9 次）: failed to connect
[2026-05-08 00:03:57] [ERROR] [ShopBot] 设备连接失败，已重试 9 次: 127.0.0.1:16384
[2026-05-08 00:03:57] [INFO] [ShopBot] 正在连接设备 127.0.0.1:16384（第 1/2 次）
[2026-05-08 00:03:57] [WARNING] [ShopBot] 连接输出异常: failed to connect
[2026-05-08 00:03:57] [ERROR] [ShopBot] 连接失败（第 1/2 次）: failed to connect
[2026-05-08 00:03:57] [INFO] [ShopBot] 等待 0.03857204400952438 秒后重试...
[2026-05-08 00:03:57] [INFO] [ShopBot] 正在连接设备 127.0.0.1:16384（第 2/2 次）
[2026-05-08 00:03:57] [WARNING] [ShopBot] 连接输出异常: failed to connect
[2026-05-08 00:03:57] [ERROR] [ShopBot] 连接失败（第 2/2 次）: failed to connect
[2026-05-08 00:03:57] [ERROR] [ShopBot] 设备连接失败，已重试 2 次: 127.0.0.1:16384
[2026-05-08 00:03:57] [INFO] [ShopBot] 正在连接设备 127.0.0.1:16384（第 1/3 次）
[2026-05-08 00:03:57] [WARNING] [ShopBot] 连接输出异常: failed to connect
[2026-05-08 00:03:57] [ERROR] [ShopBot] 连接失败（第 1/3 次）: failed to connect
[2026-05-08 00:03:57] [INFO] [ShopBot] 等待 0.09880766387628903 秒后重试...
[2026-05-08 00:03:57] [INFO] [ShopBot] 正在连接设备 127.0.0.1:16384（第 2/3 次）
[2026-05-08 00:03:57] [WARNING] [ShopBot] 连接输出异常: failed to connect
[2026-05-08 00:03:57] [ERROR] [ShopBot] 连接失败（第 2/3 次）: failed to connect
[2026-05-08 00:03:57] [INFO] [ShopBot] 等待 0.09880766387628903 秒后重试...
[2026-05-08 00:03:57] [INFO] [ShopBot] 正在连接设备 127.0.0.1:16384（第 3/3 次）
[2026-05-08 00:03:57] [WARNING] [ShopBot] 连接输出异常: failed to connect
[2026-05-08 00:03:57] [ERROR] [ShopBot] 连接失败（第 3/3 次）: failed to connect
[2026-05-08 00:03:57] [ERROR] [ShopBot] 设备连接失败，已重试 3 次: 127.0.0.1:16384
[2026-05-08 00:03:57] [INFO] [ShopBot] 正在连接设备 127.0.0.1:16384（第 1/6 次）
[2026-05-08 00:03:57] [WARNING] [ShopBot] 连接输出异常: failed to connect
[2026-05-08 00:03:57] [ERROR] [ShopBot] 连接失败（第 1/6 次）: failed to connect
[2026-05-08 00:03:57] [INFO] [ShopBot] 等待 0.05536180292276558 秒后重试...
[2026-05-08 00:03:57] [INFO] [ShopBot] 正在连接设备 127.0.0.1:16384（第 2/6 次）
[2026-05-08 00:03:57] [WARNING] [ShopBot] 连接输出异常: failed to connect
[2026-05-08 00:03:57] [ERROR] [ShopBot] 连接失败（第 2/6 次）: failed to connect
[2026-05-08 00:03:57] [INFO] [ShopBot] 等待 0.05536180292276558 秒后重试...
[2026-05-08 00:03:57] [INFO] [ShopBot] 正在连接设备 127.0.0.1:16384（第 3/6 次）
[2026-05-08 00:03:57] [WARNING] [ShopBot] 连接输出异常: failed to connect
[2026-05-08 00:03:57] [ERROR] [ShopBot] 连接失败（第 3/6 次）: failed to connect
[2026-05-08 00:03:57] [INFO] [ShopBot] 等待 0.05536180292276558 秒后重试...
[2026-05-08 00:03:57] [INFO] [ShopBot] 正在连接设备 127.0.0.1:16384（第 4/6 次）
[2026-05-08 00:03:57] [WARNING] [ShopBot] 连接输出异常: failed to connect
[2026-05-08 00:03:57] [ERROR] [ShopBot] 连接失败（第 4/6 次）: failed to connect
[2026-05-08 00:03:57] [INFO] [ShopBot] 等待 0.05536180292276558 秒后重试...
[2026-05-08 00:03:57] [INFO] [ShopBot] 正在连接设备 127.0.0.1:16384（第 5/6 次）
[2026-05-08 00:03:57] [WARNING] [ShopBot] 连接输出异常: failed to connect
[2026-05-08 00:03:57] [ERROR] [ShopBot] 连接失败（第 5/6 次）: failed to connect
[2026-05-08 00:03:57] [INFO] [ShopBot] 等待 0.05536180292276558 秒后重试...
[2026-05-08 00:03:57] [INFO] [ShopBot] 正在连接设备 127.0.0.1:16384（第 6/6 次）
[2026-05-08 00:03:57] [WARNING] [ShopBot] 连接输出异常: failed to connect
[2026-05-08 00:03:57] [ERROR] [ShopBot] 连接失败（第 6/6 次）: failed to connect
[2026-05-08 00:03:57] [ERROR] [ShopBot] 设备连接失败，已重试 6 次: 127.0.0.1:16384
[2026-05-08 00:03:57] [INFO] [ShopBot] 正在连接设备 127.0.0.1:16384（第 1/3 次）
[2026-05-08 00:03:57] [WARNING] [ShopBot] 连接输出异常: failed to connect
[2026-05-08 00:03:57] [ERROR] [ShopBot] 连接失败（第 1/3 次）: failed to connect
[2026-05-08 00:03:57] [INFO] [ShopBot] 等待 0.06762986875313017 秒后重试...
[2026-05-08 00:03:57] [INFO] [ShopBot] 正在连接设备 127.0.0.1:16384（第 2/3 次）
[2026-05-08 00:03:57] [WARNING] [ShopBot] 连接输出异常: failed to connect
[2026-05-08 00:03:57] [ERROR] [ShopBot] 连接失败（第 2/3 次）: failed to connect
[2026-05-08 00:03:57] [INFO] [ShopBot] 等待 0.06762986875313017 秒后重试...
[2026-05-08 00:03:57] [INFO] [ShopBot] 正在连接设备 127.0.0.1:16384（第 3/3 次）
[2026-05-08 00:03:57] [WARNING] [ShopBot] 连接输出异常: failed to connect
[2026-05-08 00:03:57] [ERROR] [ShopBot] 连接失败（第 3/3 次）: failed to connect
[2026-05-08 00:03:57] [ERROR] [ShopBot] 设备连接失败，已重试 3 次: 127.0.0.1:16384
[2026-05-08 00:03:57] [INFO] [ShopBot] 正在连接设备 127.0.0.1:16384（第 1/10 次）
[2026-05-08 00:03:57] [WARNING] [ShopBot] 连接输出异常: failed to connect
[2026-05-08 00:03:57] [ERROR] [ShopBot] 连接失败（第 1/10 次）: failed to connect
[2026-05-08 00:03:57] [INFO] [ShopBot] 等待 0.07537051480720033 秒后重试...
[2026-05-08 00:03:57] [INFO] [ShopBot] 正在连接设备 127.0.0.1:16384（第 2/10 次）
[2026-05-08 00:03:57] [WARNING] [ShopBot] 连接输出异常: failed to connect
[2026-05-08 00:03:57] [ERROR] [ShopBot] 连接失败（第 2/10 次）: failed to connect
[2026-05-08 00:03:57] [INFO] [ShopBot] 等待 0.07537051480720033 秒后重试...
[2026-05-08 00:03:57] [INFO] [ShopBot] 正在连接设备 127.0.0.1:16384（第 3/10 次）
[2026-05-08 00:03:57] [WARNING] [ShopBot] 连接输出异常: failed to connect
[2026-05-08 00:03:57] [ERROR] [ShopBot] 连接失败（第 3/10 次）: failed to connect
[2026-05-08 00:03:57] [INFO] [ShopBot] 等待 0.07537051480720033 秒后重试...
[2026-05-08 00:03:57] [INFO] [ShopBot] 正在连接设备 127.0.0.1:16384（第 4/10 次）
[2026-05-08 00:03:57] [WARNING] [ShopBot] 连接输出异常: failed to connect
[2026-05-08 00:03:57] [ERROR] [ShopBot] 连接失败（第 4/10 次）: failed to connect
[2026-05-08 00:03:57] [INFO] [ShopBot] 等待 0.07537051480720033 秒后重试...
[2026-05-08 00:03:57] [INFO] [ShopBot] 正在连接设备 127.0.0.1:16384（第 5/10 次）
[2026-05-08 00:03:57] [WARNING] [ShopBot] 连接输出异常: failed to connect
[2026-05-08 00:03:57] [ERROR] [ShopBot] 连接失败（第 5/10 次）: failed to connect
[2026-05-08 00:03:57] [INFO] [ShopBot] 等待 0.07537051480720033 秒后重试...
[2026-05-08 00:03:57] [INFO] [ShopBot] 正在连接设备 127.0.0.1:16384（第 6/10 次）
[2026-05-08 00:03:57] [WARNING] [ShopBot] 连接输出异常: failed to connect
[2026-05-08 00:03:57] [ERROR] [ShopBot] 连接失败（第 6/10 次）: failed to connect
[2026-05-08 00:03:57] [INFO] [ShopBot] 等待 0.07537051480720033 秒后重试...
[2026-05-08 00:03:57] [INFO] [ShopBot] 正在连接设备 127.0.0.1:16384（第 7/10 次）
[2026-05-08 00:03:57] [WARNING] [ShopBot] 连接输出异常: failed to connect
[2026-05-08 00:03:57] [ERROR] [ShopBot] 连接失败（第 7/10 次）: failed to connect
[2026-05-08 00:03:57] [INFO] [ShopBot] 等待 0.07537051480720033 秒后重试...
[2026-05-08 00:03:57] [INFO] [ShopBot] 正在连接设备 127.0.0.1:16384（第 8/10 次）
[2026-05-08 00:03:57] [WARNING] [ShopBot] 连接输出异常: failed to connect
[2026-05-08 00:03:57] [ERROR] [ShopBot] 连接失败（第 8/10 次）: failed to connect
[2026-05-08 00:03:57] [INFO] [ShopBot] 等待 0.07537051480720033 秒后重试...
[2026-05-08 00:03:57] [INFO] [ShopBot] 正在连接设备 127.0.0.1:16384（第 9/10 次）
[2026-05-08 00:03:57] [WARNING] [ShopBot] 连接输出异常: failed to connect
[2026-05-08 00:03:57] [ERROR] [ShopBot] 连接失败（第 9/10 次）: failed to connect
[2026-05-08 00:03:57] [INFO] [ShopBot] 等待 0.07537051480720033 秒后重试...
[2026-05-08 00:03:57] [INFO] [ShopBot] 正在连接设备 127.0.0.1:16384（第 10/10 次）
[2026-05-08 00:03:57] [WARNING] [ShopBot] 连接输出异常: failed to connect
[2026-05-08 00:03:57] [ERROR] [ShopBot] 连接失败（第 10/10 次）: failed to connect
[2026-05-08 00:03:57] [ERROR] [ShopBot] 设备连接失败，已重试 10 次: 127.0.0.1:16384
[2026-05-08 00:03:57] [INFO] [ShopBot] 正在连接设备 127.0.0.1:16384（第 1/9 次）
[2026-05-08 00:03:57] [WARNING] [ShopBot] 连接输出异常: failed to connect
[2026-05-08 00:03:57] [ERROR] [ShopBot] 连接失败（第 1/9 次）: failed to connect
[2026-05-08 00:03:57] [INFO] [ShopBot] 等待 0.05663276761001129 秒后重试...
[2026-05-08 00:03:57] [INFO] [ShopBot] 正在连接设备 127.0.0.1:16384（第 2/9 次）
[2026-05-08 00:03:57] [WARNING] [ShopBot] 连接输出异常: failed to connect
[2026-05-08 00:03:57] [ERROR] [ShopBot] 连接失败（第 2/9 次）: failed to connect
[2026-05-08 00:03:57] [INFO] [ShopBot] 等待 0.05663276761001129 秒后重试...
[2026-05-08 00:03:57] [INFO] [ShopBot] 正在连接设备 127.0.0.1:16384（第 3/9 次）
[2026-05-08 00:03:57] [WARNING] [ShopBot] 连接输出异常: failed to connect
[2026-05-08 00:03:57] [ERROR] [ShopBot] 连接失败（第 3/9 次）: failed to connect
[2026-05-08 00:03:57] [INFO] [ShopBot] 等待 0.05663276761001129 秒后重试...
[2026-05-08 00:03:57] [INFO] [ShopBot] 正在连接设备 127.0.0.1:16384（第 4/9 次）
[2026-05-08 00:03:57] [WARNING] [ShopBot] 连接输出异常: failed to connect
[2026-05-08 00:03:57] [ERROR] [ShopBot] 连接失败（第 4/9 次）: failed to connect
[2026-05-08 00:03:57] [INFO] [ShopBot] 等待 0.05663276761001129 秒后重试...
[2026-05-08 00:03:57] [INFO] [ShopBot] 正在连接设备 127.0.0.1:16384（第 5/9 次）
[2026-05-08 00:03:57] [WARNING] [ShopBot] 连接输出异常: failed to connect
[2026-05-08 00:03:57] [ERROR] [ShopBot] 连接失败（第 5/9 次）: failed to connect
[2026-05-08 00:03:57] [INFO] [ShopBot] 等待 0.05663276761001129 秒后重试...
[2026-05-08 00:03:57] [INFO] [ShopBot] 正在连接设备 127.0.0.1:16384（第 6/9 次）
[2026-05-08 00:03:57] [WARNING] [ShopBot] 连接输出异常: failed to connect
[2026-05-08 00:03:57] [ERROR] [ShopBot] 连接失败（第 6/9 次）: failed to connect
[2026-05-08 00:03:57] [INFO] [ShopBot] 等待 0.05663276761001129 秒后重试...
[2026-05-08 00:03:57] [INFO] [ShopBot] 正在连接设备 127.0.0.1:16384（第 7/9 次）
[2026-05-08 00:03:57] [WARNING] [ShopBot] 连接输出异常: failed to connect
[2026-05-08 00:03:57] [ERROR] [ShopBot] 连接失败（第 7/9 次）: failed to connect
[2026-05-08 00:03:57] [INFO] [ShopBot] 等待 0.05663276761001129 秒后重试...
[2026-05-08 00:03:57] [INFO] [ShopBot] 正在连接设备 127.0.0.1:16384（第 8/9 次）
[2026-05-08 00:03:57] [WARNING] [ShopBot] 连接输出异常: failed to connect
[2026-05-08 00:03:57] [ERROR] [ShopBot] 连接失败（第 8/9 次）: failed to connect
[2026-05-08 00:03:57] [INFO] [ShopBot] 等待 0.05663276761001129 秒后重试...
[2026-05-08 00:03:57] [INFO] [ShopBot] 正在连接设备 127.0.0.1:16384（第 9/9 次）
[2026-05-08 00:03:57] [WARNING] [ShopBot] 连接输出异常: failed to connect
[2026-05-08 00:03:57] [ERROR] [ShopBot] 连接失败（第 9/9 次）: failed to connect
[2026-05-08 00:03:57] [ERROR] [ShopBot] 设备连接失败，已重试 9 次: 127.0.0.1:16384
[2026-05-08 00:03:57] [INFO] [ShopBot] 正在连接设备 127.0.0.1:16384（第 1/7 次）
[2026-05-08 00:03:57] [WARNING] [ShopBot] 连接输出异常: failed to connect
[2026-05-08 00:03:57] [ERROR] [ShopBot] 连接失败（第 1/7 次）: failed to connect
[2026-05-08 00:03:57] [INFO] [ShopBot] 等待 0.06697692694223295 秒后重试...
[2026-05-08 00:03:57] [INFO] [ShopBot] 正在连接设备 127.0.0.1:16384（第 2/7 次）
[2026-05-08 00:03:57] [WARNING] [ShopBot] 连接输出异常: failed to connect
[2026-05-08 00:03:57] [ERROR] [ShopBot] 连接失败（第 2/7 次）: failed to connect
[2026-05-08 00:03:57] [INFO] [ShopBot] 等待 0.06697692694223295 秒后重试...
[2026-05-08 00:03:57] [INFO] [ShopBot] 正在连接设备 127.0.0.1:16384（第 3/7 次）
[2026-05-08 00:03:57] [WARNING] [ShopBot] 连接输出异常: failed to connect
[2026-05-08 00:03:57] [ERROR] [ShopBot] 连接失败（第 3/7 次）: failed to connect
[2026-05-08 00:03:57] [INFO] [ShopBot] 等待 0.06697692694223295 秒后重试...
[2026-05-08 00:03:57] [INFO] [ShopBot] 正在连接设备 127.0.0.1:16384（第 4/7 次）
[2026-05-08 00:03:57] [WARNING] [ShopBot] 连接输出异常: failed to connect
[2026-05-08 00:03:57] [ERROR] [ShopBot] 连接失败（第 4/7 次）: failed to connect
[2026-05-08 00:03:57] [INFO] [ShopBot] 等待 0.06697692694223295 秒后重试...
[2026-05-08 00:03:57] [INFO] [ShopBot] 正在连接设备 127.0.0.1:16384（第 5/7 次）
[2026-05-08 00:03:57] [WARNING] [ShopBot] 连接输出异常: failed to connect
[2026-05-08 00:03:57] [ERROR] [ShopBot] 连接失败（第 5/7 次）: failed to connect
[2026-05-08 00:03:57] [INFO] [ShopBot] 等待 0.06697692694223295 秒后重试...
[2026-05-08 00:03:57] [INFO] [ShopBot] 正在连接设备 127.0.0.1:16384（第 6/7 次）
[2026-05-08 00:03:57] [WARNING] [ShopBot] 连接输出异常: failed to connect
[2026-05-08 00:03:57] [ERROR] [ShopBot] 连接失败（第 6/7 次）: failed to connect
[2026-05-08 00:03:57] [INFO] [ShopBot] 等待 0.06697692694223295 秒后重试...
[2026-05-08 00:03:57] [INFO] [ShopBot] 正在连接设备 127.0.0.1:16384（第 7/7 次）
[2026-05-08 00:03:57] [WARNING] [ShopBot] 连接输出异常: failed to connect
[2026-05-08 00:03:57] [ERROR] [ShopBot] 连接失败（第 7/7 次）: failed to connect
[2026-05-08 00:03:57] [ERROR] [ShopBot] 设备连接失败，已重试 7 次: 127.0.0.1:16384
[2026-05-08 00:03:57] [INFO] [ShopBot] 正在连接设备 127.0.0.1:16384（第 1/8 次）
[2026-05-08 00:03:57] [WARNING] [ShopBot] 连接输出异常: failed to connect
[2026-05-08 00:03:57] [ERROR] [ShopBot] 连接失败（第 1/8 次）: failed to connect
[2026-05-08 00:03:57] [INFO] [ShopBot] 等待 0.028651963009462725 秒后重试...
[2026-05-08 00:03:57] [INFO] [ShopBot] 正在连接设备 127.0.0.1:16384（第 2/8 次）
[2026-05-08 00:03:57] [WARNING] [ShopBot] 连接输出异常: failed to connect
[2026-05-08 00:03:57] [ERROR] [ShopBot] 连接失败（第 2/8 次）: failed to connect
[2026-05-08 00:03:57] [INFO] [ShopBot] 等待 0.028651963009462725 秒后重试...
[2026-05-08 00:03:57] [INFO] [ShopBot] 正在连接设备 127.0.0.1:16384（第 3/8 次）
[2026-05-08 00:03:57] [WARNING] [ShopBot] 连接输出异常: failed to connect
[2026-05-08 00:03:57] [ERROR] [ShopBot] 连接失败（第 3/8 次）: failed to connect
[2026-05-08 00:03:57] [INFO] [ShopBot] 等待 0.028651963009462725 秒后重试...
[2026-05-08 00:03:57] [INFO] [ShopBot] 正在连接设备 127.0.0.1:16384（第 4/8 次）
[2026-05-08 00:03:57] [WARNING] [ShopBot] 连接输出异常: failed to connect
[2026-05-08 00:03:57] [ERROR] [ShopBot] 连接失败（第 4/8 次）: failed to connect
[2026-05-08 00:03:57] [INFO] [ShopBot] 等待 0.028651963009462725 秒后重试...
[2026-05-08 00:03:57] [INFO] [ShopBot] 正在连接设备 127.0.0.1:16384（第 5/8 次）
[2026-05-08 00:03:57] [WARNING] [ShopBot] 连接输出异常: failed to connect
[2026-05-08 00:03:57] [ERROR] [ShopBot] 连接失败（第 5/8 次）: failed to connect
[2026-05-08 00:03:57] [INFO] [ShopBot] 等待 0.028651963009462725 秒后重试...
[2026-05-08 00:03:57] [INFO] [ShopBot] 正在连接设备 127.0.0.1:16384（第 6/8 次）
[2026-05-08 00:03:57] [WARNING] [ShopBot] 连接输出异常: failed to connect
[2026-05-08 00:03:57] [ERROR] [ShopBot] 连接失败（第 6/8 次）: failed to connect
[2026-05-08 00:03:57] [INFO] [ShopBot] 等待 0.028651963009462725 秒后重试...
[2026-05-08 00:03:57] [INFO] [ShopBot] 正在连接设备 127.0.0.1:16384（第 7/8 次）
[2026-05-08 00:03:57] [WARNING] [ShopBot] 连接输出异常: failed to connect
[2026-05-08 00:03:57] [ERROR] [ShopBot] 连接失败（第 7/8 次）: failed to connect
[2026-05-08 00:03:57] [INFO] [ShopBot] 等待 0.028651963009462725 秒后重试...
[2026-05-08 00:03:57] [INFO] [ShopBot] 正在连接设备 127.0.0.1:16384（第 8/8 次）
[2026-05-08 00:03:57] [WARNING] [ShopBot] 连接输出异常: failed to connect
[2026-05-08 00:03:57] [ERROR] [ShopBot] 连接失败（第 8/8 次）: failed to connect
[2026-05-08 00:03:57] [ERROR] [ShopBot] 设备连接失败，已重试 8 次: 127.0.0.1:16384
[2026-05-08 00:03:57] [INFO] [ShopBot] 正在连接设备 127.0.0.1:16384（第 1/1 次）
[2026-05-08 00:03:57] [WARNING] [ShopBot] 连接输出异常: failed to connect
[2026-05-08 00:03:57] [ERROR] [ShopBot] 连接失败（第 1/1 次）: failed to connect
[2026-05-08 00:03:57] [ERROR] [ShopBot] 设备连接失败，已重试 1 次: 127.0.0.1:16384
[2026-05-08 00:03:57] [INFO] [ShopBot] 正在连接设备 127.0.0.1:16384（第 1/7 次）
[2026-05-08 00:03:57] [WARNING] [ShopBot] 连接输出异常: failed to connect
[2026-05-08 00:03:57] [ERROR] [ShopBot] 连接失败（第 1/7 次）: failed to connect
[2026-05-08 00:03:57] [INFO] [ShopBot] 等待 0.08183734873797871 秒后重试...
[2026-05-08 00:03:57] [INFO] [ShopBot] 正在连接设备 127.0.0.1:16384（第 2/7 次）
[2026-05-08 00:03:57] [WARNING] [ShopBot] 连接输出异常: failed to connect
[2026-05-08 00:03:57] [ERROR] [ShopBot] 连接失败（第 2/7 次）: failed to connect
[2026-05-08 00:03:57] [INFO] [ShopBot] 等待 0.08183734873797871 秒后重试...
[2026-05-08 00:03:57] [INFO] [ShopBot] 正在连接设备 127.0.0.1:16384（第 3/7 次）
[2026-05-08 00:03:57] [WARNING] [ShopBot] 连接输出异常: failed to connect
[2026-05-08 00:03:57] [ERROR] [ShopBot] 连接失败（第 3/7 次）: failed to connect
[2026-05-08 00:03:57] [INFO] [ShopBot] 等待 0.08183734873797871 秒后重试...
[2026-05-08 00:03:57] [INFO] [ShopBot] 正在连接设备 127.0.0.1:16384（第 4/7 次）
[2026-05-08 00:03:57] [WARNING] [ShopBot] 连接输出异常: failed to connect
[2026-05-08 00:03:57] [ERROR] [ShopBot] 连接失败（第 4/7 次）: failed to connect
[2026-05-08 00:03:57] [INFO] [ShopBot] 等待 0.08183734873797871 秒后重试...
[2026-05-08 00:03:57] [INFO] [ShopBot] 正在连接设备 127.0.0.1:16384（第 5/7 次）
[2026-05-08 00:03:57] [WARNING] [ShopBot] 连接输出异常: failed to connect
[2026-05-08 00:03:57] [ERROR] [ShopBot] 连接失败（第 5/7 次）: failed to connect
[2026-05-08 00:03:57] [INFO] [ShopBot] 等待 0.08183734873797871 秒后重试...
[2026-05-08 00:03:57] [INFO] [ShopBot] 正在连接设备 127.0.0.1:16384（第 6/7 次）
[2026-05-08 00:03:57] [WARNING] [ShopBot] 连接输出异常: failed to connect
[2026-05-08 00:03:57] [ERROR] [ShopBot] 连接失败（第 6/7 次）: failed to connect
[2026-05-08 00:03:57] [INFO] [ShopBot] 等待 0.08183734873797871 秒后重试...
[2026-05-08 00:03:57] [INFO] [ShopBot] 正在连接设备 127.0.0.1:16384（第 7/7 次）
[2026-05-08 00:03:57] [WARNING] [ShopBot] 连接输出异常: failed to connect
[2026-05-08 00:03:57] [ERROR] [ShopBot] 连接失败（第 7/7 次）: failed to connect
[2026-05-08 00:03:57] [ERROR] [ShopBot] 设备连接失败，已重试 7 次: 127.0.0.1:16384
[2026-05-08 00:03:57] [INFO] [ShopBot] 正在连接设备 127.0.0.1:16384（第 1/5 次）
[2026-05-08 00:03:57] [WARNING] [ShopBot] 连接输出异常: failed to connect
[2026-05-08 00:03:57] [ERROR] [ShopBot] 连接失败（第 1/5 次）: failed to connect
[2026-05-08 00:03:57] [INFO] [ShopBot] 等待 0.07482677607923606 秒后重试...
[2026-05-08 00:03:57] [INFO] [ShopBot] 正在连接设备 127.0.0.1:16384（第 2/5 次）
[2026-05-08 00:03:57] [WARNING] [ShopBot] 连接输出异常: failed to connect
[2026-05-08 00:03:57] [ERROR] [ShopBot] 连接失败（第 2/5 次）: failed to connect
[2026-05-08 00:03:57] [INFO] [ShopBot] 等待 0.07482677607923606 秒后重试...
[2026-05-08 00:03:57] [INFO] [ShopBot] 正在连接设备 127.0.0.1:16384（第 3/5 次）
[2026-05-08 00:03:57] [WARNING] [ShopBot] 连接输出异常: failed to connect
[2026-05-08 00:03:57] [ERROR] [ShopBot] 连接失败（第 3/5 次）: failed to connect
[2026-05-08 00:03:57] [INFO] [ShopBot] 等待 0.07482677607923606 秒后重试...
[2026-05-08 00:03:57] [INFO] [ShopBot] 正在连接设备 127.0.0.1:16384（第 4/5 次）
[2026-05-08 00:03:57] [WARNING] [ShopBot] 连接输出异常: failed to connect
[2026-05-08 00:03:57] [ERROR] [ShopBot] 连接失败（第 4/5 次）: failed to connect
[2026-05-08 00:03:57] [INFO] [ShopBot] 等待 0.07482677607923606 秒后重试...
[2026-05-08 00:03:57] [INFO] [ShopBot] 正在连接设备 127.0.0.1:16384（第 5/5 次）
[2026-05-08 00:03:57] [WARNING] [ShopBot] 连接输出异常: failed to connect
[2026-05-08 00:03:57] [ERROR] [ShopBot] 连接失败（第 5/5 次）: failed to connect
[2026-05-08 00:03:57] [ERROR] [ShopBot] 设备连接失败，已重试 5 次: 127.0.0.1:16384
[2026-05-08 00:03:57] [INFO] [ShopBot] 正在连接设备 127.0.0.1:16384（第 1/10 次）
[2026-05-08 00:03:57] [WARNING] [ShopBot] 连接输出异常: failed to connect
[2026-05-08 00:03:57] [ERROR] [ShopBot] 连接失败（第 1/10 次）: failed to connect
[2026-05-08 00:03:57] [INFO] [ShopBot] 等待 0.045240746329388314 秒后重试...
[2026-05-08 00:03:57] [INFO] [ShopBot] 正在连接设备 127.0.0.1:16384（第 2/10 次）
[2026-05-08 00:03:57] [WARNING] [ShopBot] 连接输出异常: failed to connect
[2026-05-08 00:03:57] [ERROR] [ShopBot] 连接失败（第 2/10 次）: failed to connect
[2026-05-08 00:03:57] [INFO] [ShopBot] 等待 0.045240746329388314 秒后重试...
[2026-05-08 00:03:57] [INFO] [ShopBot] 正在连接设备 127.0.0.1:16384（第 3/10 次）
[2026-05-08 00:03:57] [WARNING] [ShopBot] 连接输出异常: failed to connect
[2026-05-08 00:03:57] [ERROR] [ShopBot] 连接失败（第 3/10 次）: failed to connect
[2026-05-08 00:03:57] [INFO] [ShopBot] 等待 0.045240746329388314 秒后重试...
[2026-05-08 00:03:57] [INFO] [ShopBot] 正在连接设备 127.0.0.1:16384（第 4/10 次）
[2026-05-08 00:03:57] [WARNING] [ShopBot] 连接输出异常: failed to connect
[2026-05-08 00:03:57] [ERROR] [ShopBot] 连接失败（第 4/10 次）: failed to connect
[2026-05-08 00:03:57] [INFO] [ShopBot] 等待 0.045240746329388314 秒后重试...
[2026-05-08 00:03:57] [INFO] [ShopBot] 正在连接设备 127.0.0.1:16384（第 5/10 次）
[2026-05-08 00:03:57] [WARNING] [ShopBot] 连接输出异常: failed to connect
[2026-05-08 00:03:57] [ERROR] [ShopBot] 连接失败（第 5/10 次）: failed to connect
[2026-05-08 00:03:57] [INFO] [ShopBot] 等待 0.045240746329388314 秒后重试...
[2026-05-08 00:03:57] [INFO] [ShopBot] 正在连接设备 127.0.0.1:16384（第 6/10 次）
[2026-05-08 00:03:57] [WARNING] [ShopBot] 连接输出异常: failed to connect
[2026-05-08 00:03:57] [ERROR] [ShopBot] 连接失败（第 6/10 次）: failed to connect
[2026-05-08 00:03:57] [INFO] [ShopBot] 等待 0.045240746329388314 秒后重试...
[2026-05-08 00:03:57] [INFO] [ShopBot] 正在连接设备 127.0.0.1:16384（第 7/10 次）
[2026-05-08 00:03:57] [WARNING] [ShopBot] 连接输出异常: failed to connect
[2026-05-08 00:03:57] [ERROR] [ShopBot] 连接失败（第 7/10 次）: failed to connect
[2026-05-08 00:03:57] [INFO] [ShopBot] 等待 0.045240746329388314 秒后重试...
[2026-05-08 00:03:57] [INFO] [ShopBot] 正在连接设备 127.0.0.1:16384（第 8/10 次）
[2026-05-08 00:03:57] [WARNING] [ShopBot] 连接输出异常: failed to connect
[2026-05-08 00:03:57] [ERROR] [ShopBot] 连接失败（第 8/10 次）: failed to connect
[2026-05-08 00:03:57] [INFO] [ShopBot] 等待 0.045240746329388314 秒后重试...
[2026-05-08 00:03:57] [INFO] [ShopBot] 正在连接设备 127.0.0.1:16384（第 9/10 次）
[2026-05-08 00:03:57] [WARNING] [ShopBot] 连接输出异常: failed to connect
[2026-05-08 00:03:57] [ERROR] [ShopBot] 连接失败（第 9/10 次）: failed to connect
[2026-05-08 00:03:57] [INFO] [ShopBot] 等待 0.045240746329388314 秒后重试...
[2026-05-08 00:03:57] [INFO] [ShopBot] 正在连接设备 127.0.0.1:16384（第 10/10 次）
[2026-05-08 00:03:57] [WARNING] [ShopBot] 连接输出异常: failed to connect
[2026-05-08 00:03:57] [ERROR] [ShopBot] 连接失败（第 10/10 次）: failed to connect
[2026-05-08 00:03:57] [ERROR] [ShopBot] 设备连接失败，已重试 10 次: 127.0.0.1:16384
[2026-05-08 00:03:57] [INFO] [ShopBot] 正在连接设备 127.0.0.1:16384（第 1/2 次）
[2026-05-08 00:03:57] [WARNING] [ShopBot] 连接输出异常: failed to connect
[2026-05-08 00:03:57] [ERROR] [ShopBot] 连接失败（第 1/2 次）: failed to connect
[2026-05-08 00:03:57] [INFO] [ShopBot] 等待 0.09373960527521956 秒后重试...
[2026-05-08 00:03:57] [INFO] [ShopBot] 正在连接设备 127.0.0.1:16384（第 2/2 次）
[2026-05-08 00:03:57] [WARNING] [ShopBot] 连接输出异常: failed to connect
[2026-05-08 00:03:57] [ERROR] [ShopBot] 连接失败（第 2/2 次）: failed to connect
[2026-05-08 00:03:57] [ERROR] [ShopBot] 设备连接失败，已重试 2 次: 127.0.0.1:16384
[2026-05-08 00:03:57] [INFO] [ShopBot] 正在连接设备 127.0.0.1:16384（第 1/5 次）
[2026-05-08 00:03:57] [WARNING] [ShopBot] 连接输出异常: failed to connect
[2026-05-08 00:03:57] [ERROR] [ShopBot] 连接失败（第 1/5 次）: failed to connect
[2026-05-08 00:03:57] [INFO] [ShopBot] 等待 0.08909842784627542 秒后重试...
[2026-05-08 00:03:57] [INFO] [ShopBot] 正在连接设备 127.0.0.1:16384（第 2/5 次）
[2026-05-08 00:03:57] [WARNING] [ShopBot] 连接输出异常: failed to connect
[2026-05-08 00:03:57] [ERROR] [ShopBot] 连接失败（第 2/5 次）: failed to connect
[2026-05-08 00:03:57] [INFO] [ShopBot] 等待 0.08909842784627542 秒后重试...
[2026-05-08 00:03:57] [INFO] [ShopBot] 正在连接设备 127.0.0.1:16384（第 3/5 次）
[2026-05-08 00:03:57] [WARNING] [ShopBot] 连接输出异常: failed to connect
[2026-05-08 00:03:57] [ERROR] [ShopBot] 连接失败（第 3/5 次）: failed to connect
[2026-05-08 00:03:57] [INFO] [ShopBot] 等待 0.08909842784627542 秒后重试...
[2026-05-08 00:03:57] [INFO] [ShopBot] 正在连接设备 127.0.0.1:16384（第 4/5 次）
[2026-05-08 00:03:57] [WARNING] [ShopBot] 连接输出异常: failed to connect
[2026-05-08 00:03:57] [ERROR] [ShopBot] 连接失败（第 4/5 次）: failed to connect
[2026-05-08 00:03:57] [INFO] [ShopBot] 等待 0.08909842784627542 秒后重试...
[2026-05-08 00:03:57] [INFO] [ShopBot] 正在连接设备 127.0.0.1:16384（第 5/5 次）
[2026-05-08 00:03:57] [WARNING] [ShopBot] 连接输出异常: failed to connect
[2026-05-08 00:03:57] [ERROR] [ShopBot] 连接失败（第 5/5 次）: failed to connect
[2026-05-08 00:03:57] [ERROR] [ShopBot] 设备连接失败，已重试 5 次: 127.0.0.1:16384
[2026-05-08 00:03:57] [INFO] [ShopBot] 正在连接设备 127.0.0.1:16384（第 1/8 次）
[2026-05-08 00:03:57] [WARNING] [ShopBot] 连接输出异常: failed to connect
[2026-05-08 00:03:57] [ERROR] [ShopBot] 连接失败（第 1/8 次）: failed to connect
[2026-05-08 00:03:57] [INFO] [ShopBot] 等待 0.024480481084002897 秒后重试...
[2026-05-08 00:03:57] [INFO] [ShopBot] 正在连接设备 127.0.0.1:16384（第 2/8 次）
[2026-05-08 00:03:57] [WARNING] [ShopBot] 连接输出异常: failed to connect
[2026-05-08 00:03:57] [ERROR] [ShopBot] 连接失败（第 2/8 次）: failed to connect
[2026-05-08 00:03:57] [INFO] [ShopBot] 等待 0.024480481084002897 秒后重试...
[2026-05-08 00:03:57] [INFO] [ShopBot] 正在连接设备 127.0.0.1:16384（第 3/8 次）
[2026-05-08 00:03:57] [WARNING] [ShopBot] 连接输出异常: failed to connect
[2026-05-08 00:03:57] [ERROR] [ShopBot] 连接失败（第 3/8 次）: failed to connect
[2026-05-08 00:03:57] [INFO] [ShopBot] 等待 0.024480481084002897 秒后重试...
[2026-05-08 00:03:57] [INFO] [ShopBot] 正在连接设备 127.0.0.1:16384（第 4/8 次）
[2026-05-08 00:03:57] [WARNING] [ShopBot] 连接输出异常: failed to connect
[2026-05-08 00:03:57] [ERROR] [ShopBot] 连接失败（第 4/8 次）: failed to connect
[2026-05-08 00:03:57] [INFO] [ShopBot] 等待 0.024480481084002897 秒后重试...
[2026-05-08 00:03:57] [INFO] [ShopBot] 正在连接设备 127.0.0.1:16384（第 5/8 次）
[2026-05-08 00:03:57] [WARNING] [ShopBot] 连接输出异常: failed to connect
[2026-05-08 00:03:57] [ERROR] [ShopBot] 连接失败（第 5/8 次）: failed to connect
[2026-05-08 00:03:57] [INFO] [ShopBot] 等待 0.024480481084002897 秒后重试...
[2026-05-08 00:03:57] [INFO] [ShopBot] 正在连接设备 127.0.0.1:16384（第 6/8 次）
[2026-05-08 00:03:57] [WARNING] [ShopBot] 连接输出异常: failed to connect
[2026-05-08 00:03:57] [ERROR] [ShopBot] 连接失败（第 6/8 次）: failed to connect
[2026-05-08 00:03:57] [INFO] [ShopBot] 等待 0.024480481084002897 秒后重试...
[2026-05-08 00:03:57] [INFO] [ShopBot] 正在连接设备 127.0.0.1:16384（第 7/8 次）
[2026-05-08 00:03:57] [WARNING] [ShopBot] 连接输出异常: failed to connect
[2026-05-08 00:03:57] [ERROR] [ShopBot] 连接失败（第 7/8 次）: failed to connect
[2026-05-08 00:03:57] [INFO] [ShopBot] 等待 0.024480481084002897 秒后重试...
[2026-05-08 00:03:57] [INFO] [ShopBot] 正在连接设备 127.0.0.1:16384（第 8/8 次）
[2026-05-08 00:03:57] [WARNING] [ShopBot] 连接输出异常: failed to connect
[2026-05-08 00:03:57] [ERROR] [ShopBot] 连接失败（第 8/8 次）: failed to connect
[2026-05-08 00:03:57] [ERROR] [ShopBot] 设备连接失败，已重试 8 次: 127.0.0.1:16384
[2026-05-08 00:03:57] [INFO] [ShopBot] 正在连接设备 127.0.0.1:16384（第 1/2 次）
[2026-05-08 00:03:57] [WARNING] [ShopBot] 连接输出异常: failed to connect
[2026-05-08 00:03:57] [ERROR] [ShopBot] 连接失败（第 1/2 次）: failed to connect
[2026-05-08 00:03:57] [INFO] [ShopBot] 等待 0.060006077658271234 秒后重试...
[2026-05-08 00:03:57] [INFO] [ShopBot] 正在连接设备 127.0.0.1:16384（第 2/2 次）
[2026-05-08 00:03:57] [WARNING] [ShopBot] 连接输出异常: failed to connect
[2026-05-08 00:03:57] [ERROR] [ShopBot] 连接失败（第 2/2 次）: failed to connect
[2026-05-08 00:03:57] [ERROR] [ShopBot] 设备连接失败，已重试 2 次: 127.0.0.1:16384
[2026-05-08 00:03:57] [INFO] [ShopBot] 正在连接设备 127.0.0.1:16384（第 1/3 次）
[2026-05-08 00:03:57] [WARNING] [ShopBot] 连接输出异常: failed to connect
[2026-05-08 00:03:57] [ERROR] [ShopBot] 连接失败（第 1/3 次）: failed to connect
[2026-05-08 00:03:57] [INFO] [ShopBot] 等待 0.09925061763877409 秒后重试...
[2026-05-08 00:03:57] [INFO] [ShopBot] 正在连接设备 127.0.0.1:16384（第 2/3 次）
[2026-05-08 00:03:57] [WARNING] [ShopBot] 连接输出异常: failed to connect
[2026-05-08 00:03:57] [ERROR] [ShopBot] 连接失败（第 2/3 次）: failed to connect
[2026-05-08 00:03:57] [INFO] [ShopBot] 等待 0.09925061763877409 秒后重试...
[2026-05-08 00:03:57] [INFO] [ShopBot] 正在连接设备 127.0.0.1:16384（第 3/3 次）
[2026-05-08 00:03:57] [WARNING] [ShopBot] 连接输出异常: failed to connect
[2026-05-08 00:03:57] [ERROR] [ShopBot] 连接失败（第 3/3 次）: failed to connect
[2026-05-08 00:03:57] [ERROR] [ShopBot] 设备连接失败，已重试 3 次: 127.0.0.1:16384
[2026-05-08 00:03:57] [INFO] [ShopBot] 正在连接设备 127.0.0.1:16384（第 1/8 次）
[2026-05-08 00:03:57] [WARNING] [ShopBot] 连接输出异常: failed to connect
[2026-05-08 00:03:57] [ERROR] [ShopBot] 连接失败（第 1/8 次）: failed to connect
[2026-05-08 00:03:57] [INFO] [ShopBot] 等待 0.03378967181462407 秒后重试...
[2026-05-08 00:03:57] [INFO] [ShopBot] 正在连接设备 127.0.0.1:16384（第 2/8 次）
[2026-05-08 00:03:57] [WARNING] [ShopBot] 连接输出异常: failed to connect
[2026-05-08 00:03:57] [ERROR] [ShopBot] 连接失败（第 2/8 次）: failed to connect
[2026-05-08 00:03:57] [INFO] [ShopBot] 等待 0.03378967181462407 秒后重试...
[2026-05-08 00:03:57] [INFO] [ShopBot] 正在连接设备 127.0.0.1:16384（第 3/8 次）
[2026-05-08 00:03:57] [WARNING] [ShopBot] 连接输出异常: failed to connect
[2026-05-08 00:03:57] [ERROR] [ShopBot] 连接失败（第 3/8 次）: failed to connect
[2026-05-08 00:03:57] [INFO] [ShopBot] 等待 0.03378967181462407 秒后重试...
[2026-05-08 00:03:57] [INFO] [ShopBot] 正在连接设备 127.0.0.1:16384（第 4/8 次）
[2026-05-08 00:03:57] [WARNING] [ShopBot] 连接输出异常: failed to connect
[2026-05-08 00:03:57] [ERROR] [ShopBot] 连接失败（第 4/8 次）: failed to connect
[2026-05-08 00:03:57] [INFO] [ShopBot] 等待 0.03378967181462407 秒后重试...
[2026-05-08 00:03:57] [INFO] [ShopBot] 正在连接设备 127.0.0.1:16384（第 5/8 次）
[2026-05-08 00:03:57] [WARNING] [ShopBot] 连接输出异常: failed to connect
[2026-05-08 00:03:57] [ERROR] [ShopBot] 连接失败（第 5/8 次）: failed to connect
[2026-05-08 00:03:57] [INFO] [ShopBot] 等待 0.03378967181462407 秒后重试...
[2026-05-08 00:03:57] [INFO] [ShopBot] 正在连接设备 127.0.0.1:16384（第 6/8 次）
[2026-05-08 00:03:57] [WARNING] [ShopBot] 连接输出异常: failed to connect
[2026-05-08 00:03:57] [ERROR] [ShopBot] 连接失败（第 6/8 次）: failed to connect
[2026-05-08 00:03:57] [INFO] [ShopBot] 等待 0.03378967181462407 秒后重试...
[2026-05-08 00:03:57] [INFO] [ShopBot] 正在连接设备 127.0.0.1:16384（第 7/8 次）
[2026-05-08 00:03:57] [WARNING] [ShopBot] 连接输出异常: failed to connect
[2026-05-08 00:03:57] [ERROR] [ShopBot] 连接失败（第 7/8 次）: failed to connect
[2026-05-08 00:03:57] [INFO] [ShopBot] 等待 0.03378967181462407 秒后重试...
[2026-05-08 00:03:57] [INFO] [ShopBot] 正在连接设备 127.0.0.1:16384（第 8/8 次）
[2026-05-08 00:03:57] [WARNING] [ShopBot] 连接输出异常: failed to connect
[2026-05-08 00:03:57] [ERROR] [ShopBot] 连接失败（第 8/8 次）: failed to connect
[2026-05-08 00:03:57] [ERROR] [ShopBot] 设备连接失败，已重试 8 次: 127.0.0.1:16384
[2026-05-08 00:03:57] [INFO] [ShopBot] 正在连接设备 127.0.0.1:16384（第 1/2 次）
[2026-05-08 00:03:57] [WARNING] [ShopBot] 连接输出异常: failed to connect
[2026-05-08 00:03:57] [ERROR] [ShopBot] 连接失败（第 1/2 次）: failed to connect
[2026-05-08 00:03:57] [INFO] [ShopBot] 等待 0.02777556957195325 秒后重试...
[2026-05-08 00:03:57] [INFO] [ShopBot] 正在连接设备 127.0.0.1:16384（第 2/2 次）
[2026-05-08 00:03:57] [WARNING] [ShopBot] 连接输出异常: failed to connect
[2026-05-08 00:03:57] [ERROR] [ShopBot] 连接失败（第 2/2 次）: failed to connect
[2026-05-08 00:03:57] [ERROR] [ShopBot] 设备连接失败，已重试 2 次: 127.0.0.1:16384
[2026-05-08 00:03:57] [INFO] [ShopBot] 正在连接设备 127.0.0.1:16384（第 1/5 次）
[2026-05-08 00:03:57] [WARNING] [ShopBot] 连接输出异常: failed to connect
[2026-05-08 00:03:57] [ERROR] [ShopBot] 连接失败（第 1/5 次）: failed to connect
[2026-05-08 00:03:57] [INFO] [ShopBot] 等待 0.036556812483575 秒后重试...
[2026-05-08 00:03:57] [INFO] [ShopBot] 正在连接设备 127.0.0.1:16384（第 2/5 次）
[2026-05-08 00:03:57] [WARNING] [ShopBot] 连接输出异常: failed to connect
[2026-05-08 00:03:57] [ERROR] [ShopBot] 连接失败（第 2/5 次）: failed to connect
[2026-05-08 00:03:57] [INFO] [ShopBot] 等待 0.036556812483575 秒后重试...
[2026-05-08 00:03:57] [INFO] [ShopBot] 正在连接设备 127.0.0.1:16384（第 3/5 次）
[2026-05-08 00:03:57] [WARNING] [ShopBot] 连接输出异常: failed to connect
[2026-05-08 00:03:57] [ERROR] [ShopBot] 连接失败（第 3/5 次）: failed to connect
[2026-05-08 00:03:57] [INFO] [ShopBot] 等待 0.036556812483575 秒后重试...
[2026-05-08 00:03:57] [INFO] [ShopBot] 正在连接设备 127.0.0.1:16384（第 4/5 次）
[2026-05-08 00:03:57] [WARNING] [ShopBot] 连接输出异常: failed to connect
[2026-05-08 00:03:57] [ERROR] [ShopBot] 连接失败（第 4/5 次）: failed to connect
[2026-05-08 00:03:57] [INFO] [ShopBot] 等待 0.036556812483575 秒后重试...
[2026-05-08 00:03:57] [INFO] [ShopBot] 正在连接设备 127.0.0.1:16384（第 5/5 次）
[2026-05-08 00:03:57] [WARNING] [ShopBot] 连接输出异常: failed to connect
[2026-05-08 00:03:57] [ERROR] [ShopBot] 连接失败（第 5/5 次）: failed to connect
[2026-05-08 00:03:57] [ERROR] [ShopBot] 设备连接失败，已重试 5 次: 127.0.0.1:16384
[2026-05-08 00:03:57] [INFO] [ShopBot] 正在连接设备 127.0.0.1:16384（第 1/7 次）
[2026-05-08 00:03:57] [WARNING] [ShopBot] 连接输出异常: failed to connect
[2026-05-08 00:03:57] [ERROR] [ShopBot] 连接失败（第 1/7 次）: failed to connect
[2026-05-08 00:03:57] [INFO] [ShopBot] 等待 0.06995681225688197 秒后重试...
[2026-05-08 00:03:57] [INFO] [ShopBot] 正在连接设备 127.0.0.1:16384（第 2/7 次）
[2026-05-08 00:03:57] [WARNING] [ShopBot] 连接输出异常: failed to connect
[2026-05-08 00:03:57] [ERROR] [ShopBot] 连接失败（第 2/7 次）: failed to connect
[2026-05-08 00:03:57] [INFO] [ShopBot] 等待 0.06995681225688197 秒后重试...
[2026-05-08 00:03:57] [INFO] [ShopBot] 正在连接设备 127.0.0.1:16384（第 3/7 次）
[2026-05-08 00:03:57] [WARNING] [ShopBot] 连接输出异常: failed to connect
[2026-05-08 00:03:57] [ERROR] [ShopBot] 连接失败（第 3/7 次）: failed to connect
[2026-05-08 00:03:57] [INFO] [ShopBot] 等待 0.06995681225688197 秒后重试...
[2026-05-08 00:03:57] [INFO] [ShopBot] 正在连接设备 127.0.0.1:16384（第 4/7 次）
[2026-05-08 00:03:57] [WARNING] [ShopBot] 连接输出异常: failed to connect
[2026-05-08 00:03:57] [ERROR] [ShopBot] 连接失败（第 4/7 次）: failed to connect
[2026-05-08 00:03:57] [INFO] [ShopBot] 等待 0.06995681225688197 秒后重试...
[2026-05-08 00:03:57] [INFO] [ShopBot] 正在连接设备 127.0.0.1:16384（第 5/7 次）
[2026-05-08 00:03:57] [WARNING] [ShopBot] 连接输出异常: failed to connect
[2026-05-08 00:03:57] [ERROR] [ShopBot] 连接失败（第 5/7 次）: failed to connect
[2026-05-08 00:03:57] [INFO] [ShopBot] 等待 0.06995681225688197 秒后重试...
[2026-05-08 00:03:57] [INFO] [ShopBot] 正在连接设备 127.0.0.1:16384（第 6/7 次）
[2026-05-08 00:03:57] [WARNING] [ShopBot] 连接输出异常: failed to connect
[2026-05-08 00:03:57] [ERROR] [ShopBot] 连接失败（第 6/7 次）: failed to connect
[2026-05-08 00:03:57] [INFO] [ShopBot] 等待 0.06995681225688197 秒后重试...
[2026-05-08 00:03:57] [INFO] [ShopBot] 正在连接设备 127.0.0.1:16384（第 7/7 次）
[2026-05-08 00:03:57] [WARNING] [ShopBot] 连接输出异常: failed to connect
[2026-05-08 00:03:57] [ERROR] [ShopBot] 连接失败（第 7/7 次）: failed to connect
[2026-05-08 00:03:57] [ERROR] [ShopBot] 设备连接失败，已重试 7 次: 127.0.0.1:16384
[2026-05-08 00:03:57] [INFO] [ShopBot] 正在连接设备 127.0.0.1:16384（第 1/10 次）
[2026-05-08 00:03:57] [WARNING] [ShopBot] 连接输出异常: failed to connect
[2026-05-08 00:03:57] [ERROR] [ShopBot] 连接失败（第 1/10 次）: failed to connect
[2026-05-08 00:03:57] [INFO] [ShopBot] 等待 0.028943866366150664 秒后重试...
[2026-05-08 00:03:57] [INFO] [ShopBot] 正在连接设备 127.0.0.1:16384（第 2/10 次）
[2026-05-08 00:03:57] [WARNING] [ShopBot] 连接输出异常: failed to connect
[2026-05-08 00:03:57] [ERROR] [ShopBot] 连接失败（第 2/10 次）: failed to connect
[2026-05-08 00:03:57] [INFO] [ShopBot] 等待 0.028943866366150664 秒后重试...
[2026-05-08 00:03:57] [INFO] [ShopBot] 正在连接设备 127.0.0.1:16384（第 3/10 次）
[2026-05-08 00:03:57] [WARNING] [ShopBot] 连接输出异常: failed to connect
[2026-05-08 00:03:57] [ERROR] [ShopBot] 连接失败（第 3/10 次）: failed to connect
[2026-05-08 00:03:57] [INFO] [ShopBot] 等待 0.028943866366150664 秒后重试...
[2026-05-08 00:03:57] [INFO] [ShopBot] 正在连接设备 127.0.0.1:16384（第 4/10 次）
[2026-05-08 00:03:57] [WARNING] [ShopBot] 连接输出异常: failed to connect
[2026-05-08 00:03:57] [ERROR] [ShopBot] 连接失败（第 4/10 次）: failed to connect
[2026-05-08 00:03:57] [INFO] [ShopBot] 等待 0.028943866366150664 秒后重试...
[2026-05-08 00:03:57] [INFO] [ShopBot] 正在连接设备 127.0.0.1:16384（第 5/10 次）
[2026-05-08 00:03:57] [WARNING] [ShopBot] 连接输出异常: failed to connect
[2026-05-08 00:03:57] [ERROR] [ShopBot] 连接失败（第 5/10 次）: failed to connect
[2026-05-08 00:03:57] [INFO] [ShopBot] 等待 0.028943866366150664 秒后重试...
[2026-05-08 00:03:57] [INFO] [ShopBot] 正在连接设备 127.0.0.1:16384（第 6/10 次）
[2026-05-08 00:03:57] [WARNING] [ShopBot] 连接输出异常: failed to connect
[2026-05-08 00:03:57] [ERROR] [ShopBot] 连接失败（第 6/10 次）: failed to connect
[2026-05-08 00:03:57] [INFO] [ShopBot] 等待 0.028943866366150664 秒后重试...
[2026-05-08 00:03:57] [INFO] [ShopBot] 正在连接设备 127.0.0.1:16384（第 7/10 次）
[2026-05-08 00:03:57] [WARNING] [ShopBot] 连接输出异常: failed to connect
[2026-05-08 00:03:57] [ERROR] [ShopBot] 连接失败（第 7/10 次）: failed to connect
[2026-05-08 00:03:57] [INFO] [ShopBot] 等待 0.028943866366150664 秒后重试...
[2026-05-08 00:03:57] [INFO] [ShopBot] 正在连接设备 127.0.0.1:16384（第 8/10 次）
[2026-05-08 00:03:57] [WARNING] [ShopBot] 连接输出异常: failed to connect
[2026-05-08 00:03:57] [ERROR] [ShopBot] 连接失败（第 8/10 次）: failed to connect
[2026-05-08 00:03:57] [INFO] [ShopBot] 等待 0.028943866366150664 秒后重试...
[2026-05-08 00:03:57] [INFO] [ShopBot] 正在连接设备 127.0.0.1:16384（第 9/10 次）
[2026-05-08 00:03:57] [WARNING] [ShopBot] 连接输出异常: failed to connect
[2026-05-08 00:03:57] [ERROR] [ShopBot] 连接失败（第 9/10 次）: failed to connect
[2026-05-08 00:03:57] [INFO] [ShopBot] 等待 0.028943866366150664 秒后重试...
[2026-05-08 00:03:57] [INFO] [ShopBot] 正在连接设备 127.0.0.1:16384（第 10/10 次）
[2026-05-08 00:03:57] [WARNING] [ShopBot] 连接输出异常: failed to connect
[2026-05-08 00:03:57] [ERROR] [ShopBot] 连接失败（第 10/10 次）: failed to connect
[2026-05-08 00:03:57] [ERROR] [ShopBot] 设备连接失败，已重试 10 次: 127.0.0.1:16384
[2026-05-08 00:03:57] [INFO] [ShopBot] 正在连接设备 127.0.0.1:16384（第 1/2 次）
[2026-05-08 00:03:57] [WARNING] [ShopBot] 连接输出异常: failed to connect
[2026-05-08 00:03:57] [ERROR] [ShopBot] 连接失败（第 1/2 次）: failed to connect
[2026-05-08 00:03:57] [INFO] [ShopBot] 等待 0.010000000000000002 秒后重试...
[2026-05-08 00:03:57] [INFO] [ShopBot] 正在连接设备 127.0.0.1:16384（第 2/2 次）
[2026-05-08 00:03:57] [WARNING] [ShopBot] 连接输出异常: failed to connect
[2026-05-08 00:03:57] [ERROR] [ShopBot] 连接失败（第 2/2 次）: failed to connect
[2026-05-08 00:03:57] [ERROR] [ShopBot] 设备连接失败，已重试 2 次: 127.0.0.1:16384
[2026-05-08 00:03:57] [INFO] [ShopBot] 正在连接设备 127.0.0.1:16384（第 1/1 次）
[2026-05-08 00:03:57] [WARNING] [ShopBot] 连接输出异常: failed to connect
[2026-05-08 00:03:57] [ERROR] [ShopBot] 连接失败（第 1/1 次）: failed to connect
[2026-05-08 00:03:57] [ERROR] [ShopBot] 设备连接失败，已重试 1 次: 127.0.0.1:16384
[2026-05-08 00:03:57] [INFO] [ShopBot] 正在连接设备 127.0.0.1:16384（第 1/4 次）
[2026-05-08 00:03:57] [WARNING] [ShopBot] 连接输出异常: failed to connect
[2026-05-08 00:03:57] [ERROR] [ShopBot] 连接失败（第 1/4 次）: failed to connect
[2026-05-08 00:03:57] [INFO] [ShopBot] 等待 0.010000000000000002 秒后重试...
[2026-05-08 00:03:57] [INFO] [ShopBot] 正在连接设备 127.0.0.1:16384（第 2/4 次）
[2026-05-08 00:03:57] [WARNING] [ShopBot] 连接输出异常: failed to connect
[2026-05-08 00:03:57] [ERROR] [ShopBot] 连接失败（第 2/4 次）: failed to connect
[2026-05-08 00:03:57] [INFO] [ShopBot] 等待 0.010000000000000002 秒后重试...
[2026-05-08 00:03:57] [INFO] [ShopBot] 正在连接设备 127.0.0.1:16384（第 3/4 次）
[2026-05-08 00:03:57] [WARNING] [ShopBot] 连接输出异常: failed to connect
[2026-05-08 00:03:57] [ERROR] [ShopBot] 连接失败（第 3/4 次）: failed to connect
[2026-05-08 00:03:57] [INFO] [ShopBot] 等待 0.010000000000000002 秒后重试...
[2026-05-08 00:03:57] [INFO] [ShopBot] 正在连接设备 127.0.0.1:16384（第 4/4 次）
[2026-05-08 00:03:57] [WARNING] [ShopBot] 连接输出异常: failed to connect
[2026-05-08 00:03:57] [ERROR] [ShopBot] 连接失败（第 4/4 次）: failed to connect
[2026-05-08 00:03:57] [ERROR] [ShopBot] 设备连接失败，已重试 4 次: 127.0.0.1:16384
[2026-05-08 00:03:57] [INFO] [ShopBot] 正在连接设备 127.0.0.1:16384（第 1/7 次）
[2026-05-08 00:03:57] [WARNING] [ShopBot] 连接输出异常: failed to connect
[2026-05-08 00:03:57] [ERROR] [ShopBot] 连接失败（第 1/7 次）: failed to connect
[2026-05-08 00:03:57] [INFO] [ShopBot] 等待 0.04352071728870501 秒后重试...
[2026-05-08 00:03:57] [INFO] [ShopBot] 正在连接设备 127.0.0.1:16384（第 2/7 次）
[2026-05-08 00:03:57] [WARNING] [ShopBot] 连接输出异常: failed to connect
[2026-05-08 00:03:57] [ERROR] [ShopBot] 连接失败（第 2/7 次）: failed to connect
[2026-05-08 00:03:57] [INFO] [ShopBot] 等待 0.04352071728870501 秒后重试...
[2026-05-08 00:03:57] [INFO] [ShopBot] 正在连接设备 127.0.0.1:16384（第 3/7 次）
[2026-05-08 00:03:57] [WARNING] [ShopBot] 连接输出异常: failed to connect
[2026-05-08 00:03:57] [ERROR] [ShopBot] 连接失败（第 3/7 次）: failed to connect
[2026-05-08 00:03:57] [INFO] [ShopBot] 等待 0.04352071728870501 秒后重试...
[2026-05-08 00:03:57] [INFO] [ShopBot] 正在连接设备 127.0.0.1:16384（第 4/7 次）
[2026-05-08 00:03:57] [WARNING] [ShopBot] 连接输出异常: failed to connect
[2026-05-08 00:03:57] [ERROR] [ShopBot] 连接失败（第 4/7 次）: failed to connect
[2026-05-08 00:03:57] [INFO] [ShopBot] 等待 0.04352071728870501 秒后重试...
[2026-05-08 00:03:57] [INFO] [ShopBot] 正在连接设备 127.0.0.1:16384（第 5/7 次）
[2026-05-08 00:03:57] [WARNING] [ShopBot] 连接输出异常: failed to connect
[2026-05-08 00:03:57] [ERROR] [ShopBot] 连接失败（第 5/7 次）: failed to connect
[2026-05-08 00:03:57] [INFO] [ShopBot] 等待 0.04352071728870501 秒后重试...
[2026-05-08 00:03:57] [INFO] [ShopBot] 正在连接设备 127.0.0.1:16384（第 6/7 次）
[2026-05-08 00:03:57] [WARNING] [ShopBot] 连接输出异常: failed to connect
[2026-05-08 00:03:57] [ERROR] [ShopBot] 连接失败（第 6/7 次）: failed to connect
[2026-05-08 00:03:57] [INFO] [ShopBot] 等待 0.04352071728870501 秒后重试...
[2026-05-08 00:03:57] [INFO] [ShopBot] 正在连接设备 127.0.0.1:16384（第 7/7 次）
[2026-05-08 00:03:57] [WARNING] [ShopBot] 连接输出异常: failed to connect
[2026-05-08 00:03:57] [ERROR] [ShopBot] 连接失败（第 7/7 次）: failed to connect
[2026-05-08 00:03:57] [ERROR] [ShopBot] 设备连接失败，已重试 7 次: 127.0.0.1:16384
[2026-05-08 00:03:57] [INFO] [ShopBot] 正在连接设备 127.0.0.1:16384（第 1/9 次）
[2026-05-08 00:03:57] [WARNING] [ShopBot] 连接输出异常: failed to connect
[2026-05-08 00:03:57] [ERROR] [ShopBot] 连接失败（第 1/9 次）: failed to connect
[2026-05-08 00:03:57] [INFO] [ShopBot] 等待 0.053738834382304854 秒后重试...
[2026-05-08 00:03:57] [INFO] [ShopBot] 正在连接设备 127.0.0.1:16384（第 2/9 次）
[2026-05-08 00:03:57] [WARNING] [ShopBot] 连接输出异常: failed to connect
[2026-05-08 00:03:57] [ERROR] [ShopBot] 连接失败（第 2/9 次）: failed to connect
[2026-05-08 00:03:57] [INFO] [ShopBot] 等待 0.053738834382304854 秒后重试...
[2026-05-08 00:03:57] [INFO] [ShopBot] 正在连接设备 127.0.0.1:16384（第 3/9 次）
[2026-05-08 00:03:57] [WARNING] [ShopBot] 连接输出异常: failed to connect
[2026-05-08 00:03:57] [ERROR] [ShopBot] 连接失败（第 3/9 次）: failed to connect
[2026-05-08 00:03:57] [INFO] [ShopBot] 等待 0.053738834382304854 秒后重试...
[2026-05-08 00:03:57] [INFO] [ShopBot] 正在连接设备 127.0.0.1:16384（第 4/9 次）
[2026-05-08 00:03:57] [WARNING] [ShopBot] 连接输出异常: failed to connect
[2026-05-08 00:03:57] [ERROR] [ShopBot] 连接失败（第 4/9 次）: failed to connect
[2026-05-08 00:03:57] [INFO] [ShopBot] 等待 0.053738834382304854 秒后重试...
[2026-05-08 00:03:57] [INFO] [ShopBot] 正在连接设备 127.0.0.1:16384（第 5/9 次）
[2026-05-08 00:03:57] [WARNING] [ShopBot] 连接输出异常: failed to connect
[2026-05-08 00:03:57] [ERROR] [ShopBot] 连接失败（第 5/9 次）: failed to connect
[2026-05-08 00:03:57] [INFO] [ShopBot] 等待 0.053738834382304854 秒后重试...
[2026-05-08 00:03:57] [INFO] [ShopBot] 正在连接设备 127.0.0.1:16384（第 6/9 次）
[2026-05-08 00:03:57] [WARNING] [ShopBot] 连接输出异常: failed to connect
[2026-05-08 00:03:57] [ERROR] [ShopBot] 连接失败（第 6/9 次）: failed to connect
[2026-05-08 00:03:57] [INFO] [ShopBot] 等待 0.053738834382304854 秒后重试...
[2026-05-08 00:03:57] [INFO] [ShopBot] 正在连接设备 127.0.0.1:16384（第 7/9 次）
[2026-05-08 00:03:57] [WARNING] [ShopBot] 连接输出异常: failed to connect
[2026-05-08 00:03:57] [ERROR] [ShopBot] 连接失败（第 7/9 次）: failed to connect
[2026-05-08 00:03:57] [INFO] [ShopBot] 等待 0.053738834382304854 秒后重试...
[2026-05-08 00:03:57] [INFO] [ShopBot] 正在连接设备 127.0.0.1:16384（第 8/9 次）
[2026-05-08 00:03:57] [WARNING] [ShopBot] 连接输出异常: failed to connect
[2026-05-08 00:03:57] [ERROR] [ShopBot] 连接失败（第 8/9 次）: failed to connect
[2026-05-08 00:03:57] [INFO] [ShopBot] 等待 0.053738834382304854 秒后重试...
[2026-05-08 00:03:57] [INFO] [ShopBot] 正在连接设备 127.0.0.1:16384（第 9/9 次）
[2026-05-08 00:03:57] [WARNING] [ShopBot] 连接输出异常: failed to connect
[2026-05-08 00:03:57] [ERROR] [ShopBot] 连接失败（第 9/9 次）: failed to connect
[2026-05-08 00:03:57] [ERROR] [ShopBot] 设备连接失败，已重试 9 次: 127.0.0.1:16384
[2026-05-08 00:03:57] [INFO] [ShopBot] 正在连接设备 127.0.0.1:16384（第 1/8 次）
[2026-05-08 00:03:57] [WARNING] [ShopBot] 连接输出异常: failed to connect
[2026-05-08 00:03:57] [ERROR] [ShopBot] 连接失败（第 1/8 次）: failed to connect
[2026-05-08 00:03:57] [INFO] [ShopBot] 等待 0.08479712939958395 秒后重试...
[2026-05-08 00:03:57] [INFO] [ShopBot] 正在连接设备 127.0.0.1:16384（第 2/8 次）
[2026-05-08 00:03:57] [WARNING] [ShopBot] 连接输出异常: failed to connect
[2026-05-08 00:03:57] [ERROR] [ShopBot] 连接失败（第 2/8 次）: failed to connect
[2026-05-08 00:03:57] [INFO] [ShopBot] 等待 0.08479712939958395 秒后重试...
[2026-05-08 00:03:57] [INFO] [ShopBot] 正在连接设备 127.0.0.1:16384（第 3/8 次）
[2026-05-08 00:03:57] [WARNING] [ShopBot] 连接输出异常: failed to connect
[2026-05-08 00:03:57] [ERROR] [ShopBot] 连接失败（第 3/8 次）: failed to connect
[2026-05-08 00:03:57] [INFO] [ShopBot] 等待 0.08479712939958395 秒后重试...
[2026-05-08 00:03:57] [INFO] [ShopBot] 正在连接设备 127.0.0.1:16384（第 4/8 次）
[2026-05-08 00:03:57] [WARNING] [ShopBot] 连接输出异常: failed to connect
[2026-05-08 00:03:57] [ERROR] [ShopBot] 连接失败（第 4/8 次）: failed to connect
[2026-05-08 00:03:57] [INFO] [ShopBot] 等待 0.08479712939958395 秒后重试...
[2026-05-08 00:03:57] [INFO] [ShopBot] 正在连接设备 127.0.0.1:16384（第 5/8 次）
[2026-05-08 00:03:57] [WARNING] [ShopBot] 连接输出异常: failed to connect
[2026-05-08 00:03:57] [ERROR] [ShopBot] 连接失败（第 5/8 次）: failed to connect
[2026-05-08 00:03:57] [INFO] [ShopBot] 等待 0.08479712939958395 秒后重试...
[2026-05-08 00:03:57] [INFO] [ShopBot] 正在连接设备 127.0.0.1:16384（第 6/8 次）
[2026-05-08 00:03:57] [WARNING] [ShopBot] 连接输出异常: failed to connect
[2026-05-08 00:03:57] [ERROR] [ShopBot] 连接失败（第 6/8 次）: failed to connect
[2026-05-08 00:03:57] [INFO] [ShopBot] 等待 0.08479712939958395 秒后重试...
[2026-05-08 00:03:57] [INFO] [ShopBot] 正在连接设备 127.0.0.1:16384（第 7/8 次）
[2026-05-08 00:03:57] [WARNING] [ShopBot] 连接输出异常: failed to connect
[2026-05-08 00:03:57] [ERROR] [ShopBot] 连接失败（第 7/8 次）: failed to connect
[2026-05-08 00:03:57] [INFO] [ShopBot] 等待 0.08479712939958395 秒后重试...
[2026-05-08 00:03:57] [INFO] [ShopBot] 正在连接设备 127.0.0.1:16384（第 8/8 次）
[2026-05-08 00:03:57] [WARNING] [ShopBot] 连接输出异常: failed to connect
[2026-05-08 00:03:57] [ERROR] [ShopBot] 连接失败（第 8/8 次）: failed to connect
[2026-05-08 00:03:57] [ERROR] [ShopBot] 设备连接失败，已重试 8 次: 127.0.0.1:16384
[2026-05-08 00:03:57] [INFO] [ShopBot] 正在连接设备 127.0.0.1:16384（第 1/10 次）
[2026-05-08 00:03:57] [WARNING] [ShopBot] 连接输出异常: failed to connect
[2026-05-08 00:03:57] [ERROR] [ShopBot] 连接失败（第 1/10 次）: failed to connect
[2026-05-08 00:03:57] [INFO] [ShopBot] 等待 0.08416487704499497 秒后重试...
[2026-05-08 00:03:57] [INFO] [ShopBot] 正在连接设备 127.0.0.1:16384（第 2/10 次）
[2026-05-08 00:03:57] [WARNING] [ShopBot] 连接输出异常: failed to connect
[2026-05-08 00:03:57] [ERROR] [ShopBot] 连接失败（第 2/10 次）: failed to connect
[2026-05-08 00:03:57] [INFO] [ShopBot] 等待 0.08416487704499497 秒后重试...
[2026-05-08 00:03:57] [INFO] [ShopBot] 正在连接设备 127.0.0.1:16384（第 3/10 次）
[2026-05-08 00:03:57] [WARNING] [ShopBot] 连接输出异常: failed to connect
[2026-05-08 00:03:57] [ERROR] [ShopBot] 连接失败（第 3/10 次）: failed to connect
[2026-05-08 00:03:57] [INFO] [ShopBot] 等待 0.08416487704499497 秒后重试...
[2026-05-08 00:03:57] [INFO] [ShopBot] 正在连接设备 127.0.0.1:16384（第 4/10 次）
[2026-05-08 00:03:57] [WARNING] [ShopBot] 连接输出异常: failed to connect
[2026-05-08 00:03:57] [ERROR] [ShopBot] 连接失败（第 4/10 次）: failed to connect
[2026-05-08 00:03:57] [INFO] [ShopBot] 等待 0.08416487704499497 秒后重试...
[2026-05-08 00:03:57] [INFO] [ShopBot] 正在连接设备 127.0.0.1:16384（第 5/10 次）
[2026-05-08 00:03:57] [WARNING] [ShopBot] 连接输出异常: failed to connect
[2026-05-08 00:03:57] [ERROR] [ShopBot] 连接失败（第 5/10 次）: failed to connect
[2026-05-08 00:03:57] [INFO] [ShopBot] 等待 0.08416487704499497 秒后重试...
[2026-05-08 00:03:57] [INFO] [ShopBot] 正在连接设备 127.0.0.1:16384（第 6/10 次）
[2026-05-08 00:03:57] [WARNING] [ShopBot] 连接输出异常: failed to connect
[2026-05-08 00:03:57] [ERROR] [ShopBot] 连接失败（第 6/10 次）: failed to connect
[2026-05-08 00:03:57] [INFO] [ShopBot] 等待 0.08416487704499497 秒后重试...
[2026-05-08 00:03:57] [INFO] [ShopBot] 正在连接设备 127.0.0.1:16384（第 7/10 次）
[2026-05-08 00:03:57] [WARNING] [ShopBot] 连接输出异常: failed to connect
[2026-05-08 00:03:57] [ERROR] [ShopBot] 连接失败（第 7/10 次）: failed to connect
[2026-05-08 00:03:57] [INFO] [ShopBot] 等待 0.08416487704499497 秒后重试...
[2026-05-08 00:03:57] [INFO] [ShopBot] 正在连接设备 127.0.0.1:16384（第 8/10 次）
[2026-05-08 00:03:57] [WARNING] [ShopBot] 连接输出异常: failed to connect
[2026-05-08 00:03:57] [ERROR] [ShopBot] 连接失败（第 8/10 次）: failed to connect
[2026-05-08 00:03:57] [INFO] [ShopBot] 等待 0.08416487704499497 秒后重试...
[2026-05-08 00:03:57] [INFO] [ShopBot] 正在连接设备 127.0.0.1:16384（第 9/10 次）
[2026-05-08 00:03:57] [WARNING] [ShopBot] 连接输出异常: failed to connect
[2026-05-08 00:03:57] [ERROR] [ShopBot] 连接失败（第 9/10 次）: failed to connect
[2026-05-08 00:03:57] [INFO] [ShopBot] 等待 0.08416487704499497 秒后重试...
[2026-05-08 00:03:57] [INFO] [ShopBot] 正在连接设备 127.0.0.1:16384（第 10/10 次）
[2026-05-08 00:03:57] [WARNING] [ShopBot] 连接输出异常: failed to connect
[2026-05-08 00:03:57] [ERROR] [ShopBot] 连接失败（第 10/10 次）: failed to connect
[2026-05-08 00:03:57] [ERROR] [ShopBot] 设备连接失败，已重试 10 次: 127.0.0.1:16384
[2026-05-08 00:03:57] [INFO] [ShopBot] 正在连接设备 127.0.0.1:16384（第 1/2 次）
[2026-05-08 00:03:57] [WARNING] [ShopBot] 连接输出异常: failed to connect
[2026-05-08 00:03:57] [ERROR] [ShopBot] 连接失败（第 1/2 次）: failed to connect
[2026-05-08 00:03:57] [INFO] [ShopBot] 等待 0.08345867520790173 秒后重试...
[2026-05-08 00:03:57] [INFO] [ShopBot] 正在连接设备 127.0.0.1:16384（第 2/2 次）
[2026-05-08 00:03:57] [WARNING] [ShopBot] 连接输出异常: failed to connect
[2026-05-08 00:03:57] [ERROR] [ShopBot] 连接失败（第 2/2 次）: failed to connect
[2026-05-08 00:03:57] [ERROR] [ShopBot] 设备连接失败，已重试 2 次: 127.0.0.1:16384
[2026-05-08 00:03:57] [INFO] [ShopBot] 正在连接设备 127.0.0.1:16384（第 1/3 次）
[2026-05-08 00:03:57] [WARNING] [ShopBot] 连接输出异常: failed to connect
[2026-05-08 00:03:57] [ERROR] [ShopBot] 连接失败（第 1/3 次）: failed to connect
[2026-05-08 00:03:57] [INFO] [ShopBot] 等待 0.09253416508867485 秒后重试...
[2026-05-08 00:03:57] [INFO] [ShopBot] 正在连接设备 127.0.0.1:16384（第 2/3 次）
[2026-05-08 00:03:57] [WARNING] [ShopBot] 连接输出异常: failed to connect
[2026-05-08 00:03:57] [ERROR] [ShopBot] 连接失败（第 2/3 次）: failed to connect
[2026-05-08 00:03:57] [INFO] [ShopBot] 等待 0.09253416508867485 秒后重试...
[2026-05-08 00:03:57] [INFO] [ShopBot] 正在连接设备 127.0.0.1:16384（第 3/3 次）
[2026-05-08 00:03:57] [WARNING] [ShopBot] 连接输出异常: failed to connect
[2026-05-08 00:03:57] [ERROR] [ShopBot] 连接失败（第 3/3 次）: failed to connect
[2026-05-08 00:03:57] [ERROR] [ShopBot] 设备连接失败，已重试 3 次: 127.0.0.1:16384
[2026-05-08 00:03:57] [INFO] [ShopBot] 正在连接设备 127.0.0.1:16384（第 1/5 次）
[2026-05-08 00:03:57] [WARNING] [ShopBot] 连接输出异常: failed to connect
[2026-05-08 00:03:57] [ERROR] [ShopBot] 连接失败（第 1/5 次）: failed to connect
[2026-05-08 00:03:57] [INFO] [ShopBot] 等待 0.09029646772216836 秒后重试...
[2026-05-08 00:03:57] [INFO] [ShopBot] 正在连接设备 127.0.0.1:16384（第 2/5 次）
[2026-05-08 00:03:57] [WARNING] [ShopBot] 连接输出异常: failed to connect
[2026-05-08 00:03:57] [ERROR] [ShopBot] 连接失败（第 2/5 次）: failed to connect
[2026-05-08 00:03:57] [INFO] [ShopBot] 等待 0.09029646772216836 秒后重试...
[2026-05-08 00:03:57] [INFO] [ShopBot] 正在连接设备 127.0.0.1:16384（第 3/5 次）
[2026-05-08 00:03:57] [WARNING] [ShopBot] 连接输出异常: failed to connect
[2026-05-08 00:03:57] [ERROR] [ShopBot] 连接失败（第 3/5 次）: failed to connect
[2026-05-08 00:03:57] [INFO] [ShopBot] 等待 0.09029646772216836 秒后重试...
[2026-05-08 00:03:57] [INFO] [ShopBot] 正在连接设备 127.0.0.1:16384（第 4/5 次）
[2026-05-08 00:03:57] [WARNING] [ShopBot] 连接输出异常: failed to connect
[2026-05-08 00:03:57] [ERROR] [ShopBot] 连接失败（第 4/5 次）: failed to connect
[2026-05-08 00:03:57] [INFO] [ShopBot] 等待 0.09029646772216836 秒后重试...
[2026-05-08 00:03:57] [INFO] [ShopBot] 正在连接设备 127.0.0.1:16384（第 5/5 次）
[2026-05-08 00:03:57] [WARNING] [ShopBot] 连接输出异常: failed to connect
[2026-05-08 00:03:57] [ERROR] [ShopBot] 连接失败（第 5/5 次）: failed to connect
[2026-05-08 00:03:57] [ERROR] [ShopBot] 设备连接失败，已重试 5 次: 127.0.0.1:16384
[2026-05-08 00:03:57] [INFO] [ShopBot] 正在连接设备 127.0.0.1:16384（第 1/4 次）
[2026-05-08 00:03:57] [WARNING] [ShopBot] 连接输出异常: failed to connect
[2026-05-08 00:03:57] [ERROR] [ShopBot] 连接失败（第 1/4 次）: failed to connect
[2026-05-08 00:03:57] [INFO] [ShopBot] 等待 0.08735423702547741 秒后重试...
[2026-05-08 00:03:57] [INFO] [ShopBot] 正在连接设备 127.0.0.1:16384（第 2/4 次）
[2026-05-08 00:03:57] [WARNING] [ShopBot] 连接输出异常: failed to connect
[2026-05-08 00:03:57] [ERROR] [ShopBot] 连接失败（第 2/4 次）: failed to connect
[2026-05-08 00:03:57] [INFO] [ShopBot] 等待 0.08735423702547741 秒后重试...
[2026-05-08 00:03:57] [INFO] [ShopBot] 正在连接设备 127.0.0.1:16384（第 3/4 次）
[2026-05-08 00:03:57] [WARNING] [ShopBot] 连接输出异常: failed to connect
[2026-05-08 00:03:57] [ERROR] [ShopBot] 连接失败（第 3/4 次）: failed to connect
[2026-05-08 00:03:57] [INFO] [ShopBot] 等待 0.08735423702547741 秒后重试...
[2026-05-08 00:03:57] [INFO] [ShopBot] 正在连接设备 127.0.0.1:16384（第 4/4 次）
[2026-05-08 00:03:57] [WARNING] [ShopBot] 连接输出异常: failed to connect
[2026-05-08 00:03:57] [ERROR] [ShopBot] 连接失败（第 4/4 次）: failed to connect
[2026-05-08 00:03:57] [ERROR] [ShopBot] 设备连接失败，已重试 4 次: 127.0.0.1:16384
[2026-05-08 00:03:57] [INFO] [ShopBot] 正在连接设备 127.0.0.1:16384（第 1/3 次）
[2026-05-08 00:03:57] [WARNING] [ShopBot] 连接输出异常: failed to connect
[2026-05-08 00:03:57] [ERROR] [ShopBot] 连接失败（第 1/3 次）: failed to connect
[2026-05-08 00:03:58] [INFO] [ShopBot] 等待 0.03548851404454069 秒后重试...
[2026-05-08 00:03:58] [INFO] [ShopBot] 正在连接设备 127.0.0.1:16384（第 2/3 次）
[2026-05-08 00:03:58] [WARNING] [ShopBot] 连接输出异常: failed to connect
[2026-05-08 00:03:58] [ERROR] [ShopBot] 连接失败（第 2/3 次）: failed to connect
[2026-05-08 00:03:58] [INFO] [ShopBot] 等待 0.03548851404454069 秒后重试...
[2026-05-08 00:03:58] [INFO] [ShopBot] 正在连接设备 127.0.0.1:16384（第 3/3 次）
[2026-05-08 00:03:58] [WARNING] [ShopBot] 连接输出异常: failed to connect
[2026-05-08 00:03:58] [ERROR] [ShopBot] 连接失败（第 3/3 次）: failed to connect
[2026-05-08 00:03:58] [ERROR] [ShopBot] 设备连接失败，已重试 3 次: 127.0.0.1:16384
[2026-05-08 00:03:58] [INFO] [ShopBot] 正在连接设备 127.0.0.1:16384（第 1/8 次）
[2026-05-08 00:03:58] [WARNING] [ShopBot] 连接输出异常: failed to connect
[2026-05-08 00:03:58] [ERROR] [ShopBot] 连接失败（第 1/8 次）: failed to connect
[2026-05-08 00:03:58] [INFO] [ShopBot] 等待 0.0933647059616682 秒后重试...
[2026-05-08 00:03:58] [INFO] [ShopBot] 正在连接设备 127.0.0.1:16384（第 2/8 次）
[2026-05-08 00:03:58] [WARNING] [ShopBot] 连接输出异常: failed to connect
[2026-05-08 00:03:58] [ERROR] [ShopBot] 连接失败（第 2/8 次）: failed to connect
[2026-05-08 00:03:58] [INFO] [ShopBot] 等待 0.0933647059616682 秒后重试...
[2026-05-08 00:03:58] [INFO] [ShopBot] 正在连接设备 127.0.0.1:16384（第 3/8 次）
[2026-05-08 00:03:58] [WARNING] [ShopBot] 连接输出异常: failed to connect
[2026-05-08 00:03:58] [ERROR] [ShopBot] 连接失败（第 3/8 次）: failed to connect
[2026-05-08 00:03:58] [INFO] [ShopBot] 等待 0.0933647059616682 秒后重试...
[2026-05-08 00:03:58] [INFO] [ShopBot] 正在连接设备 127.0.0.1:16384（第 4/8 次）
[2026-05-08 00:03:58] [WARNING] [ShopBot] 连接输出异常: failed to connect
[2026-05-08 00:03:58] [ERROR] [ShopBot] 连接失败（第 4/8 次）: failed to connect
[2026-05-08 00:03:58] [INFO] [ShopBot] 等待 0.0933647059616682 秒后重试...
[2026-05-08 00:03:58] [INFO] [ShopBot] 正在连接设备 127.0.0.1:16384（第 5/8 次）
[2026-05-08 00:03:58] [WARNING] [ShopBot] 连接输出异常: failed to connect
[2026-05-08 00:03:58] [ERROR] [ShopBot] 连接失败（第 5/8 次）: failed to connect
[2026-05-08 00:03:58] [INFO] [ShopBot] 等待 0.0933647059616682 秒后重试...
[2026-05-08 00:03:58] [INFO] [ShopBot] 正在连接设备 127.0.0.1:16384（第 6/8 次）
[2026-05-08 00:03:58] [WARNING] [ShopBot] 连接输出异常: failed to connect
[2026-05-08 00:03:58] [ERROR] [ShopBot] 连接失败（第 6/8 次）: failed to connect
[2026-05-08 00:03:58] [INFO] [ShopBot] 等待 0.0933647059616682 秒后重试...
[2026-05-08 00:03:58] [INFO] [ShopBot] 正在连接设备 127.0.0.1:16384（第 7/8 次）
[2026-05-08 00:03:58] [WARNING] [ShopBot] 连接输出异常: failed to connect
[2026-05-08 00:03:58] [ERROR] [ShopBot] 连接失败（第 7/8 次）: failed to connect
[2026-05-08 00:03:58] [INFO] [ShopBot] 等待 0.0933647059616682 秒后重试...
[2026-05-08 00:03:58] [INFO] [ShopBot] 正在连接设备 127.0.0.1:16384（第 8/8 次）
[2026-05-08 00:03:58] [WARNING] [ShopBot] 连接输出异常: failed to connect
[2026-05-08 00:03:58] [ERROR] [ShopBot] 连接失败（第 8/8 次）: failed to connect
[2026-05-08 00:03:58] [ERROR] [ShopBot] 设备连接失败，已重试 8 次: 127.0.0.1:16384
[2026-05-08 00:03:58] [INFO] [ShopBot] 正在连接设备 127.0.0.1:16384（第 1/8 次）
[2026-05-08 00:03:58] [WARNING] [ShopBot] 连接输出异常: failed to connect
[2026-05-08 00:03:58] [ERROR] [ShopBot] 连接失败（第 1/8 次）: failed to connect
[2026-05-08 00:03:58] [INFO] [ShopBot] 等待 0.010000000000000002 秒后重试...
[2026-05-08 00:03:58] [INFO] [ShopBot] 正在连接设备 127.0.0.1:16384（第 2/8 次）
[2026-05-08 00:03:58] [WARNING] [ShopBot] 连接输出异常: failed to connect
[2026-05-08 00:03:58] [ERROR] [ShopBot] 连接失败（第 2/8 次）: failed to connect
[2026-05-08 00:03:58] [INFO] [ShopBot] 等待 0.010000000000000002 秒后重试...
[2026-05-08 00:03:58] [INFO] [ShopBot] 正在连接设备 127.0.0.1:16384（第 3/8 次）
[2026-05-08 00:03:58] [WARNING] [ShopBot] 连接输出异常: failed to connect
[2026-05-08 00:03:58] [ERROR] [ShopBot] 连接失败（第 3/8 次）: failed to connect
[2026-05-08 00:03:58] [INFO] [ShopBot] 等待 0.010000000000000002 秒后重试...
[2026-05-08 00:03:58] [INFO] [ShopBot] 正在连接设备 127.0.0.1:16384（第 4/8 次）
[2026-05-08 00:03:58] [WARNING] [ShopBot] 连接输出异常: failed to connect
[2026-05-08 00:03:58] [ERROR] [ShopBot] 连接失败（第 4/8 次）: failed to connect
[2026-05-08 00:03:58] [INFO] [ShopBot] 等待 0.010000000000000002 秒后重试...
[2026-05-08 00:03:58] [INFO] [ShopBot] 正在连接设备 127.0.0.1:16384（第 5/8 次）
[2026-05-08 00:03:58] [WARNING] [ShopBot] 连接输出异常: failed to connect
[2026-05-08 00:03:58] [ERROR] [ShopBot] 连接失败（第 5/8 次）: failed to connect
[2026-05-08 00:03:58] [INFO] [ShopBot] 等待 0.010000000000000002 秒后重试...
[2026-05-08 00:03:58] [INFO] [ShopBot] 正在连接设备 127.0.0.1:16384（第 6/8 次）
[2026-05-08 00:03:58] [WARNING] [ShopBot] 连接输出异常: failed to connect
[2026-05-08 00:03:58] [ERROR] [ShopBot] 连接失败（第 6/8 次）: failed to connect
[2026-05-08 00:03:58] [INFO] [ShopBot] 等待 0.010000000000000002 秒后重试...
[2026-05-08 00:03:58] [INFO] [ShopBot] 正在连接设备 127.0.0.1:16384（第 7/8 次）
[2026-05-08 00:03:58] [WARNING] [ShopBot] 连接输出异常: failed to connect
[2026-05-08 00:03:58] [ERROR] [ShopBot] 连接失败（第 7/8 次）: failed to connect
[2026-05-08 00:03:58] [INFO] [ShopBot] 等待 0.010000000000000002 秒后重试...
[2026-05-08 00:03:58] [INFO] [ShopBot] 正在连接设备 127.0.0.1:16384（第 8/8 次）
[2026-05-08 00:03:58] [WARNING] [ShopBot] 连接输出异常: failed to connect
[2026-05-08 00:03:58] [ERROR] [ShopBot] 连接失败（第 8/8 次）: failed to connect
[2026-05-08 00:03:58] [ERROR] [ShopBot] 设备连接失败，已重试 8 次: 127.0.0.1:16384
[2026-05-08 00:03:58] [INFO] [ShopBot] 正在连接设备 127.0.0.1:16384（第 1/5 次）
[2026-05-08 00:03:58] [WARNING] [ShopBot] 连接输出异常: failed to connect
[2026-05-08 00:03:58] [ERROR] [ShopBot] 连接失败（第 1/5 次）: failed to connect
[2026-05-08 00:03:58] [INFO] [ShopBot] 等待 0.0723397443923234 秒后重试...
[2026-05-08 00:03:58] [INFO] [ShopBot] 正在连接设备 127.0.0.1:16384（第 2/5 次）
[2026-05-08 00:03:58] [WARNING] [ShopBot] 连接输出异常: failed to connect
[2026-05-08 00:03:58] [ERROR] [ShopBot] 连接失败（第 2/5 次）: failed to connect
[2026-05-08 00:03:58] [INFO] [ShopBot] 等待 0.0723397443923234 秒后重试...
[2026-05-08 00:03:58] [INFO] [ShopBot] 正在连接设备 127.0.0.1:16384（第 3/5 次）
[2026-05-08 00:03:58] [WARNING] [ShopBot] 连接输出异常: failed to connect
[2026-05-08 00:03:58] [ERROR] [ShopBot] 连接失败（第 3/5 次）: failed to connect
[2026-05-08 00:03:58] [INFO] [ShopBot] 等待 0.0723397443923234 秒后重试...
[2026-05-08 00:03:58] [INFO] [ShopBot] 正在连接设备 127.0.0.1:16384（第 4/5 次）
[2026-05-08 00:03:58] [WARNING] [ShopBot] 连接输出异常: failed to connect
[2026-05-08 00:03:58] [ERROR] [ShopBot] 连接失败（第 4/5 次）: failed to connect
[2026-05-08 00:03:58] [INFO] [ShopBot] 等待 0.0723397443923234 秒后重试...
[2026-05-08 00:03:58] [INFO] [ShopBot] 正在连接设备 127.0.0.1:16384（第 5/5 次）
[2026-05-08 00:03:58] [WARNING] [ShopBot] 连接输出异常: failed to connect
[2026-05-08 00:03:58] [ERROR] [ShopBot] 连接失败（第 5/5 次）: failed to connect
[2026-05-08 00:03:58] [ERROR] [ShopBot] 设备连接失败，已重试 5 次: 127.0.0.1:16384
[2026-05-08 00:03:58] [INFO] [ShopBot] 正在连接设备 127.0.0.1:16384（第 1/9 次）
[2026-05-08 00:03:58] [WARNING] [ShopBot] 连接输出异常: failed to connect
[2026-05-08 00:03:58] [ERROR] [ShopBot] 连接失败（第 1/9 次）: failed to connect
[2026-05-08 00:03:58] [INFO] [ShopBot] 等待 0.058561360858216754 秒后重试...
[2026-05-08 00:03:58] [INFO] [ShopBot] 正在连接设备 127.0.0.1:16384（第 2/9 次）
[2026-05-08 00:03:58] [WARNING] [ShopBot] 连接输出异常: failed to connect
[2026-05-08 00:03:58] [ERROR] [ShopBot] 连接失败（第 2/9 次）: failed to connect
[2026-05-08 00:03:58] [INFO] [ShopBot] 等待 0.058561360858216754 秒后重试...
[2026-05-08 00:03:58] [INFO] [ShopBot] 正在连接设备 127.0.0.1:16384（第 3/9 次）
[2026-05-08 00:03:58] [WARNING] [ShopBot] 连接输出异常: failed to connect
[2026-05-08 00:03:58] [ERROR] [ShopBot] 连接失败（第 3/9 次）: failed to connect
[2026-05-08 00:03:58] [INFO] [ShopBot] 等待 0.058561360858216754 秒后重试...
[2026-05-08 00:03:58] [INFO] [ShopBot] 正在连接设备 127.0.0.1:16384（第 4/9 次）
[2026-05-08 00:03:58] [WARNING] [ShopBot] 连接输出异常: failed to connect
[2026-05-08 00:03:58] [ERROR] [ShopBot] 连接失败（第 4/9 次）: failed to connect
[2026-05-08 00:03:58] [INFO] [ShopBot] 等待 0.058561360858216754 秒后重试...
[2026-05-08 00:03:58] [INFO] [ShopBot] 正在连接设备 127.0.0.1:16384（第 5/9 次）
[2026-05-08 00:03:58] [WARNING] [ShopBot] 连接输出异常: failed to connect
[2026-05-08 00:03:58] [ERROR] [ShopBot] 连接失败（第 5/9 次）: failed to connect
[2026-05-08 00:03:58] [INFO] [ShopBot] 等待 0.058561360858216754 秒后重试...
[2026-05-08 00:03:58] [INFO] [ShopBot] 正在连接设备 127.0.0.1:16384（第 6/9 次）
[2026-05-08 00:03:58] [WARNING] [ShopBot] 连接输出异常: failed to connect
[2026-05-08 00:03:58] [ERROR] [ShopBot] 连接失败（第 6/9 次）: failed to connect
[2026-05-08 00:03:58] [INFO] [ShopBot] 等待 0.058561360858216754 秒后重试...
[2026-05-08 00:03:58] [INFO] [ShopBot] 正在连接设备 127.0.0.1:16384（第 7/9 次）
[2026-05-08 00:03:58] [WARNING] [ShopBot] 连接输出异常: failed to connect
[2026-05-08 00:03:58] [ERROR] [ShopBot] 连接失败（第 7/9 次）: failed to connect
[2026-05-08 00:03:58] [INFO] [ShopBot] 等待 0.058561360858216754 秒后重试...
[2026-05-08 00:03:58] [INFO] [ShopBot] 正在连接设备 127.0.0.1:16384（第 8/9 次）
[2026-05-08 00:03:58] [WARNING] [ShopBot] 连接输出异常: failed to connect
[2026-05-08 00:03:58] [ERROR] [ShopBot] 连接失败（第 8/9 次）: failed to connect
[2026-05-08 00:03:58] [INFO] [ShopBot] 等待 0.058561360858216754 秒后重试...
[2026-05-08 00:03:58] [INFO] [ShopBot] 正在连接设备 127.0.0.1:16384（第 9/9 次）
[2026-05-08 00:03:58] [WARNING] [ShopBot] 连接输出异常: failed to connect
[2026-05-08 00:03:58] [ERROR] [ShopBot] 连接失败（第 9/9 次）: failed to connect
[2026-05-08 00:03:58] [ERROR] [ShopBot] 设备连接失败，已重试 9 次: 127.0.0.1:16384
[2026-05-08 00:03:58] [INFO] [ShopBot] 正在连接设备 127.0.0.1:16384（第 1/1 次）
[2026-05-08 00:03:58] [WARNING] [ShopBot] 连接输出异常: failed to connect
[2026-05-08 00:03:58] [ERROR] [ShopBot] 连接失败（第 1/1 次）: failed to connect
[2026-05-08 00:03:58] [ERROR] [ShopBot] 设备连接失败，已重试 1 次: 127.0.0.1:16384
[2026-05-08 00:03:58] [INFO] [ShopBot] 正在连接设备 127.0.0.1:16384（第 1/3 次）
[2026-05-08 00:03:58] [INFO] [ShopBot] 设备连接成功: 127.0.0.1:16384
[2026-05-08 00:03:58] [INFO] [ShopBot] 正在连接设备 127.0.0.1:16384（第 1/3 次）
[2026-05-08 00:03:58] [INFO] [ShopBot] 设备连接成功: 127.0.0.1:16384
[2026-05-08 00:03:58] [INFO] [ShopBot] 正在连接设备 127.0.0.1:16384（第 1/3 次）
[2026-05-08 00:03:58] [WARNING] [ShopBot] 连接输出异常: failed to connect
[2026-05-08 00:03:58] [ERROR] [ShopBot] 连接失败（第 1/3 次）: failed to connect
[2026-05-08 00:03:58] [INFO] [ShopBot] 等待 1.0 秒后重试...
[2026-05-08 00:03:58] [INFO] [ShopBot] 正在连接设备 127.0.0.1:16384（第 2/3 次）
[2026-05-08 00:03:58] [INFO] [ShopBot] 设备连接成功: 127.0.0.1:16384
[2026-05-08 00:03:58] [INFO] [ShopBot] 正在连接设备 127.0.0.1:16384（第 1/3 次）
[2026-05-08 00:03:58] [WARNING] [ShopBot] 连接输出异常: failed
[2026-05-08 00:03:58] [ERROR] [ShopBot] 连接失败（第 1/3 次）: failed
[2026-05-08 00:03:58] [INFO] [ShopBot] 等待 0.1 秒后重试...
[2026-05-08 00:03:58] [INFO] [ShopBot] 正在连接设备 127.0.0.1:16384（第 2/3 次）
[2026-05-08 00:03:58] [WARNING] [ShopBot] 连接输出异常: failed
[2026-05-08 00:03:58] [ERROR] [ShopBot] 连接失败（第 2/3 次）: failed
[2026-05-08 00:03:58] [INFO] [ShopBot] 等待 0.1 秒后重试...
[2026-05-08 00:03:58] [INFO] [ShopBot] 正在连接设备 127.0.0.1:16384（第 3/3 次）
[2026-05-08 00:03:58] [WARNING] [ShopBot] 连接输出异常: failed
[2026-05-08 00:03:58] [ERROR] [ShopBot] 连接失败（第 3/3 次）: failed
[2026-05-08 00:03:58] [ERROR] [ShopBot] 设备连接失败，已重试 3 次: 127.0.0.1:16384
[2026-05-08 00:03:58] [INFO] [ShopBot] 正在连接设备 127.0.0.1:16384（第 1/2 次）
[2026-05-08 00:03:58] [ERROR] [ShopBot] 连接失败（第 1/2 次）: adb not found
[2026-05-08 00:03:58] [INFO] [ShopBot] 等待 0.1 秒后重试...
[2026-05-08 00:03:58] [INFO] [ShopBot] 正在连接设备 127.0.0.1:16384（第 2/2 次）
[2026-05-08 00:03:58] [INFO] [ShopBot] 设备连接成功: 127.0.0.1:16384
[2026-05-08 00:03:58] [INFO] [ShopBot] 点击 (223, 360) @ TEST_BTN
[2026-05-08 00:03:58] [INFO] [ShopBot] 点击 (189, 288) @ <MagicMock id='1858262612832'>
[2026-05-08 00:03:58] [INFO] [ShopBot] 滑动 (100, 200) -> (300, 400), 时长 0.5s
[2026-05-08 00:03:58] [INFO] [ShopBot] 滑动 (100, 200) -> (300, 400), 时长 0.3s
[2026-05-08 00:03:58] [WARNING] [ShopBot] 无可用截图，跳过错误截图保存
[2026-05-08 00:03:58] [INFO] [ShopBot] 错误截图已保存: C:\Users\18579\AppData\Local\Temp\pytest-of-18579\pytest-1\test_save_error_screenshot_wit0\device_error_20260508_000358.png
[2026-05-08 00:03:58] [INFO] [ShopBot] 错误截图已保存: C:\Users\18579\AppData\Local\Temp\pytest-of-18579\pytest-1\test_save_screenshot_creates_f0\20260508_000358.png
[2026-05-08 00:03:58] [INFO] [ShopBot] 错误截图已保存: C:\Users\18579\AppData\Local\Temp\pytest-of-18579\pytest-1\test_save_screenshot_with_name0\test_error_20260508_000358.png
[2026-05-08 00:03:58] [WARNING] [ShopBot] 无法保存截图: 无效的图像类型 <class 'str'>
[2026-05-08 00:03:58] [INFO] [ShopBot] 错误截图已保存: C:\Users\18579\AppData\Local\Temp\pytest-of-18579\pytest-1\test_save_screenshot_png_forma0\20260508_000358.png
[2026-05-08 00:03:58] [DEBUG] [ShopBot] 秘密商店检测: 导航顶部=50 导航中部=180 内容区=50
[2026-05-08 00:03:58] [INFO] [ShopBot] 场景检测: 秘密商店
[2026-05-08 00:03:58] [DEBUG] [ShopBot] 大厅检测: 导航顶部=150 内容区=180
[2026-05-08 00:03:58] [INFO] [ShopBot] 场景检测: 游戏大厅
[2026-05-08 00:03:58] [DEBUG] [ShopBot] 秘密商店检测: 导航顶部=50 导航中部=50 内容区=50
[2026-05-08 00:03:58] [DEBUG] [ShopBot] 大厅检测: 导航顶部=50 内容区=50
[2026-05-08 00:03:58] [WARNING] [ShopBot] 场景检测: 未知界面
[2026-05-08 00:03:58] [DEBUG] [ShopBot] 秘密商店检测: 导航顶部=50 导航中部=180 内容区=180
[2026-05-08 00:03:58] [DEBUG] [ShopBot] 大厅检测: 导航顶部=50 内容区=180
[2026-05-08 00:03:58] [WARNING] [ShopBot] 场景检测: 未知界面
[2026-05-08 00:03:58] [DEBUG] [ShopBot] 秘密商店检测: 导航顶部=40 导航中部=150 内容区=60
[2026-05-08 00:03:58] [DEBUG] [ShopBot] 秘密商店检测: 导航顶部=50 导航中部=50 内容区=60
[2026-05-08 00:03:58] [DEBUG] [ShopBot] 秘密商店检测: 导航顶部=50 导航中部=150 内容区=180
[2026-05-08 00:03:58] [DEBUG] [ShopBot] 大厅检测: 导航顶部=150 内容区=180
[2026-05-08 00:03:58] [DEBUG] [ShopBot] 大厅检测: 导航顶部=50 内容区=180
[2026-05-08 00:03:58] [DEBUG] [ShopBot] 大厅检测: 导航顶部=150 内容区=50
[2026-05-08 00:03:58] [INFO] [ShopBot] 开始导航至秘密商店（超时 30.0s）
[2026-05-08 00:03:58] [INFO] [ShopBot] 已到达秘密商店
[2026-05-08 00:03:58] [INFO] [ShopBot] 开始导航至秘密商店（超时 30.0s）
[2026-05-08 00:03:58] [INFO] [ShopBot] 从大厅点击左侧导航栏的秘密商店入口
[2026-05-08 00:03:58] [INFO] [ShopBot] 已到达秘密商店
[2026-05-08 00:03:58] [INFO] [ShopBot] 开始导航至秘密商店（超时 0.01s）
[2026-05-08 00:03:58] [WARNING] [ShopBot] 界面无法识别且无弹窗，等待后重试
[2026-05-08 00:03:58] [WARNING] [ShopBot] 界面无法识别且无弹窗，等待后重试
[2026-05-08 00:03:58] [WARNING] [ShopBot] 界面无法识别且无弹窗，等待后重试
[2026-05-08 00:03:58] [WARNING] [ShopBot] 界面无法识别且无弹窗，等待后重试
[2026-05-08 00:03:58] [WARNING] [ShopBot] 界面无法识别且无弹窗，等待后重试
[2026-05-08 00:03:58] [WARNING] [ShopBot] 界面无法识别且无弹窗，等待后重试
[2026-05-08 00:03:58] [WARNING] [ShopBot] 界面无法识别且无弹窗，等待后重试
[2026-05-08 00:03:58] [WARNING] [ShopBot] 界面无法识别且无弹窗，等待后重试
[2026-05-08 00:03:58] [WARNING] [ShopBot] 界面无法识别且无弹窗，等待后重试
[2026-05-08 00:03:58] [WARNING] [ShopBot] 界面无法识别且无弹窗，等待后重试
[2026-05-08 00:03:58] [WARNING] [ShopBot] 界面无法识别且无弹窗，等待后重试
[2026-05-08 00:03:58] [WARNING] [ShopBot] 界面无法识别且无弹窗，等待后重试
[2026-05-08 00:03:58] [WARNING] [ShopBot] 界面无法识别且无弹窗，等待后重试
[2026-05-08 00:03:58] [WARNING] [ShopBot] 界面无法识别且无弹窗，等待后重试
[2026-05-08 00:03:58] [WARNING] [ShopBot] 界面无法识别且无弹窗，等待后重试
[2026-05-08 00:03:58] [WARNING] [ShopBot] 界面无法识别且无弹窗，等待后重试
[2026-05-08 00:03:58] [WARNING] [ShopBot] 界面无法识别且无弹窗，等待后重试
[2026-05-08 00:03:58] [WARNING] [ShopBot] 界面无法识别且无弹窗，等待后重试
[2026-05-08 00:03:58] [WARNING] [ShopBot] 界面无法识别且无弹窗，等待后重试
[2026-05-08 00:03:58] [WARNING] [ShopBot] 界面无法识别且无弹窗，等待后重试
[2026-05-08 00:03:58] [WARNING] [ShopBot] 界面无法识别且无弹窗，等待后重试
[2026-05-08 00:03:58] [WARNING] [ShopBot] 界面无法识别且无弹窗，等待后重试
[2026-05-08 00:03:58] [WARNING] [ShopBot] 界面无法识别且无弹窗，等待后重试
[2026-05-08 00:03:58] [WARNING] [ShopBot] 界面无法识别且无弹窗，等待后重试
[2026-05-08 00:03:58] [WARNING] [ShopBot] 界面无法识别且无弹窗，等待后重试
[2026-05-08 00:03:58] [WARNING] [ShopBot] 界面无法识别且无弹窗，等待后重试
[2026-05-08 00:03:58] [WARNING] [ShopBot] 界面无法识别且无弹窗，等待后重试
[2026-05-08 00:03:58] [WARNING] [ShopBot] 界面无法识别且无弹窗，等待后重试
[2026-05-08 00:03:58] [WARNING] [ShopBot] 界面无法识别且无弹窗，等待后重试
[2026-05-08 00:03:58] [WARNING] [ShopBot] 界面无法识别且无弹窗，等待后重试
[2026-05-08 00:03:58] [WARNING] [ShopBot] 界面无法识别且无弹窗，等待后重试
[2026-05-08 00:03:58] [WARNING] [ShopBot] 界面无法识别且无弹窗，等待后重试
[2026-05-08 00:03:58] [WARNING] [ShopBot] 界面无法识别且无弹窗，等待后重试
[2026-05-08 00:03:58] [WARNING] [ShopBot] 界面无法识别且无弹窗，等待后重试
[2026-05-08 00:03:58] [WARNING] [ShopBot] 界面无法识别且无弹窗，等待后重试
[2026-05-08 00:03:58] [WARNING] [ShopBot] 界面无法识别且无弹窗，等待后重试
[2026-05-08 00:03:58] [WARNING] [ShopBot] 界面无法识别且无弹窗，等待后重试
[2026-05-08 00:03:58] [WARNING] [ShopBot] 界面无法识别且无弹窗，等待后重试
[2026-05-08 00:03:58] [WARNING] [ShopBot] 界面无法识别且无弹窗，等待后重试
[2026-05-08 00:03:58] [WARNING] [ShopBot] 界面无法识别且无弹窗，等待后重试
[2026-05-08 00:03:58] [WARNING] [ShopBot] 界面无法识别且无弹窗，等待后重试
[2026-05-08 00:03:58] [WARNING] [ShopBot] 界面无法识别且无弹窗，等待后重试
[2026-05-08 00:03:58] [WARNING] [ShopBot] 界面无法识别且无弹窗，等待后重试
[2026-05-08 00:03:58] [WARNING] [ShopBot] 界面无法识别且无弹窗，等待后重试
[2026-05-08 00:03:58] [WARNING] [ShopBot] 界面无法识别且无弹窗，等待后重试
[2026-05-08 00:03:58] [WARNING] [ShopBot] 界面无法识别且无弹窗，等待后重试
[2026-05-08 00:03:58] [WARNING] [ShopBot] 界面无法识别且无弹窗，等待后重试
[2026-05-08 00:03:58] [WARNING] [ShopBot] 界面无法识别且无弹窗，等待后重试
[2026-05-08 00:03:58] [WARNING] [ShopBot] 界面无法识别且无弹窗，等待后重试
[2026-05-08 00:03:58] [WARNING] [ShopBot] 界面无法识别且无弹窗，等待后重试
[2026-05-08 00:03:58] [WARNING] [ShopBot] 界面无法识别且无弹窗，等待后重试
[2026-05-08 00:03:58] [WARNING] [ShopBot] 界面无法识别且无弹窗，等待后重试
[2026-05-08 00:03:58] [WARNING] [ShopBot] 界面无法识别且无弹窗，等待后重试
[2026-05-08 00:03:58] [WARNING] [ShopBot] 界面无法识别且无弹窗，等待后重试
[2026-05-08 00:03:58] [WARNING] [ShopBot] 界面无法识别且无弹窗，等待后重试
[2026-05-08 00:03:58] [WARNING] [ShopBot] 界面无法识别且无弹窗，等待后重试
[2026-05-08 00:03:58] [WARNING] [ShopBot] 界面无法识别且无弹窗，等待后重试
[2026-05-08 00:03:58] [WARNING] [ShopBot] 界面无法识别且无弹窗，等待后重试
[2026-05-08 00:03:58] [WARNING] [ShopBot] 界面无法识别且无弹窗，等待后重试
[2026-05-08 00:03:58] [WARNING] [ShopBot] 界面无法识别且无弹窗，等待后重试
[2026-05-08 00:03:58] [WARNING] [ShopBot] 界面无法识别且无弹窗，等待后重试
[2026-05-08 00:03:58] [WARNING] [ShopBot] 界面无法识别且无弹窗，等待后重试
[2026-05-08 00:03:58] [WARNING] [ShopBot] 界面无法识别且无弹窗，等待后重试
[2026-05-08 00:03:58] [WARNING] [ShopBot] 界面无法识别且无弹窗，等待后重试
[2026-05-08 00:03:58] [WARNING] [ShopBot] 界面无法识别且无弹窗，等待后重试
[2026-05-08 00:03:58] [WARNING] [ShopBot] 界面无法识别且无弹窗，等待后重试
[2026-05-08 00:03:58] [WARNING] [ShopBot] 界面无法识别且无弹窗，等待后重试
[2026-05-08 00:03:58] [WARNING] [ShopBot] 界面无法识别且无弹窗，等待后重试
[2026-05-08 00:03:58] [WARNING] [ShopBot] 界面无法识别且无弹窗，等待后重试
[2026-05-08 00:03:58] [WARNING] [ShopBot] 界面无法识别且无弹窗，等待后重试
[2026-05-08 00:03:58] [WARNING] [ShopBot] 界面无法识别且无弹窗，等待后重试
[2026-05-08 00:03:58] [WARNING] [ShopBot] 界面无法识别且无弹窗，等待后重试
[2026-05-08 00:03:58] [WARNING] [ShopBot] 界面无法识别且无弹窗，等待后重试
[2026-05-08 00:03:58] [WARNING] [ShopBot] 界面无法识别且无弹窗，等待后重试
[2026-05-08 00:03:58] [WARNING] [ShopBot] 界面无法识别且无弹窗，等待后重试
[2026-05-08 00:03:58] [WARNING] [ShopBot] 界面无法识别且无弹窗，等待后重试
[2026-05-08 00:03:58] [WARNING] [ShopBot] 界面无法识别且无弹窗，等待后重试
[2026-05-08 00:03:58] [WARNING] [ShopBot] 界面无法识别且无弹窗，等待后重试
[2026-05-08 00:03:58] [WARNING] [ShopBot] 界面无法识别且无弹窗，等待后重试
[2026-05-08 00:03:58] [WARNING] [ShopBot] 界面无法识别且无弹窗，等待后重试
[2026-05-08 00:03:58] [WARNING] [ShopBot] 界面无法识别且无弹窗，等待后重试
[2026-05-08 00:03:58] [WARNING] [ShopBot] 界面无法识别且无弹窗，等待后重试
[2026-05-08 00:03:58] [WARNING] [ShopBot] 界面无法识别且无弹窗，等待后重试
[2026-05-08 00:03:58] [WARNING] [ShopBot] 界面无法识别且无弹窗，等待后重试
[2026-05-08 00:03:58] [WARNING] [ShopBot] 界面无法识别且无弹窗，等待后重试
[2026-05-08 00:03:58] [WARNING] [ShopBot] 界面无法识别且无弹窗，等待后重试
[2026-05-08 00:03:58] [WARNING] [ShopBot] 界面无法识别且无弹窗，等待后重试
[2026-05-08 00:03:58] [WARNING] [ShopBot] 界面无法识别且无弹窗，等待后重试
[2026-05-08 00:03:58] [WARNING] [ShopBot] 界面无法识别且无弹窗，等待后重试
[2026-05-08 00:03:58] [WARNING] [ShopBot] 界面无法识别且无弹窗，等待后重试
[2026-05-08 00:03:58] [WARNING] [ShopBot] 界面无法识别且无弹窗，等待后重试
[2026-05-08 00:03:58] [WARNING] [ShopBot] 界面无法识别且无弹窗，等待后重试
[2026-05-08 00:03:58] [WARNING] [ShopBot] 界面无法识别且无弹窗，等待后重试
[2026-05-08 00:03:58] [WARNING] [ShopBot] 界面无法识别且无弹窗，等待后重试
[2026-05-08 00:03:58] [WARNING] [ShopBot] 界面无法识别且无弹窗，等待后重试
[2026-05-08 00:03:58] [WARNING] [ShopBot] 界面无法识别且无弹窗，等待后重试
[2026-05-08 00:03:58] [WARNING] [ShopBot] 界面无法识别且无弹窗，等待后重试
[2026-05-08 00:03:58] [WARNING] [ShopBot] 界面无法识别且无弹窗，等待后重试
[2026-05-08 00:03:58] [WARNING] [ShopBot] 界面无法识别且无弹窗，等待后重试
[2026-05-08 00:03:58] [WARNING] [ShopBot] 界面无法识别且无弹窗，等待后重试
[2026-05-08 00:03:58] [WARNING] [ShopBot] 界面无法识别且无弹窗，等待后重试
[2026-05-08 00:03:58] [WARNING] [ShopBot] 界面无法识别且无弹窗，等待后重试
[2026-05-08 00:03:58] [WARNING] [ShopBot] 界面无法识别且无弹窗，等待后重试
[2026-05-08 00:03:58] [WARNING] [ShopBot] 界面无法识别且无弹窗，等待后重试
[2026-05-08 00:03:58] [WARNING] [ShopBot] 界面无法识别且无弹窗，等待后重试
[2026-05-08 00:03:58] [WARNING] [ShopBot] 界面无法识别且无弹窗，等待后重试
[2026-05-08 00:03:58] [WARNING] [ShopBot] 界面无法识别且无弹窗，等待后重试
[2026-05-08 00:03:58] [WARNING] [ShopBot] 界面无法识别且无弹窗，等待后重试
[2026-05-08 00:03:58] [WARNING] [ShopBot] 界面无法识别且无弹窗，等待后重试
[2026-05-08 00:03:58] [WARNING] [ShopBot] 界面无法识别且无弹窗，等待后重试
[2026-05-08 00:03:58] [WARNING] [ShopBot] 界面无法识别且无弹窗，等待后重试
[2026-05-08 00:03:58] [WARNING] [ShopBot] 界面无法识别且无弹窗，等待后重试
[2026-05-08 00:03:58] [WARNING] [ShopBot] 界面无法识别且无弹窗，等待后重试
[2026-05-08 00:03:58] [WARNING] [ShopBot] 界面无法识别且无弹窗，等待后重试
[2026-05-08 00:03:58] [WARNING] [ShopBot] 界面无法识别且无弹窗，等待后重试
[2026-05-08 00:03:58] [WARNING] [ShopBot] 界面无法识别且无弹窗，等待后重试
[2026-05-08 00:03:58] [WARNING] [ShopBot] 界面无法识别且无弹窗，等待后重试
[2026-05-08 00:03:58] [WARNING] [ShopBot] 界面无法识别且无弹窗，等待后重试
[2026-05-08 00:03:58] [WARNING] [ShopBot] 界面无法识别且无弹窗，等待后重试
[2026-05-08 00:03:58] [WARNING] [ShopBot] 界面无法识别且无弹窗，等待后重试
[2026-05-08 00:03:58] [WARNING] [ShopBot] 界面无法识别且无弹窗，等待后重试
[2026-05-08 00:03:58] [WARNING] [ShopBot] 界面无法识别且无弹窗，等待后重试
[2026-05-08 00:03:58] [WARNING] [ShopBot] 界面无法识别且无弹窗，等待后重试
[2026-05-08 00:03:58] [WARNING] [ShopBot] 界面无法识别且无弹窗，等待后重试
[2026-05-08 00:03:58] [WARNING] [ShopBot] 界面无法识别且无弹窗，等待后重试
[2026-05-08 00:03:58] [WARNING] [ShopBot] 界面无法识别且无弹窗，等待后重试
[2026-05-08 00:03:58] [WARNING] [ShopBot] 界面无法识别且无弹窗，等待后重试
[2026-05-08 00:03:58] [WARNING] [ShopBot] 界面无法识别且无弹窗，等待后重试
[2026-05-08 00:03:58] [WARNING] [ShopBot] 界面无法识别且无弹窗，等待后重试
[2026-05-08 00:03:58] [WARNING] [ShopBot] 界面无法识别且无弹窗，等待后重试
[2026-05-08 00:03:58] [WARNING] [ShopBot] 界面无法识别且无弹窗，等待后重试
[2026-05-08 00:03:58] [WARNING] [ShopBot] 界面无法识别且无弹窗，等待后重试
[2026-05-08 00:03:58] [WARNING] [ShopBot] 界面无法识别且无弹窗，等待后重试
[2026-05-08 00:03:58] [WARNING] [ShopBot] 界面无法识别且无弹窗，等待后重试
[2026-05-08 00:03:58] [WARNING] [ShopBot] 界面无法识别且无弹窗，等待后重试
[2026-05-08 00:03:58] [WARNING] [ShopBot] 界面无法识别且无弹窗，等待后重试
[2026-05-08 00:03:58] [WARNING] [ShopBot] 界面无法识别且无弹窗，等待后重试
[2026-05-08 00:03:58] [WARNING] [ShopBot] 界面无法识别且无弹窗，等待后重试
[2026-05-08 00:03:58] [WARNING] [ShopBot] 界面无法识别且无弹窗，等待后重试
[2026-05-08 00:03:58] [WARNING] [ShopBot] 界面无法识别且无弹窗，等待后重试
[2026-05-08 00:03:58] [WARNING] [ShopBot] 界面无法识别且无弹窗，等待后重试
[2026-05-08 00:03:58] [WARNING] [ShopBot] 界面无法识别且无弹窗，等待后重试
[2026-05-08 00:03:58] [WARNING] [ShopBot] 界面无法识别且无弹窗，等待后重试
[2026-05-08 00:03:58] [WARNING] [ShopBot] 界面无法识别且无弹窗，等待后重试
[2026-05-08 00:03:58] [WARNING] [ShopBot] 界面无法识别且无弹窗，等待后重试
[2026-05-08 00:03:58] [WARNING] [ShopBot] 界面无法识别且无弹窗，等待后重试
[2026-05-08 00:03:58] [WARNING] [ShopBot] 界面无法识别且无弹窗，等待后重试
[2026-05-08 00:03:58] [WARNING] [ShopBot] 界面无法识别且无弹窗，等待后重试
[2026-05-08 00:03:58] [WARNING] [ShopBot] 界面无法识别且无弹窗，等待后重试
[2026-05-08 00:03:58] [WARNING] [ShopBot] 界面无法识别且无弹窗，等待后重试
[2026-05-08 00:03:58] [WARNING] [ShopBot] 界面无法识别且无弹窗，等待后重试
[2026-05-08 00:03:58] [WARNING] [ShopBot] 界面无法识别且无弹窗，等待后重试
[2026-05-08 00:03:58] [WARNING] [ShopBot] 界面无法识别且无弹窗，等待后重试
[2026-05-08 00:03:58] [WARNING] [ShopBot] 界面无法识别且无弹窗，等待后重试
[2026-05-08 00:03:58] [WARNING] [ShopBot] 界面无法识别且无弹窗，等待后重试
[2026-05-08 00:03:58] [WARNING] [ShopBot] 界面无法识别且无弹窗，等待后重试
[2026-05-08 00:03:58] [WARNING] [ShopBot] 界面无法识别且无弹窗，等待后重试
[2026-05-08 00:03:58] [WARNING] [ShopBot] 界面无法识别且无弹窗，等待后重试
[2026-05-08 00:03:58] [WARNING] [ShopBot] 界面无法识别且无弹窗，等待后重试
[2026-05-08 00:03:58] [WARNING] [ShopBot] 界面无法识别且无弹窗，等待后重试
[2026-05-08 00:03:58] [WARNING] [ShopBot] 界面无法识别且无弹窗，等待后重试
[2026-05-08 00:03:58] [WARNING] [ShopBot] 界面无法识别且无弹窗，等待后重试
[2026-05-08 00:03:58] [WARNING] [ShopBot] 界面无法识别且无弹窗，等待后重试
[2026-05-08 00:03:58] [WARNING] [ShopBot] 界面无法识别且无弹窗，等待后重试
[2026-05-08 00:03:58] [WARNING] [ShopBot] 界面无法识别且无弹窗，等待后重试
[2026-05-08 00:03:58] [WARNING] [ShopBot] 界面无法识别且无弹窗，等待后重试
[2026-05-08 00:03:58] [WARNING] [ShopBot] 界面无法识别且无弹窗，等待后重试
[2026-05-08 00:03:58] [WARNING] [ShopBot] 界面无法识别且无弹窗，等待后重试
[2026-05-08 00:03:58] [WARNING] [ShopBot] 界面无法识别且无弹窗，等待后重试
[2026-05-08 00:03:58] [WARNING] [ShopBot] 界面无法识别且无弹窗，等待后重试
[2026-05-08 00:03:58] [WARNING] [ShopBot] 界面无法识别且无弹窗，等待后重试
[2026-05-08 00:03:58] [WARNING] [ShopBot] 界面无法识别且无弹窗，等待后重试
[2026-05-08 00:03:58] [WARNING] [ShopBot] 界面无法识别且无弹窗，等待后重试
[2026-05-08 00:03:58] [WARNING] [ShopBot] 界面无法识别且无弹窗，等待后重试
[2026-05-08 00:03:58] [WARNING] [ShopBot] 界面无法识别且无弹窗，等待后重试
[2026-05-08 00:03:58] [WARNING] [ShopBot] 界面无法识别且无弹窗，等待后重试
[2026-05-08 00:03:58] [WARNING] [ShopBot] 界面无法识别且无弹窗，等待后重试
[2026-05-08 00:03:58] [WARNING] [ShopBot] 界面无法识别且无弹窗，等待后重试
[2026-05-08 00:03:58] [WARNING] [ShopBot] 界面无法识别且无弹窗，等待后重试
[2026-05-08 00:03:58] [WARNING] [ShopBot] 界面无法识别且无弹窗，等待后重试
[2026-05-08 00:03:58] [WARNING] [ShopBot] 界面无法识别且无弹窗，等待后重试
[2026-05-08 00:03:58] [WARNING] [ShopBot] 界面无法识别且无弹窗，等待后重试
[2026-05-08 00:03:58] [WARNING] [ShopBot] 界面无法识别且无弹窗，等待后重试
[2026-05-08 00:03:58] [WARNING] [ShopBot] 界面无法识别且无弹窗，等待后重试
[2026-05-08 00:03:58] [WARNING] [ShopBot] 界面无法识别且无弹窗，等待后重试
[2026-05-08 00:03:58] [WARNING] [ShopBot] 界面无法识别且无弹窗，等待后重试
[2026-05-08 00:03:58] [WARNING] [ShopBot] 界面无法识别且无弹窗，等待后重试
[2026-05-08 00:03:58] [WARNING] [ShopBot] 界面无法识别且无弹窗，等待后重试
[2026-05-08 00:03:58] [WARNING] [ShopBot] 界面无法识别且无弹窗，等待后重试
[2026-05-08 00:03:58] [WARNING] [ShopBot] 界面无法识别且无弹窗，等待后重试
[2026-05-08 00:03:58] [WARNING] [ShopBot] 界面无法识别且无弹窗，等待后重试
[2026-05-08 00:03:58] [WARNING] [ShopBot] 界面无法识别且无弹窗，等待后重试
[2026-05-08 00:03:58] [WARNING] [ShopBot] 界面无法识别且无弹窗，等待后重试
[2026-05-08 00:03:58] [WARNING] [ShopBot] 界面无法识别且无弹窗，等待后重试
[2026-05-08 00:03:58] [WARNING] [ShopBot] 界面无法识别且无弹窗，等待后重试
[2026-05-08 00:03:58] [WARNING] [ShopBot] 界面无法识别且无弹窗，等待后重试
[2026-05-08 00:03:58] [WARNING] [ShopBot] 界面无法识别且无弹窗，等待后重试
[2026-05-08 00:03:58] [WARNING] [ShopBot] 界面无法识别且无弹窗，等待后重试
[2026-05-08 00:03:58] [WARNING] [ShopBot] 界面无法识别且无弹窗，等待后重试
[2026-05-08 00:03:58] [WARNING] [ShopBot] 界面无法识别且无弹窗，等待后重试
[2026-05-08 00:03:58] [WARNING] [ShopBot] 界面无法识别且无弹窗，等待后重试
[2026-05-08 00:03:58] [WARNING] [ShopBot] 界面无法识别且无弹窗，等待后重试
[2026-05-08 00:03:58] [WARNING] [ShopBot] 界面无法识别且无弹窗，等待后重试
[2026-05-08 00:03:58] [WARNING] [ShopBot] 界面无法识别且无弹窗，等待后重试
[2026-05-08 00:03:58] [WARNING] [ShopBot] 界面无法识别且无弹窗，等待后重试
[2026-05-08 00:03:58] [WARNING] [ShopBot] 界面无法识别且无弹窗，等待后重试
[2026-05-08 00:03:58] [WARNING] [ShopBot] 界面无法识别且无弹窗，等待后重试
[2026-05-08 00:03:58] [WARNING] [ShopBot] 界面无法识别且无弹窗，等待后重试
[2026-05-08 00:03:58] [WARNING] [ShopBot] 界面无法识别且无弹窗，等待后重试
[2026-05-08 00:03:58] [WARNING] [ShopBot] 界面无法识别且无弹窗，等待后重试
[2026-05-08 00:03:58] [WARNING] [ShopBot] 界面无法识别且无弹窗，等待后重试
[2026-05-08 00:03:58] [WARNING] [ShopBot] 界面无法识别且无弹窗，等待后重试
[2026-05-08 00:03:58] [WARNING] [ShopBot] 界面无法识别且无弹窗，等待后重试
[2026-05-08 00:03:58] [WARNING] [ShopBot] 界面无法识别且无弹窗，等待后重试
[2026-05-08 00:03:58] [WARNING] [ShopBot] 界面无法识别且无弹窗，等待后重试
[2026-05-08 00:03:58] [WARNING] [ShopBot] 界面无法识别且无弹窗，等待后重试
[2026-05-08 00:03:58] [WARNING] [ShopBot] 界面无法识别且无弹窗，等待后重试
[2026-05-08 00:03:58] [WARNING] [ShopBot] 界面无法识别且无弹窗，等待后重试
[2026-05-08 00:03:58] [WARNING] [ShopBot] 界面无法识别且无弹窗，等待后重试
[2026-05-08 00:03:58] [WARNING] [ShopBot] 界面无法识别且无弹窗，等待后重试
[2026-05-08 00:03:58] [WARNING] [ShopBot] 界面无法识别且无弹窗，等待后重试
[2026-05-08 00:03:58] [WARNING] [ShopBot] 界面无法识别且无弹窗，等待后重试
[2026-05-08 00:03:58] [WARNING] [ShopBot] 界面无法识别且无弹窗，等待后重试
[2026-05-08 00:03:58] [WARNING] [ShopBot] 界面无法识别且无弹窗，等待后重试
[2026-05-08 00:03:58] [WARNING] [ShopBot] 界面无法识别且无弹窗，等待后重试
[2026-05-08 00:03:58] [WARNING] [ShopBot] 界面无法识别且无弹窗，等待后重试
[2026-05-08 00:03:58] [WARNING] [ShopBot] 界面无法识别且无弹窗，等待后重试
[2026-05-08 00:03:58] [WARNING] [ShopBot] 界面无法识别且无弹窗，等待后重试
[2026-05-08 00:03:58] [WARNING] [ShopBot] 界面无法识别且无弹窗，等待后重试
[2026-05-08 00:03:58] [WARNING] [ShopBot] 界面无法识别且无弹窗，等待后重试
[2026-05-08 00:03:58] [WARNING] [ShopBot] 界面无法识别且无弹窗，等待后重试
[2026-05-08 00:03:58] [WARNING] [ShopBot] 界面无法识别且无弹窗，等待后重试
[2026-05-08 00:03:58] [WARNING] [ShopBot] 界面无法识别且无弹窗，等待后重试
[2026-05-08 00:03:58] [WARNING] [ShopBot] 界面无法识别且无弹窗，等待后重试
[2026-05-08 00:03:58] [WARNING] [ShopBot] 界面无法识别且无弹窗，等待后重试
[2026-05-08 00:03:58] [WARNING] [ShopBot] 界面无法识别且无弹窗，等待后重试
[2026-05-08 00:03:58] [WARNING] [ShopBot] 界面无法识别且无弹窗，等待后重试
[2026-05-08 00:03:58] [WARNING] [ShopBot] 界面无法识别且无弹窗，等待后重试
[2026-05-08 00:03:58] [WARNING] [ShopBot] 界面无法识别且无弹窗，等待后重试
[2026-05-08 00:03:58] [WARNING] [ShopBot] 界面无法识别且无弹窗，等待后重试
[2026-05-08 00:03:58] [WARNING] [ShopBot] 界面无法识别且无弹窗，等待后重试
[2026-05-08 00:03:58] [WARNING] [ShopBot] 界面无法识别且无弹窗，等待后重试
[2026-05-08 00:03:58] [WARNING] [ShopBot] 界面无法识别且无弹窗，等待后重试
[2026-05-08 00:03:58] [WARNING] [ShopBot] 界面无法识别且无弹窗，等待后重试
[2026-05-08 00:03:58] [WARNING] [ShopBot] 界面无法识别且无弹窗，等待后重试
[2026-05-08 00:03:58] [WARNING] [ShopBot] 界面无法识别且无弹窗，等待后重试
[2026-05-08 00:03:58] [WARNING] [ShopBot] 界面无法识别且无弹窗，等待后重试
[2026-05-08 00:03:58] [WARNING] [ShopBot] 界面无法识别且无弹窗，等待后重试
[2026-05-08 00:03:58] [WARNING] [ShopBot] 界面无法识别且无弹窗，等待后重试
[2026-05-08 00:03:58] [WARNING] [ShopBot] 界面无法识别且无弹窗，等待后重试
[2026-05-08 00:03:58] [WARNING] [ShopBot] 界面无法识别且无弹窗，等待后重试
[2026-05-08 00:03:58] [WARNING] [ShopBot] 界面无法识别且无弹窗，等待后重试
[2026-05-08 00:03:58] [WARNING] [ShopBot] 界面无法识别且无弹窗，等待后重试
[2026-05-08 00:03:58] [WARNING] [ShopBot] 界面无法识别且无弹窗，等待后重试
[2026-05-08 00:03:58] [WARNING] [ShopBot] 界面无法识别且无弹窗，等待后重试
[2026-05-08 00:03:58] [WARNING] [ShopBot] 界面无法识别且无弹窗，等待后重试
[2026-05-08 00:03:58] [WARNING] [ShopBot] 界面无法识别且无弹窗，等待后重试
[2026-05-08 00:03:58] [WARNING] [ShopBot] 界面无法识别且无弹窗，等待后重试
[2026-05-08 00:03:58] [WARNING] [ShopBot] 界面无法识别且无弹窗，等待后重试
[2026-05-08 00:03:58] [WARNING] [ShopBot] 界面无法识别且无弹窗，等待后重试
[2026-05-08 00:03:58] [WARNING] [ShopBot] 界面无法识别且无弹窗，等待后重试
[2026-05-08 00:03:58] [WARNING] [ShopBot] 界面无法识别且无弹窗，等待后重试
[2026-05-08 00:03:58] [WARNING] [ShopBot] 界面无法识别且无弹窗，等待后重试
[2026-05-08 00:03:58] [WARNING] [ShopBot] 界面无法识别且无弹窗，等待后重试
[2026-05-08 00:03:58] [WARNING] [ShopBot] 界面无法识别且无弹窗，等待后重试
[2026-05-08 00:03:58] [WARNING] [ShopBot] 界面无法识别且无弹窗，等待后重试
[2026-05-08 00:03:58] [WARNING] [ShopBot] 界面无法识别且无弹窗，等待后重试
[2026-05-08 00:03:58] [WARNING] [ShopBot] 界面无法识别且无弹窗，等待后重试
[2026-05-08 00:03:58] [WARNING] [ShopBot] 界面无法识别且无弹窗，等待后重试
[2026-05-08 00:03:58] [WARNING] [ShopBot] 界面无法识别且无弹窗，等待后重试
[2026-05-08 00:03:58] [WARNING] [ShopBot] 界面无法识别且无弹窗，等待后重试
[2026-05-08 00:03:58] [WARNING] [ShopBot] 界面无法识别且无弹窗，等待后重试
[2026-05-08 00:03:58] [WARNING] [ShopBot] 界面无法识别且无弹窗，等待后重试
[2026-05-08 00:03:58] [WARNING] [ShopBot] 界面无法识别且无弹窗，等待后重试
[2026-05-08 00:03:58] [WARNING] [ShopBot] 界面无法识别且无弹窗，等待后重试
[2026-05-08 00:03:58] [WARNING] [ShopBot] 界面无法识别且无弹窗，等待后重试
[2026-05-08 00:03:58] [WARNING] [ShopBot] 界面无法识别且无弹窗，等待后重试
[2026-05-08 00:03:58] [WARNING] [ShopBot] 界面无法识别且无弹窗，等待后重试
[2026-05-08 00:03:58] [WARNING] [ShopBot] 界面无法识别且无弹窗，等待后重试
[2026-05-08 00:03:58] [WARNING] [ShopBot] 界面无法识别且无弹窗，等待后重试
[2026-05-08 00:03:58] [WARNING] [ShopBot] 界面无法识别且无弹窗，等待后重试
[2026-05-08 00:03:58] [WARNING] [ShopBot] 界面无法识别且无弹窗，等待后重试
[2026-05-08 00:03:58] [WARNING] [ShopBot] 界面无法识别且无弹窗，等待后重试
[2026-05-08 00:03:58] [WARNING] [ShopBot] 界面无法识别且无弹窗，等待后重试
[2026-05-08 00:03:58] [WARNING] [ShopBot] 界面无法识别且无弹窗，等待后重试
[2026-05-08 00:03:58] [WARNING] [ShopBot] 界面无法识别且无弹窗，等待后重试
[2026-05-08 00:03:58] [WARNING] [ShopBot] 界面无法识别且无弹窗，等待后重试
[2026-05-08 00:03:58] [WARNING] [ShopBot] 界面无法识别且无弹窗，等待后重试
[2026-05-08 00:03:58] [WARNING] [ShopBot] 界面无法识别且无弹窗，等待后重试
[2026-05-08 00:03:58] [WARNING] [ShopBot] 界面无法识别且无弹窗，等待后重试
[2026-05-08 00:03:58] [WARNING] [ShopBot] 界面无法识别且无弹窗，等待后重试
[2026-05-08 00:03:58] [WARNING] [ShopBot] 界面无法识别且无弹窗，等待后重试
[2026-05-08 00:03:58] [WARNING] [ShopBot] 界面无法识别且无弹窗，等待后重试
[2026-05-08 00:03:58] [WARNING] [ShopBot] 界面无法识别且无弹窗，等待后重试
[2026-05-08 00:03:58] [WARNING] [ShopBot] 界面无法识别且无弹窗，等待后重试
[2026-05-08 00:03:58] [WARNING] [ShopBot] 界面无法识别且无弹窗，等待后重试
[2026-05-08 00:03:58] [ERROR] [ShopBot] 导航超时（0.01s），未能到达秘密商店
[2026-05-08 00:03:58] [INFO] [ShopBot] 开始导航至秘密商店（超时 30.0s）
[2026-05-08 00:03:58] [INFO] [ShopBot] 已关闭弹窗，继续导航
[2026-05-08 00:03:58] [INFO] [ShopBot] 已到达秘密商店
[2026-05-08 00:03:58] [INFO] [ShopBot] 检测到弹窗，点击关闭
[2026-05-08 00:03:58] [INFO] [ShopBot] 开始购买: bookmark, 价格: 184000
[2026-05-08 00:03:58] [INFO] [ShopBot] 检测到确认弹窗，点击确认
[2026-05-08 00:03:58] [INFO] [ShopBot] 购买成功: bookmark, 价格: 184000
[2026-05-08 00:03:58] [INFO] [ShopBot] 开始购买: bookmark, 价格: 184000
[2026-05-08 00:03:58] [INFO] [ShopBot] 检测到确认弹窗，点击确认
[2026-05-08 00:03:58] [INFO] [ShopBot] 检测到二次确认弹窗，点击确认
[2026-05-08 00:03:58] [INFO] [ShopBot] 购买成功: bookmark, 价格: 184000
[2026-05-08 00:03:58] [INFO] [ShopBot] 开始购买: bookmark, 价格: 184000
[2026-05-08 00:03:58] [WARNING] [ShopBot] 购买失败 - bookmark: 金币不足
[2026-05-08 00:03:58] [INFO] [ShopBot] 开始购买: bookmark, 价格: 184000
[2026-05-08 00:03:58] [WARNING] [ShopBot] 确认弹窗未出现，重试点击: bookmark
[2026-05-08 00:03:58] [WARNING] [ShopBot] 购买失败 - bookmark: 确认弹窗未出现
[2026-05-08 00:03:58] [INFO] [ShopBot] 检测到确认弹窗，点击确认
[2026-05-08 00:03:58] [INFO] [ShopBot] 检测到确认弹窗，点击确认
[2026-05-08 00:03:58] [INFO] [ShopBot] 检测到二次确认弹窗，点击确认
[2026-05-08 00:03:58] [INFO] [ShopBot] 购买结果 - bookmark: 成功, 价格: 184000
[2026-05-08 00:03:58] [INFO] [ShopBot] 跳过物品: equipment (未在购买列表中)
[2026-05-08 00:03:58] [INFO] [ShopBot] 货架处理完成，共购买 1 个物品
[2026-05-08 00:03:58] [INFO] [ShopBot] 购买结果 - bookmark: 成功, 价格: 184000
[2026-05-08 00:03:58] [INFO] [ShopBot] 购买结果 - bookmark: 成功, 价格: 184000
[2026-05-08 00:03:58] [INFO] [ShopBot] 货架处理完成，共购买 2 个物品
[2026-05-08 00:03:58] [INFO] [ShopBot] 货架处理完成，共购买 0 个物品
[2026-05-08 00:03:58] [INFO] [ShopBot] 跳过物品: unknown (未在购买列表中)
[2026-05-08 00:03:58] [INFO] [ShopBot] 货架处理完成，共购买 0 个物品
[2026-05-08 00:03:58] [DEBUG] [ShopBot] 模板匹配 equipment 失败: [Errno 2] No such file or directory: 'D:\\software\\7th\\7th\\assets\\e7\\equipment.png'
[2026-05-08 00:03:58] [DEBUG] [ShopBot] 模板匹配 fodder 失败: [Errno 2] No such file or directory: 'D:\\software\\7th\\7th\\assets\\e7\\fodder.png'
[2026-05-08 00:03:58] [DEBUG] [ShopBot] 槽位 (120, 160, 200, 240) 最佳匹配 unknown 置信度 0.00 低于阈值 0.85，标记为 unknown
[2026-05-08 00:03:58] [WARNING] [ShopBot] OCR 价格识别失败 (210, 200, 340, 230): OCR 服务不可用
[2026-05-08 00:03:58] [INFO] [ShopBot] 槽位 0: bookmark (置信度 0.92), 价格 184000
[2026-05-08 00:03:58] [INFO] [ShopBot] 槽位 1: bookmark (置信度 0.92), 价格 184000
[2026-05-08 00:03:58] [INFO] [ShopBot] 槽位 2: bookmark (置信度 0.92), 价格 184000
[2026-05-08 00:03:58] [INFO] [ShopBot] 槽位 3: bookmark (置信度 0.92), 价格 184000
[2026-05-08 00:03:58] [INFO] [ShopBot] 槽位 4: bookmark (置信度 0.92), 价格 184000
[2026-05-08 00:03:58] [INFO] [ShopBot] 槽位 5: bookmark (置信度 0.92), 价格 184000
[2026-05-08 00:03:58] [INFO] [ShopBot] 槽位 0: bookmark (置信度 0.92), 价格 100
[2026-05-08 00:03:58] [INFO] [ShopBot] 槽位 1: bookmark (置信度 0.92), 价格 100
[2026-05-08 00:03:58] [INFO] [ShopBot] 槽位 2: bookmark (置信度 0.92), 价格 100
[2026-05-08 00:03:58] [INFO] [ShopBot] 槽位 3: bookmark (置信度 0.92), 价格 100
[2026-05-08 00:03:58] [INFO] [ShopBot] 槽位 4: bookmark (置信度 0.92), 价格 100
[2026-05-08 00:03:58] [INFO] [ShopBot] 槽位 5: bookmark (置信度 0.92), 价格 100
[2026-05-08 00:03:58] [INFO] [ShopBot] 槽位 0: equipment (置信度 0.88), 价格 50000
[2026-05-08 00:03:58] [INFO] [ShopBot] 槽位 1: equipment (置信度 0.88), 价格 50000
[2026-05-08 00:03:58] [INFO] [ShopBot] 槽位 2: equipment (置信度 0.88), 价格 50000
[2026-05-08 00:03:58] [INFO] [ShopBot] 槽位 3: equipment (置信度 0.88), 价格 50000
[2026-05-08 00:03:58] [INFO] [ShopBot] 槽位 4: equipment (置信度 0.88), 价格 50000
[2026-05-08 00:03:58] [INFO] [ShopBot] 槽位 5: equipment (置信度 0.88), 价格 50000
[2026-05-08 00:03:58] [DEBUG] [ShopBot] 底部检测相似度: 1.0000
[2026-05-08 00:03:58] [DEBUG] [ShopBot] 底部检测相似度: 0.2157
[2026-05-08 00:03:58] [INFO] [ShopBot] 已到达货架底部（第 1 次滑动后）
[2026-05-08 00:03:58] [INFO] [ShopBot] 第 1 次滑动，识别到 0 个物品
[2026-05-08 00:03:58] [INFO] [ShopBot] 第 2 次滑动，识别到 0 个物品
[2026-05-08 00:03:58] [INFO] [ShopBot] 第 3 次滑动，识别到 0 个物品
[2026-05-08 00:03:58] [INFO] [ShopBot] 第 4 次滑动，识别到 0 个物品
[2026-05-08 00:03:58] [INFO] [ShopBot] 第 5 次滑动，识别到 0 个物品
[2026-05-08 00:03:58] [INFO] [ShopBot] 开始识别完整货架
[2026-05-08 00:03:58] [INFO] [ShopBot] 货架识别完成，共 2 个物品
[2026-05-08 00:03:58] [INFO] [ShopBot] ===== 第 1 轮 =====
[2026-05-08 00:03:58] [INFO] [ShopBot] ShopBot 收到停止请求，将在当前循环结束后停止
[2026-05-08 00:03:58] [INFO] [ShopBot] 收到停止信号，退出主循环
[2026-05-08 00:03:58] [INFO] [ShopBot] ========== 运行统计 ==========
[2026-05-08 00:03:58] [INFO] [ShopBot] 总刷新次数: 0
[2026-05-08 00:03:58] [INFO] [ShopBot] 购买书签: 1
[2026-05-08 00:03:58] [INFO] [ShopBot] 购买神秘奖章: 0
[2026-05-08 00:03:58] [INFO] [ShopBot] 购买装备: 0
[2026-05-08 00:03:58] [INFO] [ShopBot] 天空石消耗: 0
[2026-05-08 00:03:58] [INFO] [ShopBot] 天空石余量: 0
[2026-05-08 00:03:58] [INFO] [ShopBot] ==============================
[2026-05-08 00:03:58] [INFO] [ShopBot] ShopBot 已停止
[2026-05-08 00:03:58] [INFO] [ShopBot] ===== 第 1 轮 =====
[2026-05-08 00:03:58] [INFO] [ShopBot] ShopBot 收到停止请求，将在当前循环结束后停止
[2026-05-08 00:03:58] [INFO] [ShopBot] 收到停止信号，退出主循环
[2026-05-08 00:03:58] [INFO] [ShopBot] ========== 运行统计 ==========
[2026-05-08 00:03:58] [INFO] [ShopBot] 总刷新次数: 0
[2026-05-08 00:03:58] [INFO] [ShopBot] 购买书签: 3
[2026-05-08 00:03:58] [INFO] [ShopBot] 购买神秘奖章: 0
[2026-05-08 00:03:58] [INFO] [ShopBot] 购买装备: 0
[2026-05-08 00:03:58] [INFO] [ShopBot] 天空石消耗: 0
[2026-05-08 00:03:58] [INFO] [ShopBot] 天空石余量: 0
[2026-05-08 00:03:58] [INFO] [ShopBot] ==============================
[2026-05-08 00:03:58] [INFO] [ShopBot] ShopBot 已停止
[2026-05-08 00:03:58] [INFO] [ShopBot] ===== 第 1 轮 =====
[2026-05-08 00:03:59] [INFO] [ShopBot] ShopBot 收到停止请求，将在当前循环结束后停止
[2026-05-08 00:03:59] [INFO] [ShopBot] 收到停止信号，退出主循环
[2026-05-08 00:03:59] [INFO] [ShopBot] ========== 运行统计 ==========
[2026-05-08 00:03:59] [INFO] [ShopBot] 总刷新次数: 0
[2026-05-08 00:03:59] [INFO] [ShopBot] 购买书签: 4
[2026-05-08 00:03:59] [INFO] [ShopBot] 购买神秘奖章: 0
[2026-05-08 00:03:59] [INFO] [ShopBot] 购买装备: 0
[2026-05-08 00:03:59] [INFO] [ShopBot] 天空石消耗: 0
[2026-05-08 00:03:59] [INFO] [ShopBot] 天空石余量: 0
[2026-05-08 00:03:59] [INFO] [ShopBot] ==============================
[2026-05-08 00:03:59] [INFO] [ShopBot] ShopBot 已停止
[2026-05-08 00:03:59] [INFO] [ShopBot] ===== 第 1 轮 =====
[2026-05-08 00:03:59] [INFO] [ShopBot] ShopBot 收到停止请求，将在当前循环结束后停止
[2026-05-08 00:03:59] [INFO] [ShopBot] 收到停止信号，退出主循环
[2026-05-08 00:03:59] [INFO] [ShopBot] ========== 运行统计 ==========
[2026-05-08 00:03:59] [INFO] [ShopBot] 总刷新次数: 0
[2026-05-08 00:03:59] [INFO] [ShopBot] 购买书签: 5
[2026-05-08 00:03:59] [INFO] [ShopBot] 购买神秘奖章: 0
[2026-05-08 00:03:59] [INFO] [ShopBot] 购买装备: 0
[2026-05-08 00:03:59] [INFO] [ShopBot] 天空石消耗: 0
[2026-05-08 00:03:59] [INFO] [ShopBot] 天空石余量: 0
[2026-05-08 00:03:59] [INFO] [ShopBot] ==============================
[2026-05-08 00:03:59] [INFO] [ShopBot] ShopBot 已停止
[2026-05-08 00:03:59] [INFO] [ShopBot] ===== 第 1 轮 =====
[2026-05-08 00:03:59] [INFO] [ShopBot] ShopBot 收到停止请求，将在当前循环结束后停止
[2026-05-08 00:03:59] [INFO] [ShopBot] 收到停止信号，退出主循环
[2026-05-08 00:03:59] [INFO] [ShopBot] ========== 运行统计 ==========
[2026-05-08 00:03:59] [INFO] [ShopBot] 总刷新次数: 0
[2026-05-08 00:03:59] [INFO] [ShopBot] 购买书签: 2
[2026-05-08 00:03:59] [INFO] [ShopBot] 购买神秘奖章: 0
[2026-05-08 00:03:59] [INFO] [ShopBot] 购买装备: 0
[2026-05-08 00:03:59] [INFO] [ShopBot] 天空石消耗: 0
[2026-05-08 00:03:59] [INFO] [ShopBot] 天空石余量: 0
[2026-05-08 00:03:59] [INFO] [ShopBot] ==============================
[2026-05-08 00:03:59] [INFO] [ShopBot] ShopBot 已停止
[2026-05-08 00:03:59] [INFO] [ShopBot] ShopBot 已启动
[2026-05-08 00:03:59] [INFO] [ShopBot] ShopBot 收到停止请求，将在当前循环结束后停止
[2026-05-08 00:03:59] [INFO] [ShopBot] ShopBot 收到停止请求，将在当前循环结束后停止
[2026-05-08 00:03:59] [WARNING] [ShopBot] ShopBot 已在运行中
[2026-05-08 00:03:59] [INFO] [ShopBot] ===== 第 1 轮 =====
[2026-05-08 00:03:59] [INFO] [ShopBot] 达到停止条件，结束运行
[2026-05-08 00:03:59] [INFO] [ShopBot] ========== 运行统计 ==========
[2026-05-08 00:03:59] [INFO] [ShopBot] 总刷新次数: 0
[2026-05-08 00:03:59] [INFO] [ShopBot] 购买书签: 0
[2026-05-08 00:03:59] [INFO] [ShopBot] 购买神秘奖章: 0
[2026-05-08 00:03:59] [INFO] [ShopBot] 购买装备: 0
[2026-05-08 00:03:59] [INFO] [ShopBot] 天空石消耗: 0
[2026-05-08 00:03:59] [INFO] [ShopBot] 天空石余量: 0
[2026-05-08 00:03:59] [INFO] [ShopBot] ==============================
[2026-05-08 00:03:59] [INFO] [ShopBot] ShopBot 已停止
[2026-05-08 00:03:59] [INFO] [ShopBot] ===== 第 1 轮 =====
[2026-05-08 00:03:59] [INFO] [ShopBot] ===== 第 2 轮 =====
[2026-05-08 00:03:59] [INFO] [ShopBot] 达到停止条件，结束运行
[2026-05-08 00:03:59] [INFO] [ShopBot] ========== 运行统计 ==========
[2026-05-08 00:03:59] [INFO] [ShopBot] 总刷新次数: 1
[2026-05-08 00:03:59] [INFO] [ShopBot] 购买书签: 0
[2026-05-08 00:03:59] [INFO] [ShopBot] 购买神秘奖章: 0
[2026-05-08 00:03:59] [INFO] [ShopBot] 购买装备: 0
[2026-05-08 00:03:59] [INFO] [ShopBot] 天空石消耗: 3
[2026-05-08 00:03:59] [INFO] [ShopBot] 天空石余量: 0
[2026-05-08 00:03:59] [INFO] [ShopBot] ==============================
[2026-05-08 00:03:59] [INFO] [ShopBot] ShopBot 已停止
[2026-05-08 00:03:59] [INFO] [ShopBot] ===== 第 1 轮 =====
[2026-05-08 00:03:59] [ERROR] [ShopBot] 主循环异常（连续第 1 次）: 测试异常
[2026-05-08 00:03:59] [INFO] [ShopBot] 异常恢复成功，继续运行
[2026-05-08 00:03:59] [INFO] [ShopBot] ===== 第 1 轮 =====
[2026-05-08 00:03:59] [INFO] [ShopBot] 达到停止条件，结束运行
[2026-05-08 00:03:59] [INFO] [ShopBot] ========== 运行统计 ==========
[2026-05-08 00:03:59] [INFO] [ShopBot] 总刷新次数: 0
[2026-05-08 00:03:59] [INFO] [ShopBot] 购买书签: 0
[2026-05-08 00:03:59] [INFO] [ShopBot] 购买神秘奖章: 0
[2026-05-08 00:03:59] [INFO] [ShopBot] 购买装备: 0
[2026-05-08 00:03:59] [INFO] [ShopBot] 天空石消耗: 0
[2026-05-08 00:03:59] [INFO] [ShopBot] 天空石余量: 0
[2026-05-08 00:03:59] [INFO] [ShopBot] ==============================
[2026-05-08 00:03:59] [INFO] [ShopBot] ShopBot 已停止
[2026-05-08 00:03:59] [INFO] [ShopBot] ===== 第 1 轮 =====
[2026-05-08 00:03:59] [ERROR] [ShopBot] 主循环异常（连续第 1 次）: 持续异常
[2026-05-08 00:03:59] [ERROR] [ShopBot] 异常恢复失败
[2026-05-08 00:03:59] [INFO] [ShopBot] ===== 第 1 轮 =====
[2026-05-08 00:03:59] [ERROR] [ShopBot] 主循环异常（连续第 2 次）: 持续异常
[2026-05-08 00:03:59] [ERROR] [ShopBot] 异常恢复失败
[2026-05-08 00:03:59] [INFO] [ShopBot] ===== 第 1 轮 =====
[2026-05-08 00:03:59] [ERROR] [ShopBot] 主循环异常（连续第 3 次）: 持续异常
[2026-05-08 00:03:59] [ERROR] [ShopBot] 异常恢复失败
[2026-05-08 00:03:59] [ERROR] [ShopBot] 连续 3 次恢复失败，终止运行
[2026-05-08 00:03:59] [INFO] [ShopBot] ========== 运行统计 ==========
[2026-05-08 00:03:59] [INFO] [ShopBot] 总刷新次数: 0
[2026-05-08 00:03:59] [INFO] [ShopBot] 购买书签: 0
[2026-05-08 00:03:59] [INFO] [ShopBot] 购买神秘奖章: 0
[2026-05-08 00:03:59] [INFO] [ShopBot] 购买装备: 0
[2026-05-08 00:03:59] [INFO] [ShopBot] 天空石消耗: 0
[2026-05-08 00:03:59] [INFO] [ShopBot] 天空石余量: 0
[2026-05-08 00:03:59] [INFO] [ShopBot] ==============================
[2026-05-08 00:03:59] [INFO] [ShopBot] ShopBot 已停止
[2026-05-08 00:03:59] [ERROR] [ShopBot] 设备连接失败，终止运行
[2026-05-08 00:03:59] [INFO] [ShopBot] ========== 运行统计 ==========
[2026-05-08 00:03:59] [INFO] [ShopBot] 总刷新次数: 0
[2026-05-08 00:03:59] [INFO] [ShopBot] 购买书签: 0
[2026-05-08 00:03:59] [INFO] [ShopBot] 购买神秘奖章: 0
[2026-05-08 00:03:59] [INFO] [ShopBot] 购买装备: 0
[2026-05-08 00:03:59] [INFO] [ShopBot] 天空石消耗: 0
[2026-05-08 00:03:59] [INFO] [ShopBot] 天空石余量: 0
[2026-05-08 00:03:59] [INFO] [ShopBot] ==============================
[2026-05-08 00:03:59] [INFO] [ShopBot] ShopBot 已停止
[2026-05-08 00:03:59] [ERROR] [ShopBot] 导航至秘密商店失败，终止运行
[2026-05-08 00:03:59] [INFO] [ShopBot] ========== 运行统计 ==========
[2026-05-08 00:03:59] [INFO] [ShopBot] 总刷新次数: 0
[2026-05-08 00:03:59] [INFO] [ShopBot] 购买书签: 0
[2026-05-08 00:03:59] [INFO] [ShopBot] 购买神秘奖章: 0
[2026-05-08 00:03:59] [INFO] [ShopBot] 购买装备: 0
[2026-05-08 00:03:59] [INFO] [ShopBot] 天空石消耗: 0
[2026-05-08 00:03:59] [INFO] [ShopBot] 天空石余量: 0
[2026-05-08 00:03:59] [INFO] [ShopBot] ==============================
[2026-05-08 00:03:59] [INFO] [ShopBot] ShopBot 已停止
[2026-05-08 00:03:59] [INFO] [ShopBot] ========== 运行统计 ==========
[2026-05-08 00:03:59] [INFO] [ShopBot] 总刷新次数: 0
[2026-05-08 00:03:59] [INFO] [ShopBot] 购买书签: 0
[2026-05-08 00:03:59] [INFO] [ShopBot] 购买神秘奖章: 0
[2026-05-08 00:03:59] [INFO] [ShopBot] 购买装备: 0
[2026-05-08 00:03:59] [INFO] [ShopBot] 天空石消耗: 0
[2026-05-08 00:03:59] [INFO] [ShopBot] 天空石余量: 0
[2026-05-08 00:03:59] [INFO] [ShopBot] ==============================
[2026-05-08 00:03:59] [INFO] [ShopBot] ShopBot 已停止
[2026-05-08 00:03:59] [INFO] [ShopBot] 点击刷新按钮（第 1 次）
[2026-05-08 00:03:59] [INFO] [ShopBot] 检测到刷新确认弹窗，点击确认
[2026-05-08 00:03:59] [INFO] [ShopBot] 等待货架加载...
[2026-05-08 00:03:59] [INFO] [ShopBot] 点击刷新按钮（第 1 次）
[2026-05-08 00:03:59] [INFO] [ShopBot] 检测到刷新确认弹窗，点击确认
[2026-05-08 00:03:59] [INFO] [ShopBot] 检测到刷新二次确认弹窗，点击确认
[2026-05-08 00:03:59] [INFO] [ShopBot] 等待货架加载...
[2026-05-08 00:03:59] [INFO] [ShopBot] 点击刷新按钮（第 1 次）
[2026-05-08 00:03:59] [WARNING] [ShopBot] 刷新确认弹窗未出现（第 1 次）
[2026-05-08 00:03:59] [INFO] [ShopBot] 点击刷新按钮（第 2 次）
[2026-05-08 00:03:59] [WARNING] [ShopBot] 刷新确认弹窗未出现（第 2 次）
[2026-05-08 00:03:59] [ERROR] [ShopBot] 刷新失败，已重试 2 次
[2026-05-08 00:03:59] [INFO] [ShopBot] 尝试恢复到秘密商店界面...
[2026-05-08 00:03:59] [INFO] [ShopBot] 尝试恢复到秘密商店界面...
[2026-05-08 00:03:59] [ERROR] [ShopBot] 异常恢复过程中出错: 保存失败
[2026-05-08 00:06:12] [DEBUG] [ShopBot] 秘密商店检测: 导航顶部=50 导航中部=180 内容区=50
[2026-05-08 00:06:12] [INFO] [ShopBot] 场景检测: 秘密商店
[2026-05-08 00:06:12] [DEBUG] [ShopBot] 大厅检测: 导航顶部=150 内容区=180
[2026-05-08 00:06:12] [INFO] [ShopBot] 场景检测: 游戏大厅
[2026-05-08 00:06:12] [DEBUG] [ShopBot] 秘密商店检测: 导航顶部=50 导航中部=50 内容区=50
[2026-05-08 00:06:12] [DEBUG] [ShopBot] 大厅检测: 导航顶部=50 内容区=50
[2026-05-08 00:06:12] [WARNING] [ShopBot] 场景检测: 未知界面
[2026-05-08 00:06:12] [DEBUG] [ShopBot] 秘密商店检测: 导航顶部=50 导航中部=180 内容区=180
[2026-05-08 00:06:12] [DEBUG] [ShopBot] 大厅检测: 导航顶部=50 内容区=180
[2026-05-08 00:06:12] [WARNING] [ShopBot] 场景检测: 未知界面
[2026-05-08 00:06:12] [DEBUG] [ShopBot] 秘密商店检测: 导航顶部=40 导航中部=150 内容区=60
[2026-05-08 00:06:12] [DEBUG] [ShopBot] 秘密商店检测: 导航顶部=50 导航中部=50 内容区=60
[2026-05-08 00:06:12] [DEBUG] [ShopBot] 秘密商店检测: 导航顶部=50 导航中部=150 内容区=180
[2026-05-08 00:06:12] [DEBUG] [ShopBot] 大厅检测: 导航顶部=150 内容区=180
[2026-05-08 00:06:12] [DEBUG] [ShopBot] 大厅检测: 导航顶部=50 内容区=180
[2026-05-08 00:06:12] [DEBUG] [ShopBot] 大厅检测: 导航顶部=150 内容区=50
[2026-05-08 00:06:12] [INFO] [ShopBot] 开始导航至秘密商店（超时 30.0s）
[2026-05-08 00:06:12] [INFO] [ShopBot] 已到达秘密商店
[2026-05-08 00:06:12] [INFO] [ShopBot] 开始导航至秘密商店（超时 30.0s）
[2026-05-08 00:06:12] [INFO] [ShopBot] 从大厅点击左侧导航栏的秘密商店入口
[2026-05-08 00:06:12] [INFO] [ShopBot] 已到达秘密商店
[2026-05-08 00:06:12] [INFO] [ShopBot] 开始导航至秘密商店（超时 0.01s）
[2026-05-08 00:06:12] [WARNING] [ShopBot] 界面无法识别且无弹窗，等待后重试
[2026-05-08 00:06:12] [WARNING] [ShopBot] 界面无法识别且无弹窗，等待后重试
[2026-05-08 00:06:12] [WARNING] [ShopBot] 界面无法识别且无弹窗，等待后重试
[2026-05-08 00:06:12] [WARNING] [ShopBot] 界面无法识别且无弹窗，等待后重试
[2026-05-08 00:06:12] [WARNING] [ShopBot] 界面无法识别且无弹窗，等待后重试
[2026-05-08 00:06:12] [WARNING] [ShopBot] 界面无法识别且无弹窗，等待后重试
[2026-05-08 00:06:12] [WARNING] [ShopBot] 界面无法识别且无弹窗，等待后重试
[2026-05-08 00:06:12] [WARNING] [ShopBot] 界面无法识别且无弹窗，等待后重试
[2026-05-08 00:06:12] [WARNING] [ShopBot] 界面无法识别且无弹窗，等待后重试
[2026-05-08 00:06:12] [WARNING] [ShopBot] 界面无法识别且无弹窗，等待后重试
[2026-05-08 00:06:12] [WARNING] [ShopBot] 界面无法识别且无弹窗，等待后重试
[2026-05-08 00:06:12] [WARNING] [ShopBot] 界面无法识别且无弹窗，等待后重试
[2026-05-08 00:06:12] [WARNING] [ShopBot] 界面无法识别且无弹窗，等待后重试
[2026-05-08 00:06:12] [WARNING] [ShopBot] 界面无法识别且无弹窗，等待后重试
[2026-05-08 00:06:12] [WARNING] [ShopBot] 界面无法识别且无弹窗，等待后重试
[2026-05-08 00:06:12] [WARNING] [ShopBot] 界面无法识别且无弹窗，等待后重试
[2026-05-08 00:06:12] [WARNING] [ShopBot] 界面无法识别且无弹窗，等待后重试
[2026-05-08 00:06:12] [WARNING] [ShopBot] 界面无法识别且无弹窗，等待后重试
[2026-05-08 00:06:12] [WARNING] [ShopBot] 界面无法识别且无弹窗，等待后重试
[2026-05-08 00:06:12] [WARNING] [ShopBot] 界面无法识别且无弹窗，等待后重试
[2026-05-08 00:06:12] [WARNING] [ShopBot] 界面无法识别且无弹窗，等待后重试
[2026-05-08 00:06:12] [WARNING] [ShopBot] 界面无法识别且无弹窗，等待后重试
[2026-05-08 00:06:12] [WARNING] [ShopBot] 界面无法识别且无弹窗，等待后重试
[2026-05-08 00:06:12] [WARNING] [ShopBot] 界面无法识别且无弹窗，等待后重试
[2026-05-08 00:06:12] [WARNING] [ShopBot] 界面无法识别且无弹窗，等待后重试
[2026-05-08 00:06:12] [WARNING] [ShopBot] 界面无法识别且无弹窗，等待后重试
[2026-05-08 00:06:12] [WARNING] [ShopBot] 界面无法识别且无弹窗，等待后重试
[2026-05-08 00:06:12] [WARNING] [ShopBot] 界面无法识别且无弹窗，等待后重试
[2026-05-08 00:06:12] [WARNING] [ShopBot] 界面无法识别且无弹窗，等待后重试
[2026-05-08 00:06:12] [WARNING] [ShopBot] 界面无法识别且无弹窗，等待后重试
[2026-05-08 00:06:12] [WARNING] [ShopBot] 界面无法识别且无弹窗，等待后重试
[2026-05-08 00:06:12] [WARNING] [ShopBot] 界面无法识别且无弹窗，等待后重试
[2026-05-08 00:06:12] [WARNING] [ShopBot] 界面无法识别且无弹窗，等待后重试
[2026-05-08 00:06:12] [WARNING] [ShopBot] 界面无法识别且无弹窗，等待后重试
[2026-05-08 00:06:13] [WARNING] [ShopBot] 界面无法识别且无弹窗，等待后重试
[2026-05-08 00:06:13] [WARNING] [ShopBot] 界面无法识别且无弹窗，等待后重试
[2026-05-08 00:06:13] [WARNING] [ShopBot] 界面无法识别且无弹窗，等待后重试
[2026-05-08 00:06:13] [WARNING] [ShopBot] 界面无法识别且无弹窗，等待后重试
[2026-05-08 00:06:13] [WARNING] [ShopBot] 界面无法识别且无弹窗，等待后重试
[2026-05-08 00:06:13] [WARNING] [ShopBot] 界面无法识别且无弹窗，等待后重试
[2026-05-08 00:06:13] [WARNING] [ShopBot] 界面无法识别且无弹窗，等待后重试
[2026-05-08 00:06:13] [WARNING] [ShopBot] 界面无法识别且无弹窗，等待后重试
[2026-05-08 00:06:13] [WARNING] [ShopBot] 界面无法识别且无弹窗，等待后重试
[2026-05-08 00:06:13] [WARNING] [ShopBot] 界面无法识别且无弹窗，等待后重试
[2026-05-08 00:06:13] [WARNING] [ShopBot] 界面无法识别且无弹窗，等待后重试
[2026-05-08 00:06:13] [WARNING] [ShopBot] 界面无法识别且无弹窗，等待后重试
[2026-05-08 00:06:13] [WARNING] [ShopBot] 界面无法识别且无弹窗，等待后重试
[2026-05-08 00:06:13] [WARNING] [ShopBot] 界面无法识别且无弹窗，等待后重试
[2026-05-08 00:06:13] [WARNING] [ShopBot] 界面无法识别且无弹窗，等待后重试
[2026-05-08 00:06:13] [WARNING] [ShopBot] 界面无法识别且无弹窗，等待后重试
[2026-05-08 00:06:13] [WARNING] [ShopBot] 界面无法识别且无弹窗，等待后重试
[2026-05-08 00:06:13] [WARNING] [ShopBot] 界面无法识别且无弹窗，等待后重试
[2026-05-08 00:06:13] [WARNING] [ShopBot] 界面无法识别且无弹窗，等待后重试
[2026-05-08 00:06:13] [WARNING] [ShopBot] 界面无法识别且无弹窗，等待后重试
[2026-05-08 00:06:13] [WARNING] [ShopBot] 界面无法识别且无弹窗，等待后重试
[2026-05-08 00:06:13] [WARNING] [ShopBot] 界面无法识别且无弹窗，等待后重试
[2026-05-08 00:06:13] [WARNING] [ShopBot] 界面无法识别且无弹窗，等待后重试
[2026-05-08 00:06:13] [WARNING] [ShopBot] 界面无法识别且无弹窗，等待后重试
[2026-05-08 00:06:13] [WARNING] [ShopBot] 界面无法识别且无弹窗，等待后重试
[2026-05-08 00:06:13] [WARNING] [ShopBot] 界面无法识别且无弹窗，等待后重试
[2026-05-08 00:06:13] [WARNING] [ShopBot] 界面无法识别且无弹窗，等待后重试
[2026-05-08 00:06:13] [WARNING] [ShopBot] 界面无法识别且无弹窗，等待后重试
[2026-05-08 00:06:13] [WARNING] [ShopBot] 界面无法识别且无弹窗，等待后重试
[2026-05-08 00:06:13] [WARNING] [ShopBot] 界面无法识别且无弹窗，等待后重试
[2026-05-08 00:06:13] [WARNING] [ShopBot] 界面无法识别且无弹窗，等待后重试
[2026-05-08 00:06:13] [WARNING] [ShopBot] 界面无法识别且无弹窗，等待后重试
[2026-05-08 00:06:13] [WARNING] [ShopBot] 界面无法识别且无弹窗，等待后重试
[2026-05-08 00:06:13] [WARNING] [ShopBot] 界面无法识别且无弹窗，等待后重试
[2026-05-08 00:06:13] [WARNING] [ShopBot] 界面无法识别且无弹窗，等待后重试
[2026-05-08 00:06:13] [WARNING] [ShopBot] 界面无法识别且无弹窗，等待后重试
[2026-05-08 00:06:13] [WARNING] [ShopBot] 界面无法识别且无弹窗，等待后重试
[2026-05-08 00:06:13] [WARNING] [ShopBot] 界面无法识别且无弹窗，等待后重试
[2026-05-08 00:06:13] [WARNING] [ShopBot] 界面无法识别且无弹窗，等待后重试
[2026-05-08 00:06:13] [WARNING] [ShopBot] 界面无法识别且无弹窗，等待后重试
[2026-05-08 00:06:13] [WARNING] [ShopBot] 界面无法识别且无弹窗，等待后重试
[2026-05-08 00:06:13] [WARNING] [ShopBot] 界面无法识别且无弹窗，等待后重试
[2026-05-08 00:06:13] [WARNING] [ShopBot] 界面无法识别且无弹窗，等待后重试
[2026-05-08 00:06:13] [WARNING] [ShopBot] 界面无法识别且无弹窗，等待后重试
[2026-05-08 00:06:13] [WARNING] [ShopBot] 界面无法识别且无弹窗，等待后重试
[2026-05-08 00:06:13] [WARNING] [ShopBot] 界面无法识别且无弹窗，等待后重试
[2026-05-08 00:06:13] [WARNING] [ShopBot] 界面无法识别且无弹窗，等待后重试
[2026-05-08 00:06:13] [WARNING] [ShopBot] 界面无法识别且无弹窗，等待后重试
[2026-05-08 00:06:13] [WARNING] [ShopBot] 界面无法识别且无弹窗，等待后重试
[2026-05-08 00:06:13] [WARNING] [ShopBot] 界面无法识别且无弹窗，等待后重试
[2026-05-08 00:06:13] [WARNING] [ShopBot] 界面无法识别且无弹窗，等待后重试
[2026-05-08 00:06:13] [WARNING] [ShopBot] 界面无法识别且无弹窗，等待后重试
[2026-05-08 00:06:13] [WARNING] [ShopBot] 界面无法识别且无弹窗，等待后重试
[2026-05-08 00:06:13] [WARNING] [ShopBot] 界面无法识别且无弹窗，等待后重试
[2026-05-08 00:06:13] [WARNING] [ShopBot] 界面无法识别且无弹窗，等待后重试
[2026-05-08 00:06:13] [WARNING] [ShopBot] 界面无法识别且无弹窗，等待后重试
[2026-05-08 00:06:13] [WARNING] [ShopBot] 界面无法识别且无弹窗，等待后重试
[2026-05-08 00:06:13] [WARNING] [ShopBot] 界面无法识别且无弹窗，等待后重试
[2026-05-08 00:06:13] [WARNING] [ShopBot] 界面无法识别且无弹窗，等待后重试
[2026-05-08 00:06:13] [WARNING] [ShopBot] 界面无法识别且无弹窗，等待后重试
[2026-05-08 00:06:13] [WARNING] [ShopBot] 界面无法识别且无弹窗，等待后重试
[2026-05-08 00:06:13] [WARNING] [ShopBot] 界面无法识别且无弹窗，等待后重试
[2026-05-08 00:06:13] [WARNING] [ShopBot] 界面无法识别且无弹窗，等待后重试
[2026-05-08 00:06:13] [WARNING] [ShopBot] 界面无法识别且无弹窗，等待后重试
[2026-05-08 00:06:13] [WARNING] [ShopBot] 界面无法识别且无弹窗，等待后重试
[2026-05-08 00:06:13] [WARNING] [ShopBot] 界面无法识别且无弹窗，等待后重试
[2026-05-08 00:06:13] [WARNING] [ShopBot] 界面无法识别且无弹窗，等待后重试
[2026-05-08 00:06:13] [WARNING] [ShopBot] 界面无法识别且无弹窗，等待后重试
[2026-05-08 00:06:13] [WARNING] [ShopBot] 界面无法识别且无弹窗，等待后重试
[2026-05-08 00:06:13] [WARNING] [ShopBot] 界面无法识别且无弹窗，等待后重试
[2026-05-08 00:06:13] [WARNING] [ShopBot] 界面无法识别且无弹窗，等待后重试
[2026-05-08 00:06:13] [WARNING] [ShopBot] 界面无法识别且无弹窗，等待后重试
[2026-05-08 00:06:13] [WARNING] [ShopBot] 界面无法识别且无弹窗，等待后重试
[2026-05-08 00:06:13] [WARNING] [ShopBot] 界面无法识别且无弹窗，等待后重试
[2026-05-08 00:06:13] [WARNING] [ShopBot] 界面无法识别且无弹窗，等待后重试
[2026-05-08 00:06:13] [WARNING] [ShopBot] 界面无法识别且无弹窗，等待后重试
[2026-05-08 00:06:13] [WARNING] [ShopBot] 界面无法识别且无弹窗，等待后重试
[2026-05-08 00:06:13] [WARNING] [ShopBot] 界面无法识别且无弹窗，等待后重试
[2026-05-08 00:06:13] [WARNING] [ShopBot] 界面无法识别且无弹窗，等待后重试
[2026-05-08 00:06:13] [WARNING] [ShopBot] 界面无法识别且无弹窗，等待后重试
[2026-05-08 00:06:13] [WARNING] [ShopBot] 界面无法识别且无弹窗，等待后重试
[2026-05-08 00:06:13] [WARNING] [ShopBot] 界面无法识别且无弹窗，等待后重试
[2026-05-08 00:06:13] [WARNING] [ShopBot] 界面无法识别且无弹窗，等待后重试
[2026-05-08 00:06:13] [WARNING] [ShopBot] 界面无法识别且无弹窗，等待后重试
[2026-05-08 00:06:13] [WARNING] [ShopBot] 界面无法识别且无弹窗，等待后重试
[2026-05-08 00:06:13] [WARNING] [ShopBot] 界面无法识别且无弹窗，等待后重试
[2026-05-08 00:06:13] [WARNING] [ShopBot] 界面无法识别且无弹窗，等待后重试
[2026-05-08 00:06:13] [WARNING] [ShopBot] 界面无法识别且无弹窗，等待后重试
[2026-05-08 00:06:13] [WARNING] [ShopBot] 界面无法识别且无弹窗，等待后重试
[2026-05-08 00:06:13] [WARNING] [ShopBot] 界面无法识别且无弹窗，等待后重试
[2026-05-08 00:06:13] [WARNING] [ShopBot] 界面无法识别且无弹窗，等待后重试
[2026-05-08 00:06:13] [WARNING] [ShopBot] 界面无法识别且无弹窗，等待后重试
[2026-05-08 00:06:13] [WARNING] [ShopBot] 界面无法识别且无弹窗，等待后重试
[2026-05-08 00:06:13] [WARNING] [ShopBot] 界面无法识别且无弹窗，等待后重试
[2026-05-08 00:06:13] [WARNING] [ShopBot] 界面无法识别且无弹窗，等待后重试
[2026-05-08 00:06:13] [WARNING] [ShopBot] 界面无法识别且无弹窗，等待后重试
[2026-05-08 00:06:13] [WARNING] [ShopBot] 界面无法识别且无弹窗，等待后重试
[2026-05-08 00:06:13] [WARNING] [ShopBot] 界面无法识别且无弹窗，等待后重试
[2026-05-08 00:06:13] [WARNING] [ShopBot] 界面无法识别且无弹窗，等待后重试
[2026-05-08 00:06:13] [WARNING] [ShopBot] 界面无法识别且无弹窗，等待后重试
[2026-05-08 00:06:13] [WARNING] [ShopBot] 界面无法识别且无弹窗，等待后重试
[2026-05-08 00:06:13] [WARNING] [ShopBot] 界面无法识别且无弹窗，等待后重试
[2026-05-08 00:06:13] [WARNING] [ShopBot] 界面无法识别且无弹窗，等待后重试
[2026-05-08 00:06:13] [WARNING] [ShopBot] 界面无法识别且无弹窗，等待后重试
[2026-05-08 00:06:13] [WARNING] [ShopBot] 界面无法识别且无弹窗，等待后重试
[2026-05-08 00:06:13] [WARNING] [ShopBot] 界面无法识别且无弹窗，等待后重试
[2026-05-08 00:06:13] [WARNING] [ShopBot] 界面无法识别且无弹窗，等待后重试
[2026-05-08 00:06:13] [WARNING] [ShopBot] 界面无法识别且无弹窗，等待后重试
[2026-05-08 00:06:13] [WARNING] [ShopBot] 界面无法识别且无弹窗，等待后重试
[2026-05-08 00:06:13] [WARNING] [ShopBot] 界面无法识别且无弹窗，等待后重试
[2026-05-08 00:06:13] [WARNING] [ShopBot] 界面无法识别且无弹窗，等待后重试
[2026-05-08 00:06:13] [WARNING] [ShopBot] 界面无法识别且无弹窗，等待后重试
[2026-05-08 00:06:13] [WARNING] [ShopBot] 界面无法识别且无弹窗，等待后重试
[2026-05-08 00:06:13] [WARNING] [ShopBot] 界面无法识别且无弹窗，等待后重试
[2026-05-08 00:06:13] [WARNING] [ShopBot] 界面无法识别且无弹窗，等待后重试
[2026-05-08 00:06:13] [WARNING] [ShopBot] 界面无法识别且无弹窗，等待后重试
[2026-05-08 00:06:13] [WARNING] [ShopBot] 界面无法识别且无弹窗，等待后重试
[2026-05-08 00:06:13] [WARNING] [ShopBot] 界面无法识别且无弹窗，等待后重试
[2026-05-08 00:06:13] [WARNING] [ShopBot] 界面无法识别且无弹窗，等待后重试
[2026-05-08 00:06:13] [WARNING] [ShopBot] 界面无法识别且无弹窗，等待后重试
[2026-05-08 00:06:13] [WARNING] [ShopBot] 界面无法识别且无弹窗，等待后重试
[2026-05-08 00:06:13] [WARNING] [ShopBot] 界面无法识别且无弹窗，等待后重试
[2026-05-08 00:06:13] [WARNING] [ShopBot] 界面无法识别且无弹窗，等待后重试
[2026-05-08 00:06:13] [WARNING] [ShopBot] 界面无法识别且无弹窗，等待后重试
[2026-05-08 00:06:13] [WARNING] [ShopBot] 界面无法识别且无弹窗，等待后重试
[2026-05-08 00:06:13] [WARNING] [ShopBot] 界面无法识别且无弹窗，等待后重试
[2026-05-08 00:06:13] [WARNING] [ShopBot] 界面无法识别且无弹窗，等待后重试
[2026-05-08 00:06:13] [WARNING] [ShopBot] 界面无法识别且无弹窗，等待后重试
[2026-05-08 00:06:13] [WARNING] [ShopBot] 界面无法识别且无弹窗，等待后重试
[2026-05-08 00:06:13] [WARNING] [ShopBot] 界面无法识别且无弹窗，等待后重试
[2026-05-08 00:06:13] [WARNING] [ShopBot] 界面无法识别且无弹窗，等待后重试
[2026-05-08 00:06:13] [WARNING] [ShopBot] 界面无法识别且无弹窗，等待后重试
[2026-05-08 00:06:13] [WARNING] [ShopBot] 界面无法识别且无弹窗，等待后重试
[2026-05-08 00:06:13] [WARNING] [ShopBot] 界面无法识别且无弹窗，等待后重试
[2026-05-08 00:06:13] [WARNING] [ShopBot] 界面无法识别且无弹窗，等待后重试
[2026-05-08 00:06:13] [WARNING] [ShopBot] 界面无法识别且无弹窗，等待后重试
[2026-05-08 00:06:13] [WARNING] [ShopBot] 界面无法识别且无弹窗，等待后重试
[2026-05-08 00:06:13] [WARNING] [ShopBot] 界面无法识别且无弹窗，等待后重试
[2026-05-08 00:06:13] [WARNING] [ShopBot] 界面无法识别且无弹窗，等待后重试
[2026-05-08 00:06:13] [WARNING] [ShopBot] 界面无法识别且无弹窗，等待后重试
[2026-05-08 00:06:13] [WARNING] [ShopBot] 界面无法识别且无弹窗，等待后重试
[2026-05-08 00:06:13] [WARNING] [ShopBot] 界面无法识别且无弹窗，等待后重试
[2026-05-08 00:06:13] [WARNING] [ShopBot] 界面无法识别且无弹窗，等待后重试
[2026-05-08 00:06:13] [WARNING] [ShopBot] 界面无法识别且无弹窗，等待后重试
[2026-05-08 00:06:13] [WARNING] [ShopBot] 界面无法识别且无弹窗，等待后重试
[2026-05-08 00:06:13] [WARNING] [ShopBot] 界面无法识别且无弹窗，等待后重试
[2026-05-08 00:06:13] [WARNING] [ShopBot] 界面无法识别且无弹窗，等待后重试
[2026-05-08 00:06:13] [WARNING] [ShopBot] 界面无法识别且无弹窗，等待后重试
[2026-05-08 00:06:13] [WARNING] [ShopBot] 界面无法识别且无弹窗，等待后重试
[2026-05-08 00:06:13] [WARNING] [ShopBot] 界面无法识别且无弹窗，等待后重试
[2026-05-08 00:06:13] [WARNING] [ShopBot] 界面无法识别且无弹窗，等待后重试
[2026-05-08 00:06:13] [WARNING] [ShopBot] 界面无法识别且无弹窗，等待后重试
[2026-05-08 00:06:13] [WARNING] [ShopBot] 界面无法识别且无弹窗，等待后重试
[2026-05-08 00:06:13] [WARNING] [ShopBot] 界面无法识别且无弹窗，等待后重试
[2026-05-08 00:06:13] [WARNING] [ShopBot] 界面无法识别且无弹窗，等待后重试
[2026-05-08 00:06:13] [WARNING] [ShopBot] 界面无法识别且无弹窗，等待后重试
[2026-05-08 00:06:13] [WARNING] [ShopBot] 界面无法识别且无弹窗，等待后重试
[2026-05-08 00:06:13] [WARNING] [ShopBot] 界面无法识别且无弹窗，等待后重试
[2026-05-08 00:06:13] [WARNING] [ShopBot] 界面无法识别且无弹窗，等待后重试
[2026-05-08 00:06:13] [WARNING] [ShopBot] 界面无法识别且无弹窗，等待后重试
[2026-05-08 00:06:13] [WARNING] [ShopBot] 界面无法识别且无弹窗，等待后重试
[2026-05-08 00:06:13] [WARNING] [ShopBot] 界面无法识别且无弹窗，等待后重试
[2026-05-08 00:06:13] [WARNING] [ShopBot] 界面无法识别且无弹窗，等待后重试
[2026-05-08 00:06:13] [WARNING] [ShopBot] 界面无法识别且无弹窗，等待后重试
[2026-05-08 00:06:13] [WARNING] [ShopBot] 界面无法识别且无弹窗，等待后重试
[2026-05-08 00:06:13] [WARNING] [ShopBot] 界面无法识别且无弹窗，等待后重试
[2026-05-08 00:06:13] [WARNING] [ShopBot] 界面无法识别且无弹窗，等待后重试
[2026-05-08 00:06:13] [WARNING] [ShopBot] 界面无法识别且无弹窗，等待后重试
[2026-05-08 00:06:13] [WARNING] [ShopBot] 界面无法识别且无弹窗，等待后重试
[2026-05-08 00:06:13] [WARNING] [ShopBot] 界面无法识别且无弹窗，等待后重试
[2026-05-08 00:06:13] [WARNING] [ShopBot] 界面无法识别且无弹窗，等待后重试
[2026-05-08 00:06:13] [WARNING] [ShopBot] 界面无法识别且无弹窗，等待后重试
[2026-05-08 00:06:13] [WARNING] [ShopBot] 界面无法识别且无弹窗，等待后重试
[2026-05-08 00:06:13] [WARNING] [ShopBot] 界面无法识别且无弹窗，等待后重试
[2026-05-08 00:06:13] [WARNING] [ShopBot] 界面无法识别且无弹窗，等待后重试
[2026-05-08 00:06:13] [WARNING] [ShopBot] 界面无法识别且无弹窗，等待后重试
[2026-05-08 00:06:13] [WARNING] [ShopBot] 界面无法识别且无弹窗，等待后重试
[2026-05-08 00:06:13] [WARNING] [ShopBot] 界面无法识别且无弹窗，等待后重试
[2026-05-08 00:06:13] [WARNING] [ShopBot] 界面无法识别且无弹窗，等待后重试
[2026-05-08 00:06:13] [WARNING] [ShopBot] 界面无法识别且无弹窗，等待后重试
[2026-05-08 00:06:13] [WARNING] [ShopBot] 界面无法识别且无弹窗，等待后重试
[2026-05-08 00:06:13] [WARNING] [ShopBot] 界面无法识别且无弹窗，等待后重试
[2026-05-08 00:06:13] [WARNING] [ShopBot] 界面无法识别且无弹窗，等待后重试
[2026-05-08 00:06:13] [WARNING] [ShopBot] 界面无法识别且无弹窗，等待后重试
[2026-05-08 00:06:13] [WARNING] [ShopBot] 界面无法识别且无弹窗，等待后重试
[2026-05-08 00:06:13] [WARNING] [ShopBot] 界面无法识别且无弹窗，等待后重试
[2026-05-08 00:06:13] [WARNING] [ShopBot] 界面无法识别且无弹窗，等待后重试
[2026-05-08 00:06:13] [WARNING] [ShopBot] 界面无法识别且无弹窗，等待后重试
[2026-05-08 00:06:13] [WARNING] [ShopBot] 界面无法识别且无弹窗，等待后重试
[2026-05-08 00:06:13] [WARNING] [ShopBot] 界面无法识别且无弹窗，等待后重试
[2026-05-08 00:06:13] [WARNING] [ShopBot] 界面无法识别且无弹窗，等待后重试
[2026-05-08 00:06:13] [WARNING] [ShopBot] 界面无法识别且无弹窗，等待后重试
[2026-05-08 00:06:13] [WARNING] [ShopBot] 界面无法识别且无弹窗，等待后重试
[2026-05-08 00:06:13] [WARNING] [ShopBot] 界面无法识别且无弹窗，等待后重试
[2026-05-08 00:06:13] [WARNING] [ShopBot] 界面无法识别且无弹窗，等待后重试
[2026-05-08 00:06:13] [WARNING] [ShopBot] 界面无法识别且无弹窗，等待后重试
[2026-05-08 00:06:13] [WARNING] [ShopBot] 界面无法识别且无弹窗，等待后重试
[2026-05-08 00:06:13] [WARNING] [ShopBot] 界面无法识别且无弹窗，等待后重试
[2026-05-08 00:06:13] [WARNING] [ShopBot] 界面无法识别且无弹窗，等待后重试
[2026-05-08 00:06:13] [WARNING] [ShopBot] 界面无法识别且无弹窗，等待后重试
[2026-05-08 00:06:13] [WARNING] [ShopBot] 界面无法识别且无弹窗，等待后重试
[2026-05-08 00:06:13] [WARNING] [ShopBot] 界面无法识别且无弹窗，等待后重试
[2026-05-08 00:06:13] [WARNING] [ShopBot] 界面无法识别且无弹窗，等待后重试
[2026-05-08 00:06:13] [WARNING] [ShopBot] 界面无法识别且无弹窗，等待后重试
[2026-05-08 00:06:13] [WARNING] [ShopBot] 界面无法识别且无弹窗，等待后重试
[2026-05-08 00:06:13] [WARNING] [ShopBot] 界面无法识别且无弹窗，等待后重试
[2026-05-08 00:06:13] [WARNING] [ShopBot] 界面无法识别且无弹窗，等待后重试
[2026-05-08 00:06:13] [WARNING] [ShopBot] 界面无法识别且无弹窗，等待后重试
[2026-05-08 00:06:13] [WARNING] [ShopBot] 界面无法识别且无弹窗，等待后重试
[2026-05-08 00:06:13] [WARNING] [ShopBot] 界面无法识别且无弹窗，等待后重试
[2026-05-08 00:06:13] [WARNING] [ShopBot] 界面无法识别且无弹窗，等待后重试
[2026-05-08 00:06:13] [WARNING] [ShopBot] 界面无法识别且无弹窗，等待后重试
[2026-05-08 00:06:13] [WARNING] [ShopBot] 界面无法识别且无弹窗，等待后重试
[2026-05-08 00:06:13] [WARNING] [ShopBot] 界面无法识别且无弹窗，等待后重试
[2026-05-08 00:06:13] [WARNING] [ShopBot] 界面无法识别且无弹窗，等待后重试
[2026-05-08 00:06:13] [WARNING] [ShopBot] 界面无法识别且无弹窗，等待后重试
[2026-05-08 00:06:13] [WARNING] [ShopBot] 界面无法识别且无弹窗，等待后重试
[2026-05-08 00:06:13] [WARNING] [ShopBot] 界面无法识别且无弹窗，等待后重试
[2026-05-08 00:06:13] [WARNING] [ShopBot] 界面无法识别且无弹窗，等待后重试
[2026-05-08 00:06:13] [WARNING] [ShopBot] 界面无法识别且无弹窗，等待后重试
[2026-05-08 00:06:13] [WARNING] [ShopBot] 界面无法识别且无弹窗，等待后重试
[2026-05-08 00:06:13] [WARNING] [ShopBot] 界面无法识别且无弹窗，等待后重试
[2026-05-08 00:06:13] [WARNING] [ShopBot] 界面无法识别且无弹窗，等待后重试
[2026-05-08 00:06:13] [WARNING] [ShopBot] 界面无法识别且无弹窗，等待后重试
[2026-05-08 00:06:13] [WARNING] [ShopBot] 界面无法识别且无弹窗，等待后重试
[2026-05-08 00:06:13] [WARNING] [ShopBot] 界面无法识别且无弹窗，等待后重试
[2026-05-08 00:06:13] [WARNING] [ShopBot] 界面无法识别且无弹窗，等待后重试
[2026-05-08 00:06:13] [WARNING] [ShopBot] 界面无法识别且无弹窗，等待后重试
[2026-05-08 00:06:13] [WARNING] [ShopBot] 界面无法识别且无弹窗，等待后重试
[2026-05-08 00:06:13] [WARNING] [ShopBot] 界面无法识别且无弹窗，等待后重试
[2026-05-08 00:06:13] [WARNING] [ShopBot] 界面无法识别且无弹窗，等待后重试
[2026-05-08 00:06:13] [WARNING] [ShopBot] 界面无法识别且无弹窗，等待后重试
[2026-05-08 00:06:13] [WARNING] [ShopBot] 界面无法识别且无弹窗，等待后重试
[2026-05-08 00:06:13] [WARNING] [ShopBot] 界面无法识别且无弹窗，等待后重试
[2026-05-08 00:06:13] [WARNING] [ShopBot] 界面无法识别且无弹窗，等待后重试
[2026-05-08 00:06:13] [WARNING] [ShopBot] 界面无法识别且无弹窗，等待后重试
[2026-05-08 00:06:13] [WARNING] [ShopBot] 界面无法识别且无弹窗，等待后重试
[2026-05-08 00:06:13] [WARNING] [ShopBot] 界面无法识别且无弹窗，等待后重试
[2026-05-08 00:06:13] [WARNING] [ShopBot] 界面无法识别且无弹窗，等待后重试
[2026-05-08 00:06:13] [WARNING] [ShopBot] 界面无法识别且无弹窗，等待后重试
[2026-05-08 00:06:13] [WARNING] [ShopBot] 界面无法识别且无弹窗，等待后重试
[2026-05-08 00:06:13] [WARNING] [ShopBot] 界面无法识别且无弹窗，等待后重试
[2026-05-08 00:06:13] [WARNING] [ShopBot] 界面无法识别且无弹窗，等待后重试
[2026-05-08 00:06:13] [WARNING] [ShopBot] 界面无法识别且无弹窗，等待后重试
[2026-05-08 00:06:13] [WARNING] [ShopBot] 界面无法识别且无弹窗，等待后重试
[2026-05-08 00:06:13] [WARNING] [ShopBot] 界面无法识别且无弹窗，等待后重试
[2026-05-08 00:06:13] [WARNING] [ShopBot] 界面无法识别且无弹窗，等待后重试
[2026-05-08 00:06:13] [WARNING] [ShopBot] 界面无法识别且无弹窗，等待后重试
[2026-05-08 00:06:13] [WARNING] [ShopBot] 界面无法识别且无弹窗，等待后重试
[2026-05-08 00:06:13] [WARNING] [ShopBot] 界面无法识别且无弹窗，等待后重试
[2026-05-08 00:06:13] [WARNING] [ShopBot] 界面无法识别且无弹窗，等待后重试
[2026-05-08 00:06:13] [WARNING] [ShopBot] 界面无法识别且无弹窗，等待后重试
[2026-05-08 00:06:13] [WARNING] [ShopBot] 界面无法识别且无弹窗，等待后重试
[2026-05-08 00:06:13] [WARNING] [ShopBot] 界面无法识别且无弹窗，等待后重试
[2026-05-08 00:06:13] [WARNING] [ShopBot] 界面无法识别且无弹窗，等待后重试
[2026-05-08 00:06:13] [WARNING] [ShopBot] 界面无法识别且无弹窗，等待后重试
[2026-05-08 00:06:13] [ERROR] [ShopBot] 导航超时（0.01s），未能到达秘密商店
[2026-05-08 00:06:13] [INFO] [ShopBot] 开始导航至秘密商店（超时 30.0s）
[2026-05-08 00:06:13] [INFO] [ShopBot] 已关闭弹窗，继续导航
[2026-05-08 00:06:13] [INFO] [ShopBot] 已到达秘密商店
[2026-05-08 00:06:13] [INFO] [ShopBot] 检测到弹窗，点击关闭
[2026-05-08 00:06:13] [INFO] [ShopBot] 开始购买: bookmark, 价格: 184000
[2026-05-08 00:06:13] [INFO] [ShopBot] 检测到确认弹窗，点击确认
[2026-05-08 00:06:13] [INFO] [ShopBot] 购买成功: bookmark, 价格: 184000
[2026-05-08 00:06:13] [INFO] [ShopBot] 开始购买: bookmark, 价格: 184000
[2026-05-08 00:06:13] [INFO] [ShopBot] 检测到确认弹窗，点击确认
[2026-05-08 00:06:13] [INFO] [ShopBot] 检测到二次确认弹窗，点击确认
[2026-05-08 00:06:13] [INFO] [ShopBot] 购买成功: bookmark, 价格: 184000
[2026-05-08 00:06:13] [INFO] [ShopBot] 开始购买: bookmark, 价格: 184000
[2026-05-08 00:06:13] [WARNING] [ShopBot] 购买失败 - bookmark: 金币不足
[2026-05-08 00:06:13] [INFO] [ShopBot] 开始购买: bookmark, 价格: 184000
[2026-05-08 00:06:13] [WARNING] [ShopBot] 确认弹窗未出现，重试点击: bookmark
[2026-05-08 00:06:13] [WARNING] [ShopBot] 购买失败 - bookmark: 确认弹窗未出现
[2026-05-08 00:06:13] [INFO] [ShopBot] 检测到确认弹窗，点击确认
[2026-05-08 00:06:13] [INFO] [ShopBot] 检测到确认弹窗，点击确认
[2026-05-08 00:06:13] [INFO] [ShopBot] 检测到二次确认弹窗，点击确认
[2026-05-08 00:06:13] [INFO] [ShopBot] 购买结果 - bookmark: 成功, 价格: 184000
[2026-05-08 00:06:13] [INFO] [ShopBot] 跳过物品: equipment (未在购买列表中)
[2026-05-08 00:06:13] [INFO] [ShopBot] 货架处理完成，共购买 1 个物品
[2026-05-08 00:06:13] [INFO] [ShopBot] 购买结果 - bookmark: 成功, 价格: 184000
[2026-05-08 00:06:13] [INFO] [ShopBot] 购买结果 - bookmark: 成功, 价格: 184000
[2026-05-08 00:06:13] [INFO] [ShopBot] 货架处理完成，共购买 2 个物品
[2026-05-08 00:06:13] [INFO] [ShopBot] 货架处理完成，共购买 0 个物品
[2026-05-08 00:06:13] [INFO] [ShopBot] 跳过物品: unknown (未在购买列表中)
[2026-05-08 00:06:13] [INFO] [ShopBot] 货架处理完成，共购买 0 个物品
[2026-05-08 00:07:13] [INFO] [ShopBot] 配置已加载 - 设备: 127.0.0.1:16384, 截图: ADB, 控制: ADB
[2026-05-08 00:07:13] [INFO] [ShopBot] 购买列表 - 书签: True, 神秘奖章: True, 装备: False, 狗粮: False
[2026-05-08 00:07:13] [INFO] [ShopBot] 刷新上限: 200, 天空石阈值: 0, 金币阈值: 0
[2026-05-08 00:07:13] [INFO] [ShopBot] 正在连接设备 127.0.0.1:16384（第 1/3 次）
[2026-05-08 00:07:13] [INFO] [ShopBot] 设备连接成功: 127.0.0.1:16384
[2026-05-08 00:07:26] [DEBUG] [ShopBot] 秘密商店检测: 导航顶部=51 导航中部=199 内容区=60
[2026-05-08 00:07:26] [INFO] [ShopBot] 场景检测: 秘密商店
[2026-05-08 00:31:18] [WARNING] [ShopBot] OCR 价格识别失败 (800, 200, 950, 290): Unknown argument: show_log
[2026-05-08 00:31:18] [WARNING] [ShopBot] OCR 价格识别失败 (800, 200, 950, 290): OCR 服务不可用
[2026-05-08 00:31:18] [INFO] [ShopBot] 动态检测到 2 个物品行: [(100, 190), (245, 335)]
[2026-05-08 00:31:18] [INFO] [ShopBot] 物品 0 (y=100-190): bookmark (置信度 0.92), 价格 184000
[2026-05-08 00:31:18] [INFO] [ShopBot] 物品 1 (y=245-335): bookmark (置信度 0.92), 价格 184000
[2026-05-08 00:31:18] [INFO] [ShopBot] 动态检测到 3 个物品行: [(100, 190), (245, 335), (390, 480)]
[2026-05-08 00:31:18] [INFO] [ShopBot] 物品 0 (y=100-190): bookmark (置信度 0.92), 价格 100
[2026-05-08 00:31:18] [INFO] [ShopBot] 物品 1 (y=245-335): bookmark (置信度 0.92), 价格 100
[2026-05-08 00:31:18] [INFO] [ShopBot] 物品 2 (y=390-480): bookmark (置信度 0.92), 价格 100
[2026-05-08 00:31:18] [INFO] [ShopBot] 动态检测到 0 个物品行: []
[2026-05-08 00:31:18] [INFO] [ShopBot] 动态检测到 3 个物品行: [(100, 190), (245, 335), (390, 480)]
[2026-05-08 00:31:18] [INFO] [ShopBot] 物品 0 (y=100-190): bookmark (置信度 0.92), 价格 100
[2026-05-08 00:31:18] [INFO] [ShopBot] 物品 1 (y=245-335): bookmark (置信度 0.92), 价格 100
[2026-05-08 00:31:18] [INFO] [ShopBot] 物品 2 (y=390-480): bookmark (置信度 0.92), 价格 100
[2026-05-08 00:31:18] [INFO] [ShopBot] 动态检测到 2 个物品行: [(100, 190), (245, 335)]
[2026-05-08 00:31:18] [INFO] [ShopBot] 物品 0 (y=100-190): bookmark (置信度 0.92), 价格 100
[2026-05-08 00:31:18] [INFO] [ShopBot] 物品 1 (y=245-335): bookmark (置信度 0.92), 价格 100
[2026-05-08 00:31:18] [DEBUG] [ShopBot] 底部检测相似度: 1.0000
[2026-05-08 00:31:18] [DEBUG] [ShopBot] 底部检测相似度: 0.2157
[2026-05-08 00:31:18] [INFO] [ShopBot] 已到达货架底部（第 1 次滑动后）
[2026-05-08 00:31:18] [INFO] [ShopBot] 第 1 次滑动，识别到 0 个物品
[2026-05-08 00:31:18] [INFO] [ShopBot] 第 2 次滑动，识别到 0 个物品
[2026-05-08 00:31:18] [INFO] [ShopBot] 第 3 次滑动，识别到 0 个物品
[2026-05-08 00:31:18] [INFO] [ShopBot] 第 4 次滑动，识别到 0 个物品
[2026-05-08 00:31:18] [INFO] [ShopBot] 第 5 次滑动，识别到 0 个物品
[2026-05-08 00:31:18] [INFO] [ShopBot] 开始识别完整货架
[2026-05-08 00:31:18] [INFO] [ShopBot] 货架识别完成，共 2 个物品
[2026-05-08 00:31:18] [DEBUG] [ShopBot] 秘密商店检测: 导航顶部=50 导航中部=180 内容区=50
[2026-05-08 00:31:18] [INFO] [ShopBot] 场景检测: 秘密商店
[2026-05-08 00:31:18] [DEBUG] [ShopBot] 大厅检测: 导航顶部=150 内容区=180
[2026-05-08 00:31:18] [INFO] [ShopBot] 场景检测: 游戏大厅
[2026-05-08 00:31:18] [DEBUG] [ShopBot] 秘密商店检测: 导航顶部=50 导航中部=50 内容区=50
[2026-05-08 00:31:18] [DEBUG] [ShopBot] 大厅检测: 导航顶部=50 内容区=50
[2026-05-08 00:31:18] [WARNING] [ShopBot] 场景检测: 未知界面
[2026-05-08 00:31:18] [DEBUG] [ShopBot] 秘密商店检测: 导航顶部=50 导航中部=180 内容区=180
[2026-05-08 00:31:18] [DEBUG] [ShopBot] 大厅检测: 导航顶部=50 内容区=180
[2026-05-08 00:31:18] [WARNING] [ShopBot] 场景检测: 未知界面
[2026-05-08 00:31:18] [DEBUG] [ShopBot] 秘密商店检测: 导航顶部=40 导航中部=150 内容区=60
[2026-05-08 00:31:18] [DEBUG] [ShopBot] 秘密商店检测: 导航顶部=50 导航中部=50 内容区=60
[2026-05-08 00:31:18] [DEBUG] [ShopBot] 秘密商店检测: 导航顶部=50 导航中部=150 内容区=180
[2026-05-08 00:31:18] [DEBUG] [ShopBot] 大厅检测: 导航顶部=150 内容区=180
[2026-05-08 00:31:18] [DEBUG] [ShopBot] 大厅检测: 导航顶部=50 内容区=180
[2026-05-08 00:31:18] [DEBUG] [ShopBot] 大厅检测: 导航顶部=150 内容区=50
[2026-05-08 00:31:18] [INFO] [ShopBot] 开始导航至秘密商店（超时 30.0s）
[2026-05-08 00:31:18] [INFO] [ShopBot] 已到达秘密商店
[2026-05-08 00:31:18] [INFO] [ShopBot] 开始导航至秘密商店（超时 30.0s）
[2026-05-08 00:31:18] [INFO] [ShopBot] 从大厅点击左侧导航栏的秘密商店入口
[2026-05-08 00:31:18] [INFO] [ShopBot] 已到达秘密商店
[2026-05-08 00:31:18] [INFO] [ShopBot] 开始导航至秘密商店（超时 0.01s）
[2026-05-08 00:31:18] [WARNING] [ShopBot] 界面无法识别且无弹窗，等待后重试
[2026-05-08 00:31:18] [WARNING] [ShopBot] 界面无法识别且无弹窗，等待后重试
[2026-05-08 00:31:18] [WARNING] [ShopBot] 界面无法识别且无弹窗，等待后重试
[2026-05-08 00:31:18] [WARNING] [ShopBot] 界面无法识别且无弹窗，等待后重试
[2026-05-08 00:31:18] [WARNING] [ShopBot] 界面无法识别且无弹窗，等待后重试
[2026-05-08 00:31:18] [WARNING] [ShopBot] 界面无法识别且无弹窗，等待后重试
[2026-05-08 00:31:18] [WARNING] [ShopBot] 界面无法识别且无弹窗，等待后重试
[2026-05-08 00:31:18] [WARNING] [ShopBot] 界面无法识别且无弹窗，等待后重试
[2026-05-08 00:31:18] [WARNING] [ShopBot] 界面无法识别且无弹窗，等待后重试
[2026-05-08 00:31:18] [WARNING] [ShopBot] 界面无法识别且无弹窗，等待后重试
[2026-05-08 00:31:18] [WARNING] [ShopBot] 界面无法识别且无弹窗，等待后重试
[2026-05-08 00:31:18] [WARNING] [ShopBot] 界面无法识别且无弹窗，等待后重试
[2026-05-08 00:31:18] [WARNING] [ShopBot] 界面无法识别且无弹窗，等待后重试
[2026-05-08 00:31:18] [WARNING] [ShopBot] 界面无法识别且无弹窗，等待后重试
[2026-05-08 00:31:18] [WARNING] [ShopBot] 界面无法识别且无弹窗，等待后重试
[2026-05-08 00:31:18] [WARNING] [ShopBot] 界面无法识别且无弹窗，等待后重试
[2026-05-08 00:31:18] [WARNING] [ShopBot] 界面无法识别且无弹窗，等待后重试
[2026-05-08 00:31:18] [WARNING] [ShopBot] 界面无法识别且无弹窗，等待后重试
[2026-05-08 00:31:18] [WARNING] [ShopBot] 界面无法识别且无弹窗，等待后重试
[2026-05-08 00:31:18] [WARNING] [ShopBot] 界面无法识别且无弹窗，等待后重试
[2026-05-08 00:31:18] [WARNING] [ShopBot] 界面无法识别且无弹窗，等待后重试
[2026-05-08 00:31:18] [WARNING] [ShopBot] 界面无法识别且无弹窗，等待后重试
[2026-05-08 00:31:18] [WARNING] [ShopBot] 界面无法识别且无弹窗，等待后重试
[2026-05-08 00:31:18] [WARNING] [ShopBot] 界面无法识别且无弹窗，等待后重试
[2026-05-08 00:31:18] [WARNING] [ShopBot] 界面无法识别且无弹窗，等待后重试
[2026-05-08 00:31:18] [WARNING] [ShopBot] 界面无法识别且无弹窗，等待后重试
[2026-05-08 00:31:18] [WARNING] [ShopBot] 界面无法识别且无弹窗，等待后重试
[2026-05-08 00:31:18] [WARNING] [ShopBot] 界面无法识别且无弹窗，等待后重试
[2026-05-08 00:31:18] [WARNING] [ShopBot] 界面无法识别且无弹窗，等待后重试
[2026-05-08 00:31:18] [WARNING] [ShopBot] 界面无法识别且无弹窗，等待后重试
[2026-05-08 00:31:18] [WARNING] [ShopBot] 界面无法识别且无弹窗，等待后重试
[2026-05-08 00:31:18] [WARNING] [ShopBot] 界面无法识别且无弹窗，等待后重试
[2026-05-08 00:31:18] [WARNING] [ShopBot] 界面无法识别且无弹窗，等待后重试
[2026-05-08 00:31:18] [WARNING] [ShopBot] 界面无法识别且无弹窗，等待后重试
[2026-05-08 00:31:18] [WARNING] [ShopBot] 界面无法识别且无弹窗，等待后重试
[2026-05-08 00:31:18] [WARNING] [ShopBot] 界面无法识别且无弹窗，等待后重试
[2026-05-08 00:31:18] [WARNING] [ShopBot] 界面无法识别且无弹窗，等待后重试
[2026-05-08 00:31:18] [WARNING] [ShopBot] 界面无法识别且无弹窗，等待后重试
[2026-05-08 00:31:18] [WARNING] [ShopBot] 界面无法识别且无弹窗，等待后重试
[2026-05-08 00:31:18] [WARNING] [ShopBot] 界面无法识别且无弹窗，等待后重试
[2026-05-08 00:31:18] [WARNING] [ShopBot] 界面无法识别且无弹窗，等待后重试
[2026-05-08 00:31:18] [WARNING] [ShopBot] 界面无法识别且无弹窗，等待后重试
[2026-05-08 00:31:18] [WARNING] [ShopBot] 界面无法识别且无弹窗，等待后重试
[2026-05-08 00:31:18] [WARNING] [ShopBot] 界面无法识别且无弹窗，等待后重试
[2026-05-08 00:31:18] [WARNING] [ShopBot] 界面无法识别且无弹窗，等待后重试
[2026-05-08 00:31:18] [WARNING] [ShopBot] 界面无法识别且无弹窗，等待后重试
[2026-05-08 00:31:18] [WARNING] [ShopBot] 界面无法识别且无弹窗，等待后重试
[2026-05-08 00:31:18] [WARNING] [ShopBot] 界面无法识别且无弹窗，等待后重试
[2026-05-08 00:31:18] [WARNING] [ShopBot] 界面无法识别且无弹窗，等待后重试
[2026-05-08 00:31:18] [WARNING] [ShopBot] 界面无法识别且无弹窗，等待后重试
[2026-05-08 00:31:18] [WARNING] [ShopBot] 界面无法识别且无弹窗，等待后重试
[2026-05-08 00:31:18] [WARNING] [ShopBot] 界面无法识别且无弹窗，等待后重试
[2026-05-08 00:31:18] [WARNING] [ShopBot] 界面无法识别且无弹窗，等待后重试
[2026-05-08 00:31:18] [WARNING] [ShopBot] 界面无法识别且无弹窗，等待后重试
[2026-05-08 00:31:18] [WARNING] [ShopBot] 界面无法识别且无弹窗，等待后重试
[2026-05-08 00:31:18] [WARNING] [ShopBot] 界面无法识别且无弹窗，等待后重试
[2026-05-08 00:31:18] [WARNING] [ShopBot] 界面无法识别且无弹窗，等待后重试
[2026-05-08 00:31:18] [WARNING] [ShopBot] 界面无法识别且无弹窗，等待后重试
[2026-05-08 00:31:18] [WARNING] [ShopBot] 界面无法识别且无弹窗，等待后重试
[2026-05-08 00:31:18] [WARNING] [ShopBot] 界面无法识别且无弹窗，等待后重试
[2026-05-08 00:31:18] [WARNING] [ShopBot] 界面无法识别且无弹窗，等待后重试
[2026-05-08 00:31:18] [WARNING] [ShopBot] 界面无法识别且无弹窗，等待后重试
[2026-05-08 00:31:18] [WARNING] [ShopBot] 界面无法识别且无弹窗，等待后重试
[2026-05-08 00:31:18] [WARNING] [ShopBot] 界面无法识别且无弹窗，等待后重试
[2026-05-08 00:31:18] [WARNING] [ShopBot] 界面无法识别且无弹窗，等待后重试
[2026-05-08 00:31:18] [WARNING] [ShopBot] 界面无法识别且无弹窗，等待后重试
[2026-05-08 00:31:18] [WARNING] [ShopBot] 界面无法识别且无弹窗，等待后重试
[2026-05-08 00:31:18] [WARNING] [ShopBot] 界面无法识别且无弹窗，等待后重试
[2026-05-08 00:31:18] [WARNING] [ShopBot] 界面无法识别且无弹窗，等待后重试
[2026-05-08 00:31:18] [WARNING] [ShopBot] 界面无法识别且无弹窗，等待后重试
[2026-05-08 00:31:18] [WARNING] [ShopBot] 界面无法识别且无弹窗，等待后重试
[2026-05-08 00:31:18] [WARNING] [ShopBot] 界面无法识别且无弹窗，等待后重试
[2026-05-08 00:31:18] [WARNING] [ShopBot] 界面无法识别且无弹窗，等待后重试
[2026-05-08 00:31:18] [WARNING] [ShopBot] 界面无法识别且无弹窗，等待后重试
[2026-05-08 00:31:18] [WARNING] [ShopBot] 界面无法识别且无弹窗，等待后重试
[2026-05-08 00:31:18] [WARNING] [ShopBot] 界面无法识别且无弹窗，等待后重试
[2026-05-08 00:31:18] [WARNING] [ShopBot] 界面无法识别且无弹窗，等待后重试
[2026-05-08 00:31:18] [WARNING] [ShopBot] 界面无法识别且无弹窗，等待后重试
[2026-05-08 00:31:18] [WARNING] [ShopBot] 界面无法识别且无弹窗，等待后重试
[2026-05-08 00:31:18] [WARNING] [ShopBot] 界面无法识别且无弹窗，等待后重试
[2026-05-08 00:31:18] [WARNING] [ShopBot] 界面无法识别且无弹窗，等待后重试
[2026-05-08 00:31:18] [WARNING] [ShopBot] 界面无法识别且无弹窗，等待后重试
[2026-05-08 00:31:18] [WARNING] [ShopBot] 界面无法识别且无弹窗，等待后重试
[2026-05-08 00:31:18] [WARNING] [ShopBot] 界面无法识别且无弹窗，等待后重试
[2026-05-08 00:31:18] [WARNING] [ShopBot] 界面无法识别且无弹窗，等待后重试
[2026-05-08 00:31:18] [WARNING] [ShopBot] 界面无法识别且无弹窗，等待后重试
[2026-05-08 00:31:18] [WARNING] [ShopBot] 界面无法识别且无弹窗，等待后重试
[2026-05-08 00:31:18] [WARNING] [ShopBot] 界面无法识别且无弹窗，等待后重试
[2026-05-08 00:31:18] [WARNING] [ShopBot] 界面无法识别且无弹窗，等待后重试
[2026-05-08 00:31:18] [WARNING] [ShopBot] 界面无法识别且无弹窗，等待后重试
[2026-05-08 00:31:18] [WARNING] [ShopBot] 界面无法识别且无弹窗，等待后重试
[2026-05-08 00:31:18] [WARNING] [ShopBot] 界面无法识别且无弹窗，等待后重试
[2026-05-08 00:31:18] [WARNING] [ShopBot] 界面无法识别且无弹窗，等待后重试
[2026-05-08 00:31:18] [WARNING] [ShopBot] 界面无法识别且无弹窗，等待后重试
[2026-05-08 00:31:18] [WARNING] [ShopBot] 界面无法识别且无弹窗，等待后重试
[2026-05-08 00:31:18] [WARNING] [ShopBot] 界面无法识别且无弹窗，等待后重试
[2026-05-08 00:31:18] [WARNING] [ShopBot] 界面无法识别且无弹窗，等待后重试
[2026-05-08 00:31:18] [WARNING] [ShopBot] 界面无法识别且无弹窗，等待后重试
[2026-05-08 00:31:18] [WARNING] [ShopBot] 界面无法识别且无弹窗，等待后重试
[2026-05-08 00:31:18] [WARNING] [ShopBot] 界面无法识别且无弹窗，等待后重试
[2026-05-08 00:31:18] [WARNING] [ShopBot] 界面无法识别且无弹窗，等待后重试
[2026-05-08 00:31:18] [WARNING] [ShopBot] 界面无法识别且无弹窗，等待后重试
[2026-05-08 00:31:18] [WARNING] [ShopBot] 界面无法识别且无弹窗，等待后重试
[2026-05-08 00:31:18] [WARNING] [ShopBot] 界面无法识别且无弹窗，等待后重试
[2026-05-08 00:31:18] [WARNING] [ShopBot] 界面无法识别且无弹窗，等待后重试
[2026-05-08 00:31:18] [WARNING] [ShopBot] 界面无法识别且无弹窗，等待后重试
[2026-05-08 00:31:18] [WARNING] [ShopBot] 界面无法识别且无弹窗，等待后重试
[2026-05-08 00:31:18] [WARNING] [ShopBot] 界面无法识别且无弹窗，等待后重试
[2026-05-08 00:31:18] [WARNING] [ShopBot] 界面无法识别且无弹窗，等待后重试
[2026-05-08 00:31:18] [WARNING] [ShopBot] 界面无法识别且无弹窗，等待后重试
[2026-05-08 00:31:18] [WARNING] [ShopBot] 界面无法识别且无弹窗，等待后重试
[2026-05-08 00:31:18] [WARNING] [ShopBot] 界面无法识别且无弹窗，等待后重试
[2026-05-08 00:31:18] [WARNING] [ShopBot] 界面无法识别且无弹窗，等待后重试
[2026-05-08 00:31:18] [WARNING] [ShopBot] 界面无法识别且无弹窗，等待后重试
[2026-05-08 00:31:18] [WARNING] [ShopBot] 界面无法识别且无弹窗，等待后重试
[2026-05-08 00:31:18] [WARNING] [ShopBot] 界面无法识别且无弹窗，等待后重试
[2026-05-08 00:31:18] [WARNING] [ShopBot] 界面无法识别且无弹窗，等待后重试
[2026-05-08 00:31:18] [WARNING] [ShopBot] 界面无法识别且无弹窗，等待后重试
[2026-05-08 00:31:18] [WARNING] [ShopBot] 界面无法识别且无弹窗，等待后重试
[2026-05-08 00:31:18] [WARNING] [ShopBot] 界面无法识别且无弹窗，等待后重试
[2026-05-08 00:31:18] [WARNING] [ShopBot] 界面无法识别且无弹窗，等待后重试
[2026-05-08 00:31:18] [WARNING] [ShopBot] 界面无法识别且无弹窗，等待后重试
[2026-05-08 00:31:18] [WARNING] [ShopBot] 界面无法识别且无弹窗，等待后重试
[2026-05-08 00:31:18] [WARNING] [ShopBot] 界面无法识别且无弹窗，等待后重试
[2026-05-08 00:31:18] [WARNING] [ShopBot] 界面无法识别且无弹窗，等待后重试
[2026-05-08 00:31:18] [WARNING] [ShopBot] 界面无法识别且无弹窗，等待后重试
[2026-05-08 00:31:18] [WARNING] [ShopBot] 界面无法识别且无弹窗，等待后重试
[2026-05-08 00:31:18] [WARNING] [ShopBot] 界面无法识别且无弹窗，等待后重试
[2026-05-08 00:31:18] [WARNING] [ShopBot] 界面无法识别且无弹窗，等待后重试
[2026-05-08 00:31:18] [WARNING] [ShopBot] 界面无法识别且无弹窗，等待后重试
[2026-05-08 00:31:18] [WARNING] [ShopBot] 界面无法识别且无弹窗，等待后重试
[2026-05-08 00:31:18] [WARNING] [ShopBot] 界面无法识别且无弹窗，等待后重试
[2026-05-08 00:31:18] [WARNING] [ShopBot] 界面无法识别且无弹窗，等待后重试
[2026-05-08 00:31:18] [WARNING] [ShopBot] 界面无法识别且无弹窗，等待后重试
[2026-05-08 00:31:18] [WARNING] [ShopBot] 界面无法识别且无弹窗，等待后重试
[2026-05-08 00:31:18] [WARNING] [ShopBot] 界面无法识别且无弹窗，等待后重试
[2026-05-08 00:31:18] [WARNING] [ShopBot] 界面无法识别且无弹窗，等待后重试
[2026-05-08 00:31:18] [WARNING] [ShopBot] 界面无法识别且无弹窗，等待后重试
[2026-05-08 00:31:18] [WARNING] [ShopBot] 界面无法识别且无弹窗，等待后重试
[2026-05-08 00:31:18] [WARNING] [ShopBot] 界面无法识别且无弹窗，等待后重试
[2026-05-08 00:31:18] [WARNING] [ShopBot] 界面无法识别且无弹窗，等待后重试
[2026-05-08 00:31:18] [WARNING] [ShopBot] 界面无法识别且无弹窗，等待后重试
[2026-05-08 00:31:18] [WARNING] [ShopBot] 界面无法识别且无弹窗，等待后重试
[2026-05-08 00:31:18] [ERROR] [ShopBot] 导航超时（0.01s），未能到达秘密商店
[2026-05-08 00:31:18] [INFO] [ShopBot] 开始导航至秘密商店（超时 30.0s）
[2026-05-08 00:31:18] [INFO] [ShopBot] 已关闭弹窗，继续导航
[2026-05-08 00:31:18] [INFO] [ShopBot] 已到达秘密商店
[2026-05-08 00:31:18] [INFO] [ShopBot] 检测到弹窗，点击关闭
[2026-05-08 00:31:38] [WARNING] [ShopBot] OCR 价格识别失败 (800, 200, 950, 290): Unknown argument: show_log
[2026-05-08 00:31:38] [WARNING] [ShopBot] OCR 价格识别失败 (800, 200, 950, 290): OCR 服务不可用
[2026-05-08 00:31:38] [INFO] [ShopBot] 动态检测到 2 个物品行: [(100, 190), (245, 335)]
[2026-05-08 00:31:38] [INFO] [ShopBot] 物品 0 (y=100-190): bookmark (置信度 0.92), 价格 184000
[2026-05-08 00:31:38] [INFO] [ShopBot] 物品 1 (y=245-335): bookmark (置信度 0.92), 价格 184000
[2026-05-08 00:31:38] [INFO] [ShopBot] 动态检测到 3 个物品行: [(100, 190), (245, 335), (390, 480)]
[2026-05-08 00:31:38] [INFO] [ShopBot] 物品 0 (y=100-190): bookmark (置信度 0.92), 价格 100
[2026-05-08 00:31:38] [INFO] [ShopBot] 物品 1 (y=245-335): bookmark (置信度 0.92), 价格 100
[2026-05-08 00:31:38] [INFO] [ShopBot] 物品 2 (y=390-480): bookmark (置信度 0.92), 价格 100
[2026-05-08 00:31:38] [INFO] [ShopBot] 动态检测到 0 个物品行: []
[2026-05-08 00:31:38] [INFO] [ShopBot] 动态检测到 3 个物品行: [(100, 190), (245, 335), (390, 480)]
[2026-05-08 00:31:38] [INFO] [ShopBot] 物品 0 (y=100-190): bookmark (置信度 0.92), 价格 100
[2026-05-08 00:31:38] [INFO] [ShopBot] 物品 1 (y=245-335): bookmark (置信度 0.92), 价格 100
[2026-05-08 00:31:38] [INFO] [ShopBot] 物品 2 (y=390-480): bookmark (置信度 0.92), 价格 100
[2026-05-08 00:31:38] [INFO] [ShopBot] 动态检测到 2 个物品行: [(100, 190), (245, 335)]
[2026-05-08 00:31:38] [INFO] [ShopBot] 物品 0 (y=100-190): bookmark (置信度 0.92), 价格 100
[2026-05-08 00:31:38] [INFO] [ShopBot] 物品 1 (y=245-335): bookmark (置信度 0.92), 价格 100
[2026-05-08 00:31:38] [DEBUG] [ShopBot] 底部检测相似度: 1.0000
[2026-05-08 00:31:38] [DEBUG] [ShopBot] 底部检测相似度: 0.2157
[2026-05-08 00:31:38] [INFO] [ShopBot] 已到达货架底部（第 1 次滑动后）
[2026-05-08 00:31:38] [INFO] [ShopBot] 第 1 次滑动，识别到 0 个物品
[2026-05-08 00:31:38] [INFO] [ShopBot] 第 2 次滑动，识别到 0 个物品
[2026-05-08 00:31:38] [INFO] [ShopBot] 第 3 次滑动，识别到 0 个物品
[2026-05-08 00:31:38] [INFO] [ShopBot] 第 4 次滑动，识别到 0 个物品
[2026-05-08 00:31:38] [INFO] [ShopBot] 第 5 次滑动，识别到 0 个物品
[2026-05-08 00:31:38] [INFO] [ShopBot] 开始识别完整货架
[2026-05-08 00:31:38] [INFO] [ShopBot] 货架识别完成，共 2 个物品
[2026-05-08 00:31:38] [DEBUG] [ShopBot] 秘密商店检测: 导航顶部=50 导航中部=180 内容区=50
[2026-05-08 00:31:38] [INFO] [ShopBot] 场景检测: 秘密商店
[2026-05-08 00:31:38] [DEBUG] [ShopBot] 大厅检测: 导航顶部=150 内容区=180
[2026-05-08 00:31:38] [INFO] [ShopBot] 场景检测: 游戏大厅
[2026-05-08 00:31:38] [DEBUG] [ShopBot] 秘密商店检测: 导航顶部=50 导航中部=50 内容区=50
[2026-05-08 00:31:38] [DEBUG] [ShopBot] 大厅检测: 导航顶部=50 内容区=50
[2026-05-08 00:31:38] [WARNING] [ShopBot] 场景检测: 未知界面
[2026-05-08 00:31:38] [DEBUG] [ShopBot] 秘密商店检测: 导航顶部=50 导航中部=180 内容区=180
[2026-05-08 00:31:38] [DEBUG] [ShopBot] 大厅检测: 导航顶部=50 内容区=180
[2026-05-08 00:31:38] [WARNING] [ShopBot] 场景检测: 未知界面
[2026-05-08 00:31:38] [DEBUG] [ShopBot] 秘密商店检测: 导航顶部=40 导航中部=150 内容区=60
[2026-05-08 00:31:38] [DEBUG] [ShopBot] 秘密商店检测: 导航顶部=50 导航中部=50 内容区=60
[2026-05-08 00:31:38] [DEBUG] [ShopBot] 秘密商店检测: 导航顶部=50 导航中部=150 内容区=180
[2026-05-08 00:31:38] [DEBUG] [ShopBot] 大厅检测: 导航顶部=150 内容区=180
[2026-05-08 00:31:38] [DEBUG] [ShopBot] 大厅检测: 导航顶部=50 内容区=180
[2026-05-08 00:31:38] [DEBUG] [ShopBot] 大厅检测: 导航顶部=150 内容区=50
[2026-05-08 00:31:38] [INFO] [ShopBot] 开始导航至秘密商店（超时 30.0s）
[2026-05-08 00:31:38] [INFO] [ShopBot] 已到达秘密商店
[2026-05-08 00:31:38] [INFO] [ShopBot] 开始导航至秘密商店（超时 30.0s）
[2026-05-08 00:31:38] [INFO] [ShopBot] 从大厅点击左侧导航栏的秘密商店入口
[2026-05-08 00:31:38] [INFO] [ShopBot] 已到达秘密商店
[2026-05-08 00:31:38] [INFO] [ShopBot] 开始导航至秘密商店（超时 0.01s）
[2026-05-08 00:31:38] [WARNING] [ShopBot] 界面无法识别且无弹窗，等待后重试
[2026-05-08 00:31:38] [WARNING] [ShopBot] 界面无法识别且无弹窗，等待后重试
[2026-05-08 00:31:38] [WARNING] [ShopBot] 界面无法识别且无弹窗，等待后重试
[2026-05-08 00:31:38] [WARNING] [ShopBot] 界面无法识别且无弹窗，等待后重试
[2026-05-08 00:31:38] [WARNING] [ShopBot] 界面无法识别且无弹窗，等待后重试
[2026-05-08 00:31:38] [WARNING] [ShopBot] 界面无法识别且无弹窗，等待后重试
[2026-05-08 00:31:38] [WARNING] [ShopBot] 界面无法识别且无弹窗，等待后重试
[2026-05-08 00:31:38] [WARNING] [ShopBot] 界面无法识别且无弹窗，等待后重试
[2026-05-08 00:31:38] [WARNING] [ShopBot] 界面无法识别且无弹窗，等待后重试
[2026-05-08 00:31:38] [WARNING] [ShopBot] 界面无法识别且无弹窗，等待后重试
[2026-05-08 00:31:38] [WARNING] [ShopBot] 界面无法识别且无弹窗，等待后重试
[2026-05-08 00:31:38] [WARNING] [ShopBot] 界面无法识别且无弹窗，等待后重试
[2026-05-08 00:31:38] [WARNING] [ShopBot] 界面无法识别且无弹窗，等待后重试
[2026-05-08 00:31:38] [WARNING] [ShopBot] 界面无法识别且无弹窗，等待后重试
[2026-05-08 00:31:38] [WARNING] [ShopBot] 界面无法识别且无弹窗，等待后重试
[2026-05-08 00:31:38] [WARNING] [ShopBot] 界面无法识别且无弹窗，等待后重试
[2026-05-08 00:31:38] [WARNING] [ShopBot] 界面无法识别且无弹窗，等待后重试
[2026-05-08 00:31:38] [WARNING] [ShopBot] 界面无法识别且无弹窗，等待后重试
[2026-05-08 00:31:38] [WARNING] [ShopBot] 界面无法识别且无弹窗，等待后重试
[2026-05-08 00:31:38] [WARNING] [ShopBot] 界面无法识别且无弹窗，等待后重试
[2026-05-08 00:31:38] [WARNING] [ShopBot] 界面无法识别且无弹窗，等待后重试
[2026-05-08 00:31:38] [WARNING] [ShopBot] 界面无法识别且无弹窗，等待后重试
[2026-05-08 00:31:38] [WARNING] [ShopBot] 界面无法识别且无弹窗，等待后重试
[2026-05-08 00:31:38] [WARNING] [ShopBot] 界面无法识别且无弹窗，等待后重试
[2026-05-08 00:31:38] [WARNING] [ShopBot] 界面无法识别且无弹窗，等待后重试
[2026-05-08 00:31:38] [WARNING] [ShopBot] 界面无法识别且无弹窗，等待后重试
[2026-05-08 00:31:38] [WARNING] [ShopBot] 界面无法识别且无弹窗，等待后重试
[2026-05-08 00:31:38] [WARNING] [ShopBot] 界面无法识别且无弹窗，等待后重试
[2026-05-08 00:31:38] [WARNING] [ShopBot] 界面无法识别且无弹窗，等待后重试
[2026-05-08 00:31:38] [WARNING] [ShopBot] 界面无法识别且无弹窗，等待后重试
[2026-05-08 00:31:38] [WARNING] [ShopBot] 界面无法识别且无弹窗，等待后重试
[2026-05-08 00:31:38] [WARNING] [ShopBot] 界面无法识别且无弹窗，等待后重试
[2026-05-08 00:31:38] [WARNING] [ShopBot] 界面无法识别且无弹窗，等待后重试
[2026-05-08 00:31:38] [WARNING] [ShopBot] 界面无法识别且无弹窗，等待后重试
[2026-05-08 00:31:38] [WARNING] [ShopBot] 界面无法识别且无弹窗，等待后重试
[2026-05-08 00:31:38] [WARNING] [ShopBot] 界面无法识别且无弹窗，等待后重试
[2026-05-08 00:31:38] [WARNING] [ShopBot] 界面无法识别且无弹窗，等待后重试
[2026-05-08 00:31:38] [WARNING] [ShopBot] 界面无法识别且无弹窗，等待后重试
[2026-05-08 00:31:38] [WARNING] [ShopBot] 界面无法识别且无弹窗，等待后重试
[2026-05-08 00:31:38] [WARNING] [ShopBot] 界面无法识别且无弹窗，等待后重试
[2026-05-08 00:31:38] [WARNING] [ShopBot] 界面无法识别且无弹窗，等待后重试
[2026-05-08 00:31:38] [WARNING] [ShopBot] 界面无法识别且无弹窗，等待后重试
[2026-05-08 00:31:38] [WARNING] [ShopBot] 界面无法识别且无弹窗，等待后重试
[2026-05-08 00:31:38] [WARNING] [ShopBot] 界面无法识别且无弹窗，等待后重试
[2026-05-08 00:31:38] [WARNING] [ShopBot] 界面无法识别且无弹窗，等待后重试
[2026-05-08 00:31:38] [WARNING] [ShopBot] 界面无法识别且无弹窗，等待后重试
[2026-05-08 00:31:38] [WARNING] [ShopBot] 界面无法识别且无弹窗，等待后重试
[2026-05-08 00:31:38] [WARNING] [ShopBot] 界面无法识别且无弹窗，等待后重试
[2026-05-08 00:31:38] [WARNING] [ShopBot] 界面无法识别且无弹窗，等待后重试
[2026-05-08 00:31:38] [WARNING] [ShopBot] 界面无法识别且无弹窗，等待后重试
[2026-05-08 00:31:38] [WARNING] [ShopBot] 界面无法识别且无弹窗，等待后重试
[2026-05-08 00:31:38] [WARNING] [ShopBot] 界面无法识别且无弹窗，等待后重试
[2026-05-08 00:31:38] [WARNING] [ShopBot] 界面无法识别且无弹窗，等待后重试
[2026-05-08 00:31:38] [WARNING] [ShopBot] 界面无法识别且无弹窗，等待后重试
[2026-05-08 00:31:38] [WARNING] [ShopBot] 界面无法识别且无弹窗，等待后重试
[2026-05-08 00:31:38] [WARNING] [ShopBot] 界面无法识别且无弹窗，等待后重试
[2026-05-08 00:31:38] [WARNING] [ShopBot] 界面无法识别且无弹窗，等待后重试
[2026-05-08 00:31:38] [WARNING] [ShopBot] 界面无法识别且无弹窗，等待后重试
[2026-05-08 00:31:38] [WARNING] [ShopBot] 界面无法识别且无弹窗，等待后重试
[2026-05-08 00:31:38] [WARNING] [ShopBot] 界面无法识别且无弹窗，等待后重试
[2026-05-08 00:31:38] [WARNING] [ShopBot] 界面无法识别且无弹窗，等待后重试
[2026-05-08 00:31:38] [WARNING] [ShopBot] 界面无法识别且无弹窗，等待后重试
[2026-05-08 00:31:38] [WARNING] [ShopBot] 界面无法识别且无弹窗，等待后重试
[2026-05-08 00:31:38] [WARNING] [ShopBot] 界面无法识别且无弹窗，等待后重试
[2026-05-08 00:31:38] [WARNING] [ShopBot] 界面无法识别且无弹窗，等待后重试
[2026-05-08 00:31:38] [WARNING] [ShopBot] 界面无法识别且无弹窗，等待后重试
[2026-05-08 00:31:38] [WARNING] [ShopBot] 界面无法识别且无弹窗，等待后重试
[2026-05-08 00:31:38] [WARNING] [ShopBot] 界面无法识别且无弹窗，等待后重试
[2026-05-08 00:31:38] [WARNING] [ShopBot] 界面无法识别且无弹窗，等待后重试
[2026-05-08 00:31:38] [WARNING] [ShopBot] 界面无法识别且无弹窗，等待后重试
[2026-05-08 00:31:38] [WARNING] [ShopBot] 界面无法识别且无弹窗，等待后重试
[2026-05-08 00:31:38] [WARNING] [ShopBot] 界面无法识别且无弹窗，等待后重试
[2026-05-08 00:31:38] [WARNING] [ShopBot] 界面无法识别且无弹窗，等待后重试
[2026-05-08 00:31:38] [WARNING] [ShopBot] 界面无法识别且无弹窗，等待后重试
[2026-05-08 00:31:38] [WARNING] [ShopBot] 界面无法识别且无弹窗，等待后重试
[2026-05-08 00:31:38] [WARNING] [ShopBot] 界面无法识别且无弹窗，等待后重试
[2026-05-08 00:31:38] [WARNING] [ShopBot] 界面无法识别且无弹窗，等待后重试
[2026-05-08 00:31:38] [WARNING] [ShopBot] 界面无法识别且无弹窗，等待后重试
[2026-05-08 00:31:38] [WARNING] [ShopBot] 界面无法识别且无弹窗，等待后重试
[2026-05-08 00:31:38] [WARNING] [ShopBot] 界面无法识别且无弹窗，等待后重试
[2026-05-08 00:31:38] [WARNING] [ShopBot] 界面无法识别且无弹窗，等待后重试
[2026-05-08 00:31:38] [WARNING] [ShopBot] 界面无法识别且无弹窗，等待后重试
[2026-05-08 00:31:38] [WARNING] [ShopBot] 界面无法识别且无弹窗，等待后重试
[2026-05-08 00:31:38] [WARNING] [ShopBot] 界面无法识别且无弹窗，等待后重试
[2026-05-08 00:31:38] [WARNING] [ShopBot] 界面无法识别且无弹窗，等待后重试
[2026-05-08 00:31:38] [WARNING] [ShopBot] 界面无法识别且无弹窗，等待后重试
[2026-05-08 00:31:38] [WARNING] [ShopBot] 界面无法识别且无弹窗，等待后重试
[2026-05-08 00:31:38] [WARNING] [ShopBot] 界面无法识别且无弹窗，等待后重试
[2026-05-08 00:31:38] [WARNING] [ShopBot] 界面无法识别且无弹窗，等待后重试
[2026-05-08 00:31:38] [WARNING] [ShopBot] 界面无法识别且无弹窗，等待后重试
[2026-05-08 00:31:38] [WARNING] [ShopBot] 界面无法识别且无弹窗，等待后重试
[2026-05-08 00:31:38] [WARNING] [ShopBot] 界面无法识别且无弹窗，等待后重试
[2026-05-08 00:31:38] [WARNING] [ShopBot] 界面无法识别且无弹窗，等待后重试
[2026-05-08 00:31:38] [WARNING] [ShopBot] 界面无法识别且无弹窗，等待后重试
[2026-05-08 00:31:38] [WARNING] [ShopBot] 界面无法识别且无弹窗，等待后重试
[2026-05-08 00:31:38] [WARNING] [ShopBot] 界面无法识别且无弹窗，等待后重试
[2026-05-08 00:31:38] [WARNING] [ShopBot] 界面无法识别且无弹窗，等待后重试
[2026-05-08 00:31:38] [WARNING] [ShopBot] 界面无法识别且无弹窗，等待后重试
[2026-05-08 00:31:38] [WARNING] [ShopBot] 界面无法识别且无弹窗，等待后重试
[2026-05-08 00:31:38] [WARNING] [ShopBot] 界面无法识别且无弹窗，等待后重试
[2026-05-08 00:31:38] [WARNING] [ShopBot] 界面无法识别且无弹窗，等待后重试
[2026-05-08 00:31:38] [WARNING] [ShopBot] 界面无法识别且无弹窗，等待后重试
[2026-05-08 00:31:38] [WARNING] [ShopBot] 界面无法识别且无弹窗，等待后重试
[2026-05-08 00:31:38] [WARNING] [ShopBot] 界面无法识别且无弹窗，等待后重试
[2026-05-08 00:31:38] [WARNING] [ShopBot] 界面无法识别且无弹窗，等待后重试
[2026-05-08 00:31:38] [WARNING] [ShopBot] 界面无法识别且无弹窗，等待后重试
[2026-05-08 00:31:38] [WARNING] [ShopBot] 界面无法识别且无弹窗，等待后重试
[2026-05-08 00:31:38] [WARNING] [ShopBot] 界面无法识别且无弹窗，等待后重试
[2026-05-08 00:31:38] [WARNING] [ShopBot] 界面无法识别且无弹窗，等待后重试
[2026-05-08 00:31:38] [WARNING] [ShopBot] 界面无法识别且无弹窗，等待后重试
[2026-05-08 00:31:38] [WARNING] [ShopBot] 界面无法识别且无弹窗，等待后重试
[2026-05-08 00:31:38] [WARNING] [ShopBot] 界面无法识别且无弹窗，等待后重试
[2026-05-08 00:31:38] [WARNING] [ShopBot] 界面无法识别且无弹窗，等待后重试
[2026-05-08 00:31:38] [WARNING] [ShopBot] 界面无法识别且无弹窗，等待后重试
[2026-05-08 00:31:38] [WARNING] [ShopBot] 界面无法识别且无弹窗，等待后重试
[2026-05-08 00:31:38] [WARNING] [ShopBot] 界面无法识别且无弹窗，等待后重试
[2026-05-08 00:31:38] [WARNING] [ShopBot] 界面无法识别且无弹窗，等待后重试
[2026-05-08 00:31:38] [WARNING] [ShopBot] 界面无法识别且无弹窗，等待后重试
[2026-05-08 00:31:38] [WARNING] [ShopBot] 界面无法识别且无弹窗，等待后重试
[2026-05-08 00:31:38] [WARNING] [ShopBot] 界面无法识别且无弹窗，等待后重试
[2026-05-08 00:31:38] [WARNING] [ShopBot] 界面无法识别且无弹窗，等待后重试
[2026-05-08 00:31:38] [WARNING] [ShopBot] 界面无法识别且无弹窗，等待后重试
[2026-05-08 00:31:38] [WARNING] [ShopBot] 界面无法识别且无弹窗，等待后重试
[2026-05-08 00:31:38] [WARNING] [ShopBot] 界面无法识别且无弹窗，等待后重试
[2026-05-08 00:31:38] [WARNING] [ShopBot] 界面无法识别且无弹窗，等待后重试
[2026-05-08 00:31:38] [WARNING] [ShopBot] 界面无法识别且无弹窗，等待后重试
[2026-05-08 00:31:38] [WARNING] [ShopBot] 界面无法识别且无弹窗，等待后重试
[2026-05-08 00:31:38] [WARNING] [ShopBot] 界面无法识别且无弹窗，等待后重试
[2026-05-08 00:31:38] [WARNING] [ShopBot] 界面无法识别且无弹窗，等待后重试
[2026-05-08 00:31:38] [WARNING] [ShopBot] 界面无法识别且无弹窗，等待后重试
[2026-05-08 00:31:38] [WARNING] [ShopBot] 界面无法识别且无弹窗，等待后重试
[2026-05-08 00:31:38] [WARNING] [ShopBot] 界面无法识别且无弹窗，等待后重试
[2026-05-08 00:31:38] [WARNING] [ShopBot] 界面无法识别且无弹窗，等待后重试
[2026-05-08 00:31:38] [WARNING] [ShopBot] 界面无法识别且无弹窗，等待后重试
[2026-05-08 00:31:38] [WARNING] [ShopBot] 界面无法识别且无弹窗，等待后重试
[2026-05-08 00:31:38] [WARNING] [ShopBot] 界面无法识别且无弹窗，等待后重试
[2026-05-08 00:31:38] [WARNING] [ShopBot] 界面无法识别且无弹窗，等待后重试
[2026-05-08 00:31:38] [WARNING] [ShopBot] 界面无法识别且无弹窗，等待后重试
[2026-05-08 00:31:38] [WARNING] [ShopBot] 界面无法识别且无弹窗，等待后重试
[2026-05-08 00:31:38] [WARNING] [ShopBot] 界面无法识别且无弹窗，等待后重试
[2026-05-08 00:31:38] [WARNING] [ShopBot] 界面无法识别且无弹窗，等待后重试
[2026-05-08 00:31:38] [WARNING] [ShopBot] 界面无法识别且无弹窗，等待后重试
[2026-05-08 00:31:38] [WARNING] [ShopBot] 界面无法识别且无弹窗，等待后重试
[2026-05-08 00:31:38] [WARNING] [ShopBot] 界面无法识别且无弹窗，等待后重试
[2026-05-08 00:31:38] [WARNING] [ShopBot] 界面无法识别且无弹窗，等待后重试
[2026-05-08 00:31:38] [WARNING] [ShopBot] 界面无法识别且无弹窗，等待后重试
[2026-05-08 00:31:38] [WARNING] [ShopBot] 界面无法识别且无弹窗，等待后重试
[2026-05-08 00:31:38] [WARNING] [ShopBot] 界面无法识别且无弹窗，等待后重试
[2026-05-08 00:31:38] [WARNING] [ShopBot] 界面无法识别且无弹窗，等待后重试
[2026-05-08 00:31:38] [WARNING] [ShopBot] 界面无法识别且无弹窗，等待后重试
[2026-05-08 00:31:38] [WARNING] [ShopBot] 界面无法识别且无弹窗，等待后重试
[2026-05-08 00:31:38] [WARNING] [ShopBot] 界面无法识别且无弹窗，等待后重试
[2026-05-08 00:31:38] [WARNING] [ShopBot] 界面无法识别且无弹窗，等待后重试
[2026-05-08 00:31:38] [WARNING] [ShopBot] 界面无法识别且无弹窗，等待后重试
[2026-05-08 00:31:38] [WARNING] [ShopBot] 界面无法识别且无弹窗，等待后重试
[2026-05-08 00:31:38] [WARNING] [ShopBot] 界面无法识别且无弹窗，等待后重试
[2026-05-08 00:31:38] [WARNING] [ShopBot] 界面无法识别且无弹窗，等待后重试
[2026-05-08 00:31:38] [WARNING] [ShopBot] 界面无法识别且无弹窗，等待后重试
[2026-05-08 00:31:38] [WARNING] [ShopBot] 界面无法识别且无弹窗，等待后重试
[2026-05-08 00:31:38] [WARNING] [ShopBot] 界面无法识别且无弹窗，等待后重试
[2026-05-08 00:31:38] [WARNING] [ShopBot] 界面无法识别且无弹窗，等待后重试
[2026-05-08 00:31:38] [WARNING] [ShopBot] 界面无法识别且无弹窗，等待后重试
[2026-05-08 00:31:38] [WARNING] [ShopBot] 界面无法识别且无弹窗，等待后重试
[2026-05-08 00:31:38] [ERROR] [ShopBot] 导航超时（0.01s），未能到达秘密商店
[2026-05-08 00:31:38] [INFO] [ShopBot] 开始导航至秘密商店（超时 30.0s）
[2026-05-08 00:31:38] [INFO] [ShopBot] 已关闭弹窗，继续导航
[2026-05-08 00:31:38] [INFO] [ShopBot] 已到达秘密商店
[2026-05-08 00:31:38] [INFO] [ShopBot] 检测到弹窗，点击关闭
[2026-05-08 00:31:54] [INFO] [ShopBot] 动态检测到 4 个物品行: [(80, 187), (240, 331), (383, 477), (534, 620)]
[2026-05-08 00:31:58] [WARNING] [ShopBot] OCR 价格识别失败 (800, 80, 950, 187): Unknown argument: show_log
[2026-05-08 00:31:58] [INFO] [ShopBot] 物品 0 (y=80-187): bookmark (置信度 0.12), 价格 0
[2026-05-08 00:31:58] [WARNING] [ShopBot] OCR 价格识别失败 (800, 240, 950, 331): Unknown argument: show_log
[2026-05-08 00:31:58] [INFO] [ShopBot] 物品 1 (y=240-331): unknown (置信度 0.15), 价格 0
[2026-05-08 00:31:58] [WARNING] [ShopBot] OCR 价格识别失败 (800, 383, 950, 477): Unknown argument: show_log
[2026-05-08 00:31:58] [INFO] [ShopBot] 物品 2 (y=383-477): unknown (置信度 0.12), 价格 0
[2026-05-08 00:31:58] [WARNING] [ShopBot] OCR 价格识别失败 (800, 534, 950, 620): Unknown argument: show_log
[2026-05-08 00:31:58] [INFO] [ShopBot] 物品 3 (y=534-620): unknown (置信度 0.04), 价格 0
[2026-05-08 00:33:13] [INFO] [ShopBot] 动态检测到 4 个物品行: [(80, 187), (240, 331), (383, 477), (534, 620)]
[2026-05-08 00:33:17] [WARNING] [ShopBot] OCR 价格识别失败 (800, 80, 950, 187): Neither OCR RPC server nor PaddleOCR is available. Install paddleocr: pip install paddleocr
[2026-05-08 00:33:17] [INFO] [ShopBot] 物品 0 (y=80-187): bookmark (置信度 0.12), 价格 0
[2026-05-08 00:33:17] [WARNING] [ShopBot] OCR 价格识别失败 (800, 240, 950, 331): Neither OCR RPC server nor PaddleOCR is available. Install paddleocr: pip install paddleocr
[2026-05-08 00:33:17] [INFO] [ShopBot] 物品 1 (y=240-331): unknown (置信度 0.15), 价格 0
[2026-05-08 00:33:17] [WARNING] [ShopBot] OCR 价格识别失败 (800, 383, 950, 477): Neither OCR RPC server nor PaddleOCR is available. Install paddleocr: pip install paddleocr
[2026-05-08 00:33:17] [INFO] [ShopBot] 物品 2 (y=383-477): unknown (置信度 0.12), 价格 0
[2026-05-08 00:33:17] [WARNING] [ShopBot] OCR 价格识别失败 (800, 534, 950, 620): Neither OCR RPC server nor PaddleOCR is available. Install paddleocr: pip install paddleocr
[2026-05-08 00:33:17] [INFO] [ShopBot] 物品 3 (y=534-620): unknown (置信度 0.04), 价格 0
[2026-05-08 00:36:27] [WARNING] [ShopBot] OCR 价格识别失败 (800, 200, 950, 290): Neither OCR RPC server nor PaddleOCR is available. Install paddleocr: pip install paddleocr
[2026-05-08 00:36:27] [WARNING] [ShopBot] OCR 价格识别失败 (800, 200, 950, 290): OCR 服务不可用
[2026-05-08 00:36:27] [INFO] [ShopBot] 动态检测到 2 个物品行: [(100, 190), (245, 335)]
[2026-05-08 00:36:27] [INFO] [ShopBot] 物品 0 (y=100-190): bookmark (置信度 0.92), 价格 184000
[2026-05-08 00:36:27] [INFO] [ShopBot] 物品 1 (y=245-335): bookmark (置信度 0.92), 价格 184000
[2026-05-08 00:36:27] [INFO] [ShopBot] 动态检测到 3 个物品行: [(100, 190), (245, 335), (390, 480)]
[2026-05-08 00:36:27] [INFO] [ShopBot] 物品 0 (y=100-190): bookmark (置信度 0.92), 价格 100
[2026-05-08 00:36:27] [INFO] [ShopBot] 物品 1 (y=245-335): bookmark (置信度 0.92), 价格 100
[2026-05-08 00:36:27] [INFO] [ShopBot] 物品 2 (y=390-480): bookmark (置信度 0.92), 价格 100
[2026-05-08 00:36:27] [INFO] [ShopBot] 动态检测到 0 个物品行: []
[2026-05-08 00:36:27] [INFO] [ShopBot] 动态检测到 3 个物品行: [(100, 190), (245, 335), (390, 480)]
[2026-05-08 00:36:27] [INFO] [ShopBot] 物品 0 (y=100-190): bookmark (置信度 0.92), 价格 100
[2026-05-08 00:36:27] [INFO] [ShopBot] 物品 1 (y=245-335): bookmark (置信度 0.92), 价格 100
[2026-05-08 00:36:27] [INFO] [ShopBot] 物品 2 (y=390-480): bookmark (置信度 0.92), 价格 100
[2026-05-08 00:36:27] [INFO] [ShopBot] 动态检测到 2 个物品行: [(100, 190), (245, 335)]
[2026-05-08 00:36:27] [INFO] [ShopBot] 物品 0 (y=100-190): bookmark (置信度 0.92), 价格 100
[2026-05-08 00:36:27] [INFO] [ShopBot] 物品 1 (y=245-335): bookmark (置信度 0.92), 价格 100
[2026-05-08 00:36:27] [DEBUG] [ShopBot] 底部检测相似度: 1.0000
[2026-05-08 00:36:27] [DEBUG] [ShopBot] 底部检测相似度: 0.2157
[2026-05-08 00:36:27] [INFO] [ShopBot] 已到达货架底部（第 1 次滑动后）
[2026-05-08 00:36:27] [INFO] [ShopBot] 第 1 次滑动，识别到 0 个物品
[2026-05-08 00:36:27] [INFO] [ShopBot] 第 2 次滑动，识别到 0 个物品
[2026-05-08 00:36:27] [INFO] [ShopBot] 第 3 次滑动，识别到 0 个物品
[2026-05-08 00:36:27] [INFO] [ShopBot] 第 4 次滑动，识别到 0 个物品
[2026-05-08 00:36:27] [INFO] [ShopBot] 第 5 次滑动，识别到 0 个物品
[2026-05-08 00:36:27] [INFO] [ShopBot] 开始识别完整货架
[2026-05-08 00:36:27] [INFO] [ShopBot] 货架识别完成，共 2 个物品
[2026-05-08 00:36:27] [DEBUG] [ShopBot] 秘密商店检测: 导航顶部=50 导航中部=180 内容区=50
[2026-05-08 00:36:27] [INFO] [ShopBot] 场景检测: 秘密商店
[2026-05-08 00:36:27] [DEBUG] [ShopBot] 大厅检测: 导航顶部=150 内容区=180
[2026-05-08 00:36:27] [INFO] [ShopBot] 场景检测: 游戏大厅
[2026-05-08 00:36:27] [DEBUG] [ShopBot] 秘密商店检测: 导航顶部=50 导航中部=50 内容区=50
[2026-05-08 00:36:27] [DEBUG] [ShopBot] 大厅检测: 导航顶部=50 内容区=50
[2026-05-08 00:36:27] [WARNING] [ShopBot] 场景检测: 未知界面
[2026-05-08 00:36:27] [DEBUG] [ShopBot] 秘密商店检测: 导航顶部=50 导航中部=180 内容区=180
[2026-05-08 00:36:27] [DEBUG] [ShopBot] 大厅检测: 导航顶部=50 内容区=180
[2026-05-08 00:36:27] [WARNING] [ShopBot] 场景检测: 未知界面
[2026-05-08 00:36:27] [DEBUG] [ShopBot] 秘密商店检测: 导航顶部=40 导航中部=150 内容区=60
[2026-05-08 00:36:27] [DEBUG] [ShopBot] 秘密商店检测: 导航顶部=50 导航中部=50 内容区=60
[2026-05-08 00:36:27] [DEBUG] [ShopBot] 秘密商店检测: 导航顶部=50 导航中部=150 内容区=180
[2026-05-08 00:36:27] [DEBUG] [ShopBot] 大厅检测: 导航顶部=150 内容区=180
[2026-05-08 00:36:27] [DEBUG] [ShopBot] 大厅检测: 导航顶部=50 内容区=180
[2026-05-08 00:36:27] [DEBUG] [ShopBot] 大厅检测: 导航顶部=150 内容区=50
[2026-05-08 00:36:27] [INFO] [ShopBot] 开始导航至秘密商店（超时 30.0s）
[2026-05-08 00:36:27] [INFO] [ShopBot] 已到达秘密商店
[2026-05-08 00:36:27] [INFO] [ShopBot] 开始导航至秘密商店（超时 30.0s）
[2026-05-08 00:36:27] [INFO] [ShopBot] 从大厅点击左侧导航栏的秘密商店入口
[2026-05-08 00:36:27] [INFO] [ShopBot] 已到达秘密商店
[2026-05-08 00:36:27] [INFO] [ShopBot] 开始导航至秘密商店（超时 0.01s）
[2026-05-08 00:36:27] [WARNING] [ShopBot] 界面无法识别且无弹窗，等待后重试
[2026-05-08 00:36:27] [WARNING] [ShopBot] 界面无法识别且无弹窗，等待后重试
[2026-05-08 00:36:27] [WARNING] [ShopBot] 界面无法识别且无弹窗，等待后重试
[2026-05-08 00:36:27] [WARNING] [ShopBot] 界面无法识别且无弹窗，等待后重试
[2026-05-08 00:36:27] [WARNING] [ShopBot] 界面无法识别且无弹窗，等待后重试
[2026-05-08 00:36:27] [WARNING] [ShopBot] 界面无法识别且无弹窗，等待后重试
[2026-05-08 00:36:27] [WARNING] [ShopBot] 界面无法识别且无弹窗，等待后重试
[2026-05-08 00:36:27] [WARNING] [ShopBot] 界面无法识别且无弹窗，等待后重试
[2026-05-08 00:36:27] [WARNING] [ShopBot] 界面无法识别且无弹窗，等待后重试
[2026-05-08 00:36:27] [WARNING] [ShopBot] 界面无法识别且无弹窗，等待后重试
[2026-05-08 00:36:27] [WARNING] [ShopBot] 界面无法识别且无弹窗，等待后重试
[2026-05-08 00:36:27] [WARNING] [ShopBot] 界面无法识别且无弹窗，等待后重试
[2026-05-08 00:36:27] [WARNING] [ShopBot] 界面无法识别且无弹窗，等待后重试
[2026-05-08 00:36:27] [WARNING] [ShopBot] 界面无法识别且无弹窗，等待后重试
[2026-05-08 00:36:27] [WARNING] [ShopBot] 界面无法识别且无弹窗，等待后重试
[2026-05-08 00:36:27] [WARNING] [ShopBot] 界面无法识别且无弹窗，等待后重试
[2026-05-08 00:36:27] [WARNING] [ShopBot] 界面无法识别且无弹窗，等待后重试
[2026-05-08 00:36:27] [WARNING] [ShopBot] 界面无法识别且无弹窗，等待后重试
[2026-05-08 00:36:27] [WARNING] [ShopBot] 界面无法识别且无弹窗，等待后重试
[2026-05-08 00:36:27] [WARNING] [ShopBot] 界面无法识别且无弹窗，等待后重试
[2026-05-08 00:36:27] [WARNING] [ShopBot] 界面无法识别且无弹窗，等待后重试
[2026-05-08 00:36:27] [WARNING] [ShopBot] 界面无法识别且无弹窗，等待后重试
[2026-05-08 00:36:27] [WARNING] [ShopBot] 界面无法识别且无弹窗，等待后重试
[2026-05-08 00:36:27] [WARNING] [ShopBot] 界面无法识别且无弹窗，等待后重试
[2026-05-08 00:36:27] [WARNING] [ShopBot] 界面无法识别且无弹窗，等待后重试
[2026-05-08 00:36:27] [WARNING] [ShopBot] 界面无法识别且无弹窗，等待后重试
[2026-05-08 00:36:27] [WARNING] [ShopBot] 界面无法识别且无弹窗，等待后重试
[2026-05-08 00:36:27] [WARNING] [ShopBot] 界面无法识别且无弹窗，等待后重试
[2026-05-08 00:36:27] [WARNING] [ShopBot] 界面无法识别且无弹窗，等待后重试
[2026-05-08 00:36:27] [WARNING] [ShopBot] 界面无法识别且无弹窗，等待后重试
[2026-05-08 00:36:27] [WARNING] [ShopBot] 界面无法识别且无弹窗，等待后重试
[2026-05-08 00:36:27] [WARNING] [ShopBot] 界面无法识别且无弹窗，等待后重试
[2026-05-08 00:36:27] [WARNING] [ShopBot] 界面无法识别且无弹窗，等待后重试
[2026-05-08 00:36:27] [WARNING] [ShopBot] 界面无法识别且无弹窗，等待后重试
[2026-05-08 00:36:27] [WARNING] [ShopBot] 界面无法识别且无弹窗，等待后重试
[2026-05-08 00:36:27] [WARNING] [ShopBot] 界面无法识别且无弹窗，等待后重试
[2026-05-08 00:36:27] [WARNING] [ShopBot] 界面无法识别且无弹窗，等待后重试
[2026-05-08 00:36:27] [WARNING] [ShopBot] 界面无法识别且无弹窗，等待后重试
[2026-05-08 00:36:27] [WARNING] [ShopBot] 界面无法识别且无弹窗，等待后重试
[2026-05-08 00:36:27] [WARNING] [ShopBot] 界面无法识别且无弹窗，等待后重试
[2026-05-08 00:36:27] [WARNING] [ShopBot] 界面无法识别且无弹窗，等待后重试
[2026-05-08 00:36:27] [WARNING] [ShopBot] 界面无法识别且无弹窗，等待后重试
[2026-05-08 00:36:27] [WARNING] [ShopBot] 界面无法识别且无弹窗，等待后重试
[2026-05-08 00:36:27] [WARNING] [ShopBot] 界面无法识别且无弹窗，等待后重试
[2026-05-08 00:36:27] [WARNING] [ShopBot] 界面无法识别且无弹窗，等待后重试
[2026-05-08 00:36:27] [WARNING] [ShopBot] 界面无法识别且无弹窗，等待后重试
[2026-05-08 00:36:27] [WARNING] [ShopBot] 界面无法识别且无弹窗，等待后重试
[2026-05-08 00:36:27] [WARNING] [ShopBot] 界面无法识别且无弹窗，等待后重试
[2026-05-08 00:36:27] [WARNING] [ShopBot] 界面无法识别且无弹窗，等待后重试
[2026-05-08 00:36:27] [WARNING] [ShopBot] 界面无法识别且无弹窗，等待后重试
[2026-05-08 00:36:27] [WARNING] [ShopBot] 界面无法识别且无弹窗，等待后重试
[2026-05-08 00:36:27] [WARNING] [ShopBot] 界面无法识别且无弹窗，等待后重试
[2026-05-08 00:36:27] [WARNING] [ShopBot] 界面无法识别且无弹窗，等待后重试
[2026-05-08 00:36:27] [WARNING] [ShopBot] 界面无法识别且无弹窗，等待后重试
[2026-05-08 00:36:27] [WARNING] [ShopBot] 界面无法识别且无弹窗，等待后重试
[2026-05-08 00:36:27] [WARNING] [ShopBot] 界面无法识别且无弹窗，等待后重试
[2026-05-08 00:36:27] [WARNING] [ShopBot] 界面无法识别且无弹窗，等待后重试
[2026-05-08 00:36:27] [WARNING] [ShopBot] 界面无法识别且无弹窗，等待后重试
[2026-05-08 00:36:27] [WARNING] [ShopBot] 界面无法识别且无弹窗，等待后重试
[2026-05-08 00:36:27] [WARNING] [ShopBot] 界面无法识别且无弹窗，等待后重试
[2026-05-08 00:36:27] [WARNING] [ShopBot] 界面无法识别且无弹窗，等待后重试
[2026-05-08 00:36:27] [WARNING] [ShopBot] 界面无法识别且无弹窗，等待后重试
[2026-05-08 00:36:27] [WARNING] [ShopBot] 界面无法识别且无弹窗，等待后重试
[2026-05-08 00:36:27] [WARNING] [ShopBot] 界面无法识别且无弹窗，等待后重试
[2026-05-08 00:36:27] [WARNING] [ShopBot] 界面无法识别且无弹窗，等待后重试
[2026-05-08 00:36:27] [WARNING] [ShopBot] 界面无法识别且无弹窗，等待后重试
[2026-05-08 00:36:27] [WARNING] [ShopBot] 界面无法识别且无弹窗，等待后重试
[2026-05-08 00:36:27] [WARNING] [ShopBot] 界面无法识别且无弹窗，等待后重试
[2026-05-08 00:36:27] [WARNING] [ShopBot] 界面无法识别且无弹窗，等待后重试
[2026-05-08 00:36:27] [WARNING] [ShopBot] 界面无法识别且无弹窗，等待后重试
[2026-05-08 00:36:27] [WARNING] [ShopBot] 界面无法识别且无弹窗，等待后重试
[2026-05-08 00:36:27] [WARNING] [ShopBot] 界面无法识别且无弹窗，等待后重试
[2026-05-08 00:36:27] [WARNING] [ShopBot] 界面无法识别且无弹窗，等待后重试
[2026-05-08 00:36:27] [WARNING] [ShopBot] 界面无法识别且无弹窗，等待后重试
[2026-05-08 00:36:27] [WARNING] [ShopBot] 界面无法识别且无弹窗，等待后重试
[2026-05-08 00:36:27] [WARNING] [ShopBot] 界面无法识别且无弹窗，等待后重试
[2026-05-08 00:36:27] [WARNING] [ShopBot] 界面无法识别且无弹窗，等待后重试
[2026-05-08 00:36:27] [WARNING] [ShopBot] 界面无法识别且无弹窗，等待后重试
[2026-05-08 00:36:27] [WARNING] [ShopBot] 界面无法识别且无弹窗，等待后重试
[2026-05-08 00:36:27] [WARNING] [ShopBot] 界面无法识别且无弹窗，等待后重试
[2026-05-08 00:36:27] [WARNING] [ShopBot] 界面无法识别且无弹窗，等待后重试
[2026-05-08 00:36:27] [WARNING] [ShopBot] 界面无法识别且无弹窗，等待后重试
[2026-05-08 00:36:27] [WARNING] [ShopBot] 界面无法识别且无弹窗，等待后重试
[2026-05-08 00:36:27] [WARNING] [ShopBot] 界面无法识别且无弹窗，等待后重试
[2026-05-08 00:36:27] [WARNING] [ShopBot] 界面无法识别且无弹窗，等待后重试
[2026-05-08 00:36:27] [WARNING] [ShopBot] 界面无法识别且无弹窗，等待后重试
[2026-05-08 00:36:27] [WARNING] [ShopBot] 界面无法识别且无弹窗，等待后重试
[2026-05-08 00:36:27] [WARNING] [ShopBot] 界面无法识别且无弹窗，等待后重试
[2026-05-08 00:36:27] [WARNING] [ShopBot] 界面无法识别且无弹窗，等待后重试
[2026-05-08 00:36:27] [WARNING] [ShopBot] 界面无法识别且无弹窗，等待后重试
[2026-05-08 00:36:27] [WARNING] [ShopBot] 界面无法识别且无弹窗，等待后重试
[2026-05-08 00:36:27] [WARNING] [ShopBot] 界面无法识别且无弹窗，等待后重试
[2026-05-08 00:36:27] [WARNING] [ShopBot] 界面无法识别且无弹窗，等待后重试
[2026-05-08 00:36:27] [WARNING] [ShopBot] 界面无法识别且无弹窗，等待后重试
[2026-05-08 00:36:27] [WARNING] [ShopBot] 界面无法识别且无弹窗，等待后重试
[2026-05-08 00:36:27] [WARNING] [ShopBot] 界面无法识别且无弹窗，等待后重试
[2026-05-08 00:36:27] [WARNING] [ShopBot] 界面无法识别且无弹窗，等待后重试
[2026-05-08 00:36:27] [WARNING] [ShopBot] 界面无法识别且无弹窗，等待后重试
[2026-05-08 00:36:27] [WARNING] [ShopBot] 界面无法识别且无弹窗，等待后重试
[2026-05-08 00:36:27] [WARNING] [ShopBot] 界面无法识别且无弹窗，等待后重试
[2026-05-08 00:36:27] [WARNING] [ShopBot] 界面无法识别且无弹窗，等待后重试
[2026-05-08 00:36:27] [WARNING] [ShopBot] 界面无法识别且无弹窗，等待后重试
[2026-05-08 00:36:27] [WARNING] [ShopBot] 界面无法识别且无弹窗，等待后重试
[2026-05-08 00:36:27] [WARNING] [ShopBot] 界面无法识别且无弹窗，等待后重试
[2026-05-08 00:36:27] [WARNING] [ShopBot] 界面无法识别且无弹窗，等待后重试
[2026-05-08 00:36:27] [WARNING] [ShopBot] 界面无法识别且无弹窗，等待后重试
[2026-05-08 00:36:27] [WARNING] [ShopBot] 界面无法识别且无弹窗，等待后重试
[2026-05-08 00:36:27] [WARNING] [ShopBot] 界面无法识别且无弹窗，等待后重试
[2026-05-08 00:36:27] [WARNING] [ShopBot] 界面无法识别且无弹窗，等待后重试
[2026-05-08 00:36:27] [WARNING] [ShopBot] 界面无法识别且无弹窗，等待后重试
[2026-05-08 00:36:27] [WARNING] [ShopBot] 界面无法识别且无弹窗，等待后重试
[2026-05-08 00:36:27] [WARNING] [ShopBot] 界面无法识别且无弹窗，等待后重试
[2026-05-08 00:36:27] [WARNING] [ShopBot] 界面无法识别且无弹窗，等待后重试
[2026-05-08 00:36:27] [WARNING] [ShopBot] 界面无法识别且无弹窗，等待后重试
[2026-05-08 00:36:27] [WARNING] [ShopBot] 界面无法识别且无弹窗，等待后重试
[2026-05-08 00:36:27] [WARNING] [ShopBot] 界面无法识别且无弹窗，等待后重试
[2026-05-08 00:36:27] [WARNING] [ShopBot] 界面无法识别且无弹窗，等待后重试
[2026-05-08 00:36:27] [WARNING] [ShopBot] 界面无法识别且无弹窗，等待后重试
[2026-05-08 00:36:27] [WARNING] [ShopBot] 界面无法识别且无弹窗，等待后重试
[2026-05-08 00:36:27] [WARNING] [ShopBot] 界面无法识别且无弹窗，等待后重试
[2026-05-08 00:36:27] [WARNING] [ShopBot] 界面无法识别且无弹窗，等待后重试
[2026-05-08 00:36:27] [WARNING] [ShopBot] 界面无法识别且无弹窗，等待后重试
[2026-05-08 00:36:27] [WARNING] [ShopBot] 界面无法识别且无弹窗，等待后重试
[2026-05-08 00:36:27] [WARNING] [ShopBot] 界面无法识别且无弹窗，等待后重试
[2026-05-08 00:36:27] [WARNING] [ShopBot] 界面无法识别且无弹窗，等待后重试
[2026-05-08 00:36:27] [WARNING] [ShopBot] 界面无法识别且无弹窗，等待后重试
[2026-05-08 00:36:27] [WARNING] [ShopBot] 界面无法识别且无弹窗，等待后重试
[2026-05-08 00:36:27] [WARNING] [ShopBot] 界面无法识别且无弹窗，等待后重试
[2026-05-08 00:36:27] [WARNING] [ShopBot] 界面无法识别且无弹窗，等待后重试
[2026-05-08 00:36:27] [WARNING] [ShopBot] 界面无法识别且无弹窗，等待后重试
[2026-05-08 00:36:27] [WARNING] [ShopBot] 界面无法识别且无弹窗，等待后重试
[2026-05-08 00:36:27] [WARNING] [ShopBot] 界面无法识别且无弹窗，等待后重试
[2026-05-08 00:36:27] [WARNING] [ShopBot] 界面无法识别且无弹窗，等待后重试
[2026-05-08 00:36:27] [WARNING] [ShopBot] 界面无法识别且无弹窗，等待后重试
[2026-05-08 00:36:27] [WARNING] [ShopBot] 界面无法识别且无弹窗，等待后重试
[2026-05-08 00:36:27] [WARNING] [ShopBot] 界面无法识别且无弹窗，等待后重试
[2026-05-08 00:36:27] [WARNING] [ShopBot] 界面无法识别且无弹窗，等待后重试
[2026-05-08 00:36:27] [WARNING] [ShopBot] 界面无法识别且无弹窗，等待后重试
[2026-05-08 00:36:27] [WARNING] [ShopBot] 界面无法识别且无弹窗，等待后重试
[2026-05-08 00:36:27] [WARNING] [ShopBot] 界面无法识别且无弹窗，等待后重试
[2026-05-08 00:36:27] [WARNING] [ShopBot] 界面无法识别且无弹窗，等待后重试
[2026-05-08 00:36:27] [WARNING] [ShopBot] 界面无法识别且无弹窗，等待后重试
[2026-05-08 00:36:27] [WARNING] [ShopBot] 界面无法识别且无弹窗，等待后重试
[2026-05-08 00:36:27] [WARNING] [ShopBot] 界面无法识别且无弹窗，等待后重试
[2026-05-08 00:36:27] [WARNING] [ShopBot] 界面无法识别且无弹窗，等待后重试
[2026-05-08 00:36:27] [WARNING] [ShopBot] 界面无法识别且无弹窗，等待后重试
[2026-05-08 00:36:27] [WARNING] [ShopBot] 界面无法识别且无弹窗，等待后重试
[2026-05-08 00:36:27] [WARNING] [ShopBot] 界面无法识别且无弹窗，等待后重试
[2026-05-08 00:36:27] [WARNING] [ShopBot] 界面无法识别且无弹窗，等待后重试
[2026-05-08 00:36:27] [WARNING] [ShopBot] 界面无法识别且无弹窗，等待后重试
[2026-05-08 00:36:27] [WARNING] [ShopBot] 界面无法识别且无弹窗，等待后重试
[2026-05-08 00:36:27] [WARNING] [ShopBot] 界面无法识别且无弹窗，等待后重试
[2026-05-08 00:36:27] [WARNING] [ShopBot] 界面无法识别且无弹窗，等待后重试
[2026-05-08 00:36:27] [WARNING] [ShopBot] 界面无法识别且无弹窗，等待后重试
[2026-05-08 00:36:27] [WARNING] [ShopBot] 界面无法识别且无弹窗，等待后重试
[2026-05-08 00:36:27] [WARNING] [ShopBot] 界面无法识别且无弹窗，等待后重试
[2026-05-08 00:36:27] [WARNING] [ShopBot] 界面无法识别且无弹窗，等待后重试
[2026-05-08 00:36:27] [WARNING] [ShopBot] 界面无法识别且无弹窗，等待后重试
[2026-05-08 00:36:27] [WARNING] [ShopBot] 界面无法识别且无弹窗，等待后重试
[2026-05-08 00:36:27] [WARNING] [ShopBot] 界面无法识别且无弹窗，等待后重试
[2026-05-08 00:36:27] [WARNING] [ShopBot] 界面无法识别且无弹窗，等待后重试
[2026-05-08 00:36:27] [WARNING] [ShopBot] 界面无法识别且无弹窗，等待后重试
[2026-05-08 00:36:27] [WARNING] [ShopBot] 界面无法识别且无弹窗，等待后重试
[2026-05-08 00:36:27] [WARNING] [ShopBot] 界面无法识别且无弹窗，等待后重试
[2026-05-08 00:36:27] [WARNING] [ShopBot] 界面无法识别且无弹窗，等待后重试
[2026-05-08 00:36:27] [WARNING] [ShopBot] 界面无法识别且无弹窗，等待后重试
[2026-05-08 00:36:27] [WARNING] [ShopBot] 界面无法识别且无弹窗，等待后重试
[2026-05-08 00:36:27] [WARNING] [ShopBot] 界面无法识别且无弹窗，等待后重试
[2026-05-08 00:36:27] [WARNING] [ShopBot] 界面无法识别且无弹窗，等待后重试
[2026-05-08 00:36:27] [WARNING] [ShopBot] 界面无法识别且无弹窗，等待后重试
[2026-05-08 00:36:27] [WARNING] [ShopBot] 界面无法识别且无弹窗，等待后重试
[2026-05-08 00:36:27] [WARNING] [ShopBot] 界面无法识别且无弹窗，等待后重试
[2026-05-08 00:36:27] [WARNING] [ShopBot] 界面无法识别且无弹窗，等待后重试
[2026-05-08 00:36:27] [WARNING] [ShopBot] 界面无法识别且无弹窗，等待后重试
[2026-05-08 00:36:27] [WARNING] [ShopBot] 界面无法识别且无弹窗，等待后重试
[2026-05-08 00:36:27] [WARNING] [ShopBot] 界面无法识别且无弹窗，等待后重试
[2026-05-08 00:36:27] [WARNING] [ShopBot] 界面无法识别且无弹窗，等待后重试
[2026-05-08 00:36:27] [WARNING] [ShopBot] 界面无法识别且无弹窗，等待后重试
[2026-05-08 00:36:27] [WARNING] [ShopBot] 界面无法识别且无弹窗，等待后重试
[2026-05-08 00:36:27] [WARNING] [ShopBot] 界面无法识别且无弹窗，等待后重试
[2026-05-08 00:36:27] [WARNING] [ShopBot] 界面无法识别且无弹窗，等待后重试
[2026-05-08 00:36:27] [WARNING] [ShopBot] 界面无法识别且无弹窗，等待后重试
[2026-05-08 00:36:27] [WARNING] [ShopBot] 界面无法识别且无弹窗，等待后重试
[2026-05-08 00:36:27] [WARNING] [ShopBot] 界面无法识别且无弹窗，等待后重试
[2026-05-08 00:36:27] [WARNING] [ShopBot] 界面无法识别且无弹窗，等待后重试
[2026-05-08 00:36:27] [WARNING] [ShopBot] 界面无法识别且无弹窗，等待后重试
[2026-05-08 00:36:27] [WARNING] [ShopBot] 界面无法识别且无弹窗，等待后重试
[2026-05-08 00:36:27] [WARNING] [ShopBot] 界面无法识别且无弹窗，等待后重试
[2026-05-08 00:36:27] [WARNING] [ShopBot] 界面无法识别且无弹窗，等待后重试
[2026-05-08 00:36:27] [WARNING] [ShopBot] 界面无法识别且无弹窗，等待后重试
[2026-05-08 00:36:27] [WARNING] [ShopBot] 界面无法识别且无弹窗，等待后重试
[2026-05-08 00:36:27] [WARNING] [ShopBot] 界面无法识别且无弹窗，等待后重试
[2026-05-08 00:36:27] [WARNING] [ShopBot] 界面无法识别且无弹窗，等待后重试
[2026-05-08 00:36:27] [WARNING] [ShopBot] 界面无法识别且无弹窗，等待后重试
[2026-05-08 00:36:27] [WARNING] [ShopBot] 界面无法识别且无弹窗，等待后重试
[2026-05-08 00:36:27] [WARNING] [ShopBot] 界面无法识别且无弹窗，等待后重试
[2026-05-08 00:36:27] [WARNING] [ShopBot] 界面无法识别且无弹窗，等待后重试
[2026-05-08 00:36:27] [WARNING] [ShopBot] 界面无法识别且无弹窗，等待后重试
[2026-05-08 00:36:27] [WARNING] [ShopBot] 界面无法识别且无弹窗，等待后重试
[2026-05-08 00:36:27] [WARNING] [ShopBot] 界面无法识别且无弹窗，等待后重试
[2026-05-08 00:36:27] [WARNING] [ShopBot] 界面无法识别且无弹窗，等待后重试
[2026-05-08 00:36:27] [WARNING] [ShopBot] 界面无法识别且无弹窗，等待后重试
[2026-05-08 00:36:27] [WARNING] [ShopBot] 界面无法识别且无弹窗，等待后重试
[2026-05-08 00:36:27] [WARNING] [ShopBot] 界面无法识别且无弹窗，等待后重试
[2026-05-08 00:36:27] [WARNING] [ShopBot] 界面无法识别且无弹窗，等待后重试
[2026-05-08 00:36:27] [WARNING] [ShopBot] 界面无法识别且无弹窗，等待后重试
[2026-05-08 00:36:27] [WARNING] [ShopBot] 界面无法识别且无弹窗，等待后重试
[2026-05-08 00:36:27] [WARNING] [ShopBot] 界面无法识别且无弹窗，等待后重试
[2026-05-08 00:36:27] [WARNING] [ShopBot] 界面无法识别且无弹窗，等待后重试
[2026-05-08 00:36:27] [WARNING] [ShopBot] 界面无法识别且无弹窗，等待后重试
[2026-05-08 00:36:27] [WARNING] [ShopBot] 界面无法识别且无弹窗，等待后重试
[2026-05-08 00:36:27] [WARNING] [ShopBot] 界面无法识别且无弹窗，等待后重试
[2026-05-08 00:36:27] [WARNING] [ShopBot] 界面无法识别且无弹窗，等待后重试
[2026-05-08 00:36:27] [WARNING] [ShopBot] 界面无法识别且无弹窗，等待后重试
[2026-05-08 00:36:27] [WARNING] [ShopBot] 界面无法识别且无弹窗，等待后重试
[2026-05-08 00:36:27] [WARNING] [ShopBot] 界面无法识别且无弹窗，等待后重试
[2026-05-08 00:36:27] [WARNING] [ShopBot] 界面无法识别且无弹窗，等待后重试
[2026-05-08 00:36:27] [WARNING] [ShopBot] 界面无法识别且无弹窗，等待后重试
[2026-05-08 00:36:27] [WARNING] [ShopBot] 界面无法识别且无弹窗，等待后重试
[2026-05-08 00:36:27] [WARNING] [ShopBot] 界面无法识别且无弹窗，等待后重试
[2026-05-08 00:36:27] [WARNING] [ShopBot] 界面无法识别且无弹窗，等待后重试
[2026-05-08 00:36:27] [WARNING] [ShopBot] 界面无法识别且无弹窗，等待后重试
[2026-05-08 00:36:27] [WARNING] [ShopBot] 界面无法识别且无弹窗，等待后重试
[2026-05-08 00:36:27] [WARNING] [ShopBot] 界面无法识别且无弹窗，等待后重试
[2026-05-08 00:36:27] [WARNING] [ShopBot] 界面无法识别且无弹窗，等待后重试
[2026-05-08 00:36:27] [WARNING] [ShopBot] 界面无法识别且无弹窗，等待后重试
[2026-05-08 00:36:27] [WARNING] [ShopBot] 界面无法识别且无弹窗，等待后重试
[2026-05-08 00:36:27] [WARNING] [ShopBot] 界面无法识别且无弹窗，等待后重试
[2026-05-08 00:36:27] [WARNING] [ShopBot] 界面无法识别且无弹窗，等待后重试
[2026-05-08 00:36:27] [WARNING] [ShopBot] 界面无法识别且无弹窗，等待后重试
[2026-05-08 00:36:27] [WARNING] [ShopBot] 界面无法识别且无弹窗，等待后重试
[2026-05-08 00:36:27] [WARNING] [ShopBot] 界面无法识别且无弹窗，等待后重试
[2026-05-08 00:36:27] [WARNING] [ShopBot] 界面无法识别且无弹窗，等待后重试
[2026-05-08 00:36:27] [WARNING] [ShopBot] 界面无法识别且无弹窗，等待后重试
[2026-05-08 00:36:27] [WARNING] [ShopBot] 界面无法识别且无弹窗，等待后重试
[2026-05-08 00:36:27] [WARNING] [ShopBot] 界面无法识别且无弹窗，等待后重试
[2026-05-08 00:36:27] [WARNING] [ShopBot] 界面无法识别且无弹窗，等待后重试
[2026-05-08 00:36:27] [WARNING] [ShopBot] 界面无法识别且无弹窗，等待后重试
[2026-05-08 00:36:27] [WARNING] [ShopBot] 界面无法识别且无弹窗，等待后重试
[2026-05-08 00:36:27] [WARNING] [ShopBot] 界面无法识别且无弹窗，等待后重试
[2026-05-08 00:36:27] [WARNING] [ShopBot] 界面无法识别且无弹窗，等待后重试
[2026-05-08 00:36:27] [WARNING] [ShopBot] 界面无法识别且无弹窗，等待后重试
[2026-05-08 00:36:27] [WARNING] [ShopBot] 界面无法识别且无弹窗，等待后重试
[2026-05-08 00:36:27] [WARNING] [ShopBot] 界面无法识别且无弹窗，等待后重试
[2026-05-08 00:36:27] [ERROR] [ShopBot] 导航超时（0.01s），未能到达秘密商店
[2026-05-08 00:36:27] [INFO] [ShopBot] 开始导航至秘密商店（超时 30.0s）
[2026-05-08 00:36:27] [INFO] [ShopBot] 已关闭弹窗，继续导航
[2026-05-08 00:36:27] [INFO] [ShopBot] 已到达秘密商店
[2026-05-08 00:36:27] [INFO] [ShopBot] 检测到弹窗，点击关闭
[2026-05-08 00:38:07] [WARNING] [ShopBot] OCR 价格识别失败 (800, 200, 950, 290): Neither OCR RPC server nor PaddleOCR is available. Install paddleocr: pip install paddleocr
[2026-05-08 00:38:07] [WARNING] [ShopBot] OCR 价格识别失败 (800, 200, 950, 290): OCR 服务不可用
[2026-05-08 00:38:07] [INFO] [ShopBot] 动态检测到 2 个物品行: [(100, 190), (245, 335)]
[2026-05-08 00:38:07] [INFO] [ShopBot] 物品 0 (y=100-190): bookmark (置信度 0.92), 价格 184000
[2026-05-08 00:38:07] [INFO] [ShopBot] 物品 1 (y=245-335): bookmark (置信度 0.92), 价格 184000
[2026-05-08 00:38:07] [INFO] [ShopBot] 动态检测到 3 个物品行: [(100, 190), (245, 335), (390, 480)]
[2026-05-08 00:38:07] [INFO] [ShopBot] 物品 0 (y=100-190): bookmark (置信度 0.92), 价格 100
[2026-05-08 00:38:07] [INFO] [ShopBot] 物品 1 (y=245-335): bookmark (置信度 0.92), 价格 100
[2026-05-08 00:38:07] [INFO] [ShopBot] 物品 2 (y=390-480): bookmark (置信度 0.92), 价格 100
[2026-05-08 00:38:07] [INFO] [ShopBot] 动态检测到 0 个物品行: []
[2026-05-08 00:38:07] [INFO] [ShopBot] 动态检测到 3 个物品行: [(100, 190), (245, 335), (390, 480)]
[2026-05-08 00:38:07] [INFO] [ShopBot] 物品 0 (y=100-190): bookmark (置信度 0.92), 价格 100
[2026-05-08 00:38:07] [INFO] [ShopBot] 物品 1 (y=245-335): bookmark (置信度 0.92), 价格 100
[2026-05-08 00:38:07] [INFO] [ShopBot] 物品 2 (y=390-480): bookmark (置信度 0.92), 价格 100
[2026-05-08 00:38:07] [INFO] [ShopBot] 动态检测到 2 个物品行: [(100, 190), (245, 335)]
[2026-05-08 00:38:07] [INFO] [ShopBot] 物品 0 (y=100-190): bookmark (置信度 0.92), 价格 100
[2026-05-08 00:38:07] [INFO] [ShopBot] 物品 1 (y=245-335): bookmark (置信度 0.92), 价格 100
[2026-05-08 00:38:07] [DEBUG] [ShopBot] 底部检测相似度: 1.0000
[2026-05-08 00:38:07] [DEBUG] [ShopBot] 底部检测相似度: 0.2157
[2026-05-08 00:38:07] [INFO] [ShopBot] 已到达货架底部（第 1 次滑动后）
[2026-05-08 00:38:07] [INFO] [ShopBot] 第 1 次滑动，识别到 0 个物品
[2026-05-08 00:38:07] [INFO] [ShopBot] 第 2 次滑动，识别到 0 个物品
[2026-05-08 00:38:07] [INFO] [ShopBot] 第 3 次滑动，识别到 0 个物品
[2026-05-08 00:38:07] [INFO] [ShopBot] 第 4 次滑动，识别到 0 个物品
[2026-05-08 00:38:07] [INFO] [ShopBot] 第 5 次滑动，识别到 0 个物品
[2026-05-08 00:38:07] [INFO] [ShopBot] 开始识别完整货架
[2026-05-08 00:38:07] [INFO] [ShopBot] 货架识别完成，共 2 个物品
[2026-05-08 00:38:07] [DEBUG] [ShopBot] 秘密商店检测: 导航顶部=50 导航中部=180 内容区=50
[2026-05-08 00:38:07] [INFO] [ShopBot] 场景检测: 秘密商店
[2026-05-08 00:38:07] [DEBUG] [ShopBot] 大厅检测: 导航顶部=150 内容区=180
[2026-05-08 00:38:07] [INFO] [ShopBot] 场景检测: 游戏大厅
[2026-05-08 00:38:07] [DEBUG] [ShopBot] 秘密商店检测: 导航顶部=50 导航中部=50 内容区=50
[2026-05-08 00:38:07] [DEBUG] [ShopBot] 大厅检测: 导航顶部=50 内容区=50
[2026-05-08 00:38:07] [WARNING] [ShopBot] 场景检测: 未知界面
[2026-05-08 00:38:07] [DEBUG] [ShopBot] 秘密商店检测: 导航顶部=50 导航中部=180 内容区=180
[2026-05-08 00:38:07] [DEBUG] [ShopBot] 大厅检测: 导航顶部=50 内容区=180
[2026-05-08 00:38:07] [WARNING] [ShopBot] 场景检测: 未知界面
[2026-05-08 00:38:07] [DEBUG] [ShopBot] 秘密商店检测: 导航顶部=40 导航中部=150 内容区=60
[2026-05-08 00:38:07] [DEBUG] [ShopBot] 秘密商店检测: 导航顶部=50 导航中部=50 内容区=60
[2026-05-08 00:38:07] [DEBUG] [ShopBot] 秘密商店检测: 导航顶部=50 导航中部=150 内容区=180
[2026-05-08 00:38:07] [DEBUG] [ShopBot] 大厅检测: 导航顶部=150 内容区=180
[2026-05-08 00:38:07] [DEBUG] [ShopBot] 大厅检测: 导航顶部=50 内容区=180
[2026-05-08 00:38:07] [DEBUG] [ShopBot] 大厅检测: 导航顶部=150 内容区=50
[2026-05-08 00:38:07] [INFO] [ShopBot] 开始导航至秘密商店（超时 30.0s）
[2026-05-08 00:38:07] [INFO] [ShopBot] 已到达秘密商店
[2026-05-08 00:38:07] [INFO] [ShopBot] 开始导航至秘密商店（超时 30.0s）
[2026-05-08 00:38:07] [INFO] [ShopBot] 从大厅点击左侧导航栏的秘密商店入口
[2026-05-08 00:38:07] [INFO] [ShopBot] 已到达秘密商店
[2026-05-08 00:38:07] [INFO] [ShopBot] 开始导航至秘密商店（超时 0.01s）
[2026-05-08 00:38:07] [WARNING] [ShopBot] 界面无法识别且无弹窗，等待后重试
[2026-05-08 00:38:07] [WARNING] [ShopBot] 界面无法识别且无弹窗，等待后重试
[2026-05-08 00:38:07] [WARNING] [ShopBot] 界面无法识别且无弹窗，等待后重试
[2026-05-08 00:38:07] [WARNING] [ShopBot] 界面无法识别且无弹窗，等待后重试
[2026-05-08 00:38:07] [WARNING] [ShopBot] 界面无法识别且无弹窗，等待后重试
[2026-05-08 00:38:07] [WARNING] [ShopBot] 界面无法识别且无弹窗，等待后重试
[2026-05-08 00:38:07] [WARNING] [ShopBot] 界面无法识别且无弹窗，等待后重试
[2026-05-08 00:38:07] [WARNING] [ShopBot] 界面无法识别且无弹窗，等待后重试
[2026-05-08 00:38:07] [WARNING] [ShopBot] 界面无法识别且无弹窗，等待后重试
[2026-05-08 00:38:07] [WARNING] [ShopBot] 界面无法识别且无弹窗，等待后重试
[2026-05-08 00:38:07] [WARNING] [ShopBot] 界面无法识别且无弹窗，等待后重试
[2026-05-08 00:38:07] [WARNING] [ShopBot] 界面无法识别且无弹窗，等待后重试
[2026-05-08 00:38:07] [WARNING] [ShopBot] 界面无法识别且无弹窗，等待后重试
[2026-05-08 00:38:07] [WARNING] [ShopBot] 界面无法识别且无弹窗，等待后重试
[2026-05-08 00:38:07] [WARNING] [ShopBot] 界面无法识别且无弹窗，等待后重试
[2026-05-08 00:38:07] [WARNING] [ShopBot] 界面无法识别且无弹窗，等待后重试
[2026-05-08 00:38:07] [WARNING] [ShopBot] 界面无法识别且无弹窗，等待后重试
[2026-05-08 00:38:07] [WARNING] [ShopBot] 界面无法识别且无弹窗，等待后重试
[2026-05-08 00:38:07] [WARNING] [ShopBot] 界面无法识别且无弹窗，等待后重试
[2026-05-08 00:38:07] [WARNING] [ShopBot] 界面无法识别且无弹窗，等待后重试
[2026-05-08 00:38:07] [WARNING] [ShopBot] 界面无法识别且无弹窗，等待后重试
[2026-05-08 00:38:07] [WARNING] [ShopBot] 界面无法识别且无弹窗，等待后重试
[2026-05-08 00:38:07] [WARNING] [ShopBot] 界面无法识别且无弹窗，等待后重试
[2026-05-08 00:38:07] [WARNING] [ShopBot] 界面无法识别且无弹窗，等待后重试
[2026-05-08 00:38:07] [WARNING] [ShopBot] 界面无法识别且无弹窗，等待后重试
[2026-05-08 00:38:07] [WARNING] [ShopBot] 界面无法识别且无弹窗，等待后重试
[2026-05-08 00:38:07] [WARNING] [ShopBot] 界面无法识别且无弹窗，等待后重试
[2026-05-08 00:38:07] [WARNING] [ShopBot] 界面无法识别且无弹窗，等待后重试
[2026-05-08 00:38:07] [WARNING] [ShopBot] 界面无法识别且无弹窗，等待后重试
[2026-05-08 00:38:07] [WARNING] [ShopBot] 界面无法识别且无弹窗，等待后重试
[2026-05-08 00:38:07] [WARNING] [ShopBot] 界面无法识别且无弹窗，等待后重试
[2026-05-08 00:38:07] [WARNING] [ShopBot] 界面无法识别且无弹窗，等待后重试
[2026-05-08 00:38:07] [WARNING] [ShopBot] 界面无法识别且无弹窗，等待后重试
[2026-05-08 00:38:07] [WARNING] [ShopBot] 界面无法识别且无弹窗，等待后重试
[2026-05-08 00:38:07] [WARNING] [ShopBot] 界面无法识别且无弹窗，等待后重试
[2026-05-08 00:38:07] [WARNING] [ShopBot] 界面无法识别且无弹窗，等待后重试
[2026-05-08 00:38:07] [WARNING] [ShopBot] 界面无法识别且无弹窗，等待后重试
[2026-05-08 00:38:07] [WARNING] [ShopBot] 界面无法识别且无弹窗，等待后重试
[2026-05-08 00:38:07] [WARNING] [ShopBot] 界面无法识别且无弹窗，等待后重试
[2026-05-08 00:38:07] [WARNING] [ShopBot] 界面无法识别且无弹窗，等待后重试
[2026-05-08 00:38:07] [WARNING] [ShopBot] 界面无法识别且无弹窗，等待后重试
[2026-05-08 00:38:07] [WARNING] [ShopBot] 界面无法识别且无弹窗，等待后重试
[2026-05-08 00:38:07] [WARNING] [ShopBot] 界面无法识别且无弹窗，等待后重试
[2026-05-08 00:38:07] [WARNING] [ShopBot] 界面无法识别且无弹窗，等待后重试
[2026-05-08 00:38:07] [WARNING] [ShopBot] 界面无法识别且无弹窗，等待后重试
[2026-05-08 00:38:07] [WARNING] [ShopBot] 界面无法识别且无弹窗，等待后重试
[2026-05-08 00:38:07] [WARNING] [ShopBot] 界面无法识别且无弹窗，等待后重试
[2026-05-08 00:38:07] [WARNING] [ShopBot] 界面无法识别且无弹窗，等待后重试
[2026-05-08 00:38:07] [WARNING] [ShopBot] 界面无法识别且无弹窗，等待后重试
[2026-05-08 00:38:07] [WARNING] [ShopBot] 界面无法识别且无弹窗，等待后重试
[2026-05-08 00:38:07] [WARNING] [ShopBot] 界面无法识别且无弹窗，等待后重试
[2026-05-08 00:38:07] [WARNING] [ShopBot] 界面无法识别且无弹窗，等待后重试
[2026-05-08 00:38:07] [WARNING] [ShopBot] 界面无法识别且无弹窗，等待后重试
[2026-05-08 00:38:07] [WARNING] [ShopBot] 界面无法识别且无弹窗，等待后重试
[2026-05-08 00:38:07] [WARNING] [ShopBot] 界面无法识别且无弹窗，等待后重试
[2026-05-08 00:38:07] [WARNING] [ShopBot] 界面无法识别且无弹窗，等待后重试
[2026-05-08 00:38:07] [WARNING] [ShopBot] 界面无法识别且无弹窗，等待后重试
[2026-05-08 00:38:07] [WARNING] [ShopBot] 界面无法识别且无弹窗，等待后重试
[2026-05-08 00:38:07] [WARNING] [ShopBot] 界面无法识别且无弹窗，等待后重试
[2026-05-08 00:38:07] [WARNING] [ShopBot] 界面无法识别且无弹窗，等待后重试
[2026-05-08 00:38:07] [WARNING] [ShopBot] 界面无法识别且无弹窗，等待后重试
[2026-05-08 00:38:07] [WARNING] [ShopBot] 界面无法识别且无弹窗，等待后重试
[2026-05-08 00:38:07] [WARNING] [ShopBot] 界面无法识别且无弹窗，等待后重试
[2026-05-08 00:38:07] [WARNING] [ShopBot] 界面无法识别且无弹窗，等待后重试
[2026-05-08 00:38:07] [WARNING] [ShopBot] 界面无法识别且无弹窗，等待后重试
[2026-05-08 00:38:07] [WARNING] [ShopBot] 界面无法识别且无弹窗，等待后重试
[2026-05-08 00:38:07] [WARNING] [ShopBot] 界面无法识别且无弹窗，等待后重试
[2026-05-08 00:38:07] [WARNING] [ShopBot] 界面无法识别且无弹窗，等待后重试
[2026-05-08 00:38:07] [WARNING] [ShopBot] 界面无法识别且无弹窗，等待后重试
[2026-05-08 00:38:07] [WARNING] [ShopBot] 界面无法识别且无弹窗，等待后重试
[2026-05-08 00:38:07] [WARNING] [ShopBot] 界面无法识别且无弹窗，等待后重试
[2026-05-08 00:38:07] [WARNING] [ShopBot] 界面无法识别且无弹窗，等待后重试
[2026-05-08 00:38:07] [WARNING] [ShopBot] 界面无法识别且无弹窗，等待后重试
[2026-05-08 00:38:07] [WARNING] [ShopBot] 界面无法识别且无弹窗，等待后重试
[2026-05-08 00:38:07] [WARNING] [ShopBot] 界面无法识别且无弹窗，等待后重试
[2026-05-08 00:38:07] [WARNING] [ShopBot] 界面无法识别且无弹窗，等待后重试
[2026-05-08 00:38:07] [WARNING] [ShopBot] 界面无法识别且无弹窗，等待后重试
[2026-05-08 00:38:07] [WARNING] [ShopBot] 界面无法识别且无弹窗，等待后重试
[2026-05-08 00:38:07] [WARNING] [ShopBot] 界面无法识别且无弹窗，等待后重试
[2026-05-08 00:38:07] [WARNING] [ShopBot] 界面无法识别且无弹窗，等待后重试
[2026-05-08 00:38:07] [WARNING] [ShopBot] 界面无法识别且无弹窗，等待后重试
[2026-05-08 00:38:07] [WARNING] [ShopBot] 界面无法识别且无弹窗，等待后重试
[2026-05-08 00:38:07] [WARNING] [ShopBot] 界面无法识别且无弹窗，等待后重试
[2026-05-08 00:38:07] [WARNING] [ShopBot] 界面无法识别且无弹窗，等待后重试
[2026-05-08 00:38:07] [WARNING] [ShopBot] 界面无法识别且无弹窗，等待后重试
[2026-05-08 00:38:07] [WARNING] [ShopBot] 界面无法识别且无弹窗，等待后重试
[2026-05-08 00:38:07] [WARNING] [ShopBot] 界面无法识别且无弹窗，等待后重试
[2026-05-08 00:38:07] [WARNING] [ShopBot] 界面无法识别且无弹窗，等待后重试
[2026-05-08 00:38:07] [WARNING] [ShopBot] 界面无法识别且无弹窗，等待后重试
[2026-05-08 00:38:07] [WARNING] [ShopBot] 界面无法识别且无弹窗，等待后重试
[2026-05-08 00:38:07] [WARNING] [ShopBot] 界面无法识别且无弹窗，等待后重试
[2026-05-08 00:38:07] [WARNING] [ShopBot] 界面无法识别且无弹窗，等待后重试
[2026-05-08 00:38:07] [WARNING] [ShopBot] 界面无法识别且无弹窗，等待后重试
[2026-05-08 00:38:07] [WARNING] [ShopBot] 界面无法识别且无弹窗，等待后重试
[2026-05-08 00:38:07] [WARNING] [ShopBot] 界面无法识别且无弹窗，等待后重试
[2026-05-08 00:38:07] [WARNING] [ShopBot] 界面无法识别且无弹窗，等待后重试
[2026-05-08 00:38:07] [WARNING] [ShopBot] 界面无法识别且无弹窗，等待后重试
[2026-05-08 00:38:07] [WARNING] [ShopBot] 界面无法识别且无弹窗，等待后重试
[2026-05-08 00:38:07] [WARNING] [ShopBot] 界面无法识别且无弹窗，等待后重试
[2026-05-08 00:38:07] [WARNING] [ShopBot] 界面无法识别且无弹窗，等待后重试
[2026-05-08 00:38:07] [WARNING] [ShopBot] 界面无法识别且无弹窗，等待后重试
[2026-05-08 00:38:07] [WARNING] [ShopBot] 界面无法识别且无弹窗，等待后重试
[2026-05-08 00:38:07] [WARNING] [ShopBot] 界面无法识别且无弹窗，等待后重试
[2026-05-08 00:38:07] [WARNING] [ShopBot] 界面无法识别且无弹窗，等待后重试
[2026-05-08 00:38:07] [WARNING] [ShopBot] 界面无法识别且无弹窗，等待后重试
[2026-05-08 00:38:07] [WARNING] [ShopBot] 界面无法识别且无弹窗，等待后重试
[2026-05-08 00:38:07] [WARNING] [ShopBot] 界面无法识别且无弹窗，等待后重试
[2026-05-08 00:38:07] [WARNING] [ShopBot] 界面无法识别且无弹窗，等待后重试
[2026-05-08 00:38:07] [WARNING] [ShopBot] 界面无法识别且无弹窗，等待后重试
[2026-05-08 00:38:07] [WARNING] [ShopBot] 界面无法识别且无弹窗，等待后重试
[2026-05-08 00:38:07] [WARNING] [ShopBot] 界面无法识别且无弹窗，等待后重试
[2026-05-08 00:38:07] [WARNING] [ShopBot] 界面无法识别且无弹窗，等待后重试
[2026-05-08 00:38:07] [WARNING] [ShopBot] 界面无法识别且无弹窗，等待后重试
[2026-05-08 00:38:07] [WARNING] [ShopBot] 界面无法识别且无弹窗，等待后重试
[2026-05-08 00:38:07] [WARNING] [ShopBot] 界面无法识别且无弹窗，等待后重试
[2026-05-08 00:38:07] [WARNING] [ShopBot] 界面无法识别且无弹窗，等待后重试
[2026-05-08 00:38:07] [WARNING] [ShopBot] 界面无法识别且无弹窗，等待后重试
[2026-05-08 00:38:07] [WARNING] [ShopBot] 界面无法识别且无弹窗，等待后重试
[2026-05-08 00:38:07] [WARNING] [ShopBot] 界面无法识别且无弹窗，等待后重试
[2026-05-08 00:38:07] [WARNING] [ShopBot] 界面无法识别且无弹窗，等待后重试
[2026-05-08 00:38:07] [WARNING] [ShopBot] 界面无法识别且无弹窗，等待后重试
[2026-05-08 00:38:07] [WARNING] [ShopBot] 界面无法识别且无弹窗，等待后重试
[2026-05-08 00:38:07] [WARNING] [ShopBot] 界面无法识别且无弹窗，等待后重试
[2026-05-08 00:38:07] [WARNING] [ShopBot] 界面无法识别且无弹窗，等待后重试
[2026-05-08 00:38:07] [WARNING] [ShopBot] 界面无法识别且无弹窗，等待后重试
[2026-05-08 00:38:07] [WARNING] [ShopBot] 界面无法识别且无弹窗，等待后重试
[2026-05-08 00:38:07] [WARNING] [ShopBot] 界面无法识别且无弹窗，等待后重试
[2026-05-08 00:38:07] [WARNING] [ShopBot] 界面无法识别且无弹窗，等待后重试
[2026-05-08 00:38:07] [ERROR] [ShopBot] 导航超时（0.01s），未能到达秘密商店
[2026-05-08 00:38:07] [INFO] [ShopBot] 开始导航至秘密商店（超时 30.0s）
[2026-05-08 00:38:07] [INFO] [ShopBot] 已关闭弹窗，继续导航
[2026-05-08 00:38:07] [INFO] [ShopBot] 已到达秘密商店
[2026-05-08 00:38:07] [INFO] [ShopBot] 检测到弹窗，点击关闭
[2026-05-08 00:38:16] [INFO] [ShopBot] 动态检测到 4 个物品行: [(80, 187), (240, 331), (383, 477), (534, 620)]
[2026-05-08 00:38:21] [WARNING] [ShopBot] OCR 价格识别失败 (800, 80, 950, 187): Neither OCR RPC server nor PaddleOCR is available. Install paddleocr: pip install paddleocr
[2026-05-08 00:38:21] [INFO] [ShopBot] 物品 0 (y=80-187): bookmark (置信度 0.71), 价格 0
[2026-05-08 00:38:21] [WARNING] [ShopBot] OCR 价格识别失败 (800, 240, 950, 331): Neither OCR RPC server nor PaddleOCR is available. Install paddleocr: pip install paddleocr
[2026-05-08 00:38:21] [INFO] [ShopBot] 物品 1 (y=240-331): mystic_medal (置信度 0.62), 价格 0
[2026-05-08 00:38:21] [WARNING] [ShopBot] OCR 价格识别失败 (800, 383, 950, 477): Neither OCR RPC server nor PaddleOCR is available. Install paddleocr: pip install paddleocr
[2026-05-08 00:38:21] [INFO] [ShopBot] 物品 2 (y=383-477): bookmark (置信度 0.66), 价格 0
[2026-05-08 00:38:21] [WARNING] [ShopBot] OCR 价格识别失败 (800, 534, 950, 620): Neither OCR RPC server nor PaddleOCR is available. Install paddleocr: pip install paddleocr
[2026-05-08 00:38:21] [INFO] [ShopBot] 物品 3 (y=534-620): mystic_medal (置信度 0.60), 价格 0
[2026-05-08 00:38:21] [INFO] [ShopBot] 开始识别完整货架
[2026-05-08 00:38:21] [INFO] [ShopBot] 动态检测到 4 个物品行: [(80, 187), (240, 331), (383, 477), (534, 620)]
[2026-05-08 00:38:21] [WARNING] [ShopBot] OCR 价格识别失败 (800, 80, 950, 187): Neither OCR RPC server nor PaddleOCR is available. Install paddleocr: pip install paddleocr
[2026-05-08 00:38:21] [INFO] [ShopBot] 物品 0 (y=80-187): bookmark (置信度 0.71), 价格 0
[2026-05-08 00:38:21] [WARNING] [ShopBot] OCR 价格识别失败 (800, 240, 950, 331): Neither OCR RPC server nor PaddleOCR is available. Install paddleocr: pip install paddleocr
[2026-05-08 00:38:21] [INFO] [ShopBot] 物品 1 (y=240-331): mystic_medal (置信度 0.62), 价格 0
[2026-05-08 00:38:21] [WARNING] [ShopBot] OCR 价格识别失败 (800, 383, 950, 477): Neither OCR RPC server nor PaddleOCR is available. Install paddleocr: pip install paddleocr
[2026-05-08 00:38:21] [INFO] [ShopBot] 物品 2 (y=383-477): bookmark (置信度 0.66), 价格 0
[2026-05-08 00:38:21] [WARNING] [ShopBot] OCR 价格识别失败 (800, 534, 950, 620): Neither OCR RPC server nor PaddleOCR is available. Install paddleocr: pip install paddleocr
[2026-05-08 00:38:21] [INFO] [ShopBot] 物品 3 (y=534-620): mystic_medal (置信度 0.60), 价格 0
[2026-05-08 00:38:22] [DEBUG] [ShopBot] 底部检测相似度: 1.0000
[2026-05-08 00:38:22] [INFO] [ShopBot] 已到达货架底部（第 1 次滑动后）
[2026-05-08 00:38:22] [INFO] [ShopBot] 货架识别完成，共 4 个物品
[2026-05-08 00:38:43] [INFO] [ShopBot] 动态检测到 4 个物品行: [(80, 187), (240, 331), (383, 477), (534, 620)]
[2026-05-08 00:38:47] [WARNING] [ShopBot] OCR 价格识别失败 (800, 80, 950, 187): Neither OCR RPC server nor PaddleOCR is available. Install paddleocr: pip install paddleocr
[2026-05-08 00:38:47] [INFO] [ShopBot] 物品 0 (y=80-187): bookmark (置信度 0.71), 价格 0
[2026-05-08 00:38:47] [WARNING] [ShopBot] OCR 价格识别失败 (800, 240, 950, 331): Neither OCR RPC server nor PaddleOCR is available. Install paddleocr: pip install paddleocr
[2026-05-08 00:38:47] [INFO] [ShopBot] 物品 1 (y=240-331): mystic_medal (置信度 0.62), 价格 0
[2026-05-08 00:38:47] [WARNING] [ShopBot] OCR 价格识别失败 (800, 383, 950, 477): Neither OCR RPC server nor PaddleOCR is available. Install paddleocr: pip install paddleocr
[2026-05-08 00:38:47] [INFO] [ShopBot] 物品 2 (y=383-477): bookmark (置信度 0.66), 价格 0
[2026-05-08 00:38:47] [WARNING] [ShopBot] OCR 价格识别失败 (800, 534, 950, 620): Neither OCR RPC server nor PaddleOCR is available. Install paddleocr: pip install paddleocr
[2026-05-08 00:38:47] [INFO] [ShopBot] 物品 3 (y=534-620): mystic_medal (置信度 0.60), 价格 0
[2026-05-08 00:39:17] [INFO] [ShopBot] 配置已加载 - 设备: 127.0.0.1:16384, 截图: ADB, 控制: ADB
[2026-05-08 00:39:17] [INFO] [ShopBot] 购买列表 - 书签: True, 神秘奖章: True, 装备: False, 狗粮: False
[2026-05-08 00:39:17] [INFO] [ShopBot] 刷新上限: 200, 天空石阈值: 0, 金币阈值: 0
[2026-05-08 00:40:30] [INFO] [ShopBot] 配置已加载 - 设备: 0, 截图: ADB, 控制: ADB
[2026-05-08 00:40:30] [INFO] [ShopBot] 购买列表 - 书签: False, 神秘奖章: False, 装备: False, 狗粮: False
[2026-05-08 00:40:30] [INFO] [ShopBot] 刷新上限: 0, 天空石阈值: 0, 金币阈值: 0
[2026-05-08 00:40:30] [INFO] [ShopBot] 配置已加载 - 设备: 𥑠1º1>Ķ+Đ䴍+jĘĭ𣓍ß, 截图: ADB, 控制: ADB
[2026-05-08 00:40:30] [INFO] [ShopBot] 购买列表 - 书签: False, 神秘奖章: False, 装备: False, 狗粮: False
[2026-05-08 00:40:30] [INFO] [ShopBot] 刷新上限: 0, 天空石阈值: 0, 金币阈值: 0
[2026-05-08 00:40:30] [INFO] [ShopBot] 配置已加载 - 设备: 𥑠1º1>Ķ+Đ䴍+jĘĭ𣓍ß, 截图: uiautomator2, 控制: uiautomator2
[2026-05-08 00:40:30] [INFO] [ShopBot] 购买列表 - 书签: True, 神秘奖章: True, 装备: False, 狗粮: True
[2026-05-08 00:40:30] [INFO] [ShopBot] 刷新上限: 72384, 天空石阈值: 255, 金币阈值: 42772
[2026-05-08 00:40:30] [INFO] [ShopBot] 配置已加载 - 设备: ¡, 截图: ADB, 控制: ADB
[2026-05-08 00:40:30] [INFO] [ShopBot] 购买列表 - 书签: False, 神秘奖章: False, 装备: False, 狗粮: False
[2026-05-08 00:40:30] [INFO] [ShopBot] 刷新上限: 0, 天空石阈值: 0, 金币阈值: 0
[2026-05-08 00:40:30] [INFO] [ShopBot] 配置已加载 - 设备: ¡, 截图: ADB, 控制: ADB
[2026-05-08 00:40:30] [INFO] [ShopBot] 购买列表 - 书签: False, 神秘奖章: False, 装备: True, 狗粮: False
[2026-05-08 00:40:30] [INFO] [ShopBot] 刷新上限: 932, 天空石阈值: 7077, 金币阈值: 2193
[2026-05-08 00:40:30] [INFO] [ShopBot] 配置已加载 - 设备: 蝃ðćîİğÿß𨯆Ě𦊻, 截图: ADB, 控制: ADB
[2026-05-08 00:40:30] [INFO] [ShopBot] 购买列表 - 书签: False, 神秘奖章: False, 装备: False, 狗粮: False
[2026-05-08 00:40:30] [INFO] [ShopBot] 刷新上限: 0, 天空石阈值: 0, 金币阈值: 0
[2026-05-08 00:40:30] [INFO] [ShopBot] 配置已加载 - 设备: 蝃ðćîİğÿß𨯆Ě𦊻, 截图: ADB, 控制: uiautomator2
[2026-05-08 00:40:30] [INFO] [ShopBot] 购买列表 - 书签: True, 神秘奖章: False, 装备: True, 狗粮: False
[2026-05-08 00:40:30] [INFO] [ShopBot] 刷新上限: 6642, 天空石阈值: 82645, 金币阈值: 38261
[2026-05-08 00:40:30] [INFO] [ShopBot] 配置已加载 - 设备: ìĤ¬, 截图: ADB, 控制: ADB
[2026-05-08 00:40:30] [INFO] [ShopBot] 购买列表 - 书签: False, 神秘奖章: False, 装备: False, 狗粮: False
[2026-05-08 00:40:30] [INFO] [ShopBot] 刷新上限: 0, 天空石阈值: 0, 金币阈值: 0
[2026-05-08 00:40:30] [INFO] [ShopBot] 配置已加载 - 设备: ìĤ¬, 截图: ADB, 控制: ADB
[2026-05-08 00:40:30] [INFO] [ShopBot] 购买列表 - 书签: False, 神秘奖章: False, 装备: False, 狗粮: True
[2026-05-08 00:40:30] [INFO] [ShopBot] 刷新上限: 57472, 天空石阈值: 45035, 金币阈值: 45152
[2026-05-08 00:40:30] [INFO] [ShopBot] 配置已加载 - 设备: Î?Â𪰇M4IĄĚ°ğ, 截图: ADB, 控制: ADB
[2026-05-08 00:40:30] [INFO] [ShopBot] 购买列表 - 书签: False, 神秘奖章: False, 装备: False, 狗粮: False
[2026-05-08 00:40:30] [INFO] [ShopBot] 刷新上限: 0, 天空石阈值: 0, 金币阈值: 0
[2026-05-08 00:40:30] [INFO] [ShopBot] 配置已加载 - 设备: Î?Â𪰇M4IĄĚ°ğ, 截图: ADB, 控制: ADB
[2026-05-08 00:40:30] [INFO] [ShopBot] 购买列表 - 书签: False, 神秘奖章: False, 装备: True, 狗粮: True
[2026-05-08 00:40:30] [INFO] [ShopBot] 刷新上限: 13448, 天空石阈值: 48541, 金币阈值: 79926
[2026-05-08 00:40:30] [INFO] [ShopBot] 配置已加载 - 设备: Î?Â𪰇M4IĄĚ°ğ, 截图: ADB, 控制: ADB
[2026-05-08 00:40:30] [INFO] [ShopBot] 购买列表 - 书签: True, 神秘奖章: False, 装备: True, 狗粮: True
[2026-05-08 00:40:30] [INFO] [ShopBot] 刷新上限: 13448, 天空石阈值: 48541, 金币阈值: 79926
[2026-05-08 00:40:30] [INFO] [ShopBot] 配置已加载 - 设备: Î?Â𪰇M4IĄĚ°ğ, 截图: ADB, 控制: ADB
[2026-05-08 00:40:30] [INFO] [ShopBot] 购买列表 - 书签: True, 神秘奖章: False, 装备: True, 狗粮: True
[2026-05-08 00:40:30] [INFO] [ShopBot] 刷新上限: 13448, 天空石阈值: 61387, 金币阈值: 79926
[2026-05-08 00:40:30] [INFO] [ShopBot] 配置已加载 - 设备: Î?Â𪰇M4IĄĚ°ğ, 截图: ADB, 控制: ADB
[2026-05-08 00:40:30] [INFO] [ShopBot] 购买列表 - 书签: True, 神秘奖章: False, 装备: True, 狗粮: True
[2026-05-08 00:40:30] [INFO] [ShopBot] 刷新上限: 13448, 天空石阈值: 61387, 金币阈值: 61387
[2026-05-08 00:40:30] [INFO] [ShopBot] 配置已加载 - 设备: Î?Â𪰇M4IĄĚ°ğ, 截图: ADB, 控制: ADB
[2026-05-08 00:40:30] [INFO] [ShopBot] 购买列表 - 书签: True, 神秘奖章: True, 装备: True, 狗粮: True
[2026-05-08 00:40:30] [INFO] [ShopBot] 刷新上限: 13448, 天空石阈值: 61387, 金币阈值: 61387
[2026-05-08 00:40:30] [INFO] [ShopBot] 配置已加载 - 设备: Î?Â𪰇M4IĄĚ°ğ, 截图: ADB, 控制: ADB
[2026-05-08 00:40:30] [INFO] [ShopBot] 购买列表 - 书签: True, 神秘奖章: True, 装备: True, 狗粮: True
[2026-05-08 00:40:30] [INFO] [ShopBot] 刷新上限: 61387, 天空石阈值: 61387, 金币阈值: 61387
[2026-05-08 00:40:30] [INFO] [ShopBot] 配置已加载 - 设备: 휕łĪ\g¾C°Ê4(𢧊𦙰Ĥ𱻠?Ñy, 截图: ADB, 控制: uiautomator2
[2026-05-08 00:40:30] [INFO] [ShopBot] 购买列表 - 书签: False, 神秘奖章: True, 装备: True, 狗粮: True
[2026-05-08 00:40:30] [INFO] [ShopBot] 刷新上限: 82592, 天空石阈值: 75663, 金币阈值: 43067
[2026-05-08 00:40:30] [INFO] [ShopBot] 配置已加载 - 设备: 휕łĪ\g¾C°Ê4(𢧊𦙰Ĥ𱻠?Ñy, 截图: ADB, 控制: uiautomator2
[2026-05-08 00:40:30] [INFO] [ShopBot] 购买列表 - 书签: False, 神秘奖章: True, 装备: True, 狗粮: True
[2026-05-08 00:40:30] [INFO] [ShopBot] 刷新上限: 43067, 天空石阈值: 75663, 金币阈值: 43067
[2026-05-08 00:40:30] [INFO] [ShopBot] 配置已加载 - 设备: 휕łĪ\g¾C°Ê4(𢧊𦙰Ĥ𱻠?Ñy, 截图: ADB, 控制: uiautomator2
[2026-05-08 00:40:30] [INFO] [ShopBot] 购买列表 - 书签: False, 神秘奖章: True, 装备: True, 狗粮: True
[2026-05-08 00:40:30] [INFO] [ShopBot] 刷新上限: 43067, 天空石阈值: 24166, 金币阈值: 43067
[2026-05-08 00:40:30] [INFO] [ShopBot] 配置已加载 - 设备: 휕łĪ\g¾C°Ê4(𢧊𦙰Ĥ𱻠?Ñy, 截图: ADB, 控制: ADB
[2026-05-08 00:40:30] [INFO] [ShopBot] 购买列表 - 书签: False, 神秘奖章: True, 装备: True, 狗粮: True
[2026-05-08 00:40:30] [INFO] [ShopBot] 刷新上限: 43067, 天空石阈值: 24166, 金币阈值: 43067
[2026-05-08 00:40:30] [INFO] [ShopBot] 配置已加载 - 设备: 휕łĪ\g¾C°Ê4(𢧊𦙰Ĥ𱻠?Ñy, 截图: ADB, 控制: ADB
[2026-05-08 00:40:30] [INFO] [ShopBot] 购买列表 - 书签: False, 神秘奖章: False, 装备: True, 狗粮: True
[2026-05-08 00:40:30] [INFO] [ShopBot] 刷新上限: 43067, 天空石阈值: 24166, 金币阈值: 43067
[2026-05-08 00:40:30] [INFO] [ShopBot] 配置已加载 - 设备: 휕łĪ\g¾C°Ê4(𢧊𦙰Ĥ𱻠?Ñy, 截图: ADB, 控制: ADB
[2026-05-08 00:40:30] [INFO] [ShopBot] 购买列表 - 书签: False, 神秘奖章: False, 装备: False, 狗粮: True
[2026-05-08 00:40:30] [INFO] [ShopBot] 刷新上限: 43067, 天空石阈值: 24166, 金币阈值: 43067
[2026-05-08 00:40:30] [INFO] [ShopBot] 配置已加载 - 设备: 휕łĪ\g¾C°Ê4(𢧊𦙰Ĥ𱻠?Ñy, 截图: ADB, 控制: ADB
[2026-05-08 00:40:30] [INFO] [ShopBot] 购买列表 - 书签: False, 神秘奖章: False, 装备: True, 狗粮: True
[2026-05-08 00:40:30] [INFO] [ShopBot] 刷新上限: 43067, 天空石阈值: 43067, 金币阈值: 43067
[2026-05-08 00:40:30] [INFO] [ShopBot] 配置已加载 - 设备: Ę.Ā펣ē𪢶$𘄊M𨲉ģÞ𬏩½5E, 截图: ADB, 控制: ADB
[2026-05-08 00:40:30] [INFO] [ShopBot] 购买列表 - 书签: False, 神秘奖章: True, 装备: False, 狗粮: False
[2026-05-08 00:40:30] [INFO] [ShopBot] 刷新上限: 30837, 天空石阈值: 18363, 金币阈值: 17561
[2026-05-08 00:40:30] [INFO] [ShopBot] 配置已加载 - 设备: Ę.Ā펣ē𪢶$𘄊M𨲉ģÞ𬏩½5E, 截图: ADB, 控制: ADB
[2026-05-08 00:40:30] [INFO] [ShopBot] 购买列表 - 书签: False, 神秘奖章: True, 装备: False, 狗粮: False
[2026-05-08 00:40:30] [INFO] [ShopBot] 刷新上限: 30837, 天空石阈值: 18363, 金币阈值: 17561
[2026-05-08 00:40:30] [INFO] [ShopBot] 配置已加载 - 设备: Ę.Ā펣ē𪢶$𘄊M𨲉ģÞ𬏩½5E, 截图: ADB, 控制: ADB
[2026-05-08 00:40:30] [INFO] [ShopBot] 购买列表 - 书签: False, 神秘奖章: True, 装备: False, 狗粮: False
[2026-05-08 00:40:30] [INFO] [ShopBot] 刷新上限: 30837, 天空石阈值: 18363, 金币阈值: 17561
[2026-05-08 00:40:30] [INFO] [ShopBot] 配置已加载 - 设备: Ę.Ā펣ē𪢶$𘄊M𨲉ģÞ𬏩½5E, 截图: ADB, 控制: ADB
[2026-05-08 00:40:30] [INFO] [ShopBot] 购买列表 - 书签: True, 神秘奖章: True, 装备: False, 狗粮: False
[2026-05-08 00:40:30] [INFO] [ShopBot] 刷新上限: 30837, 天空石阈值: 18363, 金币阈值: 17561
[2026-05-08 00:40:30] [INFO] [ShopBot] 配置已加载 - 设备: Ę.Ā펣ē𪢶$𘄊M𨲉ģÞ𬏩½5E, 截图: ADB, 控制: ADB
[2026-05-08 00:40:30] [INFO] [ShopBot] 购买列表 - 书签: True, 神秘奖章: True, 装备: False, 狗粮: False
[2026-05-08 00:40:30] [INFO] [ShopBot] 刷新上限: 30837, 天空石阈值: 18363, 金币阈值: 30837
[2026-05-08 00:40:30] [INFO] [ShopBot] 配置已加载 - 设备: Ę.Ā펣ē𪢶$𘄊M𨲉ģÞ𬏩½5E, 截图: ADB, 控制: ADB
[2026-05-08 00:40:30] [INFO] [ShopBot] 购买列表 - 书签: True, 神秘奖章: False, 装备: False, 狗粮: False
[2026-05-08 00:40:30] [INFO] [ShopBot] 刷新上限: 30837, 天空石阈值: 18363, 金币阈值: 30837
[2026-05-08 00:40:30] [INFO] [ShopBot] 配置已加载 - 设备: Ę.Ā펣ē𪢶$𘄊M𨲉ģÞ𬏩½5E, 截图: ADB, 控制: ADB
[2026-05-08 00:40:30] [INFO] [ShopBot] 购买列表 - 书签: True, 神秘奖章: False, 装备: False, 狗粮: False
[2026-05-08 00:40:30] [INFO] [ShopBot] 刷新上限: 30837, 天空石阈值: 30837, 金币阈值: 30837
[2026-05-08 00:40:30] [INFO] [ShopBot] 配置已加载 - 设备: 𫪚, 截图: uiautomator2, 控制: uiautomator2
[2026-05-08 00:40:30] [INFO] [ShopBot] 购买列表 - 书签: False, 神秘奖章: True, 装备: False, 狗粮: True
[2026-05-08 00:40:30] [INFO] [ShopBot] 刷新上限: 81605, 天空石阈值: 10068, 金币阈值: 62224
[2026-05-08 00:40:30] [INFO] [ShopBot] 配置已加载 - 设备: 𫪚, 截图: uiautomator2, 控制: uiautomator2
[2026-05-08 00:40:30] [INFO] [ShopBot] 购买列表 - 书签: False, 神秘奖章: True, 装备: False, 狗粮: True
[2026-05-08 00:40:30] [INFO] [ShopBot] 刷新上限: 81605, 天空石阈值: 10068, 金币阈值: 10068
[2026-05-08 00:40:30] [INFO] [ShopBot] 配置已加载 - 设备: 𫪚, 截图: uiautomator2, 控制: uiautomator2
[2026-05-08 00:40:30] [INFO] [ShopBot] 购买列表 - 书签: False, 神秘奖章: True, 装备: False, 狗粮: True
[2026-05-08 00:40:30] [INFO] [ShopBot] 刷新上限: 81605, 天空石阈值: 10068, 金币阈值: 81605
[2026-05-08 00:40:30] [INFO] [ShopBot] 配置已加载 - 设备: 𫪚, 截图: uiautomator2, 控制: uiautomator2
[2026-05-08 00:40:30] [INFO] [ShopBot] 购买列表 - 书签: False, 神秘奖章: True, 装备: False, 狗粮: True
[2026-05-08 00:40:30] [INFO] [ShopBot] 刷新上限: 10068, 天空石阈值: 10068, 金币阈值: 81605
[2026-05-08 00:40:30] [INFO] [ShopBot] 配置已加载 - 设备: 𫪚, 截图: uiautomator2, 控制: uiautomator2
[2026-05-08 00:40:30] [INFO] [ShopBot] 购买列表 - 书签: False, 神秘奖章: False, 装备: False, 狗粮: True
[2026-05-08 00:40:30] [INFO] [ShopBot] 刷新上限: 10068, 天空石阈值: 10068, 金币阈值: 81605
[2026-05-08 00:40:30] [INFO] [ShopBot] 配置已加载 - 设备: 𫪚, 截图: uiautomator2, 控制: uiautomator2
[2026-05-08 00:40:30] [INFO] [ShopBot] 购买列表 - 书签: False, 神秘奖章: False, 装备: False, 狗粮: False
[2026-05-08 00:40:30] [INFO] [ShopBot] 刷新上限: 10068, 天空石阈值: 10068, 金币阈值: 81605
[2026-05-08 00:40:30] [INFO] [ShopBot] 配置已加载 - 设备: 𫪚, 截图: uiautomator2, 控制: uiautomator2
[2026-05-08 00:40:30] [INFO] [ShopBot] 购买列表 - 书签: False, 神秘奖章: False, 装备: False, 狗粮: False
[2026-05-08 00:40:30] [INFO] [ShopBot] 刷新上限: 10068, 天空石阈值: 10068, 金币阈值: 81605
[2026-05-08 00:40:30] [INFO] [ShopBot] 配置已加载 - 设备: GZ씹mÅ¡ä버, 截图: uiautomator2, 控制: ADB
[2026-05-08 00:40:30] [INFO] [ShopBot] 购买列表 - 书签: False, 神秘奖章: False, 装备: True, 狗粮: False
[2026-05-08 00:40:30] [INFO] [ShopBot] 刷新上限: 41703, 天空石阈值: 99999, 金币阈值: 82053
[2026-05-08 00:40:30] [INFO] [ShopBot] 配置已加载 - 设备: GZ씹mÅ¡ä버, 截图: uiautomator2, 控制: ADB
[2026-05-08 00:40:30] [INFO] [ShopBot] 购买列表 - 书签: False, 神秘奖章: False, 装备: True, 狗粮: False
[2026-05-08 00:40:30] [INFO] [ShopBot] 刷新上限: 54035, 天空石阈值: 99999, 金币阈值: 82053
[2026-05-08 00:40:30] [INFO] [ShopBot] 配置已加载 - 设备: GZ씹mÅ¡ä버, 截图: uiautomator2, 控制: ADB
[2026-05-08 00:40:30] [INFO] [ShopBot] 购买列表 - 书签: False, 神秘奖章: False, 装备: True, 狗粮: False
[2026-05-08 00:40:30] [INFO] [ShopBot] 刷新上限: 54035, 天空石阈值: 99999, 金币阈值: 82053
[2026-05-08 00:40:30] [INFO] [ShopBot] 配置已加载 - 设备: GZ씹mÅ¡ä버, 截图: uiautomator2, 控制: uiautomator2
[2026-05-08 00:40:30] [INFO] [ShopBot] 购买列表 - 书签: False, 神秘奖章: False, 装备: True, 狗粮: False
[2026-05-08 00:40:30] [INFO] [ShopBot] 刷新上限: 54035, 天空石阈值: 99999, 金币阈值: 82053
[2026-05-08 00:40:30] [INFO] [ShopBot] 配置已加载 - 设备: GZ씹mÅ¡ä버, 截图: uiautomator2, 控制: uiautomator2
[2026-05-08 00:40:30] [INFO] [ShopBot] 购买列表 - 书签: False, 神秘奖章: False, 装备: True, 狗粮: False
[2026-05-08 00:40:30] [INFO] [ShopBot] 刷新上限: 99999, 天空石阈值: 99999, 金币阈值: 82053
[2026-05-08 00:40:30] [INFO] [ShopBot] 配置已加载 - 设备: GZ씹mÅ¡ä버, 截图: uiautomator2, 控制: uiautomator2
[2026-05-08 00:40:30] [INFO] [ShopBot] 购买列表 - 书签: False, 神秘奖章: False, 装备: True, 狗粮: False
[2026-05-08 00:40:30] [INFO] [ShopBot] 刷新上限: 82053, 天空石阈值: 99999, 金币阈值: 82053
[2026-05-08 00:40:30] [INFO] [ShopBot] 配置已加载 - 设备: GZ씹mÅ¡ä버, 截图: uiautomator2, 控制: uiautomator2
[2026-05-08 00:40:30] [INFO] [ShopBot] 购买列表 - 书签: False, 神秘奖章: False, 装备: True, 狗粮: False
[2026-05-08 00:40:30] [INFO] [ShopBot] 刷新上限: 82053, 天空石阈值: 82053, 金币阈值: 82053
[2026-05-08 00:40:30] [INFO] [ShopBot] 配置已加载 - 设备: ¡, 截图: uiautomator2, 控制: uiautomator2
[2026-05-08 00:40:30] [INFO] [ShopBot] 购买列表 - 书签: True, 神秘奖章: True, 装备: False, 狗粮: False
[2026-05-08 00:40:30] [INFO] [ShopBot] 刷新上限: 75408, 天空石阈值: 92426, 金币阈值: 34574
[2026-05-08 00:40:30] [INFO] [ShopBot] 配置已加载 - 设备: ¡, 截图: uiautomator2, 控制: uiautomator2
[2026-05-08 00:40:30] [INFO] [ShopBot] 购买列表 - 书签: True, 神秘奖章: True, 装备: False, 狗粮: False
[2026-05-08 00:40:30] [INFO] [ShopBot] 刷新上限: 75408, 天空石阈值: 92426, 金币阈值: 34574
[2026-05-08 00:40:30] [INFO] [ShopBot] 配置已加载 - 设备: ¡, 截图: uiautomator2, 控制: uiautomator2
[2026-05-08 00:40:30] [INFO] [ShopBot] 购买列表 - 书签: False, 神秘奖章: True, 装备: False, 狗粮: False
[2026-05-08 00:40:30] [INFO] [ShopBot] 刷新上限: 75408, 天空石阈值: 92426, 金币阈值: 34574
[2026-05-08 00:40:30] [INFO] [ShopBot] 配置已加载 - 设备: ¡, 截图: uiautomator2, 控制: uiautomator2
[2026-05-08 00:40:30] [INFO] [ShopBot] 购买列表 - 书签: False, 神秘奖章: True, 装备: True, 狗粮: False
[2026-05-08 00:40:30] [INFO] [ShopBot] 刷新上限: 75408, 天空石阈值: 92426, 金币阈值: 34574
[2026-05-08 00:40:30] [INFO] [ShopBot] 配置已加载 - 设备: ¡, 截图: uiautomator2, 控制: uiautomator2
[2026-05-08 00:40:30] [INFO] [ShopBot] 购买列表 - 书签: False, 神秘奖章: True, 装备: True, 狗粮: False
[2026-05-08 00:40:30] [INFO] [ShopBot] 刷新上限: 75408, 天空石阈值: 92426, 金币阈值: 34574
[2026-05-08 00:40:30] [INFO] [ShopBot] 配置已加载 - 设备: ¡, 截图: uiautomator2, 控制: uiautomator2
[2026-05-08 00:40:30] [INFO] [ShopBot] 购买列表 - 书签: False, 神秘奖章: True, 装备: True, 狗粮: False
[2026-05-08 00:40:30] [INFO] [ShopBot] 刷新上限: 75408, 天空石阈值: 92426, 金币阈值: 1
[2026-05-08 00:40:30] [INFO] [ShopBot] 配置已加载 - 设备: ¡, 截图: uiautomator2, 控制: uiautomator2
[2026-05-08 00:40:30] [INFO] [ShopBot] 购买列表 - 书签: False, 神秘奖章: False, 装备: True, 狗粮: False
[2026-05-08 00:40:30] [INFO] [ShopBot] 刷新上限: 75408, 天空石阈值: 92426, 金币阈值: 1
[2026-05-08 00:40:30] [INFO] [ShopBot] 配置已加载 - 设备: ~Ĩ·Ĵâꠙk𩹡ù𗟔háİ弅, 截图: uiautomator2, 控制: uiautomator2
[2026-05-08 00:40:30] [INFO] [ShopBot] 购买列表 - 书签: False, 神秘奖章: True, 装备: False, 狗粮: True
[2026-05-08 00:40:30] [INFO] [ShopBot] 刷新上限: 1063, 天空石阈值: 32857, 金币阈值: 1280
[2026-05-08 00:40:30] [INFO] [ShopBot] 配置已加载 - 设备: ~Ĩ·Ĵâꠙk𩹡ù𗟔háİ弅, 截图: uiautomator2, 控制: uiautomator2
[2026-05-08 00:40:30] [INFO] [ShopBot] 购买列表 - 书签: True, 神秘奖章: True, 装备: False, 狗粮: True
[2026-05-08 00:40:30] [INFO] [ShopBot] 刷新上限: 1063, 天空石阈值: 32857, 金币阈值: 1280
[2026-05-08 00:40:30] [INFO] [ShopBot] 配置已加载 - 设备: ~Ĩ·Ĵâꠙk𩹡ù𗟔háİ弅, 截图: uiautomator2, 控制: uiautomator2
[2026-05-08 00:40:30] [INFO] [ShopBot] 购买列表 - 书签: True, 神秘奖章: True, 装备: True, 狗粮: True
[2026-05-08 00:40:30] [INFO] [ShopBot] 刷新上限: 1063, 天空石阈值: 32857, 金币阈值: 1280
[2026-05-08 00:40:30] [INFO] [ShopBot] 配置已加载 - 设备: ~Ĩ·Ĵâꠙk𩹡ù𗟔háİ弅, 截图: uiautomator2, 控制: uiautomator2
[2026-05-08 00:40:30] [INFO] [ShopBot] 购买列表 - 书签: True, 神秘奖章: True, 装备: True, 狗粮: True
[2026-05-08 00:40:30] [INFO] [ShopBot] 刷新上限: 1063, 天空石阈值: 1063, 金币阈值: 1280
[2026-05-08 00:40:30] [INFO] [ShopBot] 配置已加载 - 设备: ~Ĩ·Ĵâꠙk𩹡ù𗟔háİ弅, 截图: uiautomator2, 控制: uiautomator2
[2026-05-08 00:40:30] [INFO] [ShopBot] 购买列表 - 书签: True, 神秘奖章: True, 装备: True, 狗粮: True
[2026-05-08 00:40:30] [INFO] [ShopBot] 刷新上限: 1063, 天空石阈值: 1063, 金币阈值: 1063
[2026-05-08 00:40:30] [INFO] [ShopBot] 配置已加载 - 设备: Ė, 截图: ADB, 控制: ADB
[2026-05-08 00:40:30] [INFO] [ShopBot] 购买列表 - 书签: True, 神秘奖章: False, 装备: False, 狗粮: False
[2026-05-08 00:40:30] [INFO] [ShopBot] 刷新上限: 4035, 天空石阈值: 94103, 金币阈值: 20036
[2026-05-08 00:40:30] [INFO] [ShopBot] 配置已加载 - 设备: Ė, 截图: ADB, 控制: ADB
[2026-05-08 00:40:30] [INFO] [ShopBot] 购买列表 - 书签: True, 神秘奖章: False, 装备: False, 狗粮: False
[2026-05-08 00:40:30] [INFO] [ShopBot] 刷新上限: 94103, 天空石阈值: 94103, 金币阈值: 20036
[2026-05-08 00:40:30] [INFO] [ShopBot] 配置已加载 - 设备: Ė, 截图: ADB, 控制: ADB
[2026-05-08 00:40:30] [INFO] [ShopBot] 购买列表 - 书签: True, 神秘奖章: False, 装备: False, 狗粮: False
[2026-05-08 00:40:30] [INFO] [ShopBot] 刷新上限: 94103, 天空石阈值: 94103, 金币阈值: 20036
[2026-05-08 00:40:30] [INFO] [ShopBot] 配置已加载 - 设备: Ė, 截图: ADB, 控制: ADB
[2026-05-08 00:40:30] [INFO] [ShopBot] 购买列表 - 书签: True, 神秘奖章: False, 装备: False, 狗粮: False
[2026-05-08 00:40:30] [INFO] [ShopBot] 刷新上限: 94103, 天空石阈值: 94103, 金币阈值: 20036
[2026-05-08 00:40:30] [INFO] [ShopBot] 配置已加载 - 设备: Ė, 截图: ADB, 控制: ADB
[2026-05-08 00:40:30] [INFO] [ShopBot] 购买列表 - 书签: True, 神秘奖章: False, 装备: False, 狗粮: False
[2026-05-08 00:40:30] [INFO] [ShopBot] 刷新上限: 94103, 天空石阈值: 20036, 金币阈值: 20036
[2026-05-08 00:40:30] [INFO] [ShopBot] 配置已加载 - 设备: Ė, 截图: ADB, 控制: ADB
[2026-05-08 00:40:30] [INFO] [ShopBot] 购买列表 - 书签: True, 神秘奖章: False, 装备: False, 狗粮: False
[2026-05-08 00:40:30] [INFO] [ShopBot] 刷新上限: 1, 天空石阈值: 20036, 金币阈值: 20036
[2026-05-08 00:40:30] [INFO] [ShopBot] 配置已加载 - 设备: Ė, 截图: ADB, 控制: ADB
[2026-05-08 00:40:30] [INFO] [ShopBot] 购买列表 - 书签: True, 神秘奖章: False, 装备: False, 狗粮: False
[2026-05-08 00:40:30] [INFO] [ShopBot] 刷新上限: 1, 天空石阈值: 1, 金币阈值: 20036
[2026-05-08 00:40:30] [INFO] [ShopBot] 配置已加载 - 设备: OĚ{F癗¨ī=𧱋䱘ï|, 截图: uiautomator2, 控制: ADB
[2026-05-08 00:40:30] [INFO] [ShopBot] 购买列表 - 书签: False, 神秘奖章: False, 装备: True, 狗粮: True
[2026-05-08 00:40:30] [INFO] [ShopBot] 刷新上限: 1000, 天空石阈值: 98822, 金币阈值: 49875
[2026-05-08 00:40:30] [INFO] [ShopBot] 配置已加载 - 设备: OĚ{F癗¨ī=𧱋䱘ï|, 截图: ADB, 控制: ADB
[2026-05-08 00:40:30] [INFO] [ShopBot] 购买列表 - 书签: False, 神秘奖章: False, 装备: True, 狗粮: True
[2026-05-08 00:40:30] [INFO] [ShopBot] 刷新上限: 1000, 天空石阈值: 98822, 金币阈值: 49875
[2026-05-08 00:40:30] [INFO] [ShopBot] 配置已加载 - 设备: OĚ{F癗¨ī=𧱋䱘ï|, 截图: ADB, 控制: ADB
[2026-05-08 00:40:30] [INFO] [ShopBot] 购买列表 - 书签: False, 神秘奖章: False, 装备: True, 狗粮: True
[2026-05-08 00:40:30] [INFO] [ShopBot] 刷新上限: 1000, 天空石阈值: 1000, 金币阈值: 49875
[2026-05-08 00:40:30] [INFO] [ShopBot] 配置已加载 - 设备: OĚ{F癗¨ī=𧱋䱘ï|, 截图: ADB, 控制: ADB
[2026-05-08 00:40:30] [INFO] [ShopBot] 购买列表 - 书签: False, 神秘奖章: False, 装备: True, 狗粮: True
[2026-05-08 00:40:30] [INFO] [ShopBot] 刷新上限: 31866, 天空石阈值: 1000, 金币阈值: 49875
[2026-05-08 00:40:30] [INFO] [ShopBot] 配置已加载 - 设备: OĚ{F癗¨ī=𧱋䱘ï|, 截图: ADB, 控制: ADB
[2026-05-08 00:40:30] [INFO] [ShopBot] 购买列表 - 书签: True, 神秘奖章: False, 装备: True, 狗粮: True
[2026-05-08 00:40:30] [INFO] [ShopBot] 刷新上限: 31866, 天空石阈值: 1000, 金币阈值: 49875
[2026-05-08 00:40:30] [INFO] [ShopBot] 配置已加载 - 设备: OĚ{F癗¨ī=𧱋䱘ï|, 截图: ADB, 控制: ADB
[2026-05-08 00:40:30] [INFO] [ShopBot] 购买列表 - 书签: True, 神秘奖章: True, 装备: True, 狗粮: True
[2026-05-08 00:40:30] [INFO] [ShopBot] 刷新上限: 31866, 天空石阈值: 1000, 金币阈值: 49875
[2026-05-08 00:40:30] [INFO] [ShopBot] 配置已加载 - 设备: OĚ{F癗¨ī=𧱋䱘ï|, 截图: ADB, 控制: ADB
[2026-05-08 00:40:30] [INFO] [ShopBot] 购买列表 - 书签: True, 神秘奖章: True, 装备: True, 狗粮: True
[2026-05-08 00:40:30] [INFO] [ShopBot] 刷新上限: 1000, 天空石阈值: 1000, 金币阈值: 49875
[2026-05-08 00:40:30] [INFO] [ShopBot] 配置已加载 - 设备: s𢓂STļ¾, 截图: uiautomator2, 控制: uiautomator2
[2026-05-08 00:40:30] [INFO] [ShopBot] 购买列表 - 书签: True, 神秘奖章: True, 装备: False, 狗粮: True
[2026-05-08 00:40:30] [INFO] [ShopBot] 刷新上限: 95520, 天空石阈值: 72891, 金币阈值: 63504
[2026-05-08 00:40:30] [INFO] [ShopBot] 配置已加载 - 设备: s𢓂STļ¾, 截图: uiautomator2, 控制: uiautomator2
[2026-05-08 00:40:30] [INFO] [ShopBot] 购买列表 - 书签: False, 神秘奖章: True, 装备: False, 狗粮: True
[2026-05-08 00:40:30] [INFO] [ShopBot] 刷新上限: 95520, 天空石阈值: 72891, 金币阈值: 63504
[2026-05-08 00:40:30] [INFO] [ShopBot] 配置已加载 - 设备: s𢓂STļ¾, 截图: uiautomator2, 控制: uiautomator2
[2026-05-08 00:40:30] [INFO] [ShopBot] 购买列表 - 书签: False, 神秘奖章: True, 装备: False, 狗粮: True
[2026-05-08 00:40:30] [INFO] [ShopBot] 刷新上限: 51374, 天空石阈值: 72891, 金币阈值: 63504
[2026-05-08 00:40:30] [INFO] [ShopBot] 配置已加载 - 设备: s𢓂STļ¾, 截图: uiautomator2, 控制: uiautomator2
[2026-05-08 00:40:30] [INFO] [ShopBot] 购买列表 - 书签: False, 神秘奖章: True, 装备: False, 狗粮: True
[2026-05-08 00:40:30] [INFO] [ShopBot] 刷新上限: 72891, 天空石阈值: 72891, 金币阈值: 63504
[2026-05-08 00:40:30] [INFO] [ShopBot] 配置已加载 - 设备: s𢓂STļ¾, 截图: uiautomator2, 控制: uiautomator2
[2026-05-08 00:40:30] [INFO] [ShopBot] 购买列表 - 书签: False, 神秘奖章: True, 装备: False, 狗粮: True
[2026-05-08 00:40:30] [INFO] [ShopBot] 刷新上限: 63504, 天空石阈值: 72891, 金币阈值: 63504
[2026-05-08 00:40:30] [INFO] [ShopBot] 配置已加载 - 设备: s𢓂STļ¾, 截图: uiautomator2, 控制: uiautomator2
[2026-05-08 00:40:30] [INFO] [ShopBot] 购买列表 - 书签: True, 神秘奖章: True, 装备: False, 狗粮: True
[2026-05-08 00:40:30] [INFO] [ShopBot] 刷新上限: 63504, 天空石阈值: 72891, 金币阈值: 63504
[2026-05-08 00:40:30] [INFO] [ShopBot] 配置已加载 - 设备: s𢓂STļ¾, 截图: uiautomator2, 控制: uiautomator2
[2026-05-08 00:40:30] [INFO] [ShopBot] 购买列表 - 书签: True, 神秘奖章: True, 装备: True, 狗粮: True
[2026-05-08 00:40:30] [INFO] [ShopBot] 刷新上限: 63504, 天空石阈值: 72891, 金币阈值: 63504
[2026-05-08 00:40:31] [INFO] [ShopBot] 配置已加载 - 设备: NIL, 截图: uiautomator2, 控制: uiautomator2
[2026-05-08 00:40:31] [INFO] [ShopBot] 购买列表 - 书签: False, 神秘奖章: False, 装备: True, 狗粮: False
[2026-05-08 00:40:31] [INFO] [ShopBot] 刷新上限: 22534, 天空石阈值: 100000, 金币阈值: 21615
[2026-05-08 00:40:31] [INFO] [ShopBot] 配置已加载 - 设备: NIL, 截图: uiautomator2, 控制: uiautomator2
[2026-05-08 00:40:31] [INFO] [ShopBot] 购买列表 - 书签: False, 神秘奖章: False, 装备: True, 狗粮: False
[2026-05-08 00:40:31] [INFO] [ShopBot] 刷新上限: 22534, 天空石阈值: 22534, 金币阈值: 21615
[2026-05-08 00:40:31] [INFO] [ShopBot] 配置已加载 - 设备: NIL, 截图: uiautomator2, 控制: uiautomator2
[2026-05-08 00:40:31] [INFO] [ShopBot] 购买列表 - 书签: False, 神秘奖章: False, 装备: True, 狗粮: False
[2026-05-08 00:40:31] [INFO] [ShopBot] 刷新上限: 22534, 天空石阈值: 21615, 金币阈值: 21615
[2026-05-08 00:40:31] [INFO] [ShopBot] 配置已加载 - 设备: NIL, 截图: uiautomator2, 控制: uiautomator2
[2026-05-08 00:40:31] [INFO] [ShopBot] 购买列表 - 书签: False, 神秘奖章: False, 装备: True, 狗粮: True
[2026-05-08 00:40:31] [INFO] [ShopBot] 刷新上限: 22534, 天空石阈值: 21615, 金币阈值: 21615
[2026-05-08 00:40:31] [INFO] [ShopBot] 配置已加载 - 设备: NIL, 截图: uiautomator2, 控制: uiautomator2
[2026-05-08 00:40:31] [INFO] [ShopBot] 购买列表 - 书签: True, 神秘奖章: False, 装备: True, 狗粮: True
[2026-05-08 00:40:31] [INFO] [ShopBot] 刷新上限: 22534, 天空石阈值: 21615, 金币阈值: 21615
[2026-05-08 00:40:31] [INFO] [ShopBot] 配置已加载 - 设备: NIL, 截图: uiautomator2, 控制: uiautomator2
[2026-05-08 00:40:31] [INFO] [ShopBot] 购买列表 - 书签: True, 神秘奖章: False, 装备: True, 狗粮: True
[2026-05-08 00:40:31] [INFO] [ShopBot] 刷新上限: 22534, 天空石阈值: 21615, 金币阈值: 21615
[2026-05-08 00:40:31] [INFO] [ShopBot] 配置已加载 - 设备: NIL, 截图: uiautomator2, 控制: uiautomator2
[2026-05-08 00:40:31] [INFO] [ShopBot] 购买列表 - 书签: True, 神秘奖章: False, 装备: True, 狗粮: False
[2026-05-08 00:40:31] [INFO] [ShopBot] 刷新上限: 22534, 天空石阈值: 21615, 金币阈值: 21615
[2026-05-08 00:40:31] [INFO] [ShopBot] 配置已加载 - 设备: µ𣷮ĀßQ², 截图: ADB, 控制: uiautomator2
[2026-05-08 00:40:31] [INFO] [ShopBot] 购买列表 - 书签: True, 神秘奖章: False, 装备: False, 狗粮: True
[2026-05-08 00:40:31] [INFO] [ShopBot] 刷新上限: 8080, 天空石阈值: 34312, 金币阈值: 43294
[2026-05-08 00:40:31] [INFO] [ShopBot] 配置已加载 - 设备: µ𣷮ĀßQ², 截图: ADB, 控制: uiautomator2
[2026-05-08 00:40:31] [INFO] [ShopBot] 购买列表 - 书签: True, 神秘奖章: False, 装备: False, 狗粮: True
[2026-05-08 00:40:31] [INFO] [ShopBot] 刷新上限: 8080, 天空石阈值: 43294, 金币阈值: 43294
[2026-05-08 00:40:31] [INFO] [ShopBot] 配置已加载 - 设备: µ𣷮ĀßQ², 截图: ADB, 控制: uiautomator2
[2026-05-08 00:40:31] [INFO] [ShopBot] 购买列表 - 书签: True, 神秘奖章: False, 装备: False, 狗粮: True
[2026-05-08 00:40:31] [INFO] [ShopBot] 刷新上限: 8080, 天空石阈值: 50742, 金币阈值: 43294
[2026-05-08 00:40:31] [INFO] [ShopBot] 配置已加载 - 设备: µ𣷮ĀßQ², 截图: uiautomator2, 控制: uiautomator2
[2026-05-08 00:40:31] [INFO] [ShopBot] 购买列表 - 书签: True, 神秘奖章: False, 装备: False, 狗粮: True
[2026-05-08 00:40:31] [INFO] [ShopBot] 刷新上限: 8080, 天空石阈值: 50742, 金币阈值: 43294
[2026-05-08 00:40:31] [INFO] [ShopBot] 配置已加载 - 设备: µ𣷮ĀßQ², 截图: uiautomator2, 控制: uiautomator2
[2026-05-08 00:40:31] [INFO] [ShopBot] 购买列表 - 书签: True, 神秘奖章: False, 装备: False, 狗粮: True
[2026-05-08 00:40:31] [INFO] [ShopBot] 刷新上限: 43294, 天空石阈值: 50742, 金币阈值: 43294
[2026-05-08 00:40:31] [INFO] [ShopBot] 配置已加载 - 设备: µ𣷮ĀßQ², 截图: uiautomator2, 控制: uiautomator2
[2026-05-08 00:40:31] [INFO] [ShopBot] 购买列表 - 书签: True, 神秘奖章: False, 装备: False, 狗粮: True
[2026-05-08 00:40:31] [INFO] [ShopBot] 刷新上限: 43294, 天空石阈值: 50742, 金币阈值: 43294
[2026-05-08 00:40:31] [INFO] [ShopBot] 配置已加载 - 设备: µ𣷮ĀßQ², 截图: uiautomator2, 控制: uiautomator2
[2026-05-08 00:40:31] [INFO] [ShopBot] 购买列表 - 书签: True, 神秘奖章: True, 装备: False, 狗粮: True
[2026-05-08 00:40:31] [INFO] [ShopBot] 刷新上限: 43294, 天空石阈值: 50742, 金币阈值: 43294
[2026-05-08 00:40:31] [INFO] [ShopBot] 配置已加载 - 设备: ßTĻ𗵕, 截图: uiautomator2, 控制: ADB
[2026-05-08 00:40:31] [INFO] [ShopBot] 购买列表 - 书签: True, 神秘奖章: True, 装备: False, 狗粮: False
[2026-05-08 00:40:31] [INFO] [ShopBot] 刷新上限: 92265, 天空石阈值: 17383, 金币阈值: 71773
[2026-05-08 00:40:31] [INFO] [ShopBot] 配置已加载 - 设备: ßTĻ𗵕, 截图: uiautomator2, 控制: ADB
[2026-05-08 00:40:31] [INFO] [ShopBot] 购买列表 - 书签: True, 神秘奖章: True, 装备: False, 狗粮: False
[2026-05-08 00:40:31] [INFO] [ShopBot] 刷新上限: 6586, 天空石阈值: 17383, 金币阈值: 71773
[2026-05-08 00:40:31] [INFO] [ShopBot] 配置已加载 - 设备: ßTĻ𗵕, 截图: ADB, 控制: ADB
[2026-05-08 00:40:31] [INFO] [ShopBot] 购买列表 - 书签: True, 神秘奖章: True, 装备: False, 狗粮: False
[2026-05-08 00:40:31] [INFO] [ShopBot] 刷新上限: 6586, 天空石阈值: 17383, 金币阈值: 71773
[2026-05-08 00:40:31] [INFO] [ShopBot] 配置已加载 - 设备: ßTĻ𗵕, 截图: ADB, 控制: ADB
[2026-05-08 00:40:31] [INFO] [ShopBot] 购买列表 - 书签: True, 神秘奖章: True, 装备: True, 狗粮: False
[2026-05-08 00:40:31] [INFO] [ShopBot] 刷新上限: 6586, 天空石阈值: 17383, 金币阈值: 71773
[2026-05-08 00:40:31] [INFO] [ShopBot] 配置已加载 - 设备: ßTĻ𗵕, 截图: ADB, 控制: ADB
[2026-05-08 00:40:31] [INFO] [ShopBot] 购买列表 - 书签: True, 神秘奖章: True, 装备: True, 狗粮: False
[2026-05-08 00:40:31] [INFO] [ShopBot] 刷新上限: 6586, 天空石阈值: 6586, 金币阈值: 71773
[2026-05-08 00:40:31] [INFO] [ShopBot] 配置已加载 - 设备: ßTĻ𗵕, 截图: ADB, 控制: ADB
[2026-05-08 00:40:31] [INFO] [ShopBot] 购买列表 - 书签: True, 神秘奖章: True, 装备: True, 狗粮: False
[2026-05-08 00:40:31] [INFO] [ShopBot] 刷新上限: 6586, 天空石阈值: 71773, 金币阈值: 71773
[2026-05-08 00:40:31] [INFO] [ShopBot] 配置已加载 - 设备: ßTĻ𗵕, 截图: ADB, 控制: ADB
[2026-05-08 00:40:31] [INFO] [ShopBot] 购买列表 - 书签: True, 神秘奖章: True, 装备: True, 狗粮: False
[2026-05-08 00:40:31] [INFO] [ShopBot] 刷新上限: 6586, 天空石阈值: 71773, 金币阈值: 6586
[2026-05-08 00:40:31] [INFO] [ShopBot] 配置已加载 - 设备: ®, 截图: uiautomator2, 控制: ADB
[2026-05-08 00:40:31] [INFO] [ShopBot] 购买列表 - 书签: False, 神秘奖章: False, 装备: True, 狗粮: False
[2026-05-08 00:40:31] [INFO] [ShopBot] 刷新上限: 19045, 天空石阈值: 11589, 金币阈值: 56143
[2026-05-08 00:40:31] [INFO] [ShopBot] 配置已加载 - 设备: ®, 截图: uiautomator2, 控制: ADB
[2026-05-08 00:40:31] [INFO] [ShopBot] 购买列表 - 书签: False, 神秘奖章: False, 装备: True, 狗粮: False
[2026-05-08 00:40:31] [INFO] [ShopBot] 刷新上限: 19045, 天空石阈值: 11589, 金币阈值: 19045
[2026-05-08 00:40:32] [INFO] [ShopBot] 配置文件不存在，生成默认模板: C:\Users\18579\AppData\Local\Temp\pytest-of-18579\pytest-2\test_load_generates_default_wh0\config.yaml
[2026-05-08 00:40:32] [INFO] [ShopBot] 配置已加载 - 设备: 127.0.0.1:16384, 截图: ADB, 控制: ADB
[2026-05-08 00:40:32] [INFO] [ShopBot] 购买列表 - 书签: True, 神秘奖章: True, 装备: False, 狗粮: False
[2026-05-08 00:40:32] [INFO] [ShopBot] 刷新上限: 200, 天空石阈值: 0, 金币阈值: 0
[2026-05-08 00:40:32] [INFO] [ShopBot] 配置文件不存在，生成默认模板: C:\Users\18579\AppData\Local\Temp\pytest-of-18579\pytest-2\test_generated_default_is_vali0\config.yaml
[2026-05-08 00:40:32] [INFO] [ShopBot] 配置已加载 - 设备: 127.0.0.1:16384, 截图: ADB, 控制: ADB
[2026-05-08 00:40:32] [INFO] [ShopBot] 购买列表 - 书签: True, 神秘奖章: True, 装备: False, 狗粮: False
[2026-05-08 00:40:32] [INFO] [ShopBot] 刷新上限: 200, 天空石阈值: 0, 金币阈值: 0
[2026-05-08 00:40:32] [INFO] [ShopBot] 配置已加载 - 设备: 192.168.1.100:5555, 截图: uiautomator2, 控制: ADB
[2026-05-08 00:40:32] [INFO] [ShopBot] 购买列表 - 书签: False, 神秘奖章: True, 装备: False, 狗粮: False
[2026-05-08 00:40:32] [INFO] [ShopBot] 刷新上限: 100, 天空石阈值: 0, 金币阈值: 0
[2026-05-08 00:40:32] [INFO] [ShopBot] 配置已加载 - 设备: 10.0.0.1:5555, 截图: ADB, 控制: ADB
[2026-05-08 00:40:32] [INFO] [ShopBot] 购买列表 - 书签: False, 神秘奖章: True, 装备: False, 狗粮: False
[2026-05-08 00:40:32] [INFO] [ShopBot] 刷新上限: 200, 天空石阈值: 0, 金币阈值: 0
[2026-05-08 00:40:32] [INFO] [ShopBot] 配置已加载 - 设备: 127.0.0.1:16384, 截图: ADB, 控制: ADB
[2026-05-08 00:40:32] [INFO] [ShopBot] 购买列表 - 书签: True, 神秘奖章: True, 装备: False, 狗粮: False
[2026-05-08 00:40:32] [INFO] [ShopBot] 刷新上限: 500, 天空石阈值: 0, 金币阈值: 0
[2026-05-08 00:40:32] [INFO] [ShopBot] 正在连接设备 127.0.0.1:16384（第 1/1 次）
[2026-05-08 00:40:32] [WARNING] [ShopBot] 连接输出异常: failed to connect
[2026-05-08 00:40:32] [ERROR] [ShopBot] 连接失败（第 1/1 次）: failed to connect
[2026-05-08 00:40:32] [ERROR] [ShopBot] 设备连接失败，已重试 1 次: 127.0.0.1:16384
[2026-05-08 00:40:32] [INFO] [ShopBot] 正在连接设备 127.0.0.1:16384（第 1/7 次）
[2026-05-08 00:40:32] [WARNING] [ShopBot] 连接输出异常: failed to connect
[2026-05-08 00:40:32] [ERROR] [ShopBot] 连接失败（第 1/7 次）: failed to connect
[2026-05-08 00:40:32] [INFO] [ShopBot] 等待 0.01 秒后重试...
[2026-05-08 00:40:32] [INFO] [ShopBot] 正在连接设备 127.0.0.1:16384（第 2/7 次）
[2026-05-08 00:40:32] [WARNING] [ShopBot] 连接输出异常: failed to connect
[2026-05-08 00:40:32] [ERROR] [ShopBot] 连接失败（第 2/7 次）: failed to connect
[2026-05-08 00:40:32] [INFO] [ShopBot] 等待 0.01 秒后重试...
[2026-05-08 00:40:32] [INFO] [ShopBot] 正在连接设备 127.0.0.1:16384（第 3/7 次）
[2026-05-08 00:40:32] [WARNING] [ShopBot] 连接输出异常: failed to connect
[2026-05-08 00:40:32] [ERROR] [ShopBot] 连接失败（第 3/7 次）: failed to connect
[2026-05-08 00:40:32] [INFO] [ShopBot] 等待 0.01 秒后重试...
[2026-05-08 00:40:32] [INFO] [ShopBot] 正在连接设备 127.0.0.1:16384（第 4/7 次）
[2026-05-08 00:40:32] [WARNING] [ShopBot] 连接输出异常: failed to connect
[2026-05-08 00:40:32] [ERROR] [ShopBot] 连接失败（第 4/7 次）: failed to connect
[2026-05-08 00:40:32] [INFO] [ShopBot] 等待 0.01 秒后重试...
[2026-05-08 00:40:32] [INFO] [ShopBot] 正在连接设备 127.0.0.1:16384（第 5/7 次）
[2026-05-08 00:40:32] [WARNING] [ShopBot] 连接输出异常: failed to connect
[2026-05-08 00:40:32] [ERROR] [ShopBot] 连接失败（第 5/7 次）: failed to connect
[2026-05-08 00:40:32] [INFO] [ShopBot] 等待 0.01 秒后重试...
[2026-05-08 00:40:32] [INFO] [ShopBot] 正在连接设备 127.0.0.1:16384（第 6/7 次）
[2026-05-08 00:40:32] [WARNING] [ShopBot] 连接输出异常: failed to connect
[2026-05-08 00:40:32] [ERROR] [ShopBot] 连接失败（第 6/7 次）: failed to connect
[2026-05-08 00:40:32] [INFO] [ShopBot] 等待 0.01 秒后重试...
[2026-05-08 00:40:32] [INFO] [ShopBot] 正在连接设备 127.0.0.1:16384（第 7/7 次）
[2026-05-08 00:40:32] [WARNING] [ShopBot] 连接输出异常: failed to connect
[2026-05-08 00:40:32] [ERROR] [ShopBot] 连接失败（第 7/7 次）: failed to connect
[2026-05-08 00:40:32] [ERROR] [ShopBot] 设备连接失败，已重试 7 次: 127.0.0.1:16384
[2026-05-08 00:40:32] [INFO] [ShopBot] 正在连接设备 127.0.0.1:16384（第 1/7 次）
[2026-05-08 00:40:32] [WARNING] [ShopBot] 连接输出异常: failed to connect
[2026-05-08 00:40:32] [ERROR] [ShopBot] 连接失败（第 1/7 次）: failed to connect
[2026-05-08 00:40:32] [INFO] [ShopBot] 等待 0.08564874985668278 秒后重试...
[2026-05-08 00:40:32] [INFO] [ShopBot] 正在连接设备 127.0.0.1:16384（第 2/7 次）
[2026-05-08 00:40:32] [WARNING] [ShopBot] 连接输出异常: failed to connect
[2026-05-08 00:40:32] [ERROR] [ShopBot] 连接失败（第 2/7 次）: failed to connect
[2026-05-08 00:40:32] [INFO] [ShopBot] 等待 0.08564874985668278 秒后重试...
[2026-05-08 00:40:32] [INFO] [ShopBot] 正在连接设备 127.0.0.1:16384（第 3/7 次）
[2026-05-08 00:40:32] [WARNING] [ShopBot] 连接输出异常: failed to connect
[2026-05-08 00:40:32] [ERROR] [ShopBot] 连接失败（第 3/7 次）: failed to connect
[2026-05-08 00:40:32] [INFO] [ShopBot] 等待 0.08564874985668278 秒后重试...
[2026-05-08 00:40:32] [INFO] [ShopBot] 正在连接设备 127.0.0.1:16384（第 4/7 次）
[2026-05-08 00:40:32] [WARNING] [ShopBot] 连接输出异常: failed to connect
[2026-05-08 00:40:32] [ERROR] [ShopBot] 连接失败（第 4/7 次）: failed to connect
[2026-05-08 00:40:32] [INFO] [ShopBot] 等待 0.08564874985668278 秒后重试...
[2026-05-08 00:40:32] [INFO] [ShopBot] 正在连接设备 127.0.0.1:16384（第 5/7 次）
[2026-05-08 00:40:32] [WARNING] [ShopBot] 连接输出异常: failed to connect
[2026-05-08 00:40:32] [ERROR] [ShopBot] 连接失败（第 5/7 次）: failed to connect
[2026-05-08 00:40:32] [INFO] [ShopBot] 等待 0.08564874985668278 秒后重试...
[2026-05-08 00:40:32] [INFO] [ShopBot] 正在连接设备 127.0.0.1:16384（第 6/7 次）
[2026-05-08 00:40:32] [WARNING] [ShopBot] 连接输出异常: failed to connect
[2026-05-08 00:40:32] [ERROR] [ShopBot] 连接失败（第 6/7 次）: failed to connect
[2026-05-08 00:40:32] [INFO] [ShopBot] 等待 0.08564874985668278 秒后重试...
[2026-05-08 00:40:32] [INFO] [ShopBot] 正在连接设备 127.0.0.1:16384（第 7/7 次）
[2026-05-08 00:40:32] [WARNING] [ShopBot] 连接输出异常: failed to connect
[2026-05-08 00:40:32] [ERROR] [ShopBot] 连接失败（第 7/7 次）: failed to connect
[2026-05-08 00:40:32] [ERROR] [ShopBot] 设备连接失败，已重试 7 次: 127.0.0.1:16384
[2026-05-08 00:40:32] [INFO] [ShopBot] 正在连接设备 127.0.0.1:16384（第 1/3 次）
[2026-05-08 00:40:32] [WARNING] [ShopBot] 连接输出异常: failed to connect
[2026-05-08 00:40:32] [ERROR] [ShopBot] 连接失败（第 1/3 次）: failed to connect
[2026-05-08 00:40:32] [INFO] [ShopBot] 等待 0.01 秒后重试...
[2026-05-08 00:40:32] [INFO] [ShopBot] 正在连接设备 127.0.0.1:16384（第 2/3 次）
[2026-05-08 00:40:32] [WARNING] [ShopBot] 连接输出异常: failed to connect
[2026-05-08 00:40:32] [ERROR] [ShopBot] 连接失败（第 2/3 次）: failed to connect
[2026-05-08 00:40:32] [INFO] [ShopBot] 等待 0.01 秒后重试...
[2026-05-08 00:40:32] [INFO] [ShopBot] 正在连接设备 127.0.0.1:16384（第 3/3 次）
[2026-05-08 00:40:32] [WARNING] [ShopBot] 连接输出异常: failed to connect
[2026-05-08 00:40:32] [ERROR] [ShopBot] 连接失败（第 3/3 次）: failed to connect
[2026-05-08 00:40:32] [ERROR] [ShopBot] 设备连接失败，已重试 3 次: 127.0.0.1:16384
[2026-05-08 00:40:32] [INFO] [ShopBot] 正在连接设备 127.0.0.1:16384（第 1/3 次）
[2026-05-08 00:40:32] [WARNING] [ShopBot] 连接输出异常: failed to connect
[2026-05-08 00:40:32] [ERROR] [ShopBot] 连接失败（第 1/3 次）: failed to connect
[2026-05-08 00:40:32] [INFO] [ShopBot] 等待 0.08839989616765306 秒后重试...
[2026-05-08 00:40:32] [INFO] [ShopBot] 正在连接设备 127.0.0.1:16384（第 2/3 次）
[2026-05-08 00:40:32] [WARNING] [ShopBot] 连接输出异常: failed to connect
[2026-05-08 00:40:32] [ERROR] [ShopBot] 连接失败（第 2/3 次）: failed to connect
[2026-05-08 00:40:32] [INFO] [ShopBot] 等待 0.08839989616765306 秒后重试...
[2026-05-08 00:40:32] [INFO] [ShopBot] 正在连接设备 127.0.0.1:16384（第 3/3 次）
[2026-05-08 00:40:32] [WARNING] [ShopBot] 连接输出异常: failed to connect
[2026-05-08 00:40:32] [ERROR] [ShopBot] 连接失败（第 3/3 次）: failed to connect
[2026-05-08 00:40:32] [ERROR] [ShopBot] 设备连接失败，已重试 3 次: 127.0.0.1:16384
[2026-05-08 00:40:32] [INFO] [ShopBot] 正在连接设备 127.0.0.1:16384（第 1/4 次）
[2026-05-08 00:40:32] [WARNING] [ShopBot] 连接输出异常: failed to connect
[2026-05-08 00:40:32] [ERROR] [ShopBot] 连接失败（第 1/4 次）: failed to connect
[2026-05-08 00:40:32] [INFO] [ShopBot] 等待 0.01 秒后重试...
[2026-05-08 00:40:32] [INFO] [ShopBot] 正在连接设备 127.0.0.1:16384（第 2/4 次）
[2026-05-08 00:40:32] [WARNING] [ShopBot] 连接输出异常: failed to connect
[2026-05-08 00:40:32] [ERROR] [ShopBot] 连接失败（第 2/4 次）: failed to connect
[2026-05-08 00:40:32] [INFO] [ShopBot] 等待 0.01 秒后重试...
[2026-05-08 00:40:32] [INFO] [ShopBot] 正在连接设备 127.0.0.1:16384（第 3/4 次）
[2026-05-08 00:40:32] [WARNING] [ShopBot] 连接输出异常: failed to connect
[2026-05-08 00:40:32] [ERROR] [ShopBot] 连接失败（第 3/4 次）: failed to connect
[2026-05-08 00:40:32] [INFO] [ShopBot] 等待 0.01 秒后重试...
[2026-05-08 00:40:32] [INFO] [ShopBot] 正在连接设备 127.0.0.1:16384（第 4/4 次）
[2026-05-08 00:40:32] [WARNING] [ShopBot] 连接输出异常: failed to connect
[2026-05-08 00:40:32] [ERROR] [ShopBot] 连接失败（第 4/4 次）: failed to connect
[2026-05-08 00:40:32] [ERROR] [ShopBot] 设备连接失败，已重试 4 次: 127.0.0.1:16384
[2026-05-08 00:40:32] [INFO] [ShopBot] 正在连接设备 127.0.0.1:16384（第 1/4 次）
[2026-05-08 00:40:32] [WARNING] [ShopBot] 连接输出异常: failed to connect
[2026-05-08 00:40:32] [ERROR] [ShopBot] 连接失败（第 1/4 次）: failed to connect
[2026-05-08 00:40:32] [INFO] [ShopBot] 等待 0.08460101009043806 秒后重试...
[2026-05-08 00:40:32] [INFO] [ShopBot] 正在连接设备 127.0.0.1:16384（第 2/4 次）
[2026-05-08 00:40:32] [WARNING] [ShopBot] 连接输出异常: failed to connect
[2026-05-08 00:40:32] [ERROR] [ShopBot] 连接失败（第 2/4 次）: failed to connect
[2026-05-08 00:40:32] [INFO] [ShopBot] 等待 0.08460101009043806 秒后重试...
[2026-05-08 00:40:32] [INFO] [ShopBot] 正在连接设备 127.0.0.1:16384（第 3/4 次）
[2026-05-08 00:40:32] [WARNING] [ShopBot] 连接输出异常: failed to connect
[2026-05-08 00:40:32] [ERROR] [ShopBot] 连接失败（第 3/4 次）: failed to connect
[2026-05-08 00:40:32] [INFO] [ShopBot] 等待 0.08460101009043806 秒后重试...
[2026-05-08 00:40:32] [INFO] [ShopBot] 正在连接设备 127.0.0.1:16384（第 4/4 次）
[2026-05-08 00:40:32] [WARNING] [ShopBot] 连接输出异常: failed to connect
[2026-05-08 00:40:32] [ERROR] [ShopBot] 连接失败（第 4/4 次）: failed to connect
[2026-05-08 00:40:32] [ERROR] [ShopBot] 设备连接失败，已重试 4 次: 127.0.0.1:16384
[2026-05-08 00:40:32] [INFO] [ShopBot] 正在连接设备 127.0.0.1:16384（第 1/1 次）
[2026-05-08 00:40:32] [WARNING] [ShopBot] 连接输出异常: failed to connect
[2026-05-08 00:40:32] [ERROR] [ShopBot] 连接失败（第 1/1 次）: failed to connect
[2026-05-08 00:40:32] [ERROR] [ShopBot] 设备连接失败，已重试 1 次: 127.0.0.1:16384
[2026-05-08 00:40:32] [INFO] [ShopBot] 正在连接设备 127.0.0.1:16384（第 1/10 次）
[2026-05-08 00:40:32] [WARNING] [ShopBot] 连接输出异常: failed to connect
[2026-05-08 00:40:32] [ERROR] [ShopBot] 连接失败（第 1/10 次）: failed to connect
[2026-05-08 00:40:32] [INFO] [ShopBot] 等待 0.01 秒后重试...
[2026-05-08 00:40:32] [INFO] [ShopBot] 正在连接设备 127.0.0.1:16384（第 2/10 次）
[2026-05-08 00:40:32] [WARNING] [ShopBot] 连接输出异常: failed to connect
[2026-05-08 00:40:32] [ERROR] [ShopBot] 连接失败（第 2/10 次）: failed to connect
[2026-05-08 00:40:32] [INFO] [ShopBot] 等待 0.01 秒后重试...
[2026-05-08 00:40:32] [INFO] [ShopBot] 正在连接设备 127.0.0.1:16384（第 3/10 次）
[2026-05-08 00:40:32] [WARNING] [ShopBot] 连接输出异常: failed to connect
[2026-05-08 00:40:32] [ERROR] [ShopBot] 连接失败（第 3/10 次）: failed to connect
[2026-05-08 00:40:32] [INFO] [ShopBot] 等待 0.01 秒后重试...
[2026-05-08 00:40:32] [INFO] [ShopBot] 正在连接设备 127.0.0.1:16384（第 4/10 次）
[2026-05-08 00:40:32] [WARNING] [ShopBot] 连接输出异常: failed to connect
[2026-05-08 00:40:32] [ERROR] [ShopBot] 连接失败（第 4/10 次）: failed to connect
[2026-05-08 00:40:32] [INFO] [ShopBot] 等待 0.01 秒后重试...
[2026-05-08 00:40:32] [INFO] [ShopBot] 正在连接设备 127.0.0.1:16384（第 5/10 次）
[2026-05-08 00:40:32] [WARNING] [ShopBot] 连接输出异常: failed to connect
[2026-05-08 00:40:32] [ERROR] [ShopBot] 连接失败（第 5/10 次）: failed to connect
[2026-05-08 00:40:32] [INFO] [ShopBot] 等待 0.01 秒后重试...
[2026-05-08 00:40:32] [INFO] [ShopBot] 正在连接设备 127.0.0.1:16384（第 6/10 次）
[2026-05-08 00:40:32] [WARNING] [ShopBot] 连接输出异常: failed to connect
[2026-05-08 00:40:32] [ERROR] [ShopBot] 连接失败（第 6/10 次）: failed to connect
[2026-05-08 00:40:32] [INFO] [ShopBot] 等待 0.01 秒后重试...
[2026-05-08 00:40:32] [INFO] [ShopBot] 正在连接设备 127.0.0.1:16384（第 7/10 次）
[2026-05-08 00:40:32] [WARNING] [ShopBot] 连接输出异常: failed to connect
[2026-05-08 00:40:32] [ERROR] [ShopBot] 连接失败（第 7/10 次）: failed to connect
[2026-05-08 00:40:32] [INFO] [ShopBot] 等待 0.01 秒后重试...
[2026-05-08 00:40:32] [INFO] [ShopBot] 正在连接设备 127.0.0.1:16384（第 8/10 次）
[2026-05-08 00:40:32] [WARNING] [ShopBot] 连接输出异常: failed to connect
[2026-05-08 00:40:32] [ERROR] [ShopBot] 连接失败（第 8/10 次）: failed to connect
[2026-05-08 00:40:32] [INFO] [ShopBot] 等待 0.01 秒后重试...
[2026-05-08 00:40:32] [INFO] [ShopBot] 正在连接设备 127.0.0.1:16384（第 9/10 次）
[2026-05-08 00:40:32] [WARNING] [ShopBot] 连接输出异常: failed to connect
[2026-05-08 00:40:32] [ERROR] [ShopBot] 连接失败（第 9/10 次）: failed to connect
[2026-05-08 00:40:32] [INFO] [ShopBot] 等待 0.01 秒后重试...
[2026-05-08 00:40:32] [INFO] [ShopBot] 正在连接设备 127.0.0.1:16384（第 10/10 次）
[2026-05-08 00:40:32] [WARNING] [ShopBot] 连接输出异常: failed to connect
[2026-05-08 00:40:32] [ERROR] [ShopBot] 连接失败（第 10/10 次）: failed to connect
[2026-05-08 00:40:32] [ERROR] [ShopBot] 设备连接失败，已重试 10 次: 127.0.0.1:16384
[2026-05-08 00:40:32] [INFO] [ShopBot] 正在连接设备 127.0.0.1:16384（第 1/10 次）
[2026-05-08 00:40:32] [WARNING] [ShopBot] 连接输出异常: failed to connect
[2026-05-08 00:40:32] [ERROR] [ShopBot] 连接失败（第 1/10 次）: failed to connect
[2026-05-08 00:40:32] [INFO] [ShopBot] 等待 0.06993205708507315 秒后重试...
[2026-05-08 00:40:32] [INFO] [ShopBot] 正在连接设备 127.0.0.1:16384（第 2/10 次）
[2026-05-08 00:40:32] [WARNING] [ShopBot] 连接输出异常: failed to connect
[2026-05-08 00:40:32] [ERROR] [ShopBot] 连接失败（第 2/10 次）: failed to connect
[2026-05-08 00:40:32] [INFO] [ShopBot] 等待 0.06993205708507315 秒后重试...
[2026-05-08 00:40:32] [INFO] [ShopBot] 正在连接设备 127.0.0.1:16384（第 3/10 次）
[2026-05-08 00:40:32] [WARNING] [ShopBot] 连接输出异常: failed to connect
[2026-05-08 00:40:32] [ERROR] [ShopBot] 连接失败（第 3/10 次）: failed to connect
[2026-05-08 00:40:32] [INFO] [ShopBot] 等待 0.06993205708507315 秒后重试...
[2026-05-08 00:40:32] [INFO] [ShopBot] 正在连接设备 127.0.0.1:16384（第 4/10 次）
[2026-05-08 00:40:32] [WARNING] [ShopBot] 连接输出异常: failed to connect
[2026-05-08 00:40:32] [ERROR] [ShopBot] 连接失败（第 4/10 次）: failed to connect
[2026-05-08 00:40:32] [INFO] [ShopBot] 等待 0.06993205708507315 秒后重试...
[2026-05-08 00:40:32] [INFO] [ShopBot] 正在连接设备 127.0.0.1:16384（第 5/10 次）
[2026-05-08 00:40:32] [WARNING] [ShopBot] 连接输出异常: failed to connect
[2026-05-08 00:40:32] [ERROR] [ShopBot] 连接失败（第 5/10 次）: failed to connect
[2026-05-08 00:40:32] [INFO] [ShopBot] 等待 0.06993205708507315 秒后重试...
[2026-05-08 00:40:32] [INFO] [ShopBot] 正在连接设备 127.0.0.1:16384（第 6/10 次）
[2026-05-08 00:40:32] [WARNING] [ShopBot] 连接输出异常: failed to connect
[2026-05-08 00:40:32] [ERROR] [ShopBot] 连接失败（第 6/10 次）: failed to connect
[2026-05-08 00:40:32] [INFO] [ShopBot] 等待 0.06993205708507315 秒后重试...
[2026-05-08 00:40:32] [INFO] [ShopBot] 正在连接设备 127.0.0.1:16384（第 7/10 次）
[2026-05-08 00:40:32] [WARNING] [ShopBot] 连接输出异常: failed to connect
[2026-05-08 00:40:32] [ERROR] [ShopBot] 连接失败（第 7/10 次）: failed to connect
[2026-05-08 00:40:32] [INFO] [ShopBot] 等待 0.06993205708507315 秒后重试...
[2026-05-08 00:40:32] [INFO] [ShopBot] 正在连接设备 127.0.0.1:16384（第 8/10 次）
[2026-05-08 00:40:32] [WARNING] [ShopBot] 连接输出异常: failed to connect
[2026-05-08 00:40:32] [ERROR] [ShopBot] 连接失败（第 8/10 次）: failed to connect
[2026-05-08 00:40:32] [INFO] [ShopBot] 等待 0.06993205708507315 秒后重试...
[2026-05-08 00:40:32] [INFO] [ShopBot] 正在连接设备 127.0.0.1:16384（第 9/10 次）
[2026-05-08 00:40:32] [WARNING] [ShopBot] 连接输出异常: failed to connect
[2026-05-08 00:40:32] [ERROR] [ShopBot] 连接失败（第 9/10 次）: failed to connect
[2026-05-08 00:40:32] [INFO] [ShopBot] 等待 0.06993205708507315 秒后重试...
[2026-05-08 00:40:32] [INFO] [ShopBot] 正在连接设备 127.0.0.1:16384（第 10/10 次）
[2026-05-08 00:40:32] [WARNING] [ShopBot] 连接输出异常: failed to connect
[2026-05-08 00:40:32] [ERROR] [ShopBot] 连接失败（第 10/10 次）: failed to connect
[2026-05-08 00:40:32] [ERROR] [ShopBot] 设备连接失败，已重试 10 次: 127.0.0.1:16384
[2026-05-08 00:40:32] [INFO] [ShopBot] 正在连接设备 127.0.0.1:16384（第 1/1 次）
[2026-05-08 00:40:32] [WARNING] [ShopBot] 连接输出异常: failed to connect
[2026-05-08 00:40:32] [ERROR] [ShopBot] 连接失败（第 1/1 次）: failed to connect
[2026-05-08 00:40:32] [ERROR] [ShopBot] 设备连接失败，已重试 1 次: 127.0.0.1:16384
[2026-05-08 00:40:32] [INFO] [ShopBot] 正在连接设备 127.0.0.1:16384（第 1/1 次）
[2026-05-08 00:40:32] [WARNING] [ShopBot] 连接输出异常: failed to connect
[2026-05-08 00:40:32] [ERROR] [ShopBot] 连接失败（第 1/1 次）: failed to connect
[2026-05-08 00:40:32] [ERROR] [ShopBot] 设备连接失败，已重试 1 次: 127.0.0.1:16384
[2026-05-08 00:40:32] [INFO] [ShopBot] 正在连接设备 127.0.0.1:16384（第 1/1 次）
[2026-05-08 00:40:32] [WARNING] [ShopBot] 连接输出异常: failed to connect
[2026-05-08 00:40:32] [ERROR] [ShopBot] 连接失败（第 1/1 次）: failed to connect
[2026-05-08 00:40:32] [ERROR] [ShopBot] 设备连接失败，已重试 1 次: 127.0.0.1:16384
[2026-05-08 00:40:32] [INFO] [ShopBot] 正在连接设备 127.0.0.1:16384（第 1/2 次）
[2026-05-08 00:40:32] [WARNING] [ShopBot] 连接输出异常: failed to connect
[2026-05-08 00:40:32] [ERROR] [ShopBot] 连接失败（第 1/2 次）: failed to connect
[2026-05-08 00:40:32] [INFO] [ShopBot] 等待 0.09866721576038165 秒后重试...
[2026-05-08 00:40:32] [INFO] [ShopBot] 正在连接设备 127.0.0.1:16384（第 2/2 次）
[2026-05-08 00:40:32] [WARNING] [ShopBot] 连接输出异常: failed to connect
[2026-05-08 00:40:32] [ERROR] [ShopBot] 连接失败（第 2/2 次）: failed to connect
[2026-05-08 00:40:32] [ERROR] [ShopBot] 设备连接失败，已重试 2 次: 127.0.0.1:16384
[2026-05-08 00:40:32] [INFO] [ShopBot] 正在连接设备 127.0.0.1:16384（第 1/2 次）
[2026-05-08 00:40:32] [WARNING] [ShopBot] 连接输出异常: failed to connect
[2026-05-08 00:40:32] [ERROR] [ShopBot] 连接失败（第 1/2 次）: failed to connect
[2026-05-08 00:40:32] [INFO] [ShopBot] 等待 0.06779468786875158 秒后重试...
[2026-05-08 00:40:32] [INFO] [ShopBot] 正在连接设备 127.0.0.1:16384（第 2/2 次）
[2026-05-08 00:40:32] [WARNING] [ShopBot] 连接输出异常: failed to connect
[2026-05-08 00:40:32] [ERROR] [ShopBot] 连接失败（第 2/2 次）: failed to connect
[2026-05-08 00:40:32] [ERROR] [ShopBot] 设备连接失败，已重试 2 次: 127.0.0.1:16384
[2026-05-08 00:40:32] [INFO] [ShopBot] 正在连接设备 127.0.0.1:16384（第 1/10 次）
[2026-05-08 00:40:32] [WARNING] [ShopBot] 连接输出异常: failed to connect
[2026-05-08 00:40:32] [ERROR] [ShopBot] 连接失败（第 1/10 次）: failed to connect
[2026-05-08 00:40:32] [INFO] [ShopBot] 等待 0.05776913129373238 秒后重试...
[2026-05-08 00:40:32] [INFO] [ShopBot] 正在连接设备 127.0.0.1:16384（第 2/10 次）
[2026-05-08 00:40:32] [WARNING] [ShopBot] 连接输出异常: failed to connect
[2026-05-08 00:40:32] [ERROR] [ShopBot] 连接失败（第 2/10 次）: failed to connect
[2026-05-08 00:40:32] [INFO] [ShopBot] 等待 0.05776913129373238 秒后重试...
[2026-05-08 00:40:32] [INFO] [ShopBot] 正在连接设备 127.0.0.1:16384（第 3/10 次）
[2026-05-08 00:40:32] [WARNING] [ShopBot] 连接输出异常: failed to connect
[2026-05-08 00:40:32] [ERROR] [ShopBot] 连接失败（第 3/10 次）: failed to connect
[2026-05-08 00:40:32] [INFO] [ShopBot] 等待 0.05776913129373238 秒后重试...
[2026-05-08 00:40:32] [INFO] [ShopBot] 正在连接设备 127.0.0.1:16384（第 4/10 次）
[2026-05-08 00:40:32] [WARNING] [ShopBot] 连接输出异常: failed to connect
[2026-05-08 00:40:32] [ERROR] [ShopBot] 连接失败（第 4/10 次）: failed to connect
[2026-05-08 00:40:32] [INFO] [ShopBot] 等待 0.05776913129373238 秒后重试...
[2026-05-08 00:40:32] [INFO] [ShopBot] 正在连接设备 127.0.0.1:16384（第 5/10 次）
[2026-05-08 00:40:32] [WARNING] [ShopBot] 连接输出异常: failed to connect
[2026-05-08 00:40:32] [ERROR] [ShopBot] 连接失败（第 5/10 次）: failed to connect
[2026-05-08 00:40:32] [INFO] [ShopBot] 等待 0.05776913129373238 秒后重试...
[2026-05-08 00:40:32] [INFO] [ShopBot] 正在连接设备 127.0.0.1:16384（第 6/10 次）
[2026-05-08 00:40:32] [WARNING] [ShopBot] 连接输出异常: failed to connect
[2026-05-08 00:40:32] [ERROR] [ShopBot] 连接失败（第 6/10 次）: failed to connect
[2026-05-08 00:40:32] [INFO] [ShopBot] 等待 0.05776913129373238 秒后重试...
[2026-05-08 00:40:32] [INFO] [ShopBot] 正在连接设备 127.0.0.1:16384（第 7/10 次）
[2026-05-08 00:40:32] [WARNING] [ShopBot] 连接输出异常: failed to connect
[2026-05-08 00:40:32] [ERROR] [ShopBot] 连接失败（第 7/10 次）: failed to connect
[2026-05-08 00:40:32] [INFO] [ShopBot] 等待 0.05776913129373238 秒后重试...
[2026-05-08 00:40:32] [INFO] [ShopBot] 正在连接设备 127.0.0.1:16384（第 8/10 次）
[2026-05-08 00:40:32] [WARNING] [ShopBot] 连接输出异常: failed to connect
[2026-05-08 00:40:32] [ERROR] [ShopBot] 连接失败（第 8/10 次）: failed to connect
[2026-05-08 00:40:32] [INFO] [ShopBot] 等待 0.05776913129373238 秒后重试...
[2026-05-08 00:40:32] [INFO] [ShopBot] 正在连接设备 127.0.0.1:16384（第 9/10 次）
[2026-05-08 00:40:32] [WARNING] [ShopBot] 连接输出异常: failed to connect
[2026-05-08 00:40:32] [ERROR] [ShopBot] 连接失败（第 9/10 次）: failed to connect
[2026-05-08 00:40:32] [INFO] [ShopBot] 等待 0.05776913129373238 秒后重试...
[2026-05-08 00:40:32] [INFO] [ShopBot] 正在连接设备 127.0.0.1:16384（第 10/10 次）
[2026-05-08 00:40:32] [WARNING] [ShopBot] 连接输出异常: failed to connect
[2026-05-08 00:40:32] [ERROR] [ShopBot] 连接失败（第 10/10 次）: failed to connect
[2026-05-08 00:40:32] [ERROR] [ShopBot] 设备连接失败，已重试 10 次: 127.0.0.1:16384
[2026-05-08 00:40:32] [INFO] [ShopBot] 正在连接设备 127.0.0.1:16384（第 1/2 次）
[2026-05-08 00:40:32] [WARNING] [ShopBot] 连接输出异常: failed to connect
[2026-05-08 00:40:32] [ERROR] [ShopBot] 连接失败（第 1/2 次）: failed to connect
[2026-05-08 00:40:32] [INFO] [ShopBot] 等待 0.07403361126289948 秒后重试...
[2026-05-08 00:40:32] [INFO] [ShopBot] 正在连接设备 127.0.0.1:16384（第 2/2 次）
[2026-05-08 00:40:32] [WARNING] [ShopBot] 连接输出异常: failed to connect
[2026-05-08 00:40:32] [ERROR] [ShopBot] 连接失败（第 2/2 次）: failed to connect
[2026-05-08 00:40:32] [ERROR] [ShopBot] 设备连接失败，已重试 2 次: 127.0.0.1:16384
[2026-05-08 00:40:32] [INFO] [ShopBot] 正在连接设备 127.0.0.1:16384（第 1/7 次）
[2026-05-08 00:40:32] [WARNING] [ShopBot] 连接输出异常: failed to connect
[2026-05-08 00:40:32] [ERROR] [ShopBot] 连接失败（第 1/7 次）: failed to connect
[2026-05-08 00:40:32] [INFO] [ShopBot] 等待 0.0913869176134614 秒后重试...
[2026-05-08 00:40:32] [INFO] [ShopBot] 正在连接设备 127.0.0.1:16384（第 2/7 次）
[2026-05-08 00:40:32] [WARNING] [ShopBot] 连接输出异常: failed to connect
[2026-05-08 00:40:32] [ERROR] [ShopBot] 连接失败（第 2/7 次）: failed to connect
[2026-05-08 00:40:32] [INFO] [ShopBot] 等待 0.0913869176134614 秒后重试...
[2026-05-08 00:40:32] [INFO] [ShopBot] 正在连接设备 127.0.0.1:16384（第 3/7 次）
[2026-05-08 00:40:32] [WARNING] [ShopBot] 连接输出异常: failed to connect
[2026-05-08 00:40:32] [ERROR] [ShopBot] 连接失败（第 3/7 次）: failed to connect
[2026-05-08 00:40:32] [INFO] [ShopBot] 等待 0.0913869176134614 秒后重试...
[2026-05-08 00:40:32] [INFO] [ShopBot] 正在连接设备 127.0.0.1:16384（第 4/7 次）
[2026-05-08 00:40:32] [WARNING] [ShopBot] 连接输出异常: failed to connect
[2026-05-08 00:40:32] [ERROR] [ShopBot] 连接失败（第 4/7 次）: failed to connect
[2026-05-08 00:40:32] [INFO] [ShopBot] 等待 0.0913869176134614 秒后重试...
[2026-05-08 00:40:32] [INFO] [ShopBot] 正在连接设备 127.0.0.1:16384（第 5/7 次）
[2026-05-08 00:40:32] [WARNING] [ShopBot] 连接输出异常: failed to connect
[2026-05-08 00:40:32] [ERROR] [ShopBot] 连接失败（第 5/7 次）: failed to connect
[2026-05-08 00:40:32] [INFO] [ShopBot] 等待 0.0913869176134614 秒后重试...
[2026-05-08 00:40:32] [INFO] [ShopBot] 正在连接设备 127.0.0.1:16384（第 6/7 次）
[2026-05-08 00:40:32] [WARNING] [ShopBot] 连接输出异常: failed to connect
[2026-05-08 00:40:32] [ERROR] [ShopBot] 连接失败（第 6/7 次）: failed to connect
[2026-05-08 00:40:32] [INFO] [ShopBot] 等待 0.0913869176134614 秒后重试...
[2026-05-08 00:40:32] [INFO] [ShopBot] 正在连接设备 127.0.0.1:16384（第 7/7 次）
[2026-05-08 00:40:32] [WARNING] [ShopBot] 连接输出异常: failed to connect
[2026-05-08 00:40:32] [ERROR] [ShopBot] 连接失败（第 7/7 次）: failed to connect
[2026-05-08 00:40:32] [ERROR] [ShopBot] 设备连接失败，已重试 7 次: 127.0.0.1:16384
[2026-05-08 00:40:32] [INFO] [ShopBot] 正在连接设备 127.0.0.1:16384（第 1/10 次）
[2026-05-08 00:40:32] [WARNING] [ShopBot] 连接输出异常: failed to connect
[2026-05-08 00:40:32] [ERROR] [ShopBot] 连接失败（第 1/10 次）: failed to connect
[2026-05-08 00:40:32] [INFO] [ShopBot] 等待 0.04681281517558233 秒后重试...
[2026-05-08 00:40:32] [INFO] [ShopBot] 正在连接设备 127.0.0.1:16384（第 2/10 次）
[2026-05-08 00:40:32] [WARNING] [ShopBot] 连接输出异常: failed to connect
[2026-05-08 00:40:32] [ERROR] [ShopBot] 连接失败（第 2/10 次）: failed to connect
[2026-05-08 00:40:32] [INFO] [ShopBot] 等待 0.04681281517558233 秒后重试...
[2026-05-08 00:40:32] [INFO] [ShopBot] 正在连接设备 127.0.0.1:16384（第 3/10 次）
[2026-05-08 00:40:32] [WARNING] [ShopBot] 连接输出异常: failed to connect
[2026-05-08 00:40:32] [ERROR] [ShopBot] 连接失败（第 3/10 次）: failed to connect
[2026-05-08 00:40:32] [INFO] [ShopBot] 等待 0.04681281517558233 秒后重试...
[2026-05-08 00:40:32] [INFO] [ShopBot] 正在连接设备 127.0.0.1:16384（第 4/10 次）
[2026-05-08 00:40:32] [WARNING] [ShopBot] 连接输出异常: failed to connect
[2026-05-08 00:40:32] [ERROR] [ShopBot] 连接失败（第 4/10 次）: failed to connect
[2026-05-08 00:40:32] [INFO] [ShopBot] 等待 0.04681281517558233 秒后重试...
[2026-05-08 00:40:32] [INFO] [ShopBot] 正在连接设备 127.0.0.1:16384（第 5/10 次）
[2026-05-08 00:40:32] [WARNING] [ShopBot] 连接输出异常: failed to connect
[2026-05-08 00:40:32] [ERROR] [ShopBot] 连接失败（第 5/10 次）: failed to connect
[2026-05-08 00:40:32] [INFO] [ShopBot] 等待 0.04681281517558233 秒后重试...
[2026-05-08 00:40:32] [INFO] [ShopBot] 正在连接设备 127.0.0.1:16384（第 6/10 次）
[2026-05-08 00:40:32] [WARNING] [ShopBot] 连接输出异常: failed to connect
[2026-05-08 00:40:32] [ERROR] [ShopBot] 连接失败（第 6/10 次）: failed to connect
[2026-05-08 00:40:32] [INFO] [ShopBot] 等待 0.04681281517558233 秒后重试...
[2026-05-08 00:40:32] [INFO] [ShopBot] 正在连接设备 127.0.0.1:16384（第 7/10 次）
[2026-05-08 00:40:32] [WARNING] [ShopBot] 连接输出异常: failed to connect
[2026-05-08 00:40:32] [ERROR] [ShopBot] 连接失败（第 7/10 次）: failed to connect
[2026-05-08 00:40:32] [INFO] [ShopBot] 等待 0.04681281517558233 秒后重试...
[2026-05-08 00:40:32] [INFO] [ShopBot] 正在连接设备 127.0.0.1:16384（第 8/10 次）
[2026-05-08 00:40:32] [WARNING] [ShopBot] 连接输出异常: failed to connect
[2026-05-08 00:40:32] [ERROR] [ShopBot] 连接失败（第 8/10 次）: failed to connect
[2026-05-08 00:40:32] [INFO] [ShopBot] 等待 0.04681281517558233 秒后重试...
[2026-05-08 00:40:32] [INFO] [ShopBot] 正在连接设备 127.0.0.1:16384（第 9/10 次）
[2026-05-08 00:40:32] [WARNING] [ShopBot] 连接输出异常: failed to connect
[2026-05-08 00:40:32] [ERROR] [ShopBot] 连接失败（第 9/10 次）: failed to connect
[2026-05-08 00:40:32] [INFO] [ShopBot] 等待 0.04681281517558233 秒后重试...
[2026-05-08 00:40:32] [INFO] [ShopBot] 正在连接设备 127.0.0.1:16384（第 10/10 次）
[2026-05-08 00:40:32] [WARNING] [ShopBot] 连接输出异常: failed to connect
[2026-05-08 00:40:32] [ERROR] [ShopBot] 连接失败（第 10/10 次）: failed to connect
[2026-05-08 00:40:32] [ERROR] [ShopBot] 设备连接失败，已重试 10 次: 127.0.0.1:16384
[2026-05-08 00:40:32] [INFO] [ShopBot] 正在连接设备 127.0.0.1:16384（第 1/10 次）
[2026-05-08 00:40:32] [WARNING] [ShopBot] 连接输出异常: failed to connect
[2026-05-08 00:40:32] [ERROR] [ShopBot] 连接失败（第 1/10 次）: failed to connect
[2026-05-08 00:40:32] [INFO] [ShopBot] 等待 0.042364457944972504 秒后重试...
[2026-05-08 00:40:32] [INFO] [ShopBot] 正在连接设备 127.0.0.1:16384（第 2/10 次）
[2026-05-08 00:40:32] [WARNING] [ShopBot] 连接输出异常: failed to connect
[2026-05-08 00:40:32] [ERROR] [ShopBot] 连接失败（第 2/10 次）: failed to connect
[2026-05-08 00:40:32] [INFO] [ShopBot] 等待 0.042364457944972504 秒后重试...
[2026-05-08 00:40:32] [INFO] [ShopBot] 正在连接设备 127.0.0.1:16384（第 3/10 次）
[2026-05-08 00:40:32] [WARNING] [ShopBot] 连接输出异常: failed to connect
[2026-05-08 00:40:32] [ERROR] [ShopBot] 连接失败（第 3/10 次）: failed to connect
[2026-05-08 00:40:32] [INFO] [ShopBot] 等待 0.042364457944972504 秒后重试...
[2026-05-08 00:40:32] [INFO] [ShopBot] 正在连接设备 127.0.0.1:16384（第 4/10 次）
[2026-05-08 00:40:32] [WARNING] [ShopBot] 连接输出异常: failed to connect
[2026-05-08 00:40:32] [ERROR] [ShopBot] 连接失败（第 4/10 次）: failed to connect
[2026-05-08 00:40:32] [INFO] [ShopBot] 等待 0.042364457944972504 秒后重试...
[2026-05-08 00:40:32] [INFO] [ShopBot] 正在连接设备 127.0.0.1:16384（第 5/10 次）
[2026-05-08 00:40:32] [WARNING] [ShopBot] 连接输出异常: failed to connect
[2026-05-08 00:40:32] [ERROR] [ShopBot] 连接失败（第 5/10 次）: failed to connect
[2026-05-08 00:40:32] [INFO] [ShopBot] 等待 0.042364457944972504 秒后重试...
[2026-05-08 00:40:32] [INFO] [ShopBot] 正在连接设备 127.0.0.1:16384（第 6/10 次）
[2026-05-08 00:40:32] [WARNING] [ShopBot] 连接输出异常: failed to connect
[2026-05-08 00:40:32] [ERROR] [ShopBot] 连接失败（第 6/10 次）: failed to connect
[2026-05-08 00:40:32] [INFO] [ShopBot] 等待 0.042364457944972504 秒后重试...
[2026-05-08 00:40:32] [INFO] [ShopBot] 正在连接设备 127.0.0.1:16384（第 7/10 次）
[2026-05-08 00:40:32] [WARNING] [ShopBot] 连接输出异常: failed to connect
[2026-05-08 00:40:32] [ERROR] [ShopBot] 连接失败（第 7/10 次）: failed to connect
[2026-05-08 00:40:32] [INFO] [ShopBot] 等待 0.042364457944972504 秒后重试...
[2026-05-08 00:40:32] [INFO] [ShopBot] 正在连接设备 127.0.0.1:16384（第 8/10 次）
[2026-05-08 00:40:32] [WARNING] [ShopBot] 连接输出异常: failed to connect
[2026-05-08 00:40:32] [ERROR] [ShopBot] 连接失败（第 8/10 次）: failed to connect
[2026-05-08 00:40:32] [INFO] [ShopBot] 等待 0.042364457944972504 秒后重试...
[2026-05-08 00:40:32] [INFO] [ShopBot] 正在连接设备 127.0.0.1:16384（第 9/10 次）
[2026-05-08 00:40:32] [WARNING] [ShopBot] 连接输出异常: failed to connect
[2026-05-08 00:40:32] [ERROR] [ShopBot] 连接失败（第 9/10 次）: failed to connect
[2026-05-08 00:40:32] [INFO] [ShopBot] 等待 0.042364457944972504 秒后重试...
[2026-05-08 00:40:32] [INFO] [ShopBot] 正在连接设备 127.0.0.1:16384（第 10/10 次）
[2026-05-08 00:40:32] [WARNING] [ShopBot] 连接输出异常: failed to connect
[2026-05-08 00:40:32] [ERROR] [ShopBot] 连接失败（第 10/10 次）: failed to connect
[2026-05-08 00:40:32] [ERROR] [ShopBot] 设备连接失败，已重试 10 次: 127.0.0.1:16384
[2026-05-08 00:40:32] [INFO] [ShopBot] 正在连接设备 127.0.0.1:16384（第 1/3 次）
[2026-05-08 00:40:32] [WARNING] [ShopBot] 连接输出异常: failed to connect
[2026-05-08 00:40:32] [ERROR] [ShopBot] 连接失败（第 1/3 次）: failed to connect
[2026-05-08 00:40:32] [INFO] [ShopBot] 等待 0.019739483836283236 秒后重试...
[2026-05-08 00:40:32] [INFO] [ShopBot] 正在连接设备 127.0.0.1:16384（第 2/3 次）
[2026-05-08 00:40:32] [WARNING] [ShopBot] 连接输出异常: failed to connect
[2026-05-08 00:40:32] [ERROR] [ShopBot] 连接失败（第 2/3 次）: failed to connect
[2026-05-08 00:40:32] [INFO] [ShopBot] 等待 0.019739483836283236 秒后重试...
[2026-05-08 00:40:32] [INFO] [ShopBot] 正在连接设备 127.0.0.1:16384（第 3/3 次）
[2026-05-08 00:40:32] [WARNING] [ShopBot] 连接输出异常: failed to connect
[2026-05-08 00:40:32] [ERROR] [ShopBot] 连接失败（第 3/3 次）: failed to connect
[2026-05-08 00:40:32] [ERROR] [ShopBot] 设备连接失败，已重试 3 次: 127.0.0.1:16384
[2026-05-08 00:40:32] [INFO] [ShopBot] 正在连接设备 127.0.0.1:16384（第 1/1 次）
[2026-05-08 00:40:32] [WARNING] [ShopBot] 连接输出异常: failed to connect
[2026-05-08 00:40:32] [ERROR] [ShopBot] 连接失败（第 1/1 次）: failed to connect
[2026-05-08 00:40:32] [ERROR] [ShopBot] 设备连接失败，已重试 1 次: 127.0.0.1:16384
[2026-05-08 00:40:32] [INFO] [ShopBot] 正在连接设备 127.0.0.1:16384（第 1/10 次）
[2026-05-08 00:40:32] [WARNING] [ShopBot] 连接输出异常: failed to connect
[2026-05-08 00:40:32] [ERROR] [ShopBot] 连接失败（第 1/10 次）: failed to connect
[2026-05-08 00:40:32] [INFO] [ShopBot] 等待 0.07196598986812935 秒后重试...
[2026-05-08 00:40:32] [INFO] [ShopBot] 正在连接设备 127.0.0.1:16384（第 2/10 次）
[2026-05-08 00:40:32] [WARNING] [ShopBot] 连接输出异常: failed to connect
[2026-05-08 00:40:32] [ERROR] [ShopBot] 连接失败（第 2/10 次）: failed to connect
[2026-05-08 00:40:32] [INFO] [ShopBot] 等待 0.07196598986812935 秒后重试...
[2026-05-08 00:40:32] [INFO] [ShopBot] 正在连接设备 127.0.0.1:16384（第 3/10 次）
[2026-05-08 00:40:32] [WARNING] [ShopBot] 连接输出异常: failed to connect
[2026-05-08 00:40:32] [ERROR] [ShopBot] 连接失败（第 3/10 次）: failed to connect
[2026-05-08 00:40:32] [INFO] [ShopBot] 等待 0.07196598986812935 秒后重试...
[2026-05-08 00:40:32] [INFO] [ShopBot] 正在连接设备 127.0.0.1:16384（第 4/10 次）
[2026-05-08 00:40:32] [WARNING] [ShopBot] 连接输出异常: failed to connect
[2026-05-08 00:40:32] [ERROR] [ShopBot] 连接失败（第 4/10 次）: failed to connect
[2026-05-08 00:40:32] [INFO] [ShopBot] 等待 0.07196598986812935 秒后重试...
[2026-05-08 00:40:32] [INFO] [ShopBot] 正在连接设备 127.0.0.1:16384（第 5/10 次）
[2026-05-08 00:40:32] [WARNING] [ShopBot] 连接输出异常: failed to connect
[2026-05-08 00:40:32] [ERROR] [ShopBot] 连接失败（第 5/10 次）: failed to connect
[2026-05-08 00:40:32] [INFO] [ShopBot] 等待 0.07196598986812935 秒后重试...
[2026-05-08 00:40:32] [INFO] [ShopBot] 正在连接设备 127.0.0.1:16384（第 6/10 次）
[2026-05-08 00:40:32] [WARNING] [ShopBot] 连接输出异常: failed to connect
[2026-05-08 00:40:32] [ERROR] [ShopBot] 连接失败（第 6/10 次）: failed to connect
[2026-05-08 00:40:32] [INFO] [ShopBot] 等待 0.07196598986812935 秒后重试...
[2026-05-08 00:40:32] [INFO] [ShopBot] 正在连接设备 127.0.0.1:16384（第 7/10 次）
[2026-05-08 00:40:32] [WARNING] [ShopBot] 连接输出异常: failed to connect
[2026-05-08 00:40:32] [ERROR] [ShopBot] 连接失败（第 7/10 次）: failed to connect
[2026-05-08 00:40:32] [INFO] [ShopBot] 等待 0.07196598986812935 秒后重试...
[2026-05-08 00:40:32] [INFO] [ShopBot] 正在连接设备 127.0.0.1:16384（第 8/10 次）
[2026-05-08 00:40:32] [WARNING] [ShopBot] 连接输出异常: failed to connect
[2026-05-08 00:40:32] [ERROR] [ShopBot] 连接失败（第 8/10 次）: failed to connect
[2026-05-08 00:40:32] [INFO] [ShopBot] 等待 0.07196598986812935 秒后重试...
[2026-05-08 00:40:32] [INFO] [ShopBot] 正在连接设备 127.0.0.1:16384（第 9/10 次）
[2026-05-08 00:40:32] [WARNING] [ShopBot] 连接输出异常: failed to connect
[2026-05-08 00:40:32] [ERROR] [ShopBot] 连接失败（第 9/10 次）: failed to connect
[2026-05-08 00:40:32] [INFO] [ShopBot] 等待 0.07196598986812935 秒后重试...
[2026-05-08 00:40:32] [INFO] [ShopBot] 正在连接设备 127.0.0.1:16384（第 10/10 次）
[2026-05-08 00:40:32] [WARNING] [ShopBot] 连接输出异常: failed to connect
[2026-05-08 00:40:32] [ERROR] [ShopBot] 连接失败（第 10/10 次）: failed to connect
[2026-05-08 00:40:32] [ERROR] [ShopBot] 设备连接失败，已重试 10 次: 127.0.0.1:16384
[2026-05-08 00:40:32] [INFO] [ShopBot] 正在连接设备 127.0.0.1:16384（第 1/1 次）
[2026-05-08 00:40:32] [WARNING] [ShopBot] 连接输出异常: failed to connect
[2026-05-08 00:40:32] [ERROR] [ShopBot] 连接失败（第 1/1 次）: failed to connect
[2026-05-08 00:40:32] [ERROR] [ShopBot] 设备连接失败，已重试 1 次: 127.0.0.1:16384
[2026-05-08 00:40:32] [INFO] [ShopBot] 正在连接设备 127.0.0.1:16384（第 1/1 次）
[2026-05-08 00:40:32] [WARNING] [ShopBot] 连接输出异常: failed to connect
[2026-05-08 00:40:32] [ERROR] [ShopBot] 连接失败（第 1/1 次）: failed to connect
[2026-05-08 00:40:32] [ERROR] [ShopBot] 设备连接失败，已重试 1 次: 127.0.0.1:16384
[2026-05-08 00:40:32] [INFO] [ShopBot] 正在连接设备 127.0.0.1:16384（第 1/10 次）
[2026-05-08 00:40:32] [WARNING] [ShopBot] 连接输出异常: failed to connect
[2026-05-08 00:40:32] [ERROR] [ShopBot] 连接失败（第 1/10 次）: failed to connect
[2026-05-08 00:40:32] [INFO] [ShopBot] 等待 0.07499373851704573 秒后重试...
[2026-05-08 00:40:32] [INFO] [ShopBot] 正在连接设备 127.0.0.1:16384（第 2/10 次）
[2026-05-08 00:40:32] [WARNING] [ShopBot] 连接输出异常: failed to connect
[2026-05-08 00:40:32] [ERROR] [ShopBot] 连接失败（第 2/10 次）: failed to connect
[2026-05-08 00:40:32] [INFO] [ShopBot] 等待 0.07499373851704573 秒后重试...
[2026-05-08 00:40:32] [INFO] [ShopBot] 正在连接设备 127.0.0.1:16384（第 3/10 次）
[2026-05-08 00:40:32] [WARNING] [ShopBot] 连接输出异常: failed to connect
[2026-05-08 00:40:32] [ERROR] [ShopBot] 连接失败（第 3/10 次）: failed to connect
[2026-05-08 00:40:32] [INFO] [ShopBot] 等待 0.07499373851704573 秒后重试...
[2026-05-08 00:40:32] [INFO] [ShopBot] 正在连接设备 127.0.0.1:16384（第 4/10 次）
[2026-05-08 00:40:32] [WARNING] [ShopBot] 连接输出异常: failed to connect
[2026-05-08 00:40:32] [ERROR] [ShopBot] 连接失败（第 4/10 次）: failed to connect
[2026-05-08 00:40:32] [INFO] [ShopBot] 等待 0.07499373851704573 秒后重试...
[2026-05-08 00:40:32] [INFO] [ShopBot] 正在连接设备 127.0.0.1:16384（第 5/10 次）
[2026-05-08 00:40:32] [WARNING] [ShopBot] 连接输出异常: failed to connect
[2026-05-08 00:40:32] [ERROR] [ShopBot] 连接失败（第 5/10 次）: failed to connect
[2026-05-08 00:40:32] [INFO] [ShopBot] 等待 0.07499373851704573 秒后重试...
[2026-05-08 00:40:32] [INFO] [ShopBot] 正在连接设备 127.0.0.1:16384（第 6/10 次）
[2026-05-08 00:40:32] [WARNING] [ShopBot] 连接输出异常: failed to connect
[2026-05-08 00:40:32] [ERROR] [ShopBot] 连接失败（第 6/10 次）: failed to connect
[2026-05-08 00:40:32] [INFO] [ShopBot] 等待 0.07499373851704573 秒后重试...
[2026-05-08 00:40:32] [INFO] [ShopBot] 正在连接设备 127.0.0.1:16384（第 7/10 次）
[2026-05-08 00:40:32] [WARNING] [ShopBot] 连接输出异常: failed to connect
[2026-05-08 00:40:32] [ERROR] [ShopBot] 连接失败（第 7/10 次）: failed to connect
[2026-05-08 00:40:32] [INFO] [ShopBot] 等待 0.07499373851704573 秒后重试...
[2026-05-08 00:40:32] [INFO] [ShopBot] 正在连接设备 127.0.0.1:16384（第 8/10 次）
[2026-05-08 00:40:32] [WARNING] [ShopBot] 连接输出异常: failed to connect
[2026-05-08 00:40:32] [ERROR] [ShopBot] 连接失败（第 8/10 次）: failed to connect
[2026-05-08 00:40:32] [INFO] [ShopBot] 等待 0.07499373851704573 秒后重试...
[2026-05-08 00:40:32] [INFO] [ShopBot] 正在连接设备 127.0.0.1:16384（第 9/10 次）
[2026-05-08 00:40:32] [WARNING] [ShopBot] 连接输出异常: failed to connect
[2026-05-08 00:40:32] [ERROR] [ShopBot] 连接失败（第 9/10 次）: failed to connect
[2026-05-08 00:40:32] [INFO] [ShopBot] 等待 0.07499373851704573 秒后重试...
[2026-05-08 00:40:32] [INFO] [ShopBot] 正在连接设备 127.0.0.1:16384（第 10/10 次）
[2026-05-08 00:40:32] [WARNING] [ShopBot] 连接输出异常: failed to connect
[2026-05-08 00:40:32] [ERROR] [ShopBot] 连接失败（第 10/10 次）: failed to connect
[2026-05-08 00:40:32] [ERROR] [ShopBot] 设备连接失败，已重试 10 次: 127.0.0.1:16384
[2026-05-08 00:40:32] [INFO] [ShopBot] 正在连接设备 127.0.0.1:16384（第 1/2 次）
[2026-05-08 00:40:32] [WARNING] [ShopBot] 连接输出异常: failed to connect
[2026-05-08 00:40:32] [ERROR] [ShopBot] 连接失败（第 1/2 次）: failed to connect
[2026-05-08 00:40:32] [INFO] [ShopBot] 等待 0.08643241527090735 秒后重试...
[2026-05-08 00:40:32] [INFO] [ShopBot] 正在连接设备 127.0.0.1:16384（第 2/2 次）
[2026-05-08 00:40:32] [WARNING] [ShopBot] 连接输出异常: failed to connect
[2026-05-08 00:40:32] [ERROR] [ShopBot] 连接失败（第 2/2 次）: failed to connect
[2026-05-08 00:40:32] [ERROR] [ShopBot] 设备连接失败，已重试 2 次: 127.0.0.1:16384
[2026-05-08 00:40:32] [INFO] [ShopBot] 正在连接设备 127.0.0.1:16384（第 1/1 次）
[2026-05-08 00:40:32] [WARNING] [ShopBot] 连接输出异常: failed to connect
[2026-05-08 00:40:32] [ERROR] [ShopBot] 连接失败（第 1/1 次）: failed to connect
[2026-05-08 00:40:32] [ERROR] [ShopBot] 设备连接失败，已重试 1 次: 127.0.0.1:16384
[2026-05-08 00:40:32] [INFO] [ShopBot] 正在连接设备 127.0.0.1:16384（第 1/1 次）
[2026-05-08 00:40:32] [WARNING] [ShopBot] 连接输出异常: failed to connect
[2026-05-08 00:40:32] [ERROR] [ShopBot] 连接失败（第 1/1 次）: failed to connect
[2026-05-08 00:40:32] [ERROR] [ShopBot] 设备连接失败，已重试 1 次: 127.0.0.1:16384
[2026-05-08 00:40:32] [INFO] [ShopBot] 正在连接设备 127.0.0.1:16384（第 1/5 次）
[2026-05-08 00:40:32] [WARNING] [ShopBot] 连接输出异常: failed to connect
[2026-05-08 00:40:32] [ERROR] [ShopBot] 连接失败（第 1/5 次）: failed to connect
[2026-05-08 00:40:32] [INFO] [ShopBot] 等待 0.08495550849948279 秒后重试...
[2026-05-08 00:40:32] [INFO] [ShopBot] 正在连接设备 127.0.0.1:16384（第 2/5 次）
[2026-05-08 00:40:32] [WARNING] [ShopBot] 连接输出异常: failed to connect
[2026-05-08 00:40:32] [ERROR] [ShopBot] 连接失败（第 2/5 次）: failed to connect
[2026-05-08 00:40:32] [INFO] [ShopBot] 等待 0.08495550849948279 秒后重试...
[2026-05-08 00:40:32] [INFO] [ShopBot] 正在连接设备 127.0.0.1:16384（第 3/5 次）
[2026-05-08 00:40:32] [WARNING] [ShopBot] 连接输出异常: failed to connect
[2026-05-08 00:40:32] [ERROR] [ShopBot] 连接失败（第 3/5 次）: failed to connect
[2026-05-08 00:40:32] [INFO] [ShopBot] 等待 0.08495550849948279 秒后重试...
[2026-05-08 00:40:32] [INFO] [ShopBot] 正在连接设备 127.0.0.1:16384（第 4/5 次）
[2026-05-08 00:40:32] [WARNING] [ShopBot] 连接输出异常: failed to connect
[2026-05-08 00:40:32] [ERROR] [ShopBot] 连接失败（第 4/5 次）: failed to connect
[2026-05-08 00:40:32] [INFO] [ShopBot] 等待 0.08495550849948279 秒后重试...
[2026-05-08 00:40:32] [INFO] [ShopBot] 正在连接设备 127.0.0.1:16384（第 5/5 次）
[2026-05-08 00:40:32] [WARNING] [ShopBot] 连接输出异常: failed to connect
[2026-05-08 00:40:32] [ERROR] [ShopBot] 连接失败（第 5/5 次）: failed to connect
[2026-05-08 00:40:32] [ERROR] [ShopBot] 设备连接失败，已重试 5 次: 127.0.0.1:16384
[2026-05-08 00:40:32] [INFO] [ShopBot] 正在连接设备 127.0.0.1:16384（第 1/5 次）
[2026-05-08 00:40:32] [WARNING] [ShopBot] 连接输出异常: failed to connect
[2026-05-08 00:40:32] [ERROR] [ShopBot] 连接失败（第 1/5 次）: failed to connect
[2026-05-08 00:40:32] [INFO] [ShopBot] 等待 0.05188637795208429 秒后重试...
[2026-05-08 00:40:32] [INFO] [ShopBot] 正在连接设备 127.0.0.1:16384（第 2/5 次）
[2026-05-08 00:40:32] [WARNING] [ShopBot] 连接输出异常: failed to connect
[2026-05-08 00:40:32] [ERROR] [ShopBot] 连接失败（第 2/5 次）: failed to connect
[2026-05-08 00:40:32] [INFO] [ShopBot] 等待 0.05188637795208429 秒后重试...
[2026-05-08 00:40:32] [INFO] [ShopBot] 正在连接设备 127.0.0.1:16384（第 3/5 次）
[2026-05-08 00:40:32] [WARNING] [ShopBot] 连接输出异常: failed to connect
[2026-05-08 00:40:32] [ERROR] [ShopBot] 连接失败（第 3/5 次）: failed to connect
[2026-05-08 00:40:32] [INFO] [ShopBot] 等待 0.05188637795208429 秒后重试...
[2026-05-08 00:40:32] [INFO] [ShopBot] 正在连接设备 127.0.0.1:16384（第 4/5 次）
[2026-05-08 00:40:32] [WARNING] [ShopBot] 连接输出异常: failed to connect
[2026-05-08 00:40:32] [ERROR] [ShopBot] 连接失败（第 4/5 次）: failed to connect
[2026-05-08 00:40:32] [INFO] [ShopBot] 等待 0.05188637795208429 秒后重试...
[2026-05-08 00:40:32] [INFO] [ShopBot] 正在连接设备 127.0.0.1:16384（第 5/5 次）
[2026-05-08 00:40:32] [WARNING] [ShopBot] 连接输出异常: failed to connect
[2026-05-08 00:40:32] [ERROR] [ShopBot] 连接失败（第 5/5 次）: failed to connect
[2026-05-08 00:40:32] [ERROR] [ShopBot] 设备连接失败，已重试 5 次: 127.0.0.1:16384
[2026-05-08 00:40:32] [INFO] [ShopBot] 正在连接设备 127.0.0.1:16384（第 1/1 次）
[2026-05-08 00:40:32] [WARNING] [ShopBot] 连接输出异常: failed to connect
[2026-05-08 00:40:32] [ERROR] [ShopBot] 连接失败（第 1/1 次）: failed to connect
[2026-05-08 00:40:32] [ERROR] [ShopBot] 设备连接失败，已重试 1 次: 127.0.0.1:16384
[2026-05-08 00:40:32] [INFO] [ShopBot] 正在连接设备 127.0.0.1:16384（第 1/3 次）
[2026-05-08 00:40:32] [WARNING] [ShopBot] 连接输出异常: failed to connect
[2026-05-08 00:40:32] [ERROR] [ShopBot] 连接失败（第 1/3 次）: failed to connect
[2026-05-08 00:40:32] [INFO] [ShopBot] 等待 0.09305654831573783 秒后重试...
[2026-05-08 00:40:32] [INFO] [ShopBot] 正在连接设备 127.0.0.1:16384（第 2/3 次）
[2026-05-08 00:40:32] [WARNING] [ShopBot] 连接输出异常: failed to connect
[2026-05-08 00:40:32] [ERROR] [ShopBot] 连接失败（第 2/3 次）: failed to connect
[2026-05-08 00:40:32] [INFO] [ShopBot] 等待 0.09305654831573783 秒后重试...
[2026-05-08 00:40:32] [INFO] [ShopBot] 正在连接设备 127.0.0.1:16384（第 3/3 次）
[2026-05-08 00:40:32] [WARNING] [ShopBot] 连接输出异常: failed to connect
[2026-05-08 00:40:32] [ERROR] [ShopBot] 连接失败（第 3/3 次）: failed to connect
[2026-05-08 00:40:32] [ERROR] [ShopBot] 设备连接失败，已重试 3 次: 127.0.0.1:16384
[2026-05-08 00:40:32] [INFO] [ShopBot] 正在连接设备 127.0.0.1:16384（第 1/1 次）
[2026-05-08 00:40:32] [WARNING] [ShopBot] 连接输出异常: failed to connect
[2026-05-08 00:40:32] [ERROR] [ShopBot] 连接失败（第 1/1 次）: failed to connect
[2026-05-08 00:40:32] [ERROR] [ShopBot] 设备连接失败，已重试 1 次: 127.0.0.1:16384
[2026-05-08 00:40:32] [INFO] [ShopBot] 正在连接设备 127.0.0.1:16384（第 1/4 次）
[2026-05-08 00:40:32] [WARNING] [ShopBot] 连接输出异常: failed to connect
[2026-05-08 00:40:32] [ERROR] [ShopBot] 连接失败（第 1/4 次）: failed to connect
[2026-05-08 00:40:32] [INFO] [ShopBot] 等待 0.02084949003439871 秒后重试...
[2026-05-08 00:40:32] [INFO] [ShopBot] 正在连接设备 127.0.0.1:16384（第 2/4 次）
[2026-05-08 00:40:32] [WARNING] [ShopBot] 连接输出异常: failed to connect
[2026-05-08 00:40:32] [ERROR] [ShopBot] 连接失败（第 2/4 次）: failed to connect
[2026-05-08 00:40:32] [INFO] [ShopBot] 等待 0.02084949003439871 秒后重试...
[2026-05-08 00:40:32] [INFO] [ShopBot] 正在连接设备 127.0.0.1:16384（第 3/4 次）
[2026-05-08 00:40:32] [WARNING] [ShopBot] 连接输出异常: failed to connect
[2026-05-08 00:40:32] [ERROR] [ShopBot] 连接失败（第 3/4 次）: failed to connect
[2026-05-08 00:40:32] [INFO] [ShopBot] 等待 0.02084949003439871 秒后重试...
[2026-05-08 00:40:32] [INFO] [ShopBot] 正在连接设备 127.0.0.1:16384（第 4/4 次）
[2026-05-08 00:40:32] [WARNING] [ShopBot] 连接输出异常: failed to connect
[2026-05-08 00:40:32] [ERROR] [ShopBot] 连接失败（第 4/4 次）: failed to connect
[2026-05-08 00:40:32] [ERROR] [ShopBot] 设备连接失败，已重试 4 次: 127.0.0.1:16384
[2026-05-08 00:40:32] [INFO] [ShopBot] 正在连接设备 127.0.0.1:16384（第 1/8 次）
[2026-05-08 00:40:32] [WARNING] [ShopBot] 连接输出异常: failed to connect
[2026-05-08 00:40:32] [ERROR] [ShopBot] 连接失败（第 1/8 次）: failed to connect
[2026-05-08 00:40:32] [INFO] [ShopBot] 等待 0.05617820424399562 秒后重试...
[2026-05-08 00:40:32] [INFO] [ShopBot] 正在连接设备 127.0.0.1:16384（第 2/8 次）
[2026-05-08 00:40:32] [WARNING] [ShopBot] 连接输出异常: failed to connect
[2026-05-08 00:40:32] [ERROR] [ShopBot] 连接失败（第 2/8 次）: failed to connect
[2026-05-08 00:40:32] [INFO] [ShopBot] 等待 0.05617820424399562 秒后重试...
[2026-05-08 00:40:32] [INFO] [ShopBot] 正在连接设备 127.0.0.1:16384（第 3/8 次）
[2026-05-08 00:40:32] [WARNING] [ShopBot] 连接输出异常: failed to connect
[2026-05-08 00:40:32] [ERROR] [ShopBot] 连接失败（第 3/8 次）: failed to connect
[2026-05-08 00:40:32] [INFO] [ShopBot] 等待 0.05617820424399562 秒后重试...
[2026-05-08 00:40:32] [INFO] [ShopBot] 正在连接设备 127.0.0.1:16384（第 4/8 次）
[2026-05-08 00:40:32] [WARNING] [ShopBot] 连接输出异常: failed to connect
[2026-05-08 00:40:32] [ERROR] [ShopBot] 连接失败（第 4/8 次）: failed to connect
[2026-05-08 00:40:32] [INFO] [ShopBot] 等待 0.05617820424399562 秒后重试...
[2026-05-08 00:40:32] [INFO] [ShopBot] 正在连接设备 127.0.0.1:16384（第 5/8 次）
[2026-05-08 00:40:32] [WARNING] [ShopBot] 连接输出异常: failed to connect
[2026-05-08 00:40:32] [ERROR] [ShopBot] 连接失败（第 5/8 次）: failed to connect
[2026-05-08 00:40:32] [INFO] [ShopBot] 等待 0.05617820424399562 秒后重试...
[2026-05-08 00:40:32] [INFO] [ShopBot] 正在连接设备 127.0.0.1:16384（第 6/8 次）
[2026-05-08 00:40:32] [WARNING] [ShopBot] 连接输出异常: failed to connect
[2026-05-08 00:40:32] [ERROR] [ShopBot] 连接失败（第 6/8 次）: failed to connect
[2026-05-08 00:40:32] [INFO] [ShopBot] 等待 0.05617820424399562 秒后重试...
[2026-05-08 00:40:32] [INFO] [ShopBot] 正在连接设备 127.0.0.1:16384（第 7/8 次）
[2026-05-08 00:40:32] [WARNING] [ShopBot] 连接输出异常: failed to connect
[2026-05-08 00:40:32] [ERROR] [ShopBot] 连接失败（第 7/8 次）: failed to connect
[2026-05-08 00:40:32] [INFO] [ShopBot] 等待 0.05617820424399562 秒后重试...
[2026-05-08 00:40:32] [INFO] [ShopBot] 正在连接设备 127.0.0.1:16384（第 8/8 次）
[2026-05-08 00:40:32] [WARNING] [ShopBot] 连接输出异常: failed to connect
[2026-05-08 00:40:32] [ERROR] [ShopBot] 连接失败（第 8/8 次）: failed to connect
[2026-05-08 00:40:32] [ERROR] [ShopBot] 设备连接失败，已重试 8 次: 127.0.0.1:16384
[2026-05-08 00:40:32] [INFO] [ShopBot] 正在连接设备 127.0.0.1:16384（第 1/5 次）
[2026-05-08 00:40:32] [WARNING] [ShopBot] 连接输出异常: failed to connect
[2026-05-08 00:40:32] [ERROR] [ShopBot] 连接失败（第 1/5 次）: failed to connect
[2026-05-08 00:40:32] [INFO] [ShopBot] 等待 0.055145264848487266 秒后重试...
[2026-05-08 00:40:32] [INFO] [ShopBot] 正在连接设备 127.0.0.1:16384（第 2/5 次）
[2026-05-08 00:40:32] [WARNING] [ShopBot] 连接输出异常: failed to connect
[2026-05-08 00:40:32] [ERROR] [ShopBot] 连接失败（第 2/5 次）: failed to connect
[2026-05-08 00:40:32] [INFO] [ShopBot] 等待 0.055145264848487266 秒后重试...
[2026-05-08 00:40:32] [INFO] [ShopBot] 正在连接设备 127.0.0.1:16384（第 3/5 次）
[2026-05-08 00:40:32] [WARNING] [ShopBot] 连接输出异常: failed to connect
[2026-05-08 00:40:32] [ERROR] [ShopBot] 连接失败（第 3/5 次）: failed to connect
[2026-05-08 00:40:32] [INFO] [ShopBot] 等待 0.055145264848487266 秒后重试...
[2026-05-08 00:40:32] [INFO] [ShopBot] 正在连接设备 127.0.0.1:16384（第 4/5 次）
[2026-05-08 00:40:32] [WARNING] [ShopBot] 连接输出异常: failed to connect
[2026-05-08 00:40:32] [ERROR] [ShopBot] 连接失败（第 4/5 次）: failed to connect
[2026-05-08 00:40:32] [INFO] [ShopBot] 等待 0.055145264848487266 秒后重试...
[2026-05-08 00:40:32] [INFO] [ShopBot] 正在连接设备 127.0.0.1:16384（第 5/5 次）
[2026-05-08 00:40:32] [WARNING] [ShopBot] 连接输出异常: failed to connect
[2026-05-08 00:40:32] [ERROR] [ShopBot] 连接失败（第 5/5 次）: failed to connect
[2026-05-08 00:40:32] [ERROR] [ShopBot] 设备连接失败，已重试 5 次: 127.0.0.1:16384
[2026-05-08 00:40:32] [INFO] [ShopBot] 正在连接设备 127.0.0.1:16384（第 1/4 次）
[2026-05-08 00:40:32] [WARNING] [ShopBot] 连接输出异常: failed to connect
[2026-05-08 00:40:32] [ERROR] [ShopBot] 连接失败（第 1/4 次）: failed to connect
[2026-05-08 00:40:32] [INFO] [ShopBot] 等待 0.032281477115204175 秒后重试...
[2026-05-08 00:40:32] [INFO] [ShopBot] 正在连接设备 127.0.0.1:16384（第 2/4 次）
[2026-05-08 00:40:32] [WARNING] [ShopBot] 连接输出异常: failed to connect
[2026-05-08 00:40:32] [ERROR] [ShopBot] 连接失败（第 2/4 次）: failed to connect
[2026-05-08 00:40:32] [INFO] [ShopBot] 等待 0.032281477115204175 秒后重试...
[2026-05-08 00:40:32] [INFO] [ShopBot] 正在连接设备 127.0.0.1:16384（第 3/4 次）
[2026-05-08 00:40:32] [WARNING] [ShopBot] 连接输出异常: failed to connect
[2026-05-08 00:40:32] [ERROR] [ShopBot] 连接失败（第 3/4 次）: failed to connect
[2026-05-08 00:40:32] [INFO] [ShopBot] 等待 0.032281477115204175 秒后重试...
[2026-05-08 00:40:32] [INFO] [ShopBot] 正在连接设备 127.0.0.1:16384（第 4/4 次）
[2026-05-08 00:40:32] [WARNING] [ShopBot] 连接输出异常: failed to connect
[2026-05-08 00:40:32] [ERROR] [ShopBot] 连接失败（第 4/4 次）: failed to connect
[2026-05-08 00:40:32] [ERROR] [ShopBot] 设备连接失败，已重试 4 次: 127.0.0.1:16384
[2026-05-08 00:40:32] [INFO] [ShopBot] 正在连接设备 127.0.0.1:16384（第 1/8 次）
[2026-05-08 00:40:32] [WARNING] [ShopBot] 连接输出异常: failed to connect
[2026-05-08 00:40:32] [ERROR] [ShopBot] 连接失败（第 1/8 次）: failed to connect
[2026-05-08 00:40:32] [INFO] [ShopBot] 等待 0.08217643594669047 秒后重试...
[2026-05-08 00:40:32] [INFO] [ShopBot] 正在连接设备 127.0.0.1:16384（第 2/8 次）
[2026-05-08 00:40:32] [WARNING] [ShopBot] 连接输出异常: failed to connect
[2026-05-08 00:40:32] [ERROR] [ShopBot] 连接失败（第 2/8 次）: failed to connect
[2026-05-08 00:40:32] [INFO] [ShopBot] 等待 0.08217643594669047 秒后重试...
[2026-05-08 00:40:32] [INFO] [ShopBot] 正在连接设备 127.0.0.1:16384（第 3/8 次）
[2026-05-08 00:40:32] [WARNING] [ShopBot] 连接输出异常: failed to connect
[2026-05-08 00:40:32] [ERROR] [ShopBot] 连接失败（第 3/8 次）: failed to connect
[2026-05-08 00:40:32] [INFO] [ShopBot] 等待 0.08217643594669047 秒后重试...
[2026-05-08 00:40:32] [INFO] [ShopBot] 正在连接设备 127.0.0.1:16384（第 4/8 次）
[2026-05-08 00:40:32] [WARNING] [ShopBot] 连接输出异常: failed to connect
[2026-05-08 00:40:32] [ERROR] [ShopBot] 连接失败（第 4/8 次）: failed to connect
[2026-05-08 00:40:32] [INFO] [ShopBot] 等待 0.08217643594669047 秒后重试...
[2026-05-08 00:40:32] [INFO] [ShopBot] 正在连接设备 127.0.0.1:16384（第 5/8 次）
[2026-05-08 00:40:32] [WARNING] [ShopBot] 连接输出异常: failed to connect
[2026-05-08 00:40:32] [ERROR] [ShopBot] 连接失败（第 5/8 次）: failed to connect
[2026-05-08 00:40:32] [INFO] [ShopBot] 等待 0.08217643594669047 秒后重试...
[2026-05-08 00:40:32] [INFO] [ShopBot] 正在连接设备 127.0.0.1:16384（第 6/8 次）
[2026-05-08 00:40:32] [WARNING] [ShopBot] 连接输出异常: failed to connect
[2026-05-08 00:40:32] [ERROR] [ShopBot] 连接失败（第 6/8 次）: failed to connect
[2026-05-08 00:40:32] [INFO] [ShopBot] 等待 0.08217643594669047 秒后重试...
[2026-05-08 00:40:32] [INFO] [ShopBot] 正在连接设备 127.0.0.1:16384（第 7/8 次）
[2026-05-08 00:40:32] [WARNING] [ShopBot] 连接输出异常: failed to connect
[2026-05-08 00:40:32] [ERROR] [ShopBot] 连接失败（第 7/8 次）: failed to connect
[2026-05-08 00:40:32] [INFO] [ShopBot] 等待 0.08217643594669047 秒后重试...
[2026-05-08 00:40:32] [INFO] [ShopBot] 正在连接设备 127.0.0.1:16384（第 8/8 次）
[2026-05-08 00:40:32] [WARNING] [ShopBot] 连接输出异常: failed to connect
[2026-05-08 00:40:32] [ERROR] [ShopBot] 连接失败（第 8/8 次）: failed to connect
[2026-05-08 00:40:32] [ERROR] [ShopBot] 设备连接失败，已重试 8 次: 127.0.0.1:16384
[2026-05-08 00:40:32] [INFO] [ShopBot] 正在连接设备 127.0.0.1:16384（第 1/4 次）
[2026-05-08 00:40:32] [WARNING] [ShopBot] 连接输出异常: failed to connect
[2026-05-08 00:40:32] [ERROR] [ShopBot] 连接失败（第 1/4 次）: failed to connect
[2026-05-08 00:40:32] [INFO] [ShopBot] 等待 0.06598538412564113 秒后重试...
[2026-05-08 00:40:32] [INFO] [ShopBot] 正在连接设备 127.0.0.1:16384（第 2/4 次）
[2026-05-08 00:40:32] [WARNING] [ShopBot] 连接输出异常: failed to connect
[2026-05-08 00:40:32] [ERROR] [ShopBot] 连接失败（第 2/4 次）: failed to connect
[2026-05-08 00:40:32] [INFO] [ShopBot] 等待 0.06598538412564113 秒后重试...
[2026-05-08 00:40:32] [INFO] [ShopBot] 正在连接设备 127.0.0.1:16384（第 3/4 次）
[2026-05-08 00:40:32] [WARNING] [ShopBot] 连接输出异常: failed to connect
[2026-05-08 00:40:32] [ERROR] [ShopBot] 连接失败（第 3/4 次）: failed to connect
[2026-05-08 00:40:32] [INFO] [ShopBot] 等待 0.06598538412564113 秒后重试...
[2026-05-08 00:40:32] [INFO] [ShopBot] 正在连接设备 127.0.0.1:16384（第 4/4 次）
[2026-05-08 00:40:32] [WARNING] [ShopBot] 连接输出异常: failed to connect
[2026-05-08 00:40:32] [ERROR] [ShopBot] 连接失败（第 4/4 次）: failed to connect
[2026-05-08 00:40:32] [ERROR] [ShopBot] 设备连接失败，已重试 4 次: 127.0.0.1:16384
[2026-05-08 00:40:32] [INFO] [ShopBot] 正在连接设备 127.0.0.1:16384（第 1/6 次）
[2026-05-08 00:40:32] [WARNING] [ShopBot] 连接输出异常: failed to connect
[2026-05-08 00:40:32] [ERROR] [ShopBot] 连接失败（第 1/6 次）: failed to connect
[2026-05-08 00:40:32] [INFO] [ShopBot] 等待 0.09659677386314271 秒后重试...
[2026-05-08 00:40:32] [INFO] [ShopBot] 正在连接设备 127.0.0.1:16384（第 2/6 次）
[2026-05-08 00:40:32] [WARNING] [ShopBot] 连接输出异常: failed to connect
[2026-05-08 00:40:32] [ERROR] [ShopBot] 连接失败（第 2/6 次）: failed to connect
[2026-05-08 00:40:32] [INFO] [ShopBot] 等待 0.09659677386314271 秒后重试...
[2026-05-08 00:40:32] [INFO] [ShopBot] 正在连接设备 127.0.0.1:16384（第 3/6 次）
[2026-05-08 00:40:32] [WARNING] [ShopBot] 连接输出异常: failed to connect
[2026-05-08 00:40:32] [ERROR] [ShopBot] 连接失败（第 3/6 次）: failed to connect
[2026-05-08 00:40:32] [INFO] [ShopBot] 等待 0.09659677386314271 秒后重试...
[2026-05-08 00:40:32] [INFO] [ShopBot] 正在连接设备 127.0.0.1:16384（第 4/6 次）
[2026-05-08 00:40:32] [WARNING] [ShopBot] 连接输出异常: failed to connect
[2026-05-08 00:40:32] [ERROR] [ShopBot] 连接失败（第 4/6 次）: failed to connect
[2026-05-08 00:40:32] [INFO] [ShopBot] 等待 0.09659677386314271 秒后重试...
[2026-05-08 00:40:32] [INFO] [ShopBot] 正在连接设备 127.0.0.1:16384（第 5/6 次）
[2026-05-08 00:40:32] [WARNING] [ShopBot] 连接输出异常: failed to connect
[2026-05-08 00:40:32] [ERROR] [ShopBot] 连接失败（第 5/6 次）: failed to connect
[2026-05-08 00:40:32] [INFO] [ShopBot] 等待 0.09659677386314271 秒后重试...
[2026-05-08 00:40:32] [INFO] [ShopBot] 正在连接设备 127.0.0.1:16384（第 6/6 次）
[2026-05-08 00:40:32] [WARNING] [ShopBot] 连接输出异常: failed to connect
[2026-05-08 00:40:32] [ERROR] [ShopBot] 连接失败（第 6/6 次）: failed to connect
[2026-05-08 00:40:32] [ERROR] [ShopBot] 设备连接失败，已重试 6 次: 127.0.0.1:16384
[2026-05-08 00:40:32] [INFO] [ShopBot] 正在连接设备 127.0.0.1:16384（第 1/2 次）
[2026-05-08 00:40:32] [WARNING] [ShopBot] 连接输出异常: failed to connect
[2026-05-08 00:40:32] [ERROR] [ShopBot] 连接失败（第 1/2 次）: failed to connect
[2026-05-08 00:40:32] [INFO] [ShopBot] 等待 0.09999958716532026 秒后重试...
[2026-05-08 00:40:32] [INFO] [ShopBot] 正在连接设备 127.0.0.1:16384（第 2/2 次）
[2026-05-08 00:40:32] [WARNING] [ShopBot] 连接输出异常: failed to connect
[2026-05-08 00:40:32] [ERROR] [ShopBot] 连接失败（第 2/2 次）: failed to connect
[2026-05-08 00:40:32] [ERROR] [ShopBot] 设备连接失败，已重试 2 次: 127.0.0.1:16384
[2026-05-08 00:40:32] [INFO] [ShopBot] 正在连接设备 127.0.0.1:16384（第 1/7 次）
[2026-05-08 00:40:32] [WARNING] [ShopBot] 连接输出异常: failed to connect
[2026-05-08 00:40:32] [ERROR] [ShopBot] 连接失败（第 1/7 次）: failed to connect
[2026-05-08 00:40:32] [INFO] [ShopBot] 等待 0.01691316872078349 秒后重试...
[2026-05-08 00:40:32] [INFO] [ShopBot] 正在连接设备 127.0.0.1:16384（第 2/7 次）
[2026-05-08 00:40:32] [WARNING] [ShopBot] 连接输出异常: failed to connect
[2026-05-08 00:40:32] [ERROR] [ShopBot] 连接失败（第 2/7 次）: failed to connect
[2026-05-08 00:40:32] [INFO] [ShopBot] 等待 0.01691316872078349 秒后重试...
[2026-05-08 00:40:32] [INFO] [ShopBot] 正在连接设备 127.0.0.1:16384（第 3/7 次）
[2026-05-08 00:40:32] [WARNING] [ShopBot] 连接输出异常: failed to connect
[2026-05-08 00:40:32] [ERROR] [ShopBot] 连接失败（第 3/7 次）: failed to connect
[2026-05-08 00:40:32] [INFO] [ShopBot] 等待 0.01691316872078349 秒后重试...
[2026-05-08 00:40:32] [INFO] [ShopBot] 正在连接设备 127.0.0.1:16384（第 4/7 次）
[2026-05-08 00:40:32] [WARNING] [ShopBot] 连接输出异常: failed to connect
[2026-05-08 00:40:32] [ERROR] [ShopBot] 连接失败（第 4/7 次）: failed to connect
[2026-05-08 00:40:32] [INFO] [ShopBot] 等待 0.01691316872078349 秒后重试...
[2026-05-08 00:40:32] [INFO] [ShopBot] 正在连接设备 127.0.0.1:16384（第 5/7 次）
[2026-05-08 00:40:32] [WARNING] [ShopBot] 连接输出异常: failed to connect
[2026-05-08 00:40:32] [ERROR] [ShopBot] 连接失败（第 5/7 次）: failed to connect
[2026-05-08 00:40:32] [INFO] [ShopBot] 等待 0.01691316872078349 秒后重试...
[2026-05-08 00:40:32] [INFO] [ShopBot] 正在连接设备 127.0.0.1:16384（第 6/7 次）
[2026-05-08 00:40:32] [WARNING] [ShopBot] 连接输出异常: failed to connect
[2026-05-08 00:40:32] [ERROR] [ShopBot] 连接失败（第 6/7 次）: failed to connect
[2026-05-08 00:40:32] [INFO] [ShopBot] 等待 0.01691316872078349 秒后重试...
[2026-05-08 00:40:32] [INFO] [ShopBot] 正在连接设备 127.0.0.1:16384（第 7/7 次）
[2026-05-08 00:40:32] [WARNING] [ShopBot] 连接输出异常: failed to connect
[2026-05-08 00:40:32] [ERROR] [ShopBot] 连接失败（第 7/7 次）: failed to connect
[2026-05-08 00:40:32] [ERROR] [ShopBot] 设备连接失败，已重试 7 次: 127.0.0.1:16384
[2026-05-08 00:40:32] [INFO] [ShopBot] 正在连接设备 127.0.0.1:16384（第 1/3 次）
[2026-05-08 00:40:32] [WARNING] [ShopBot] 连接输出异常: failed to connect
[2026-05-08 00:40:32] [ERROR] [ShopBot] 连接失败（第 1/3 次）: failed to connect
[2026-05-08 00:40:32] [INFO] [ShopBot] 等待 0.085979765657964 秒后重试...
[2026-05-08 00:40:32] [INFO] [ShopBot] 正在连接设备 127.0.0.1:16384（第 2/3 次）
[2026-05-08 00:40:32] [WARNING] [ShopBot] 连接输出异常: failed to connect
[2026-05-08 00:40:32] [ERROR] [ShopBot] 连接失败（第 2/3 次）: failed to connect
[2026-05-08 00:40:32] [INFO] [ShopBot] 等待 0.085979765657964 秒后重试...
[2026-05-08 00:40:32] [INFO] [ShopBot] 正在连接设备 127.0.0.1:16384（第 3/3 次）
[2026-05-08 00:40:32] [WARNING] [ShopBot] 连接输出异常: failed to connect
[2026-05-08 00:40:32] [ERROR] [ShopBot] 连接失败（第 3/3 次）: failed to connect
[2026-05-08 00:40:32] [ERROR] [ShopBot] 设备连接失败，已重试 3 次: 127.0.0.1:16384
[2026-05-08 00:40:32] [INFO] [ShopBot] 正在连接设备 127.0.0.1:16384（第 1/2 次）
[2026-05-08 00:40:32] [WARNING] [ShopBot] 连接输出异常: failed to connect
[2026-05-08 00:40:32] [ERROR] [ShopBot] 连接失败（第 1/2 次）: failed to connect
[2026-05-08 00:40:32] [INFO] [ShopBot] 等待 0.07234921474950161 秒后重试...
[2026-05-08 00:40:32] [INFO] [ShopBot] 正在连接设备 127.0.0.1:16384（第 2/2 次）
[2026-05-08 00:40:32] [WARNING] [ShopBot] 连接输出异常: failed to connect
[2026-05-08 00:40:32] [ERROR] [ShopBot] 连接失败（第 2/2 次）: failed to connect
[2026-05-08 00:40:32] [ERROR] [ShopBot] 设备连接失败，已重试 2 次: 127.0.0.1:16384
[2026-05-08 00:40:32] [INFO] [ShopBot] 正在连接设备 127.0.0.1:16384（第 1/7 次）
[2026-05-08 00:40:32] [WARNING] [ShopBot] 连接输出异常: failed to connect
[2026-05-08 00:40:32] [ERROR] [ShopBot] 连接失败（第 1/7 次）: failed to connect
[2026-05-08 00:40:32] [INFO] [ShopBot] 等待 0.04594967900108387 秒后重试...
[2026-05-08 00:40:32] [INFO] [ShopBot] 正在连接设备 127.0.0.1:16384（第 2/7 次）
[2026-05-08 00:40:32] [WARNING] [ShopBot] 连接输出异常: failed to connect
[2026-05-08 00:40:32] [ERROR] [ShopBot] 连接失败（第 2/7 次）: failed to connect
[2026-05-08 00:40:32] [INFO] [ShopBot] 等待 0.04594967900108387 秒后重试...
[2026-05-08 00:40:32] [INFO] [ShopBot] 正在连接设备 127.0.0.1:16384（第 3/7 次）
[2026-05-08 00:40:32] [WARNING] [ShopBot] 连接输出异常: failed to connect
[2026-05-08 00:40:32] [ERROR] [ShopBot] 连接失败（第 3/7 次）: failed to connect
[2026-05-08 00:40:32] [INFO] [ShopBot] 等待 0.04594967900108387 秒后重试...
[2026-05-08 00:40:32] [INFO] [ShopBot] 正在连接设备 127.0.0.1:16384（第 4/7 次）
[2026-05-08 00:40:32] [WARNING] [ShopBot] 连接输出异常: failed to connect
[2026-05-08 00:40:32] [ERROR] [ShopBot] 连接失败（第 4/7 次）: failed to connect
[2026-05-08 00:40:32] [INFO] [ShopBot] 等待 0.04594967900108387 秒后重试...
[2026-05-08 00:40:32] [INFO] [ShopBot] 正在连接设备 127.0.0.1:16384（第 5/7 次）
[2026-05-08 00:40:32] [WARNING] [ShopBot] 连接输出异常: failed to connect
[2026-05-08 00:40:32] [ERROR] [ShopBot] 连接失败（第 5/7 次）: failed to connect
[2026-05-08 00:40:32] [INFO] [ShopBot] 等待 0.04594967900108387 秒后重试...
[2026-05-08 00:40:32] [INFO] [ShopBot] 正在连接设备 127.0.0.1:16384（第 6/7 次）
[2026-05-08 00:40:32] [WARNING] [ShopBot] 连接输出异常: failed to connect
[2026-05-08 00:40:32] [ERROR] [ShopBot] 连接失败（第 6/7 次）: failed to connect
[2026-05-08 00:40:32] [INFO] [ShopBot] 等待 0.04594967900108387 秒后重试...
[2026-05-08 00:40:32] [INFO] [ShopBot] 正在连接设备 127.0.0.1:16384（第 7/7 次）
[2026-05-08 00:40:32] [WARNING] [ShopBot] 连接输出异常: failed to connect
[2026-05-08 00:40:32] [ERROR] [ShopBot] 连接失败（第 7/7 次）: failed to connect
[2026-05-08 00:40:32] [ERROR] [ShopBot] 设备连接失败，已重试 7 次: 127.0.0.1:16384
[2026-05-08 00:40:32] [INFO] [ShopBot] 正在连接设备 127.0.0.1:16384（第 1/6 次）
[2026-05-08 00:40:32] [WARNING] [ShopBot] 连接输出异常: failed to connect
[2026-05-08 00:40:32] [ERROR] [ShopBot] 连接失败（第 1/6 次）: failed to connect
[2026-05-08 00:40:32] [INFO] [ShopBot] 等待 0.018208793433806172 秒后重试...
[2026-05-08 00:40:32] [INFO] [ShopBot] 正在连接设备 127.0.0.1:16384（第 2/6 次）
[2026-05-08 00:40:32] [WARNING] [ShopBot] 连接输出异常: failed to connect
[2026-05-08 00:40:32] [ERROR] [ShopBot] 连接失败（第 2/6 次）: failed to connect
[2026-05-08 00:40:32] [INFO] [ShopBot] 等待 0.018208793433806172 秒后重试...
[2026-05-08 00:40:32] [INFO] [ShopBot] 正在连接设备 127.0.0.1:16384（第 3/6 次）
[2026-05-08 00:40:32] [WARNING] [ShopBot] 连接输出异常: failed to connect
[2026-05-08 00:40:32] [ERROR] [ShopBot] 连接失败（第 3/6 次）: failed to connect
[2026-05-08 00:40:32] [INFO] [ShopBot] 等待 0.018208793433806172 秒后重试...
[2026-05-08 00:40:32] [INFO] [ShopBot] 正在连接设备 127.0.0.1:16384（第 4/6 次）
[2026-05-08 00:40:32] [WARNING] [ShopBot] 连接输出异常: failed to connect
[2026-05-08 00:40:32] [ERROR] [ShopBot] 连接失败（第 4/6 次）: failed to connect
[2026-05-08 00:40:32] [INFO] [ShopBot] 等待 0.018208793433806172 秒后重试...
[2026-05-08 00:40:32] [INFO] [ShopBot] 正在连接设备 127.0.0.1:16384（第 5/6 次）
[2026-05-08 00:40:32] [WARNING] [ShopBot] 连接输出异常: failed to connect
[2026-05-08 00:40:32] [ERROR] [ShopBot] 连接失败（第 5/6 次）: failed to connect
[2026-05-08 00:40:32] [INFO] [ShopBot] 等待 0.018208793433806172 秒后重试...
[2026-05-08 00:40:32] [INFO] [ShopBot] 正在连接设备 127.0.0.1:16384（第 6/6 次）
[2026-05-08 00:40:32] [WARNING] [ShopBot] 连接输出异常: failed to connect
[2026-05-08 00:40:32] [ERROR] [ShopBot] 连接失败（第 6/6 次）: failed to connect
[2026-05-08 00:40:32] [ERROR] [ShopBot] 设备连接失败，已重试 6 次: 127.0.0.1:16384
[2026-05-08 00:40:32] [INFO] [ShopBot] 正在连接设备 127.0.0.1:16384（第 1/7 次）
[2026-05-08 00:40:32] [WARNING] [ShopBot] 连接输出异常: failed to connect
[2026-05-08 00:40:32] [ERROR] [ShopBot] 连接失败（第 1/7 次）: failed to connect
[2026-05-08 00:40:32] [INFO] [ShopBot] 等待 0.040068666474588704 秒后重试...
[2026-05-08 00:40:32] [INFO] [ShopBot] 正在连接设备 127.0.0.1:16384（第 2/7 次）
[2026-05-08 00:40:32] [WARNING] [ShopBot] 连接输出异常: failed to connect
[2026-05-08 00:40:32] [ERROR] [ShopBot] 连接失败（第 2/7 次）: failed to connect
[2026-05-08 00:40:32] [INFO] [ShopBot] 等待 0.040068666474588704 秒后重试...
[2026-05-08 00:40:32] [INFO] [ShopBot] 正在连接设备 127.0.0.1:16384（第 3/7 次）
[2026-05-08 00:40:32] [WARNING] [ShopBot] 连接输出异常: failed to connect
[2026-05-08 00:40:32] [ERROR] [ShopBot] 连接失败（第 3/7 次）: failed to connect
[2026-05-08 00:40:32] [INFO] [ShopBot] 等待 0.040068666474588704 秒后重试...
[2026-05-08 00:40:32] [INFO] [ShopBot] 正在连接设备 127.0.0.1:16384（第 4/7 次）
[2026-05-08 00:40:32] [WARNING] [ShopBot] 连接输出异常: failed to connect
[2026-05-08 00:40:32] [ERROR] [ShopBot] 连接失败（第 4/7 次）: failed to connect
[2026-05-08 00:40:32] [INFO] [ShopBot] 等待 0.040068666474588704 秒后重试...
[2026-05-08 00:40:32] [INFO] [ShopBot] 正在连接设备 127.0.0.1:16384（第 5/7 次）
[2026-05-08 00:40:32] [WARNING] [ShopBot] 连接输出异常: failed to connect
[2026-05-08 00:40:32] [ERROR] [ShopBot] 连接失败（第 5/7 次）: failed to connect
[2026-05-08 00:40:32] [INFO] [ShopBot] 等待 0.040068666474588704 秒后重试...
[2026-05-08 00:40:32] [INFO] [ShopBot] 正在连接设备 127.0.0.1:16384（第 6/7 次）
[2026-05-08 00:40:32] [WARNING] [ShopBot] 连接输出异常: failed to connect
[2026-05-08 00:40:32] [ERROR] [ShopBot] 连接失败（第 6/7 次）: failed to connect
[2026-05-08 00:40:32] [INFO] [ShopBot] 等待 0.040068666474588704 秒后重试...
[2026-05-08 00:40:32] [INFO] [ShopBot] 正在连接设备 127.0.0.1:16384（第 7/7 次）
[2026-05-08 00:40:32] [WARNING] [ShopBot] 连接输出异常: failed to connect
[2026-05-08 00:40:32] [ERROR] [ShopBot] 连接失败（第 7/7 次）: failed to connect
[2026-05-08 00:40:32] [ERROR] [ShopBot] 设备连接失败，已重试 7 次: 127.0.0.1:16384
[2026-05-08 00:40:32] [INFO] [ShopBot] 正在连接设备 127.0.0.1:16384（第 1/6 次）
[2026-05-08 00:40:32] [WARNING] [ShopBot] 连接输出异常: failed to connect
[2026-05-08 00:40:32] [ERROR] [ShopBot] 连接失败（第 1/6 次）: failed to connect
[2026-05-08 00:40:32] [INFO] [ShopBot] 等待 0.015195130924332917 秒后重试...
[2026-05-08 00:40:32] [INFO] [ShopBot] 正在连接设备 127.0.0.1:16384（第 2/6 次）
[2026-05-08 00:40:32] [WARNING] [ShopBot] 连接输出异常: failed to connect
[2026-05-08 00:40:32] [ERROR] [ShopBot] 连接失败（第 2/6 次）: failed to connect
[2026-05-08 00:40:32] [INFO] [ShopBot] 等待 0.015195130924332917 秒后重试...
[2026-05-08 00:40:32] [INFO] [ShopBot] 正在连接设备 127.0.0.1:16384（第 3/6 次）
[2026-05-08 00:40:32] [WARNING] [ShopBot] 连接输出异常: failed to connect
[2026-05-08 00:40:32] [ERROR] [ShopBot] 连接失败（第 3/6 次）: failed to connect
[2026-05-08 00:40:32] [INFO] [ShopBot] 等待 0.015195130924332917 秒后重试...
[2026-05-08 00:40:32] [INFO] [ShopBot] 正在连接设备 127.0.0.1:16384（第 4/6 次）
[2026-05-08 00:40:32] [WARNING] [ShopBot] 连接输出异常: failed to connect
[2026-05-08 00:40:32] [ERROR] [ShopBot] 连接失败（第 4/6 次）: failed to connect
[2026-05-08 00:40:32] [INFO] [ShopBot] 等待 0.015195130924332917 秒后重试...
[2026-05-08 00:40:32] [INFO] [ShopBot] 正在连接设备 127.0.0.1:16384（第 5/6 次）
[2026-05-08 00:40:32] [WARNING] [ShopBot] 连接输出异常: failed to connect
[2026-05-08 00:40:32] [ERROR] [ShopBot] 连接失败（第 5/6 次）: failed to connect
[2026-05-08 00:40:32] [INFO] [ShopBot] 等待 0.015195130924332917 秒后重试...
[2026-05-08 00:40:32] [INFO] [ShopBot] 正在连接设备 127.0.0.1:16384（第 6/6 次）
[2026-05-08 00:40:32] [WARNING] [ShopBot] 连接输出异常: failed to connect
[2026-05-08 00:40:32] [ERROR] [ShopBot] 连接失败（第 6/6 次）: failed to connect
[2026-05-08 00:40:32] [ERROR] [ShopBot] 设备连接失败，已重试 6 次: 127.0.0.1:16384
[2026-05-08 00:40:32] [INFO] [ShopBot] 正在连接设备 127.0.0.1:16384（第 1/1 次）
[2026-05-08 00:40:32] [WARNING] [ShopBot] 连接输出异常: failed to connect
[2026-05-08 00:40:32] [ERROR] [ShopBot] 连接失败（第 1/1 次）: failed to connect
[2026-05-08 00:40:32] [ERROR] [ShopBot] 设备连接失败，已重试 1 次: 127.0.0.1:16384
[2026-05-08 00:40:32] [INFO] [ShopBot] 正在连接设备 127.0.0.1:16384（第 1/8 次）
[2026-05-08 00:40:32] [WARNING] [ShopBot] 连接输出异常: failed to connect
[2026-05-08 00:40:32] [ERROR] [ShopBot] 连接失败（第 1/8 次）: failed to connect
[2026-05-08 00:40:32] [INFO] [ShopBot] 等待 0.038898062426210994 秒后重试...
[2026-05-08 00:40:32] [INFO] [ShopBot] 正在连接设备 127.0.0.1:16384（第 2/8 次）
[2026-05-08 00:40:32] [WARNING] [ShopBot] 连接输出异常: failed to connect
[2026-05-08 00:40:32] [ERROR] [ShopBot] 连接失败（第 2/8 次）: failed to connect
[2026-05-08 00:40:32] [INFO] [ShopBot] 等待 0.038898062426210994 秒后重试...
[2026-05-08 00:40:32] [INFO] [ShopBot] 正在连接设备 127.0.0.1:16384（第 3/8 次）
[2026-05-08 00:40:32] [WARNING] [ShopBot] 连接输出异常: failed to connect
[2026-05-08 00:40:32] [ERROR] [ShopBot] 连接失败（第 3/8 次）: failed to connect
[2026-05-08 00:40:32] [INFO] [ShopBot] 等待 0.038898062426210994 秒后重试...
[2026-05-08 00:40:32] [INFO] [ShopBot] 正在连接设备 127.0.0.1:16384（第 4/8 次）
[2026-05-08 00:40:32] [WARNING] [ShopBot] 连接输出异常: failed to connect
[2026-05-08 00:40:32] [ERROR] [ShopBot] 连接失败（第 4/8 次）: failed to connect
[2026-05-08 00:40:32] [INFO] [ShopBot] 等待 0.038898062426210994 秒后重试...
[2026-05-08 00:40:32] [INFO] [ShopBot] 正在连接设备 127.0.0.1:16384（第 5/8 次）
[2026-05-08 00:40:32] [WARNING] [ShopBot] 连接输出异常: failed to connect
[2026-05-08 00:40:32] [ERROR] [ShopBot] 连接失败（第 5/8 次）: failed to connect
[2026-05-08 00:40:32] [INFO] [ShopBot] 等待 0.038898062426210994 秒后重试...
[2026-05-08 00:40:32] [INFO] [ShopBot] 正在连接设备 127.0.0.1:16384（第 6/8 次）
[2026-05-08 00:40:32] [WARNING] [ShopBot] 连接输出异常: failed to connect
[2026-05-08 00:40:32] [ERROR] [ShopBot] 连接失败（第 6/8 次）: failed to connect
[2026-05-08 00:40:32] [INFO] [ShopBot] 等待 0.038898062426210994 秒后重试...
[2026-05-08 00:40:32] [INFO] [ShopBot] 正在连接设备 127.0.0.1:16384（第 7/8 次）
[2026-05-08 00:40:32] [WARNING] [ShopBot] 连接输出异常: failed to connect
[2026-05-08 00:40:32] [ERROR] [ShopBot] 连接失败（第 7/8 次）: failed to connect
[2026-05-08 00:40:32] [INFO] [ShopBot] 等待 0.038898062426210994 秒后重试...
[2026-05-08 00:40:32] [INFO] [ShopBot] 正在连接设备 127.0.0.1:16384（第 8/8 次）
[2026-05-08 00:40:32] [WARNING] [ShopBot] 连接输出异常: failed to connect
[2026-05-08 00:40:32] [ERROR] [ShopBot] 连接失败（第 8/8 次）: failed to connect
[2026-05-08 00:40:32] [ERROR] [ShopBot] 设备连接失败，已重试 8 次: 127.0.0.1:16384
[2026-05-08 00:40:32] [INFO] [ShopBot] 正在连接设备 127.0.0.1:16384（第 1/1 次）
[2026-05-08 00:40:32] [WARNING] [ShopBot] 连接输出异常: failed to connect
[2026-05-08 00:40:32] [ERROR] [ShopBot] 连接失败（第 1/1 次）: failed to connect
[2026-05-08 00:40:32] [ERROR] [ShopBot] 设备连接失败，已重试 1 次: 127.0.0.1:16384
[2026-05-08 00:40:32] [INFO] [ShopBot] 正在连接设备 127.0.0.1:16384（第 1/3 次）
[2026-05-08 00:40:32] [WARNING] [ShopBot] 连接输出异常: failed to connect
[2026-05-08 00:40:32] [ERROR] [ShopBot] 连接失败（第 1/3 次）: failed to connect
[2026-05-08 00:40:32] [INFO] [ShopBot] 等待 0.09221503319179115 秒后重试...
[2026-05-08 00:40:32] [INFO] [ShopBot] 正在连接设备 127.0.0.1:16384（第 2/3 次）
[2026-05-08 00:40:32] [WARNING] [ShopBot] 连接输出异常: failed to connect
[2026-05-08 00:40:32] [ERROR] [ShopBot] 连接失败（第 2/3 次）: failed to connect
[2026-05-08 00:40:32] [INFO] [ShopBot] 等待 0.09221503319179115 秒后重试...
[2026-05-08 00:40:32] [INFO] [ShopBot] 正在连接设备 127.0.0.1:16384（第 3/3 次）
[2026-05-08 00:40:32] [WARNING] [ShopBot] 连接输出异常: failed to connect
[2026-05-08 00:40:32] [ERROR] [ShopBot] 连接失败（第 3/3 次）: failed to connect
[2026-05-08 00:40:32] [ERROR] [ShopBot] 设备连接失败，已重试 3 次: 127.0.0.1:16384
[2026-05-08 00:40:32] [INFO] [ShopBot] 正在连接设备 127.0.0.1:16384（第 1/3 次）
[2026-05-08 00:40:32] [WARNING] [ShopBot] 连接输出异常: failed to connect
[2026-05-08 00:40:32] [ERROR] [ShopBot] 连接失败（第 1/3 次）: failed to connect
[2026-05-08 00:40:32] [INFO] [ShopBot] 等待 0.07155275128794303 秒后重试...
[2026-05-08 00:40:32] [INFO] [ShopBot] 正在连接设备 127.0.0.1:16384（第 2/3 次）
[2026-05-08 00:40:32] [WARNING] [ShopBot] 连接输出异常: failed to connect
[2026-05-08 00:40:32] [ERROR] [ShopBot] 连接失败（第 2/3 次）: failed to connect
[2026-05-08 00:40:32] [INFO] [ShopBot] 等待 0.07155275128794303 秒后重试...
[2026-05-08 00:40:32] [INFO] [ShopBot] 正在连接设备 127.0.0.1:16384（第 3/3 次）
[2026-05-08 00:40:32] [WARNING] [ShopBot] 连接输出异常: failed to connect
[2026-05-08 00:40:32] [ERROR] [ShopBot] 连接失败（第 3/3 次）: failed to connect
[2026-05-08 00:40:32] [ERROR] [ShopBot] 设备连接失败，已重试 3 次: 127.0.0.1:16384
[2026-05-08 00:40:32] [INFO] [ShopBot] 正在连接设备 127.0.0.1:16384（第 1/10 次）
[2026-05-08 00:40:32] [WARNING] [ShopBot] 连接输出异常: failed to connect
[2026-05-08 00:40:32] [ERROR] [ShopBot] 连接失败（第 1/10 次）: failed to connect
[2026-05-08 00:40:32] [INFO] [ShopBot] 等待 0.05100363687946734 秒后重试...
[2026-05-08 00:40:32] [INFO] [ShopBot] 正在连接设备 127.0.0.1:16384（第 2/10 次）
[2026-05-08 00:40:32] [WARNING] [ShopBot] 连接输出异常: failed to connect
[2026-05-08 00:40:32] [ERROR] [ShopBot] 连接失败（第 2/10 次）: failed to connect
[2026-05-08 00:40:32] [INFO] [ShopBot] 等待 0.05100363687946734 秒后重试...
[2026-05-08 00:40:32] [INFO] [ShopBot] 正在连接设备 127.0.0.1:16384（第 3/10 次）
[2026-05-08 00:40:32] [WARNING] [ShopBot] 连接输出异常: failed to connect
[2026-05-08 00:40:32] [ERROR] [ShopBot] 连接失败（第 3/10 次）: failed to connect
[2026-05-08 00:40:32] [INFO] [ShopBot] 等待 0.05100363687946734 秒后重试...
[2026-05-08 00:40:32] [INFO] [ShopBot] 正在连接设备 127.0.0.1:16384（第 4/10 次）
[2026-05-08 00:40:32] [WARNING] [ShopBot] 连接输出异常: failed to connect
[2026-05-08 00:40:32] [ERROR] [ShopBot] 连接失败（第 4/10 次）: failed to connect
[2026-05-08 00:40:32] [INFO] [ShopBot] 等待 0.05100363687946734 秒后重试...
[2026-05-08 00:40:32] [INFO] [ShopBot] 正在连接设备 127.0.0.1:16384（第 5/10 次）
[2026-05-08 00:40:32] [WARNING] [ShopBot] 连接输出异常: failed to connect
[2026-05-08 00:40:32] [ERROR] [ShopBot] 连接失败（第 5/10 次）: failed to connect
[2026-05-08 00:40:32] [INFO] [ShopBot] 等待 0.05100363687946734 秒后重试...
[2026-05-08 00:40:32] [INFO] [ShopBot] 正在连接设备 127.0.0.1:16384（第 6/10 次）
[2026-05-08 00:40:32] [WARNING] [ShopBot] 连接输出异常: failed to connect
[2026-05-08 00:40:32] [ERROR] [ShopBot] 连接失败（第 6/10 次）: failed to connect
[2026-05-08 00:40:32] [INFO] [ShopBot] 等待 0.05100363687946734 秒后重试...
[2026-05-08 00:40:32] [INFO] [ShopBot] 正在连接设备 127.0.0.1:16384（第 7/10 次）
[2026-05-08 00:40:32] [WARNING] [ShopBot] 连接输出异常: failed to connect
[2026-05-08 00:40:32] [ERROR] [ShopBot] 连接失败（第 7/10 次）: failed to connect
[2026-05-08 00:40:32] [INFO] [ShopBot] 等待 0.05100363687946734 秒后重试...
[2026-05-08 00:40:32] [INFO] [ShopBot] 正在连接设备 127.0.0.1:16384（第 8/10 次）
[2026-05-08 00:40:32] [WARNING] [ShopBot] 连接输出异常: failed to connect
[2026-05-08 00:40:32] [ERROR] [ShopBot] 连接失败（第 8/10 次）: failed to connect
[2026-05-08 00:40:32] [INFO] [ShopBot] 等待 0.05100363687946734 秒后重试...
[2026-05-08 00:40:32] [INFO] [ShopBot] 正在连接设备 127.0.0.1:16384（第 9/10 次）
[2026-05-08 00:40:32] [WARNING] [ShopBot] 连接输出异常: failed to connect
[2026-05-08 00:40:32] [ERROR] [ShopBot] 连接失败（第 9/10 次）: failed to connect
[2026-05-08 00:40:32] [INFO] [ShopBot] 等待 0.05100363687946734 秒后重试...
[2026-05-08 00:40:32] [INFO] [ShopBot] 正在连接设备 127.0.0.1:16384（第 10/10 次）
[2026-05-08 00:40:32] [WARNING] [ShopBot] 连接输出异常: failed to connect
[2026-05-08 00:40:32] [ERROR] [ShopBot] 连接失败（第 10/10 次）: failed to connect
[2026-05-08 00:40:32] [ERROR] [ShopBot] 设备连接失败，已重试 10 次: 127.0.0.1:16384
[2026-05-08 00:40:32] [INFO] [ShopBot] 正在连接设备 127.0.0.1:16384（第 1/2 次）
[2026-05-08 00:40:32] [WARNING] [ShopBot] 连接输出异常: failed to connect
[2026-05-08 00:40:32] [ERROR] [ShopBot] 连接失败（第 1/2 次）: failed to connect
[2026-05-08 00:40:32] [INFO] [ShopBot] 等待 0.041573201291403704 秒后重试...
[2026-05-08 00:40:32] [INFO] [ShopBot] 正在连接设备 127.0.0.1:16384（第 2/2 次）
[2026-05-08 00:40:32] [WARNING] [ShopBot] 连接输出异常: failed to connect
[2026-05-08 00:40:32] [ERROR] [ShopBot] 连接失败（第 2/2 次）: failed to connect
[2026-05-08 00:40:32] [ERROR] [ShopBot] 设备连接失败，已重试 2 次: 127.0.0.1:16384
[2026-05-08 00:40:32] [INFO] [ShopBot] 正在连接设备 127.0.0.1:16384（第 1/10 次）
[2026-05-08 00:40:32] [WARNING] [ShopBot] 连接输出异常: failed to connect
[2026-05-08 00:40:32] [ERROR] [ShopBot] 连接失败（第 1/10 次）: failed to connect
[2026-05-08 00:40:32] [INFO] [ShopBot] 等待 0.02378706952054184 秒后重试...
[2026-05-08 00:40:32] [INFO] [ShopBot] 正在连接设备 127.0.0.1:16384（第 2/10 次）
[2026-05-08 00:40:32] [WARNING] [ShopBot] 连接输出异常: failed to connect
[2026-05-08 00:40:32] [ERROR] [ShopBot] 连接失败（第 2/10 次）: failed to connect
[2026-05-08 00:40:32] [INFO] [ShopBot] 等待 0.02378706952054184 秒后重试...
[2026-05-08 00:40:32] [INFO] [ShopBot] 正在连接设备 127.0.0.1:16384（第 3/10 次）
[2026-05-08 00:40:32] [WARNING] [ShopBot] 连接输出异常: failed to connect
[2026-05-08 00:40:32] [ERROR] [ShopBot] 连接失败（第 3/10 次）: failed to connect
[2026-05-08 00:40:32] [INFO] [ShopBot] 等待 0.02378706952054184 秒后重试...
[2026-05-08 00:40:32] [INFO] [ShopBot] 正在连接设备 127.0.0.1:16384（第 4/10 次）
[2026-05-08 00:40:32] [WARNING] [ShopBot] 连接输出异常: failed to connect
[2026-05-08 00:40:32] [ERROR] [ShopBot] 连接失败（第 4/10 次）: failed to connect
[2026-05-08 00:40:32] [INFO] [ShopBot] 等待 0.02378706952054184 秒后重试...
[2026-05-08 00:40:32] [INFO] [ShopBot] 正在连接设备 127.0.0.1:16384（第 5/10 次）
[2026-05-08 00:40:32] [WARNING] [ShopBot] 连接输出异常: failed to connect
[2026-05-08 00:40:32] [ERROR] [ShopBot] 连接失败（第 5/10 次）: failed to connect
[2026-05-08 00:40:32] [INFO] [ShopBot] 等待 0.02378706952054184 秒后重试...
[2026-05-08 00:40:32] [INFO] [ShopBot] 正在连接设备 127.0.0.1:16384（第 6/10 次）
[2026-05-08 00:40:32] [WARNING] [ShopBot] 连接输出异常: failed to connect
[2026-05-08 00:40:32] [ERROR] [ShopBot] 连接失败（第 6/10 次）: failed to connect
[2026-05-08 00:40:32] [INFO] [ShopBot] 等待 0.02378706952054184 秒后重试...
[2026-05-08 00:40:32] [INFO] [ShopBot] 正在连接设备 127.0.0.1:16384（第 7/10 次）
[2026-05-08 00:40:32] [WARNING] [ShopBot] 连接输出异常: failed to connect
[2026-05-08 00:40:32] [ERROR] [ShopBot] 连接失败（第 7/10 次）: failed to connect
[2026-05-08 00:40:32] [INFO] [ShopBot] 等待 0.02378706952054184 秒后重试...
[2026-05-08 00:40:32] [INFO] [ShopBot] 正在连接设备 127.0.0.1:16384（第 8/10 次）
[2026-05-08 00:40:32] [WARNING] [ShopBot] 连接输出异常: failed to connect
[2026-05-08 00:40:32] [ERROR] [ShopBot] 连接失败（第 8/10 次）: failed to connect
[2026-05-08 00:40:32] [INFO] [ShopBot] 等待 0.02378706952054184 秒后重试...
[2026-05-08 00:40:32] [INFO] [ShopBot] 正在连接设备 127.0.0.1:16384（第 9/10 次）
[2026-05-08 00:40:32] [WARNING] [ShopBot] 连接输出异常: failed to connect
[2026-05-08 00:40:32] [ERROR] [ShopBot] 连接失败（第 9/10 次）: failed to connect
[2026-05-08 00:40:32] [INFO] [ShopBot] 等待 0.02378706952054184 秒后重试...
[2026-05-08 00:40:32] [INFO] [ShopBot] 正在连接设备 127.0.0.1:16384（第 10/10 次）
[2026-05-08 00:40:32] [WARNING] [ShopBot] 连接输出异常: failed to connect
[2026-05-08 00:40:32] [ERROR] [ShopBot] 连接失败（第 10/10 次）: failed to connect
[2026-05-08 00:40:32] [ERROR] [ShopBot] 设备连接失败，已重试 10 次: 127.0.0.1:16384
[2026-05-08 00:40:32] [INFO] [ShopBot] 正在连接设备 127.0.0.1:16384（第 1/6 次）
[2026-05-08 00:40:32] [WARNING] [ShopBot] 连接输出异常: failed to connect
[2026-05-08 00:40:32] [ERROR] [ShopBot] 连接失败（第 1/6 次）: failed to connect
[2026-05-08 00:40:32] [INFO] [ShopBot] 等待 0.08444196397951506 秒后重试...
[2026-05-08 00:40:32] [INFO] [ShopBot] 正在连接设备 127.0.0.1:16384（第 2/6 次）
[2026-05-08 00:40:32] [WARNING] [ShopBot] 连接输出异常: failed to connect
[2026-05-08 00:40:32] [ERROR] [ShopBot] 连接失败（第 2/6 次）: failed to connect
[2026-05-08 00:40:32] [INFO] [ShopBot] 等待 0.08444196397951506 秒后重试...
[2026-05-08 00:40:32] [INFO] [ShopBot] 正在连接设备 127.0.0.1:16384（第 3/6 次）
[2026-05-08 00:40:32] [WARNING] [ShopBot] 连接输出异常: failed to connect
[2026-05-08 00:40:32] [ERROR] [ShopBot] 连接失败（第 3/6 次）: failed to connect
[2026-05-08 00:40:32] [INFO] [ShopBot] 等待 0.08444196397951506 秒后重试...
[2026-05-08 00:40:32] [INFO] [ShopBot] 正在连接设备 127.0.0.1:16384（第 4/6 次）
[2026-05-08 00:40:32] [WARNING] [ShopBot] 连接输出异常: failed to connect
[2026-05-08 00:40:32] [ERROR] [ShopBot] 连接失败（第 4/6 次）: failed to connect
[2026-05-08 00:40:32] [INFO] [ShopBot] 等待 0.08444196397951506 秒后重试...
[2026-05-08 00:40:32] [INFO] [ShopBot] 正在连接设备 127.0.0.1:16384（第 5/6 次）
[2026-05-08 00:40:32] [WARNING] [ShopBot] 连接输出异常: failed to connect
[2026-05-08 00:40:32] [ERROR] [ShopBot] 连接失败（第 5/6 次）: failed to connect
[2026-05-08 00:40:32] [INFO] [ShopBot] 等待 0.08444196397951506 秒后重试...
[2026-05-08 00:40:32] [INFO] [ShopBot] 正在连接设备 127.0.0.1:16384（第 6/6 次）
[2026-05-08 00:40:32] [WARNING] [ShopBot] 连接输出异常: failed to connect
[2026-05-08 00:40:32] [ERROR] [ShopBot] 连接失败（第 6/6 次）: failed to connect
[2026-05-08 00:40:32] [ERROR] [ShopBot] 设备连接失败，已重试 6 次: 127.0.0.1:16384
[2026-05-08 00:40:32] [INFO] [ShopBot] 正在连接设备 127.0.0.1:16384（第 1/10 次）
[2026-05-08 00:40:32] [WARNING] [ShopBot] 连接输出异常: failed to connect
[2026-05-08 00:40:32] [ERROR] [ShopBot] 连接失败（第 1/10 次）: failed to connect
[2026-05-08 00:40:32] [INFO] [ShopBot] 等待 0.06996263439313008 秒后重试...
[2026-05-08 00:40:32] [INFO] [ShopBot] 正在连接设备 127.0.0.1:16384（第 2/10 次）
[2026-05-08 00:40:32] [WARNING] [ShopBot] 连接输出异常: failed to connect
[2026-05-08 00:40:32] [ERROR] [ShopBot] 连接失败（第 2/10 次）: failed to connect
[2026-05-08 00:40:32] [INFO] [ShopBot] 等待 0.06996263439313008 秒后重试...
[2026-05-08 00:40:32] [INFO] [ShopBot] 正在连接设备 127.0.0.1:16384（第 3/10 次）
[2026-05-08 00:40:32] [WARNING] [ShopBot] 连接输出异常: failed to connect
[2026-05-08 00:40:32] [ERROR] [ShopBot] 连接失败（第 3/10 次）: failed to connect
[2026-05-08 00:40:32] [INFO] [ShopBot] 等待 0.06996263439313008 秒后重试...
[2026-05-08 00:40:32] [INFO] [ShopBot] 正在连接设备 127.0.0.1:16384（第 4/10 次）
[2026-05-08 00:40:32] [WARNING] [ShopBot] 连接输出异常: failed to connect
[2026-05-08 00:40:32] [ERROR] [ShopBot] 连接失败（第 4/10 次）: failed to connect
[2026-05-08 00:40:32] [INFO] [ShopBot] 等待 0.06996263439313008 秒后重试...
[2026-05-08 00:40:32] [INFO] [ShopBot] 正在连接设备 127.0.0.1:16384（第 5/10 次）
[2026-05-08 00:40:32] [WARNING] [ShopBot] 连接输出异常: failed to connect
[2026-05-08 00:40:32] [ERROR] [ShopBot] 连接失败（第 5/10 次）: failed to connect
[2026-05-08 00:40:32] [INFO] [ShopBot] 等待 0.06996263439313008 秒后重试...
[2026-05-08 00:40:32] [INFO] [ShopBot] 正在连接设备 127.0.0.1:16384（第 6/10 次）
[2026-05-08 00:40:32] [WARNING] [ShopBot] 连接输出异常: failed to connect
[2026-05-08 00:40:32] [ERROR] [ShopBot] 连接失败（第 6/10 次）: failed to connect
[2026-05-08 00:40:32] [INFO] [ShopBot] 等待 0.06996263439313008 秒后重试...
[2026-05-08 00:40:32] [INFO] [ShopBot] 正在连接设备 127.0.0.1:16384（第 7/10 次）
[2026-05-08 00:40:32] [WARNING] [ShopBot] 连接输出异常: failed to connect
[2026-05-08 00:40:32] [ERROR] [ShopBot] 连接失败（第 7/10 次）: failed to connect
[2026-05-08 00:40:32] [INFO] [ShopBot] 等待 0.06996263439313008 秒后重试...
[2026-05-08 00:40:32] [INFO] [ShopBot] 正在连接设备 127.0.0.1:16384（第 8/10 次）
[2026-05-08 00:40:32] [WARNING] [ShopBot] 连接输出异常: failed to connect
[2026-05-08 00:40:32] [ERROR] [ShopBot] 连接失败（第 8/10 次）: failed to connect
[2026-05-08 00:40:32] [INFO] [ShopBot] 等待 0.06996263439313008 秒后重试...
[2026-05-08 00:40:32] [INFO] [ShopBot] 正在连接设备 127.0.0.1:16384（第 9/10 次）
[2026-05-08 00:40:32] [WARNING] [ShopBot] 连接输出异常: failed to connect
[2026-05-08 00:40:32] [ERROR] [ShopBot] 连接失败（第 9/10 次）: failed to connect
[2026-05-08 00:40:32] [INFO] [ShopBot] 等待 0.06996263439313008 秒后重试...
[2026-05-08 00:40:32] [INFO] [ShopBot] 正在连接设备 127.0.0.1:16384（第 10/10 次）
[2026-05-08 00:40:32] [WARNING] [ShopBot] 连接输出异常: failed to connect
[2026-05-08 00:40:32] [ERROR] [ShopBot] 连接失败（第 10/10 次）: failed to connect
[2026-05-08 00:40:32] [ERROR] [ShopBot] 设备连接失败，已重试 10 次: 127.0.0.1:16384
[2026-05-08 00:40:32] [INFO] [ShopBot] 正在连接设备 127.0.0.1:16384（第 1/1 次）
[2026-05-08 00:40:32] [WARNING] [ShopBot] 连接输出异常: failed to connect
[2026-05-08 00:40:32] [ERROR] [ShopBot] 连接失败（第 1/1 次）: failed to connect
[2026-05-08 00:40:32] [ERROR] [ShopBot] 设备连接失败，已重试 1 次: 127.0.0.1:16384
[2026-05-08 00:40:32] [INFO] [ShopBot] 正在连接设备 127.0.0.1:16384（第 1/6 次）
[2026-05-08 00:40:32] [WARNING] [ShopBot] 连接输出异常: failed to connect
[2026-05-08 00:40:32] [ERROR] [ShopBot] 连接失败（第 1/6 次）: failed to connect
[2026-05-08 00:40:32] [INFO] [ShopBot] 等待 0.026222200668491326 秒后重试...
[2026-05-08 00:40:32] [INFO] [ShopBot] 正在连接设备 127.0.0.1:16384（第 2/6 次）
[2026-05-08 00:40:32] [WARNING] [ShopBot] 连接输出异常: failed to connect
[2026-05-08 00:40:32] [ERROR] [ShopBot] 连接失败（第 2/6 次）: failed to connect
[2026-05-08 00:40:32] [INFO] [ShopBot] 等待 0.026222200668491326 秒后重试...
[2026-05-08 00:40:32] [INFO] [ShopBot] 正在连接设备 127.0.0.1:16384（第 3/6 次）
[2026-05-08 00:40:32] [WARNING] [ShopBot] 连接输出异常: failed to connect
[2026-05-08 00:40:32] [ERROR] [ShopBot] 连接失败（第 3/6 次）: failed to connect
[2026-05-08 00:40:32] [INFO] [ShopBot] 等待 0.026222200668491326 秒后重试...
[2026-05-08 00:40:32] [INFO] [ShopBot] 正在连接设备 127.0.0.1:16384（第 4/6 次）
[2026-05-08 00:40:32] [WARNING] [ShopBot] 连接输出异常: failed to connect
[2026-05-08 00:40:32] [ERROR] [ShopBot] 连接失败（第 4/6 次）: failed to connect
[2026-05-08 00:40:32] [INFO] [ShopBot] 等待 0.026222200668491326 秒后重试...
[2026-05-08 00:40:32] [INFO] [ShopBot] 正在连接设备 127.0.0.1:16384（第 5/6 次）
[2026-05-08 00:40:32] [WARNING] [ShopBot] 连接输出异常: failed to connect
[2026-05-08 00:40:32] [ERROR] [ShopBot] 连接失败（第 5/6 次）: failed to connect
[2026-05-08 00:40:32] [INFO] [ShopBot] 等待 0.026222200668491326 秒后重试...
[2026-05-08 00:40:32] [INFO] [ShopBot] 正在连接设备 127.0.0.1:16384（第 6/6 次）
[2026-05-08 00:40:32] [WARNING] [ShopBot] 连接输出异常: failed to connect
[2026-05-08 00:40:32] [ERROR] [ShopBot] 连接失败（第 6/6 次）: failed to connect
[2026-05-08 00:40:32] [ERROR] [ShopBot] 设备连接失败，已重试 6 次: 127.0.0.1:16384
[2026-05-08 00:40:32] [INFO] [ShopBot] 正在连接设备 127.0.0.1:16384（第 1/10 次）
[2026-05-08 00:40:32] [WARNING] [ShopBot] 连接输出异常: failed to connect
[2026-05-08 00:40:32] [ERROR] [ShopBot] 连接失败（第 1/10 次）: failed to connect
[2026-05-08 00:40:32] [INFO] [ShopBot] 等待 0.0437252108156528 秒后重试...
[2026-05-08 00:40:32] [INFO] [ShopBot] 正在连接设备 127.0.0.1:16384（第 2/10 次）
[2026-05-08 00:40:32] [WARNING] [ShopBot] 连接输出异常: failed to connect
[2026-05-08 00:40:32] [ERROR] [ShopBot] 连接失败（第 2/10 次）: failed to connect
[2026-05-08 00:40:32] [INFO] [ShopBot] 等待 0.0437252108156528 秒后重试...
[2026-05-08 00:40:32] [INFO] [ShopBot] 正在连接设备 127.0.0.1:16384（第 3/10 次）
[2026-05-08 00:40:32] [WARNING] [ShopBot] 连接输出异常: failed to connect
[2026-05-08 00:40:32] [ERROR] [ShopBot] 连接失败（第 3/10 次）: failed to connect
[2026-05-08 00:40:32] [INFO] [ShopBot] 等待 0.0437252108156528 秒后重试...
[2026-05-08 00:40:32] [INFO] [ShopBot] 正在连接设备 127.0.0.1:16384（第 4/10 次）
[2026-05-08 00:40:32] [WARNING] [ShopBot] 连接输出异常: failed to connect
[2026-05-08 00:40:32] [ERROR] [ShopBot] 连接失败（第 4/10 次）: failed to connect
[2026-05-08 00:40:32] [INFO] [ShopBot] 等待 0.0437252108156528 秒后重试...
[2026-05-08 00:40:32] [INFO] [ShopBot] 正在连接设备 127.0.0.1:16384（第 5/10 次）
[2026-05-08 00:40:32] [WARNING] [ShopBot] 连接输出异常: failed to connect
[2026-05-08 00:40:32] [ERROR] [ShopBot] 连接失败（第 5/10 次）: failed to connect
[2026-05-08 00:40:32] [INFO] [ShopBot] 等待 0.0437252108156528 秒后重试...
[2026-05-08 00:40:32] [INFO] [ShopBot] 正在连接设备 127.0.0.1:16384（第 6/10 次）
[2026-05-08 00:40:32] [WARNING] [ShopBot] 连接输出异常: failed to connect
[2026-05-08 00:40:32] [ERROR] [ShopBot] 连接失败（第 6/10 次）: failed to connect
[2026-05-08 00:40:32] [INFO] [ShopBot] 等待 0.0437252108156528 秒后重试...
[2026-05-08 00:40:32] [INFO] [ShopBot] 正在连接设备 127.0.0.1:16384（第 7/10 次）
[2026-05-08 00:40:32] [WARNING] [ShopBot] 连接输出异常: failed to connect
[2026-05-08 00:40:32] [ERROR] [ShopBot] 连接失败（第 7/10 次）: failed to connect
[2026-05-08 00:40:32] [INFO] [ShopBot] 等待 0.0437252108156528 秒后重试...
[2026-05-08 00:40:32] [INFO] [ShopBot] 正在连接设备 127.0.0.1:16384（第 8/10 次）
[2026-05-08 00:40:32] [WARNING] [ShopBot] 连接输出异常: failed to connect
[2026-05-08 00:40:32] [ERROR] [ShopBot] 连接失败（第 8/10 次）: failed to connect
[2026-05-08 00:40:32] [INFO] [ShopBot] 等待 0.0437252108156528 秒后重试...
[2026-05-08 00:40:32] [INFO] [ShopBot] 正在连接设备 127.0.0.1:16384（第 9/10 次）
[2026-05-08 00:40:32] [WARNING] [ShopBot] 连接输出异常: failed to connect
[2026-05-08 00:40:32] [ERROR] [ShopBot] 连接失败（第 9/10 次）: failed to connect
[2026-05-08 00:40:32] [INFO] [ShopBot] 等待 0.0437252108156528 秒后重试...
[2026-05-08 00:40:32] [INFO] [ShopBot] 正在连接设备 127.0.0.1:16384（第 10/10 次）
[2026-05-08 00:40:32] [WARNING] [ShopBot] 连接输出异常: failed to connect
[2026-05-08 00:40:32] [ERROR] [ShopBot] 连接失败（第 10/10 次）: failed to connect
[2026-05-08 00:40:32] [ERROR] [ShopBot] 设备连接失败，已重试 10 次: 127.0.0.1:16384
[2026-05-08 00:40:32] [INFO] [ShopBot] 正在连接设备 127.0.0.1:16384（第 1/8 次）
[2026-05-08 00:40:32] [WARNING] [ShopBot] 连接输出异常: failed to connect
[2026-05-08 00:40:32] [ERROR] [ShopBot] 连接失败（第 1/8 次）: failed to connect
[2026-05-08 00:40:32] [INFO] [ShopBot] 等待 0.07365758681630832 秒后重试...
[2026-05-08 00:40:32] [INFO] [ShopBot] 正在连接设备 127.0.0.1:16384（第 2/8 次）
[2026-05-08 00:40:32] [WARNING] [ShopBot] 连接输出异常: failed to connect
[2026-05-08 00:40:32] [ERROR] [ShopBot] 连接失败（第 2/8 次）: failed to connect
[2026-05-08 00:40:32] [INFO] [ShopBot] 等待 0.07365758681630832 秒后重试...
[2026-05-08 00:40:32] [INFO] [ShopBot] 正在连接设备 127.0.0.1:16384（第 3/8 次）
[2026-05-08 00:40:32] [WARNING] [ShopBot] 连接输出异常: failed to connect
[2026-05-08 00:40:32] [ERROR] [ShopBot] 连接失败（第 3/8 次）: failed to connect
[2026-05-08 00:40:32] [INFO] [ShopBot] 等待 0.07365758681630832 秒后重试...
[2026-05-08 00:40:32] [INFO] [ShopBot] 正在连接设备 127.0.0.1:16384（第 4/8 次）
[2026-05-08 00:40:32] [WARNING] [ShopBot] 连接输出异常: failed to connect
[2026-05-08 00:40:32] [ERROR] [ShopBot] 连接失败（第 4/8 次）: failed to connect
[2026-05-08 00:40:32] [INFO] [ShopBot] 等待 0.07365758681630832 秒后重试...
[2026-05-08 00:40:32] [INFO] [ShopBot] 正在连接设备 127.0.0.1:16384（第 5/8 次）
[2026-05-08 00:40:32] [WARNING] [ShopBot] 连接输出异常: failed to connect
[2026-05-08 00:40:32] [ERROR] [ShopBot] 连接失败（第 5/8 次）: failed to connect
[2026-05-08 00:40:32] [INFO] [ShopBot] 等待 0.07365758681630832 秒后重试...
[2026-05-08 00:40:32] [INFO] [ShopBot] 正在连接设备 127.0.0.1:16384（第 6/8 次）
[2026-05-08 00:40:32] [WARNING] [ShopBot] 连接输出异常: failed to connect
[2026-05-08 00:40:32] [ERROR] [ShopBot] 连接失败（第 6/8 次）: failed to connect
[2026-05-08 00:40:32] [INFO] [ShopBot] 等待 0.07365758681630832 秒后重试...
[2026-05-08 00:40:32] [INFO] [ShopBot] 正在连接设备 127.0.0.1:16384（第 7/8 次）
[2026-05-08 00:40:32] [WARNING] [ShopBot] 连接输出异常: failed to connect
[2026-05-08 00:40:32] [ERROR] [ShopBot] 连接失败（第 7/8 次）: failed to connect
[2026-05-08 00:40:32] [INFO] [ShopBot] 等待 0.07365758681630832 秒后重试...
[2026-05-08 00:40:32] [INFO] [ShopBot] 正在连接设备 127.0.0.1:16384（第 8/8 次）
[2026-05-08 00:40:32] [WARNING] [ShopBot] 连接输出异常: failed to connect
[2026-05-08 00:40:32] [ERROR] [ShopBot] 连接失败（第 8/8 次）: failed to connect
[2026-05-08 00:40:32] [ERROR] [ShopBot] 设备连接失败，已重试 8 次: 127.0.0.1:16384
[2026-05-08 00:40:32] [INFO] [ShopBot] 正在连接设备 127.0.0.1:16384（第 1/4 次）
[2026-05-08 00:40:32] [WARNING] [ShopBot] 连接输出异常: failed to connect
[2026-05-08 00:40:32] [ERROR] [ShopBot] 连接失败（第 1/4 次）: failed to connect
[2026-05-08 00:40:32] [INFO] [ShopBot] 等待 0.061022602197061196 秒后重试...
[2026-05-08 00:40:32] [INFO] [ShopBot] 正在连接设备 127.0.0.1:16384（第 2/4 次）
[2026-05-08 00:40:32] [WARNING] [ShopBot] 连接输出异常: failed to connect
[2026-05-08 00:40:32] [ERROR] [ShopBot] 连接失败（第 2/4 次）: failed to connect
[2026-05-08 00:40:32] [INFO] [ShopBot] 等待 0.061022602197061196 秒后重试...
[2026-05-08 00:40:32] [INFO] [ShopBot] 正在连接设备 127.0.0.1:16384（第 3/4 次）
[2026-05-08 00:40:32] [WARNING] [ShopBot] 连接输出异常: failed to connect
[2026-05-08 00:40:32] [ERROR] [ShopBot] 连接失败（第 3/4 次）: failed to connect
[2026-05-08 00:40:32] [INFO] [ShopBot] 等待 0.061022602197061196 秒后重试...
[2026-05-08 00:40:32] [INFO] [ShopBot] 正在连接设备 127.0.0.1:16384（第 4/4 次）
[2026-05-08 00:40:32] [WARNING] [ShopBot] 连接输出异常: failed to connect
[2026-05-08 00:40:32] [ERROR] [ShopBot] 连接失败（第 4/4 次）: failed to connect
[2026-05-08 00:40:32] [ERROR] [ShopBot] 设备连接失败，已重试 4 次: 127.0.0.1:16384
[2026-05-08 00:40:32] [INFO] [ShopBot] 正在连接设备 127.0.0.1:16384（第 1/5 次）
[2026-05-08 00:40:32] [WARNING] [ShopBot] 连接输出异常: failed to connect
[2026-05-08 00:40:32] [ERROR] [ShopBot] 连接失败（第 1/5 次）: failed to connect
[2026-05-08 00:40:32] [INFO] [ShopBot] 等待 0.05667814901178089 秒后重试...
[2026-05-08 00:40:32] [INFO] [ShopBot] 正在连接设备 127.0.0.1:16384（第 2/5 次）
[2026-05-08 00:40:32] [WARNING] [ShopBot] 连接输出异常: failed to connect
[2026-05-08 00:40:32] [ERROR] [ShopBot] 连接失败（第 2/5 次）: failed to connect
[2026-05-08 00:40:32] [INFO] [ShopBot] 等待 0.05667814901178089 秒后重试...
[2026-05-08 00:40:32] [INFO] [ShopBot] 正在连接设备 127.0.0.1:16384（第 3/5 次）
[2026-05-08 00:40:32] [WARNING] [ShopBot] 连接输出异常: failed to connect
[2026-05-08 00:40:32] [ERROR] [ShopBot] 连接失败（第 3/5 次）: failed to connect
[2026-05-08 00:40:32] [INFO] [ShopBot] 等待 0.05667814901178089 秒后重试...
[2026-05-08 00:40:32] [INFO] [ShopBot] 正在连接设备 127.0.0.1:16384（第 4/5 次）
[2026-05-08 00:40:32] [WARNING] [ShopBot] 连接输出异常: failed to connect
[2026-05-08 00:40:32] [ERROR] [ShopBot] 连接失败（第 4/5 次）: failed to connect
[2026-05-08 00:40:32] [INFO] [ShopBot] 等待 0.05667814901178089 秒后重试...
[2026-05-08 00:40:32] [INFO] [ShopBot] 正在连接设备 127.0.0.1:16384（第 5/5 次）
[2026-05-08 00:40:32] [WARNING] [ShopBot] 连接输出异常: failed to connect
[2026-05-08 00:40:32] [ERROR] [ShopBot] 连接失败（第 5/5 次）: failed to connect
[2026-05-08 00:40:32] [ERROR] [ShopBot] 设备连接失败，已重试 5 次: 127.0.0.1:16384
[2026-05-08 00:40:32] [INFO] [ShopBot] 正在连接设备 127.0.0.1:16384（第 1/1 次）
[2026-05-08 00:40:32] [WARNING] [ShopBot] 连接输出异常: failed to connect
[2026-05-08 00:40:32] [ERROR] [ShopBot] 连接失败（第 1/1 次）: failed to connect
[2026-05-08 00:40:32] [ERROR] [ShopBot] 设备连接失败，已重试 1 次: 127.0.0.1:16384
[2026-05-08 00:40:32] [INFO] [ShopBot] 正在连接设备 127.0.0.1:16384（第 1/5 次）
[2026-05-08 00:40:32] [WARNING] [ShopBot] 连接输出异常: failed to connect
[2026-05-08 00:40:32] [ERROR] [ShopBot] 连接失败（第 1/5 次）: failed to connect
[2026-05-08 00:40:32] [INFO] [ShopBot] 等待 0.08452436370469256 秒后重试...
[2026-05-08 00:40:32] [INFO] [ShopBot] 正在连接设备 127.0.0.1:16384（第 2/5 次）
[2026-05-08 00:40:32] [WARNING] [ShopBot] 连接输出异常: failed to connect
[2026-05-08 00:40:32] [ERROR] [ShopBot] 连接失败（第 2/5 次）: failed to connect
[2026-05-08 00:40:32] [INFO] [ShopBot] 等待 0.08452436370469256 秒后重试...
[2026-05-08 00:40:32] [INFO] [ShopBot] 正在连接设备 127.0.0.1:16384（第 3/5 次）
[2026-05-08 00:40:32] [WARNING] [ShopBot] 连接输出异常: failed to connect
[2026-05-08 00:40:32] [ERROR] [ShopBot] 连接失败（第 3/5 次）: failed to connect
[2026-05-08 00:40:32] [INFO] [ShopBot] 等待 0.08452436370469256 秒后重试...
[2026-05-08 00:40:32] [INFO] [ShopBot] 正在连接设备 127.0.0.1:16384（第 4/5 次）
[2026-05-08 00:40:32] [WARNING] [ShopBot] 连接输出异常: failed to connect
[2026-05-08 00:40:32] [ERROR] [ShopBot] 连接失败（第 4/5 次）: failed to connect
[2026-05-08 00:40:32] [INFO] [ShopBot] 等待 0.08452436370469256 秒后重试...
[2026-05-08 00:40:32] [INFO] [ShopBot] 正在连接设备 127.0.0.1:16384（第 5/5 次）
[2026-05-08 00:40:32] [WARNING] [ShopBot] 连接输出异常: failed to connect
[2026-05-08 00:40:32] [ERROR] [ShopBot] 连接失败（第 5/5 次）: failed to connect
[2026-05-08 00:40:32] [ERROR] [ShopBot] 设备连接失败，已重试 5 次: 127.0.0.1:16384
[2026-05-08 00:40:32] [INFO] [ShopBot] 正在连接设备 127.0.0.1:16384（第 1/1 次）
[2026-05-08 00:40:32] [WARNING] [ShopBot] 连接输出异常: failed to connect
[2026-05-08 00:40:32] [ERROR] [ShopBot] 连接失败（第 1/1 次）: failed to connect
[2026-05-08 00:40:32] [ERROR] [ShopBot] 设备连接失败，已重试 1 次: 127.0.0.1:16384
[2026-05-08 00:40:32] [INFO] [ShopBot] 正在连接设备 127.0.0.1:16384（第 1/1 次）
[2026-05-08 00:40:32] [WARNING] [ShopBot] 连接输出异常: failed to connect
[2026-05-08 00:40:32] [ERROR] [ShopBot] 连接失败（第 1/1 次）: failed to connect
[2026-05-08 00:40:32] [ERROR] [ShopBot] 设备连接失败，已重试 1 次: 127.0.0.1:16384
[2026-05-08 00:40:32] [INFO] [ShopBot] 正在连接设备 127.0.0.1:16384（第 1/3 次）
[2026-05-08 00:40:32] [WARNING] [ShopBot] 连接输出异常: failed to connect
[2026-05-08 00:40:32] [ERROR] [ShopBot] 连接失败（第 1/3 次）: failed to connect
[2026-05-08 00:40:32] [INFO] [ShopBot] 等待 0.05568033268390754 秒后重试...
[2026-05-08 00:40:32] [INFO] [ShopBot] 正在连接设备 127.0.0.1:16384（第 2/3 次）
[2026-05-08 00:40:32] [WARNING] [ShopBot] 连接输出异常: failed to connect
[2026-05-08 00:40:32] [ERROR] [ShopBot] 连接失败（第 2/3 次）: failed to connect
[2026-05-08 00:40:32] [INFO] [ShopBot] 等待 0.05568033268390754 秒后重试...
[2026-05-08 00:40:32] [INFO] [ShopBot] 正在连接设备 127.0.0.1:16384（第 3/3 次）
[2026-05-08 00:40:32] [WARNING] [ShopBot] 连接输出异常: failed to connect
[2026-05-08 00:40:32] [ERROR] [ShopBot] 连接失败（第 3/3 次）: failed to connect
[2026-05-08 00:40:32] [ERROR] [ShopBot] 设备连接失败，已重试 3 次: 127.0.0.1:16384
[2026-05-08 00:40:32] [INFO] [ShopBot] 正在连接设备 127.0.0.1:16384（第 1/5 次）
[2026-05-08 00:40:32] [WARNING] [ShopBot] 连接输出异常: failed to connect
[2026-05-08 00:40:32] [ERROR] [ShopBot] 连接失败（第 1/5 次）: failed to connect
[2026-05-08 00:40:32] [INFO] [ShopBot] 等待 0.02520313670655398 秒后重试...
[2026-05-08 00:40:32] [INFO] [ShopBot] 正在连接设备 127.0.0.1:16384（第 2/5 次）
[2026-05-08 00:40:32] [WARNING] [ShopBot] 连接输出异常: failed to connect
[2026-05-08 00:40:32] [ERROR] [ShopBot] 连接失败（第 2/5 次）: failed to connect
[2026-05-08 00:40:32] [INFO] [ShopBot] 等待 0.02520313670655398 秒后重试...
[2026-05-08 00:40:32] [INFO] [ShopBot] 正在连接设备 127.0.0.1:16384（第 3/5 次）
[2026-05-08 00:40:32] [WARNING] [ShopBot] 连接输出异常: failed to connect
[2026-05-08 00:40:32] [ERROR] [ShopBot] 连接失败（第 3/5 次）: failed to connect
[2026-05-08 00:40:32] [INFO] [ShopBot] 等待 0.02520313670655398 秒后重试...
[2026-05-08 00:40:32] [INFO] [ShopBot] 正在连接设备 127.0.0.1:16384（第 4/5 次）
[2026-05-08 00:40:32] [WARNING] [ShopBot] 连接输出异常: failed to connect
[2026-05-08 00:40:32] [ERROR] [ShopBot] 连接失败（第 4/5 次）: failed to connect
[2026-05-08 00:40:32] [INFO] [ShopBot] 等待 0.02520313670655398 秒后重试...
[2026-05-08 00:40:32] [INFO] [ShopBot] 正在连接设备 127.0.0.1:16384（第 5/5 次）
[2026-05-08 00:40:32] [WARNING] [ShopBot] 连接输出异常: failed to connect
[2026-05-08 00:40:32] [ERROR] [ShopBot] 连接失败（第 5/5 次）: failed to connect
[2026-05-08 00:40:32] [ERROR] [ShopBot] 设备连接失败，已重试 5 次: 127.0.0.1:16384
[2026-05-08 00:40:32] [INFO] [ShopBot] 正在连接设备 127.0.0.1:16384（第 1/9 次）
[2026-05-08 00:40:32] [WARNING] [ShopBot] 连接输出异常: failed to connect
[2026-05-08 00:40:32] [ERROR] [ShopBot] 连接失败（第 1/9 次）: failed to connect
[2026-05-08 00:40:32] [INFO] [ShopBot] 等待 0.04157152141073134 秒后重试...
[2026-05-08 00:40:32] [INFO] [ShopBot] 正在连接设备 127.0.0.1:16384（第 2/9 次）
[2026-05-08 00:40:32] [WARNING] [ShopBot] 连接输出异常: failed to connect
[2026-05-08 00:40:32] [ERROR] [ShopBot] 连接失败（第 2/9 次）: failed to connect
[2026-05-08 00:40:32] [INFO] [ShopBot] 等待 0.04157152141073134 秒后重试...
[2026-05-08 00:40:32] [INFO] [ShopBot] 正在连接设备 127.0.0.1:16384（第 3/9 次）
[2026-05-08 00:40:32] [WARNING] [ShopBot] 连接输出异常: failed to connect
[2026-05-08 00:40:32] [ERROR] [ShopBot] 连接失败（第 3/9 次）: failed to connect
[2026-05-08 00:40:32] [INFO] [ShopBot] 等待 0.04157152141073134 秒后重试...
[2026-05-08 00:40:32] [INFO] [ShopBot] 正在连接设备 127.0.0.1:16384（第 4/9 次）
[2026-05-08 00:40:32] [WARNING] [ShopBot] 连接输出异常: failed to connect
[2026-05-08 00:40:32] [ERROR] [ShopBot] 连接失败（第 4/9 次）: failed to connect
[2026-05-08 00:40:32] [INFO] [ShopBot] 等待 0.04157152141073134 秒后重试...
[2026-05-08 00:40:32] [INFO] [ShopBot] 正在连接设备 127.0.0.1:16384（第 5/9 次）
[2026-05-08 00:40:32] [WARNING] [ShopBot] 连接输出异常: failed to connect
[2026-05-08 00:40:32] [ERROR] [ShopBot] 连接失败（第 5/9 次）: failed to connect
[2026-05-08 00:40:32] [INFO] [ShopBot] 等待 0.04157152141073134 秒后重试...
[2026-05-08 00:40:32] [INFO] [ShopBot] 正在连接设备 127.0.0.1:16384（第 6/9 次）
[2026-05-08 00:40:32] [WARNING] [ShopBot] 连接输出异常: failed to connect
[2026-05-08 00:40:32] [ERROR] [ShopBot] 连接失败（第 6/9 次）: failed to connect
[2026-05-08 00:40:32] [INFO] [ShopBot] 等待 0.04157152141073134 秒后重试...
[2026-05-08 00:40:32] [INFO] [ShopBot] 正在连接设备 127.0.0.1:16384（第 7/9 次）
[2026-05-08 00:40:32] [WARNING] [ShopBot] 连接输出异常: failed to connect
[2026-05-08 00:40:32] [ERROR] [ShopBot] 连接失败（第 7/9 次）: failed to connect
[2026-05-08 00:40:32] [INFO] [ShopBot] 等待 0.04157152141073134 秒后重试...
[2026-05-08 00:40:32] [INFO] [ShopBot] 正在连接设备 127.0.0.1:16384（第 8/9 次）
[2026-05-08 00:40:32] [WARNING] [ShopBot] 连接输出异常: failed to connect
[2026-05-08 00:40:32] [ERROR] [ShopBot] 连接失败（第 8/9 次）: failed to connect
[2026-05-08 00:40:32] [INFO] [ShopBot] 等待 0.04157152141073134 秒后重试...
[2026-05-08 00:40:32] [INFO] [ShopBot] 正在连接设备 127.0.0.1:16384（第 9/9 次）
[2026-05-08 00:40:32] [WARNING] [ShopBot] 连接输出异常: failed to connect
[2026-05-08 00:40:32] [ERROR] [ShopBot] 连接失败（第 9/9 次）: failed to connect
[2026-05-08 00:40:32] [ERROR] [ShopBot] 设备连接失败，已重试 9 次: 127.0.0.1:16384
[2026-05-08 00:40:32] [INFO] [ShopBot] 正在连接设备 127.0.0.1:16384（第 1/8 次）
[2026-05-08 00:40:32] [WARNING] [ShopBot] 连接输出异常: failed to connect
[2026-05-08 00:40:32] [ERROR] [ShopBot] 连接失败（第 1/8 次）: failed to connect
[2026-05-08 00:40:32] [INFO] [ShopBot] 等待 0.08973609879569527 秒后重试...
[2026-05-08 00:40:32] [INFO] [ShopBot] 正在连接设备 127.0.0.1:16384（第 2/8 次）
[2026-05-08 00:40:32] [WARNING] [ShopBot] 连接输出异常: failed to connect
[2026-05-08 00:40:32] [ERROR] [ShopBot] 连接失败（第 2/8 次）: failed to connect
[2026-05-08 00:40:32] [INFO] [ShopBot] 等待 0.08973609879569527 秒后重试...
[2026-05-08 00:40:32] [INFO] [ShopBot] 正在连接设备 127.0.0.1:16384（第 3/8 次）
[2026-05-08 00:40:32] [WARNING] [ShopBot] 连接输出异常: failed to connect
[2026-05-08 00:40:32] [ERROR] [ShopBot] 连接失败（第 3/8 次）: failed to connect
[2026-05-08 00:40:32] [INFO] [ShopBot] 等待 0.08973609879569527 秒后重试...
[2026-05-08 00:40:32] [INFO] [ShopBot] 正在连接设备 127.0.0.1:16384（第 4/8 次）
[2026-05-08 00:40:32] [WARNING] [ShopBot] 连接输出异常: failed to connect
[2026-05-08 00:40:32] [ERROR] [ShopBot] 连接失败（第 4/8 次）: failed to connect
[2026-05-08 00:40:32] [INFO] [ShopBot] 等待 0.08973609879569527 秒后重试...
[2026-05-08 00:40:32] [INFO] [ShopBot] 正在连接设备 127.0.0.1:16384（第 5/8 次）
[2026-05-08 00:40:32] [WARNING] [ShopBot] 连接输出异常: failed to connect
[2026-05-08 00:40:32] [ERROR] [ShopBot] 连接失败（第 5/8 次）: failed to connect
[2026-05-08 00:40:32] [INFO] [ShopBot] 等待 0.08973609879569527 秒后重试...
[2026-05-08 00:40:32] [INFO] [ShopBot] 正在连接设备 127.0.0.1:16384（第 6/8 次）
[2026-05-08 00:40:32] [WARNING] [ShopBot] 连接输出异常: failed to connect
[2026-05-08 00:40:32] [ERROR] [ShopBot] 连接失败（第 6/8 次）: failed to connect
[2026-05-08 00:40:32] [INFO] [ShopBot] 等待 0.08973609879569527 秒后重试...
[2026-05-08 00:40:32] [INFO] [ShopBot] 正在连接设备 127.0.0.1:16384（第 7/8 次）
[2026-05-08 00:40:32] [WARNING] [ShopBot] 连接输出异常: failed to connect
[2026-05-08 00:40:32] [ERROR] [ShopBot] 连接失败（第 7/8 次）: failed to connect
[2026-05-08 00:40:32] [INFO] [ShopBot] 等待 0.08973609879569527 秒后重试...
[2026-05-08 00:40:32] [INFO] [ShopBot] 正在连接设备 127.0.0.1:16384（第 8/8 次）
[2026-05-08 00:40:32] [WARNING] [ShopBot] 连接输出异常: failed to connect
[2026-05-08 00:40:32] [ERROR] [ShopBot] 连接失败（第 8/8 次）: failed to connect
[2026-05-08 00:40:32] [ERROR] [ShopBot] 设备连接失败，已重试 8 次: 127.0.0.1:16384
[2026-05-08 00:40:32] [INFO] [ShopBot] 正在连接设备 127.0.0.1:16384（第 1/6 次）
[2026-05-08 00:40:32] [WARNING] [ShopBot] 连接输出异常: failed to connect
[2026-05-08 00:40:32] [ERROR] [ShopBot] 连接失败（第 1/6 次）: failed to connect
[2026-05-08 00:40:32] [INFO] [ShopBot] 等待 0.09574674810252914 秒后重试...
[2026-05-08 00:40:32] [INFO] [ShopBot] 正在连接设备 127.0.0.1:16384（第 2/6 次）
[2026-05-08 00:40:32] [WARNING] [ShopBot] 连接输出异常: failed to connect
[2026-05-08 00:40:32] [ERROR] [ShopBot] 连接失败（第 2/6 次）: failed to connect
[2026-05-08 00:40:32] [INFO] [ShopBot] 等待 0.09574674810252914 秒后重试...
[2026-05-08 00:40:32] [INFO] [ShopBot] 正在连接设备 127.0.0.1:16384（第 3/6 次）
[2026-05-08 00:40:32] [WARNING] [ShopBot] 连接输出异常: failed to connect
[2026-05-08 00:40:32] [ERROR] [ShopBot] 连接失败（第 3/6 次）: failed to connect
[2026-05-08 00:40:32] [INFO] [ShopBot] 等待 0.09574674810252914 秒后重试...
[2026-05-08 00:40:32] [INFO] [ShopBot] 正在连接设备 127.0.0.1:16384（第 4/6 次）
[2026-05-08 00:40:32] [WARNING] [ShopBot] 连接输出异常: failed to connect
[2026-05-08 00:40:32] [ERROR] [ShopBot] 连接失败（第 4/6 次）: failed to connect
[2026-05-08 00:40:32] [INFO] [ShopBot] 等待 0.09574674810252914 秒后重试...
[2026-05-08 00:40:32] [INFO] [ShopBot] 正在连接设备 127.0.0.1:16384（第 5/6 次）
[2026-05-08 00:40:32] [WARNING] [ShopBot] 连接输出异常: failed to connect
[2026-05-08 00:40:32] [ERROR] [ShopBot] 连接失败（第 5/6 次）: failed to connect
[2026-05-08 00:40:32] [INFO] [ShopBot] 等待 0.09574674810252914 秒后重试...
[2026-05-08 00:40:32] [INFO] [ShopBot] 正在连接设备 127.0.0.1:16384（第 6/6 次）
[2026-05-08 00:40:32] [WARNING] [ShopBot] 连接输出异常: failed to connect
[2026-05-08 00:40:32] [ERROR] [ShopBot] 连接失败（第 6/6 次）: failed to connect
[2026-05-08 00:40:32] [ERROR] [ShopBot] 设备连接失败，已重试 6 次: 127.0.0.1:16384
[2026-05-08 00:40:32] [INFO] [ShopBot] 正在连接设备 127.0.0.1:16384（第 1/6 次）
[2026-05-08 00:40:32] [WARNING] [ShopBot] 连接输出异常: failed to connect
[2026-05-08 00:40:32] [ERROR] [ShopBot] 连接失败（第 1/6 次）: failed to connect
[2026-05-08 00:40:32] [INFO] [ShopBot] 等待 0.06533120001348335 秒后重试...
[2026-05-08 00:40:32] [INFO] [ShopBot] 正在连接设备 127.0.0.1:16384（第 2/6 次）
[2026-05-08 00:40:32] [WARNING] [ShopBot] 连接输出异常: failed to connect
[2026-05-08 00:40:32] [ERROR] [ShopBot] 连接失败（第 2/6 次）: failed to connect
[2026-05-08 00:40:32] [INFO] [ShopBot] 等待 0.06533120001348335 秒后重试...
[2026-05-08 00:40:32] [INFO] [ShopBot] 正在连接设备 127.0.0.1:16384（第 3/6 次）
[2026-05-08 00:40:32] [WARNING] [ShopBot] 连接输出异常: failed to connect
[2026-05-08 00:40:32] [ERROR] [ShopBot] 连接失败（第 3/6 次）: failed to connect
[2026-05-08 00:40:32] [INFO] [ShopBot] 等待 0.06533120001348335 秒后重试...
[2026-05-08 00:40:32] [INFO] [ShopBot] 正在连接设备 127.0.0.1:16384（第 4/6 次）
[2026-05-08 00:40:32] [WARNING] [ShopBot] 连接输出异常: failed to connect
[2026-05-08 00:40:32] [ERROR] [ShopBot] 连接失败（第 4/6 次）: failed to connect
[2026-05-08 00:40:32] [INFO] [ShopBot] 等待 0.06533120001348335 秒后重试...
[2026-05-08 00:40:32] [INFO] [ShopBot] 正在连接设备 127.0.0.1:16384（第 5/6 次）
[2026-05-08 00:40:32] [WARNING] [ShopBot] 连接输出异常: failed to connect
[2026-05-08 00:40:32] [ERROR] [ShopBot] 连接失败（第 5/6 次）: failed to connect
[2026-05-08 00:40:32] [INFO] [ShopBot] 等待 0.06533120001348335 秒后重试...
[2026-05-08 00:40:32] [INFO] [ShopBot] 正在连接设备 127.0.0.1:16384（第 6/6 次）
[2026-05-08 00:40:32] [WARNING] [ShopBot] 连接输出异常: failed to connect
[2026-05-08 00:40:32] [ERROR] [ShopBot] 连接失败（第 6/6 次）: failed to connect
[2026-05-08 00:40:32] [ERROR] [ShopBot] 设备连接失败，已重试 6 次: 127.0.0.1:16384
[2026-05-08 00:40:32] [INFO] [ShopBot] 正在连接设备 127.0.0.1:16384（第 1/1 次）
[2026-05-08 00:40:32] [WARNING] [ShopBot] 连接输出异常: failed to connect
[2026-05-08 00:40:32] [ERROR] [ShopBot] 连接失败（第 1/1 次）: failed to connect
[2026-05-08 00:40:32] [ERROR] [ShopBot] 设备连接失败，已重试 1 次: 127.0.0.1:16384
[2026-05-08 00:40:32] [INFO] [ShopBot] 正在连接设备 127.0.0.1:16384（第 1/2 次）
[2026-05-08 00:40:32] [WARNING] [ShopBot] 连接输出异常: failed to connect
[2026-05-08 00:40:32] [ERROR] [ShopBot] 连接失败（第 1/2 次）: failed to connect
[2026-05-08 00:40:32] [INFO] [ShopBot] 等待 0.08011965619018745 秒后重试...
[2026-05-08 00:40:32] [INFO] [ShopBot] 正在连接设备 127.0.0.1:16384（第 2/2 次）
[2026-05-08 00:40:32] [WARNING] [ShopBot] 连接输出异常: failed to connect
[2026-05-08 00:40:32] [ERROR] [ShopBot] 连接失败（第 2/2 次）: failed to connect
[2026-05-08 00:40:32] [ERROR] [ShopBot] 设备连接失败，已重试 2 次: 127.0.0.1:16384
[2026-05-08 00:40:32] [INFO] [ShopBot] 正在连接设备 127.0.0.1:16384（第 1/10 次）
[2026-05-08 00:40:32] [WARNING] [ShopBot] 连接输出异常: failed to connect
[2026-05-08 00:40:32] [ERROR] [ShopBot] 连接失败（第 1/10 次）: failed to connect
[2026-05-08 00:40:32] [INFO] [ShopBot] 等待 0.08988398711554094 秒后重试...
[2026-05-08 00:40:32] [INFO] [ShopBot] 正在连接设备 127.0.0.1:16384（第 2/10 次）
[2026-05-08 00:40:32] [WARNING] [ShopBot] 连接输出异常: failed to connect
[2026-05-08 00:40:32] [ERROR] [ShopBot] 连接失败（第 2/10 次）: failed to connect
[2026-05-08 00:40:32] [INFO] [ShopBot] 等待 0.08988398711554094 秒后重试...
[2026-05-08 00:40:32] [INFO] [ShopBot] 正在连接设备 127.0.0.1:16384（第 3/10 次）
[2026-05-08 00:40:32] [WARNING] [ShopBot] 连接输出异常: failed to connect
[2026-05-08 00:40:32] [ERROR] [ShopBot] 连接失败（第 3/10 次）: failed to connect
[2026-05-08 00:40:32] [INFO] [ShopBot] 等待 0.08988398711554094 秒后重试...
[2026-05-08 00:40:32] [INFO] [ShopBot] 正在连接设备 127.0.0.1:16384（第 4/10 次）
[2026-05-08 00:40:32] [WARNING] [ShopBot] 连接输出异常: failed to connect
[2026-05-08 00:40:32] [ERROR] [ShopBot] 连接失败（第 4/10 次）: failed to connect
[2026-05-08 00:40:32] [INFO] [ShopBot] 等待 0.08988398711554094 秒后重试...
[2026-05-08 00:40:32] [INFO] [ShopBot] 正在连接设备 127.0.0.1:16384（第 5/10 次）
[2026-05-08 00:40:32] [WARNING] [ShopBot] 连接输出异常: failed to connect
[2026-05-08 00:40:32] [ERROR] [ShopBot] 连接失败（第 5/10 次）: failed to connect
[2026-05-08 00:40:32] [INFO] [ShopBot] 等待 0.08988398711554094 秒后重试...
[2026-05-08 00:40:32] [INFO] [ShopBot] 正在连接设备 127.0.0.1:16384（第 6/10 次）
[2026-05-08 00:40:32] [WARNING] [ShopBot] 连接输出异常: failed to connect
[2026-05-08 00:40:32] [ERROR] [ShopBot] 连接失败（第 6/10 次）: failed to connect
[2026-05-08 00:40:32] [INFO] [ShopBot] 等待 0.08988398711554094 秒后重试...
[2026-05-08 00:40:32] [INFO] [ShopBot] 正在连接设备 127.0.0.1:16384（第 7/10 次）
[2026-05-08 00:40:32] [WARNING] [ShopBot] 连接输出异常: failed to connect
[2026-05-08 00:40:32] [ERROR] [ShopBot] 连接失败（第 7/10 次）: failed to connect
[2026-05-08 00:40:32] [INFO] [ShopBot] 等待 0.08988398711554094 秒后重试...
[2026-05-08 00:40:32] [INFO] [ShopBot] 正在连接设备 127.0.0.1:16384（第 8/10 次）
[2026-05-08 00:40:32] [WARNING] [ShopBot] 连接输出异常: failed to connect
[2026-05-08 00:40:32] [ERROR] [ShopBot] 连接失败（第 8/10 次）: failed to connect
[2026-05-08 00:40:32] [INFO] [ShopBot] 等待 0.08988398711554094 秒后重试...
[2026-05-08 00:40:32] [INFO] [ShopBot] 正在连接设备 127.0.0.1:16384（第 9/10 次）
[2026-05-08 00:40:32] [WARNING] [ShopBot] 连接输出异常: failed to connect
[2026-05-08 00:40:32] [ERROR] [ShopBot] 连接失败（第 9/10 次）: failed to connect
[2026-05-08 00:40:32] [INFO] [ShopBot] 等待 0.08988398711554094 秒后重试...
[2026-05-08 00:40:32] [INFO] [ShopBot] 正在连接设备 127.0.0.1:16384（第 10/10 次）
[2026-05-08 00:40:32] [WARNING] [ShopBot] 连接输出异常: failed to connect
[2026-05-08 00:40:32] [ERROR] [ShopBot] 连接失败（第 10/10 次）: failed to connect
[2026-05-08 00:40:32] [ERROR] [ShopBot] 设备连接失败，已重试 10 次: 127.0.0.1:16384
[2026-05-08 00:40:32] [INFO] [ShopBot] 正在连接设备 127.0.0.1:16384（第 1/7 次）
[2026-05-08 00:40:32] [WARNING] [ShopBot] 连接输出异常: failed to connect
[2026-05-08 00:40:32] [ERROR] [ShopBot] 连接失败（第 1/7 次）: failed to connect
[2026-05-08 00:40:32] [INFO] [ShopBot] 等待 0.08789540234379187 秒后重试...
[2026-05-08 00:40:32] [INFO] [ShopBot] 正在连接设备 127.0.0.1:16384（第 2/7 次）
[2026-05-08 00:40:32] [WARNING] [ShopBot] 连接输出异常: failed to connect
[2026-05-08 00:40:32] [ERROR] [ShopBot] 连接失败（第 2/7 次）: failed to connect
[2026-05-08 00:40:32] [INFO] [ShopBot] 等待 0.08789540234379187 秒后重试...
[2026-05-08 00:40:32] [INFO] [ShopBot] 正在连接设备 127.0.0.1:16384（第 3/7 次）
[2026-05-08 00:40:32] [WARNING] [ShopBot] 连接输出异常: failed to connect
[2026-05-08 00:40:32] [ERROR] [ShopBot] 连接失败（第 3/7 次）: failed to connect
[2026-05-08 00:40:32] [INFO] [ShopBot] 等待 0.08789540234379187 秒后重试...
[2026-05-08 00:40:32] [INFO] [ShopBot] 正在连接设备 127.0.0.1:16384（第 4/7 次）
[2026-05-08 00:40:32] [WARNING] [ShopBot] 连接输出异常: failed to connect
[2026-05-08 00:40:32] [ERROR] [ShopBot] 连接失败（第 4/7 次）: failed to connect
[2026-05-08 00:40:32] [INFO] [ShopBot] 等待 0.08789540234379187 秒后重试...
[2026-05-08 00:40:32] [INFO] [ShopBot] 正在连接设备 127.0.0.1:16384（第 5/7 次）
[2026-05-08 00:40:32] [WARNING] [ShopBot] 连接输出异常: failed to connect
[2026-05-08 00:40:32] [ERROR] [ShopBot] 连接失败（第 5/7 次）: failed to connect
[2026-05-08 00:40:32] [INFO] [ShopBot] 等待 0.08789540234379187 秒后重试...
[2026-05-08 00:40:32] [INFO] [ShopBot] 正在连接设备 127.0.0.1:16384（第 6/7 次）
[2026-05-08 00:40:32] [WARNING] [ShopBot] 连接输出异常: failed to connect
[2026-05-08 00:40:32] [ERROR] [ShopBot] 连接失败（第 6/7 次）: failed to connect
[2026-05-08 00:40:32] [INFO] [ShopBot] 等待 0.08789540234379187 秒后重试...
[2026-05-08 00:40:32] [INFO] [ShopBot] 正在连接设备 127.0.0.1:16384（第 7/7 次）
[2026-05-08 00:40:32] [WARNING] [ShopBot] 连接输出异常: failed to connect
[2026-05-08 00:40:32] [ERROR] [ShopBot] 连接失败（第 7/7 次）: failed to connect
[2026-05-08 00:40:32] [ERROR] [ShopBot] 设备连接失败，已重试 7 次: 127.0.0.1:16384
[2026-05-08 00:40:32] [INFO] [ShopBot] 正在连接设备 127.0.0.1:16384（第 1/10 次）
[2026-05-08 00:40:32] [WARNING] [ShopBot] 连接输出异常: failed to connect
[2026-05-08 00:40:32] [ERROR] [ShopBot] 连接失败（第 1/10 次）: failed to connect
[2026-05-08 00:40:32] [INFO] [ShopBot] 等待 0.022973160149449803 秒后重试...
[2026-05-08 00:40:32] [INFO] [ShopBot] 正在连接设备 127.0.0.1:16384（第 2/10 次）
[2026-05-08 00:40:32] [WARNING] [ShopBot] 连接输出异常: failed to connect
[2026-05-08 00:40:32] [ERROR] [ShopBot] 连接失败（第 2/10 次）: failed to connect
[2026-05-08 00:40:32] [INFO] [ShopBot] 等待 0.022973160149449803 秒后重试...
[2026-05-08 00:40:32] [INFO] [ShopBot] 正在连接设备 127.0.0.1:16384（第 3/10 次）
[2026-05-08 00:40:32] [WARNING] [ShopBot] 连接输出异常: failed to connect
[2026-05-08 00:40:32] [ERROR] [ShopBot] 连接失败（第 3/10 次）: failed to connect
[2026-05-08 00:40:32] [INFO] [ShopBot] 等待 0.022973160149449803 秒后重试...
[2026-05-08 00:40:32] [INFO] [ShopBot] 正在连接设备 127.0.0.1:16384（第 4/10 次）
[2026-05-08 00:40:32] [WARNING] [ShopBot] 连接输出异常: failed to connect
[2026-05-08 00:40:32] [ERROR] [ShopBot] 连接失败（第 4/10 次）: failed to connect
[2026-05-08 00:40:32] [INFO] [ShopBot] 等待 0.022973160149449803 秒后重试...
[2026-05-08 00:40:32] [INFO] [ShopBot] 正在连接设备 127.0.0.1:16384（第 5/10 次）
[2026-05-08 00:40:32] [WARNING] [ShopBot] 连接输出异常: failed to connect
[2026-05-08 00:40:32] [ERROR] [ShopBot] 连接失败（第 5/10 次）: failed to connect
[2026-05-08 00:40:32] [INFO] [ShopBot] 等待 0.022973160149449803 秒后重试...
[2026-05-08 00:40:32] [INFO] [ShopBot] 正在连接设备 127.0.0.1:16384（第 6/10 次）
[2026-05-08 00:40:32] [WARNING] [ShopBot] 连接输出异常: failed to connect
[2026-05-08 00:40:32] [ERROR] [ShopBot] 连接失败（第 6/10 次）: failed to connect
[2026-05-08 00:40:32] [INFO] [ShopBot] 等待 0.022973160149449803 秒后重试...
[2026-05-08 00:40:32] [INFO] [ShopBot] 正在连接设备 127.0.0.1:16384（第 7/10 次）
[2026-05-08 00:40:32] [WARNING] [ShopBot] 连接输出异常: failed to connect
[2026-05-08 00:40:32] [ERROR] [ShopBot] 连接失败（第 7/10 次）: failed to connect
[2026-05-08 00:40:32] [INFO] [ShopBot] 等待 0.022973160149449803 秒后重试...
[2026-05-08 00:40:32] [INFO] [ShopBot] 正在连接设备 127.0.0.1:16384（第 8/10 次）
[2026-05-08 00:40:32] [WARNING] [ShopBot] 连接输出异常: failed to connect
[2026-05-08 00:40:32] [ERROR] [ShopBot] 连接失败（第 8/10 次）: failed to connect
[2026-05-08 00:40:32] [INFO] [ShopBot] 等待 0.022973160149449803 秒后重试...
[2026-05-08 00:40:32] [INFO] [ShopBot] 正在连接设备 127.0.0.1:16384（第 9/10 次）
[2026-05-08 00:40:32] [WARNING] [ShopBot] 连接输出异常: failed to connect
[2026-05-08 00:40:32] [ERROR] [ShopBot] 连接失败（第 9/10 次）: failed to connect
[2026-05-08 00:40:32] [INFO] [ShopBot] 等待 0.022973160149449803 秒后重试...
[2026-05-08 00:40:32] [INFO] [ShopBot] 正在连接设备 127.0.0.1:16384（第 10/10 次）
[2026-05-08 00:40:32] [WARNING] [ShopBot] 连接输出异常: failed to connect
[2026-05-08 00:40:32] [ERROR] [ShopBot] 连接失败（第 10/10 次）: failed to connect
[2026-05-08 00:40:32] [ERROR] [ShopBot] 设备连接失败，已重试 10 次: 127.0.0.1:16384
[2026-05-08 00:40:32] [INFO] [ShopBot] 正在连接设备 127.0.0.1:16384（第 1/2 次）
[2026-05-08 00:40:32] [WARNING] [ShopBot] 连接输出异常: failed to connect
[2026-05-08 00:40:32] [ERROR] [ShopBot] 连接失败（第 1/2 次）: failed to connect
[2026-05-08 00:40:32] [INFO] [ShopBot] 等待 0.08186459568881319 秒后重试...
[2026-05-08 00:40:32] [INFO] [ShopBot] 正在连接设备 127.0.0.1:16384（第 2/2 次）
[2026-05-08 00:40:32] [WARNING] [ShopBot] 连接输出异常: failed to connect
[2026-05-08 00:40:32] [ERROR] [ShopBot] 连接失败（第 2/2 次）: failed to connect
[2026-05-08 00:40:32] [ERROR] [ShopBot] 设备连接失败，已重试 2 次: 127.0.0.1:16384
[2026-05-08 00:40:32] [INFO] [ShopBot] 正在连接设备 127.0.0.1:16384（第 1/8 次）
[2026-05-08 00:40:32] [WARNING] [ShopBot] 连接输出异常: failed to connect
[2026-05-08 00:40:32] [ERROR] [ShopBot] 连接失败（第 1/8 次）: failed to connect
[2026-05-08 00:40:32] [INFO] [ShopBot] 等待 0.0615647320285197 秒后重试...
[2026-05-08 00:40:32] [INFO] [ShopBot] 正在连接设备 127.0.0.1:16384（第 2/8 次）
[2026-05-08 00:40:32] [WARNING] [ShopBot] 连接输出异常: failed to connect
[2026-05-08 00:40:32] [ERROR] [ShopBot] 连接失败（第 2/8 次）: failed to connect
[2026-05-08 00:40:32] [INFO] [ShopBot] 等待 0.0615647320285197 秒后重试...
[2026-05-08 00:40:32] [INFO] [ShopBot] 正在连接设备 127.0.0.1:16384（第 3/8 次）
[2026-05-08 00:40:32] [WARNING] [ShopBot] 连接输出异常: failed to connect
[2026-05-08 00:40:32] [ERROR] [ShopBot] 连接失败（第 3/8 次）: failed to connect
[2026-05-08 00:40:32] [INFO] [ShopBot] 等待 0.0615647320285197 秒后重试...
[2026-05-08 00:40:32] [INFO] [ShopBot] 正在连接设备 127.0.0.1:16384（第 4/8 次）
[2026-05-08 00:40:32] [WARNING] [ShopBot] 连接输出异常: failed to connect
[2026-05-08 00:40:32] [ERROR] [ShopBot] 连接失败（第 4/8 次）: failed to connect
[2026-05-08 00:40:32] [INFO] [ShopBot] 等待 0.0615647320285197 秒后重试...
[2026-05-08 00:40:32] [INFO] [ShopBot] 正在连接设备 127.0.0.1:16384（第 5/8 次）
[2026-05-08 00:40:32] [WARNING] [ShopBot] 连接输出异常: failed to connect
[2026-05-08 00:40:32] [ERROR] [ShopBot] 连接失败（第 5/8 次）: failed to connect
[2026-05-08 00:40:32] [INFO] [ShopBot] 等待 0.0615647320285197 秒后重试...
[2026-05-08 00:40:32] [INFO] [ShopBot] 正在连接设备 127.0.0.1:16384（第 6/8 次）
[2026-05-08 00:40:32] [WARNING] [ShopBot] 连接输出异常: failed to connect
[2026-05-08 00:40:32] [ERROR] [ShopBot] 连接失败（第 6/8 次）: failed to connect
[2026-05-08 00:40:32] [INFO] [ShopBot] 等待 0.0615647320285197 秒后重试...
[2026-05-08 00:40:32] [INFO] [ShopBot] 正在连接设备 127.0.0.1:16384（第 7/8 次）
[2026-05-08 00:40:32] [WARNING] [ShopBot] 连接输出异常: failed to connect
[2026-05-08 00:40:32] [ERROR] [ShopBot] 连接失败（第 7/8 次）: failed to connect
[2026-05-08 00:40:32] [INFO] [ShopBot] 等待 0.0615647320285197 秒后重试...
[2026-05-08 00:40:32] [INFO] [ShopBot] 正在连接设备 127.0.0.1:16384（第 8/8 次）
[2026-05-08 00:40:32] [WARNING] [ShopBot] 连接输出异常: failed to connect
[2026-05-08 00:40:32] [ERROR] [ShopBot] 连接失败（第 8/8 次）: failed to connect
[2026-05-08 00:40:32] [ERROR] [ShopBot] 设备连接失败，已重试 8 次: 127.0.0.1:16384
[2026-05-08 00:40:32] [INFO] [ShopBot] 正在连接设备 127.0.0.1:16384（第 1/4 次）
[2026-05-08 00:40:32] [WARNING] [ShopBot] 连接输出异常: failed to connect
[2026-05-08 00:40:32] [ERROR] [ShopBot] 连接失败（第 1/4 次）: failed to connect
[2026-05-08 00:40:32] [INFO] [ShopBot] 等待 0.029290999887104256 秒后重试...
[2026-05-08 00:40:32] [INFO] [ShopBot] 正在连接设备 127.0.0.1:16384（第 2/4 次）
[2026-05-08 00:40:32] [WARNING] [ShopBot] 连接输出异常: failed to connect
[2026-05-08 00:40:32] [ERROR] [ShopBot] 连接失败（第 2/4 次）: failed to connect
[2026-05-08 00:40:32] [INFO] [ShopBot] 等待 0.029290999887104256 秒后重试...
[2026-05-08 00:40:32] [INFO] [ShopBot] 正在连接设备 127.0.0.1:16384（第 3/4 次）
[2026-05-08 00:40:32] [WARNING] [ShopBot] 连接输出异常: failed to connect
[2026-05-08 00:40:32] [ERROR] [ShopBot] 连接失败（第 3/4 次）: failed to connect
[2026-05-08 00:40:32] [INFO] [ShopBot] 等待 0.029290999887104256 秒后重试...
[2026-05-08 00:40:32] [INFO] [ShopBot] 正在连接设备 127.0.0.1:16384（第 4/4 次）
[2026-05-08 00:40:32] [WARNING] [ShopBot] 连接输出异常: failed to connect
[2026-05-08 00:40:32] [ERROR] [ShopBot] 连接失败（第 4/4 次）: failed to connect
[2026-05-08 00:40:32] [ERROR] [ShopBot] 设备连接失败，已重试 4 次: 127.0.0.1:16384
[2026-05-08 00:40:32] [INFO] [ShopBot] 正在连接设备 127.0.0.1:16384（第 1/2 次）
[2026-05-08 00:40:32] [WARNING] [ShopBot] 连接输出异常: failed to connect
[2026-05-08 00:40:32] [ERROR] [ShopBot] 连接失败（第 1/2 次）: failed to connect
[2026-05-08 00:40:32] [INFO] [ShopBot] 等待 0.07652737622931466 秒后重试...
[2026-05-08 00:40:32] [INFO] [ShopBot] 正在连接设备 127.0.0.1:16384（第 2/2 次）
[2026-05-08 00:40:32] [WARNING] [ShopBot] 连接输出异常: failed to connect
[2026-05-08 00:40:32] [ERROR] [ShopBot] 连接失败（第 2/2 次）: failed to connect
[2026-05-08 00:40:32] [ERROR] [ShopBot] 设备连接失败，已重试 2 次: 127.0.0.1:16384
[2026-05-08 00:40:32] [INFO] [ShopBot] 正在连接设备 127.0.0.1:16384（第 1/8 次）
[2026-05-08 00:40:32] [WARNING] [ShopBot] 连接输出异常: failed to connect
[2026-05-08 00:40:32] [ERROR] [ShopBot] 连接失败（第 1/8 次）: failed to connect
[2026-05-08 00:40:32] [INFO] [ShopBot] 等待 0.01215454878249575 秒后重试...
[2026-05-08 00:40:32] [INFO] [ShopBot] 正在连接设备 127.0.0.1:16384（第 2/8 次）
[2026-05-08 00:40:32] [WARNING] [ShopBot] 连接输出异常: failed to connect
[2026-05-08 00:40:32] [ERROR] [ShopBot] 连接失败（第 2/8 次）: failed to connect
[2026-05-08 00:40:32] [INFO] [ShopBot] 等待 0.01215454878249575 秒后重试...
[2026-05-08 00:40:32] [INFO] [ShopBot] 正在连接设备 127.0.0.1:16384（第 3/8 次）
[2026-05-08 00:40:32] [WARNING] [ShopBot] 连接输出异常: failed to connect
[2026-05-08 00:40:32] [ERROR] [ShopBot] 连接失败（第 3/8 次）: failed to connect
[2026-05-08 00:40:32] [INFO] [ShopBot] 等待 0.01215454878249575 秒后重试...
[2026-05-08 00:40:32] [INFO] [ShopBot] 正在连接设备 127.0.0.1:16384（第 4/8 次）
[2026-05-08 00:40:32] [WARNING] [ShopBot] 连接输出异常: failed to connect
[2026-05-08 00:40:32] [ERROR] [ShopBot] 连接失败（第 4/8 次）: failed to connect
[2026-05-08 00:40:32] [INFO] [ShopBot] 等待 0.01215454878249575 秒后重试...
[2026-05-08 00:40:32] [INFO] [ShopBot] 正在连接设备 127.0.0.1:16384（第 5/8 次）
[2026-05-08 00:40:32] [WARNING] [ShopBot] 连接输出异常: failed to connect
[2026-05-08 00:40:32] [ERROR] [ShopBot] 连接失败（第 5/8 次）: failed to connect
[2026-05-08 00:40:32] [INFO] [ShopBot] 等待 0.01215454878249575 秒后重试...
[2026-05-08 00:40:32] [INFO] [ShopBot] 正在连接设备 127.0.0.1:16384（第 6/8 次）
[2026-05-08 00:40:32] [WARNING] [ShopBot] 连接输出异常: failed to connect
[2026-05-08 00:40:32] [ERROR] [ShopBot] 连接失败（第 6/8 次）: failed to connect
[2026-05-08 00:40:32] [INFO] [ShopBot] 等待 0.01215454878249575 秒后重试...
[2026-05-08 00:40:32] [INFO] [ShopBot] 正在连接设备 127.0.0.1:16384（第 7/8 次）
[2026-05-08 00:40:32] [WARNING] [ShopBot] 连接输出异常: failed to connect
[2026-05-08 00:40:32] [ERROR] [ShopBot] 连接失败（第 7/8 次）: failed to connect
[2026-05-08 00:40:32] [INFO] [ShopBot] 等待 0.01215454878249575 秒后重试...
[2026-05-08 00:40:32] [INFO] [ShopBot] 正在连接设备 127.0.0.1:16384（第 8/8 次）
[2026-05-08 00:40:32] [WARNING] [ShopBot] 连接输出异常: failed to connect
[2026-05-08 00:40:32] [ERROR] [ShopBot] 连接失败（第 8/8 次）: failed to connect
[2026-05-08 00:40:32] [ERROR] [ShopBot] 设备连接失败，已重试 8 次: 127.0.0.1:16384
[2026-05-08 00:40:32] [INFO] [ShopBot] 正在连接设备 127.0.0.1:16384（第 1/8 次）
[2026-05-08 00:40:32] [WARNING] [ShopBot] 连接输出异常: failed to connect
[2026-05-08 00:40:32] [ERROR] [ShopBot] 连接失败（第 1/8 次）: failed to connect
[2026-05-08 00:40:32] [INFO] [ShopBot] 等待 0.024961332395803178 秒后重试...
[2026-05-08 00:40:32] [INFO] [ShopBot] 正在连接设备 127.0.0.1:16384（第 2/8 次）
[2026-05-08 00:40:32] [WARNING] [ShopBot] 连接输出异常: failed to connect
[2026-05-08 00:40:32] [ERROR] [ShopBot] 连接失败（第 2/8 次）: failed to connect
[2026-05-08 00:40:32] [INFO] [ShopBot] 等待 0.024961332395803178 秒后重试...
[2026-05-08 00:40:32] [INFO] [ShopBot] 正在连接设备 127.0.0.1:16384（第 3/8 次）
[2026-05-08 00:40:32] [WARNING] [ShopBot] 连接输出异常: failed to connect
[2026-05-08 00:40:32] [ERROR] [ShopBot] 连接失败（第 3/8 次）: failed to connect
[2026-05-08 00:40:32] [INFO] [ShopBot] 等待 0.024961332395803178 秒后重试...
[2026-05-08 00:40:32] [INFO] [ShopBot] 正在连接设备 127.0.0.1:16384（第 4/8 次）
[2026-05-08 00:40:32] [WARNING] [ShopBot] 连接输出异常: failed to connect
[2026-05-08 00:40:32] [ERROR] [ShopBot] 连接失败（第 4/8 次）: failed to connect
[2026-05-08 00:40:32] [INFO] [ShopBot] 等待 0.024961332395803178 秒后重试...
[2026-05-08 00:40:32] [INFO] [ShopBot] 正在连接设备 127.0.0.1:16384（第 5/8 次）
[2026-05-08 00:40:32] [WARNING] [ShopBot] 连接输出异常: failed to connect
[2026-05-08 00:40:32] [ERROR] [ShopBot] 连接失败（第 5/8 次）: failed to connect
[2026-05-08 00:40:32] [INFO] [ShopBot] 等待 0.024961332395803178 秒后重试...
[2026-05-08 00:40:32] [INFO] [ShopBot] 正在连接设备 127.0.0.1:16384（第 6/8 次）
[2026-05-08 00:40:32] [WARNING] [ShopBot] 连接输出异常: failed to connect
[2026-05-08 00:40:32] [ERROR] [ShopBot] 连接失败（第 6/8 次）: failed to connect
[2026-05-08 00:40:32] [INFO] [ShopBot] 等待 0.024961332395803178 秒后重试...
[2026-05-08 00:40:32] [INFO] [ShopBot] 正在连接设备 127.0.0.1:16384（第 7/8 次）
[2026-05-08 00:40:32] [WARNING] [ShopBot] 连接输出异常: failed to connect
[2026-05-08 00:40:32] [ERROR] [ShopBot] 连接失败（第 7/8 次）: failed to connect
[2026-05-08 00:40:32] [INFO] [ShopBot] 等待 0.024961332395803178 秒后重试...
[2026-05-08 00:40:32] [INFO] [ShopBot] 正在连接设备 127.0.0.1:16384（第 8/8 次）
[2026-05-08 00:40:32] [WARNING] [ShopBot] 连接输出异常: failed to connect
[2026-05-08 00:40:32] [ERROR] [ShopBot] 连接失败（第 8/8 次）: failed to connect
[2026-05-08 00:40:32] [ERROR] [ShopBot] 设备连接失败，已重试 8 次: 127.0.0.1:16384
[2026-05-08 00:40:32] [INFO] [ShopBot] 正在连接设备 127.0.0.1:16384（第 1/4 次）
[2026-05-08 00:40:32] [WARNING] [ShopBot] 连接输出异常: failed to connect
[2026-05-08 00:40:32] [ERROR] [ShopBot] 连接失败（第 1/4 次）: failed to connect
[2026-05-08 00:40:32] [INFO] [ShopBot] 等待 0.030379787308150358 秒后重试...
[2026-05-08 00:40:32] [INFO] [ShopBot] 正在连接设备 127.0.0.1:16384（第 2/4 次）
[2026-05-08 00:40:32] [WARNING] [ShopBot] 连接输出异常: failed to connect
[2026-05-08 00:40:32] [ERROR] [ShopBot] 连接失败（第 2/4 次）: failed to connect
[2026-05-08 00:40:32] [INFO] [ShopBot] 等待 0.030379787308150358 秒后重试...
[2026-05-08 00:40:32] [INFO] [ShopBot] 正在连接设备 127.0.0.1:16384（第 3/4 次）
[2026-05-08 00:40:32] [WARNING] [ShopBot] 连接输出异常: failed to connect
[2026-05-08 00:40:32] [ERROR] [ShopBot] 连接失败（第 3/4 次）: failed to connect
[2026-05-08 00:40:32] [INFO] [ShopBot] 等待 0.030379787308150358 秒后重试...
[2026-05-08 00:40:32] [INFO] [ShopBot] 正在连接设备 127.0.0.1:16384（第 4/4 次）
[2026-05-08 00:40:32] [WARNING] [ShopBot] 连接输出异常: failed to connect
[2026-05-08 00:40:32] [ERROR] [ShopBot] 连接失败（第 4/4 次）: failed to connect
[2026-05-08 00:40:32] [ERROR] [ShopBot] 设备连接失败，已重试 4 次: 127.0.0.1:16384
[2026-05-08 00:40:32] [INFO] [ShopBot] 正在连接设备 127.0.0.1:16384（第 1/9 次）
[2026-05-08 00:40:32] [WARNING] [ShopBot] 连接输出异常: failed to connect
[2026-05-08 00:40:32] [ERROR] [ShopBot] 连接失败（第 1/9 次）: failed to connect
[2026-05-08 00:40:32] [INFO] [ShopBot] 等待 0.058576359391488135 秒后重试...
[2026-05-08 00:40:32] [INFO] [ShopBot] 正在连接设备 127.0.0.1:16384（第 2/9 次）
[2026-05-08 00:40:32] [WARNING] [ShopBot] 连接输出异常: failed to connect
[2026-05-08 00:40:32] [ERROR] [ShopBot] 连接失败（第 2/9 次）: failed to connect
[2026-05-08 00:40:32] [INFO] [ShopBot] 等待 0.058576359391488135 秒后重试...
[2026-05-08 00:40:32] [INFO] [ShopBot] 正在连接设备 127.0.0.1:16384（第 3/9 次）
[2026-05-08 00:40:32] [WARNING] [ShopBot] 连接输出异常: failed to connect
[2026-05-08 00:40:32] [ERROR] [ShopBot] 连接失败（第 3/9 次）: failed to connect
[2026-05-08 00:40:32] [INFO] [ShopBot] 等待 0.058576359391488135 秒后重试...
[2026-05-08 00:40:32] [INFO] [ShopBot] 正在连接设备 127.0.0.1:16384（第 4/9 次）
[2026-05-08 00:40:32] [WARNING] [ShopBot] 连接输出异常: failed to connect
[2026-05-08 00:40:32] [ERROR] [ShopBot] 连接失败（第 4/9 次）: failed to connect
[2026-05-08 00:40:32] [INFO] [ShopBot] 等待 0.058576359391488135 秒后重试...
[2026-05-08 00:40:32] [INFO] [ShopBot] 正在连接设备 127.0.0.1:16384（第 5/9 次）
[2026-05-08 00:40:32] [WARNING] [ShopBot] 连接输出异常: failed to connect
[2026-05-08 00:40:32] [ERROR] [ShopBot] 连接失败（第 5/9 次）: failed to connect
[2026-05-08 00:40:32] [INFO] [ShopBot] 等待 0.058576359391488135 秒后重试...
[2026-05-08 00:40:32] [INFO] [ShopBot] 正在连接设备 127.0.0.1:16384（第 6/9 次）
[2026-05-08 00:40:32] [WARNING] [ShopBot] 连接输出异常: failed to connect
[2026-05-08 00:40:32] [ERROR] [ShopBot] 连接失败（第 6/9 次）: failed to connect
[2026-05-08 00:40:32] [INFO] [ShopBot] 等待 0.058576359391488135 秒后重试...
[2026-05-08 00:40:32] [INFO] [ShopBot] 正在连接设备 127.0.0.1:16384（第 7/9 次）
[2026-05-08 00:40:32] [WARNING] [ShopBot] 连接输出异常: failed to connect
[2026-05-08 00:40:32] [ERROR] [ShopBot] 连接失败（第 7/9 次）: failed to connect
[2026-05-08 00:40:32] [INFO] [ShopBot] 等待 0.058576359391488135 秒后重试...
[2026-05-08 00:40:32] [INFO] [ShopBot] 正在连接设备 127.0.0.1:16384（第 8/9 次）
[2026-05-08 00:40:32] [WARNING] [ShopBot] 连接输出异常: failed to connect
[2026-05-08 00:40:32] [ERROR] [ShopBot] 连接失败（第 8/9 次）: failed to connect
[2026-05-08 00:40:32] [INFO] [ShopBot] 等待 0.058576359391488135 秒后重试...
[2026-05-08 00:40:32] [INFO] [ShopBot] 正在连接设备 127.0.0.1:16384（第 9/9 次）
[2026-05-08 00:40:32] [WARNING] [ShopBot] 连接输出异常: failed to connect
[2026-05-08 00:40:32] [ERROR] [ShopBot] 连接失败（第 9/9 次）: failed to connect
[2026-05-08 00:40:32] [ERROR] [ShopBot] 设备连接失败，已重试 9 次: 127.0.0.1:16384
[2026-05-08 00:40:32] [INFO] [ShopBot] 正在连接设备 127.0.0.1:16384（第 1/5 次）
[2026-05-08 00:40:32] [WARNING] [ShopBot] 连接输出异常: failed to connect
[2026-05-08 00:40:32] [ERROR] [ShopBot] 连接失败（第 1/5 次）: failed to connect
[2026-05-08 00:40:32] [INFO] [ShopBot] 等待 0.025394734197067576 秒后重试...
[2026-05-08 00:40:32] [INFO] [ShopBot] 正在连接设备 127.0.0.1:16384（第 2/5 次）
[2026-05-08 00:40:32] [WARNING] [ShopBot] 连接输出异常: failed to connect
[2026-05-08 00:40:32] [ERROR] [ShopBot] 连接失败（第 2/5 次）: failed to connect
[2026-05-08 00:40:32] [INFO] [ShopBot] 等待 0.025394734197067576 秒后重试...
[2026-05-08 00:40:32] [INFO] [ShopBot] 正在连接设备 127.0.0.1:16384（第 3/5 次）
[2026-05-08 00:40:32] [WARNING] [ShopBot] 连接输出异常: failed to connect
[2026-05-08 00:40:32] [ERROR] [ShopBot] 连接失败（第 3/5 次）: failed to connect
[2026-05-08 00:40:32] [INFO] [ShopBot] 等待 0.025394734197067576 秒后重试...
[2026-05-08 00:40:32] [INFO] [ShopBot] 正在连接设备 127.0.0.1:16384（第 4/5 次）
[2026-05-08 00:40:32] [WARNING] [ShopBot] 连接输出异常: failed to connect
[2026-05-08 00:40:32] [ERROR] [ShopBot] 连接失败（第 4/5 次）: failed to connect
[2026-05-08 00:40:32] [INFO] [ShopBot] 等待 0.025394734197067576 秒后重试...
[2026-05-08 00:40:32] [INFO] [ShopBot] 正在连接设备 127.0.0.1:16384（第 5/5 次）
[2026-05-08 00:40:32] [WARNING] [ShopBot] 连接输出异常: failed to connect
[2026-05-08 00:40:32] [ERROR] [ShopBot] 连接失败（第 5/5 次）: failed to connect
[2026-05-08 00:40:32] [ERROR] [ShopBot] 设备连接失败，已重试 5 次: 127.0.0.1:16384
[2026-05-08 00:40:32] [INFO] [ShopBot] 正在连接设备 127.0.0.1:16384（第 1/6 次）
[2026-05-08 00:40:32] [WARNING] [ShopBot] 连接输出异常: failed to connect
[2026-05-08 00:40:32] [ERROR] [ShopBot] 连接失败（第 1/6 次）: failed to connect
[2026-05-08 00:40:32] [INFO] [ShopBot] 等待 0.021986823180773434 秒后重试...
[2026-05-08 00:40:32] [INFO] [ShopBot] 正在连接设备 127.0.0.1:16384（第 2/6 次）
[2026-05-08 00:40:32] [WARNING] [ShopBot] 连接输出异常: failed to connect
[2026-05-08 00:40:32] [ERROR] [ShopBot] 连接失败（第 2/6 次）: failed to connect
[2026-05-08 00:40:32] [INFO] [ShopBot] 等待 0.021986823180773434 秒后重试...
[2026-05-08 00:40:32] [INFO] [ShopBot] 正在连接设备 127.0.0.1:16384（第 3/6 次）
[2026-05-08 00:40:32] [WARNING] [ShopBot] 连接输出异常: failed to connect
[2026-05-08 00:40:32] [ERROR] [ShopBot] 连接失败（第 3/6 次）: failed to connect
[2026-05-08 00:40:32] [INFO] [ShopBot] 等待 0.021986823180773434 秒后重试...
[2026-05-08 00:40:32] [INFO] [ShopBot] 正在连接设备 127.0.0.1:16384（第 4/6 次）
[2026-05-08 00:40:32] [WARNING] [ShopBot] 连接输出异常: failed to connect
[2026-05-08 00:40:32] [ERROR] [ShopBot] 连接失败（第 4/6 次）: failed to connect
[2026-05-08 00:40:32] [INFO] [ShopBot] 等待 0.021986823180773434 秒后重试...
[2026-05-08 00:40:32] [INFO] [ShopBot] 正在连接设备 127.0.0.1:16384（第 5/6 次）
[2026-05-08 00:40:32] [WARNING] [ShopBot] 连接输出异常: failed to connect
[2026-05-08 00:40:32] [ERROR] [ShopBot] 连接失败（第 5/6 次）: failed to connect
[2026-05-08 00:40:32] [INFO] [ShopBot] 等待 0.021986823180773434 秒后重试...
[2026-05-08 00:40:32] [INFO] [ShopBot] 正在连接设备 127.0.0.1:16384（第 6/6 次）
[2026-05-08 00:40:32] [WARNING] [ShopBot] 连接输出异常: failed to connect
[2026-05-08 00:40:32] [ERROR] [ShopBot] 连接失败（第 6/6 次）: failed to connect
[2026-05-08 00:40:32] [ERROR] [ShopBot] 设备连接失败，已重试 6 次: 127.0.0.1:16384
[2026-05-08 00:40:32] [INFO] [ShopBot] 正在连接设备 127.0.0.1:16384（第 1/10 次）
[2026-05-08 00:40:32] [WARNING] [ShopBot] 连接输出异常: failed to connect
[2026-05-08 00:40:32] [ERROR] [ShopBot] 连接失败（第 1/10 次）: failed to connect
[2026-05-08 00:40:32] [INFO] [ShopBot] 等待 0.013390295410867935 秒后重试...
[2026-05-08 00:40:32] [INFO] [ShopBot] 正在连接设备 127.0.0.1:16384（第 2/10 次）
[2026-05-08 00:40:32] [WARNING] [ShopBot] 连接输出异常: failed to connect
[2026-05-08 00:40:32] [ERROR] [ShopBot] 连接失败（第 2/10 次）: failed to connect
[2026-05-08 00:40:32] [INFO] [ShopBot] 等待 0.013390295410867935 秒后重试...
[2026-05-08 00:40:32] [INFO] [ShopBot] 正在连接设备 127.0.0.1:16384（第 3/10 次）
[2026-05-08 00:40:32] [WARNING] [ShopBot] 连接输出异常: failed to connect
[2026-05-08 00:40:32] [ERROR] [ShopBot] 连接失败（第 3/10 次）: failed to connect
[2026-05-08 00:40:32] [INFO] [ShopBot] 等待 0.013390295410867935 秒后重试...
[2026-05-08 00:40:32] [INFO] [ShopBot] 正在连接设备 127.0.0.1:16384（第 4/10 次）
[2026-05-08 00:40:32] [WARNING] [ShopBot] 连接输出异常: failed to connect
[2026-05-08 00:40:32] [ERROR] [ShopBot] 连接失败（第 4/10 次）: failed to connect
[2026-05-08 00:40:32] [INFO] [ShopBot] 等待 0.013390295410867935 秒后重试...
[2026-05-08 00:40:32] [INFO] [ShopBot] 正在连接设备 127.0.0.1:16384（第 5/10 次）
[2026-05-08 00:40:32] [WARNING] [ShopBot] 连接输出异常: failed to connect
[2026-05-08 00:40:32] [ERROR] [ShopBot] 连接失败（第 5/10 次）: failed to connect
[2026-05-08 00:40:32] [INFO] [ShopBot] 等待 0.013390295410867935 秒后重试...
[2026-05-08 00:40:32] [INFO] [ShopBot] 正在连接设备 127.0.0.1:16384（第 6/10 次）
[2026-05-08 00:40:32] [WARNING] [ShopBot] 连接输出异常: failed to connect
[2026-05-08 00:40:32] [ERROR] [ShopBot] 连接失败（第 6/10 次）: failed to connect
[2026-05-08 00:40:32] [INFO] [ShopBot] 等待 0.013390295410867935 秒后重试...
[2026-05-08 00:40:32] [INFO] [ShopBot] 正在连接设备 127.0.0.1:16384（第 7/10 次）
[2026-05-08 00:40:32] [WARNING] [ShopBot] 连接输出异常: failed to connect
[2026-05-08 00:40:32] [ERROR] [ShopBot] 连接失败（第 7/10 次）: failed to connect
[2026-05-08 00:40:32] [INFO] [ShopBot] 等待 0.013390295410867935 秒后重试...
[2026-05-08 00:40:32] [INFO] [ShopBot] 正在连接设备 127.0.0.1:16384（第 8/10 次）
[2026-05-08 00:40:32] [WARNING] [ShopBot] 连接输出异常: failed to connect
[2026-05-08 00:40:32] [ERROR] [ShopBot] 连接失败（第 8/10 次）: failed to connect
[2026-05-08 00:40:32] [INFO] [ShopBot] 等待 0.013390295410867935 秒后重试...
[2026-05-08 00:40:32] [INFO] [ShopBot] 正在连接设备 127.0.0.1:16384（第 9/10 次）
[2026-05-08 00:40:32] [WARNING] [ShopBot] 连接输出异常: failed to connect
[2026-05-08 00:40:32] [ERROR] [ShopBot] 连接失败（第 9/10 次）: failed to connect
[2026-05-08 00:40:32] [INFO] [ShopBot] 等待 0.013390295410867935 秒后重试...
[2026-05-08 00:40:32] [INFO] [ShopBot] 正在连接设备 127.0.0.1:16384（第 10/10 次）
[2026-05-08 00:40:32] [WARNING] [ShopBot] 连接输出异常: failed to connect
[2026-05-08 00:40:32] [ERROR] [ShopBot] 连接失败（第 10/10 次）: failed to connect
[2026-05-08 00:40:32] [ERROR] [ShopBot] 设备连接失败，已重试 10 次: 127.0.0.1:16384
[2026-05-08 00:40:32] [INFO] [ShopBot] 正在连接设备 127.0.0.1:16384（第 1/1 次）
[2026-05-08 00:40:32] [WARNING] [ShopBot] 连接输出异常: failed to connect
[2026-05-08 00:40:32] [ERROR] [ShopBot] 连接失败（第 1/1 次）: failed to connect
[2026-05-08 00:40:32] [ERROR] [ShopBot] 设备连接失败，已重试 1 次: 127.0.0.1:16384
[2026-05-08 00:40:32] [INFO] [ShopBot] 正在连接设备 127.0.0.1:16384（第 1/3 次）
[2026-05-08 00:40:32] [WARNING] [ShopBot] 连接输出异常: failed to connect
[2026-05-08 00:40:32] [ERROR] [ShopBot] 连接失败（第 1/3 次）: failed to connect
[2026-05-08 00:40:32] [INFO] [ShopBot] 等待 0.04406297286218387 秒后重试...
[2026-05-08 00:40:32] [INFO] [ShopBot] 正在连接设备 127.0.0.1:16384（第 2/3 次）
[2026-05-08 00:40:32] [WARNING] [ShopBot] 连接输出异常: failed to connect
[2026-05-08 00:40:32] [ERROR] [ShopBot] 连接失败（第 2/3 次）: failed to connect
[2026-05-08 00:40:32] [INFO] [ShopBot] 等待 0.04406297286218387 秒后重试...
[2026-05-08 00:40:32] [INFO] [ShopBot] 正在连接设备 127.0.0.1:16384（第 3/3 次）
[2026-05-08 00:40:32] [WARNING] [ShopBot] 连接输出异常: failed to connect
[2026-05-08 00:40:32] [ERROR] [ShopBot] 连接失败（第 3/3 次）: failed to connect
[2026-05-08 00:40:32] [ERROR] [ShopBot] 设备连接失败，已重试 3 次: 127.0.0.1:16384
[2026-05-08 00:40:32] [INFO] [ShopBot] 正在连接设备 127.0.0.1:16384（第 1/10 次）
[2026-05-08 00:40:32] [WARNING] [ShopBot] 连接输出异常: failed to connect
[2026-05-08 00:40:32] [ERROR] [ShopBot] 连接失败（第 1/10 次）: failed to connect
[2026-05-08 00:40:32] [INFO] [ShopBot] 等待 0.022428303941102214 秒后重试...
[2026-05-08 00:40:32] [INFO] [ShopBot] 正在连接设备 127.0.0.1:16384（第 2/10 次）
[2026-05-08 00:40:32] [WARNING] [ShopBot] 连接输出异常: failed to connect
[2026-05-08 00:40:32] [ERROR] [ShopBot] 连接失败（第 2/10 次）: failed to connect
[2026-05-08 00:40:32] [INFO] [ShopBot] 等待 0.022428303941102214 秒后重试...
[2026-05-08 00:40:32] [INFO] [ShopBot] 正在连接设备 127.0.0.1:16384（第 3/10 次）
[2026-05-08 00:40:32] [WARNING] [ShopBot] 连接输出异常: failed to connect
[2026-05-08 00:40:32] [ERROR] [ShopBot] 连接失败（第 3/10 次）: failed to connect
[2026-05-08 00:40:32] [INFO] [ShopBot] 等待 0.022428303941102214 秒后重试...
[2026-05-08 00:40:32] [INFO] [ShopBot] 正在连接设备 127.0.0.1:16384（第 4/10 次）
[2026-05-08 00:40:32] [WARNING] [ShopBot] 连接输出异常: failed to connect
[2026-05-08 00:40:32] [ERROR] [ShopBot] 连接失败（第 4/10 次）: failed to connect
[2026-05-08 00:40:32] [INFO] [ShopBot] 等待 0.022428303941102214 秒后重试...
[2026-05-08 00:40:32] [INFO] [ShopBot] 正在连接设备 127.0.0.1:16384（第 5/10 次）
[2026-05-08 00:40:32] [WARNING] [ShopBot] 连接输出异常: failed to connect
[2026-05-08 00:40:32] [ERROR] [ShopBot] 连接失败（第 5/10 次）: failed to connect
[2026-05-08 00:40:32] [INFO] [ShopBot] 等待 0.022428303941102214 秒后重试...
[2026-05-08 00:40:32] [INFO] [ShopBot] 正在连接设备 127.0.0.1:16384（第 6/10 次）
[2026-05-08 00:40:32] [WARNING] [ShopBot] 连接输出异常: failed to connect
[2026-05-08 00:40:32] [ERROR] [ShopBot] 连接失败（第 6/10 次）: failed to connect
[2026-05-08 00:40:32] [INFO] [ShopBot] 等待 0.022428303941102214 秒后重试...
[2026-05-08 00:40:32] [INFO] [ShopBot] 正在连接设备 127.0.0.1:16384（第 7/10 次）
[2026-05-08 00:40:32] [WARNING] [ShopBot] 连接输出异常: failed to connect
[2026-05-08 00:40:32] [ERROR] [ShopBot] 连接失败（第 7/10 次）: failed to connect
[2026-05-08 00:40:32] [INFO] [ShopBot] 等待 0.022428303941102214 秒后重试...
[2026-05-08 00:40:32] [INFO] [ShopBot] 正在连接设备 127.0.0.1:16384（第 8/10 次）
[2026-05-08 00:40:32] [WARNING] [ShopBot] 连接输出异常: failed to connect
[2026-05-08 00:40:32] [ERROR] [ShopBot] 连接失败（第 8/10 次）: failed to connect
[2026-05-08 00:40:32] [INFO] [ShopBot] 等待 0.022428303941102214 秒后重试...
[2026-05-08 00:40:32] [INFO] [ShopBot] 正在连接设备 127.0.0.1:16384（第 9/10 次）
[2026-05-08 00:40:32] [WARNING] [ShopBot] 连接输出异常: failed to connect
[2026-05-08 00:40:32] [ERROR] [ShopBot] 连接失败（第 9/10 次）: failed to connect
[2026-05-08 00:40:32] [INFO] [ShopBot] 等待 0.022428303941102214 秒后重试...
[2026-05-08 00:40:32] [INFO] [ShopBot] 正在连接设备 127.0.0.1:16384（第 10/10 次）
[2026-05-08 00:40:32] [WARNING] [ShopBot] 连接输出异常: failed to connect
[2026-05-08 00:40:32] [ERROR] [ShopBot] 连接失败（第 10/10 次）: failed to connect
[2026-05-08 00:40:32] [ERROR] [ShopBot] 设备连接失败，已重试 10 次: 127.0.0.1:16384
[2026-05-08 00:40:32] [INFO] [ShopBot] 正在连接设备 127.0.0.1:16384（第 1/4 次）
[2026-05-08 00:40:32] [WARNING] [ShopBot] 连接输出异常: failed to connect
[2026-05-08 00:40:32] [ERROR] [ShopBot] 连接失败（第 1/4 次）: failed to connect
[2026-05-08 00:40:32] [INFO] [ShopBot] 等待 0.013282193000692766 秒后重试...
[2026-05-08 00:40:32] [INFO] [ShopBot] 正在连接设备 127.0.0.1:16384（第 2/4 次）
[2026-05-08 00:40:32] [WARNING] [ShopBot] 连接输出异常: failed to connect
[2026-05-08 00:40:32] [ERROR] [ShopBot] 连接失败（第 2/4 次）: failed to connect
[2026-05-08 00:40:32] [INFO] [ShopBot] 等待 0.013282193000692766 秒后重试...
[2026-05-08 00:40:32] [INFO] [ShopBot] 正在连接设备 127.0.0.1:16384（第 3/4 次）
[2026-05-08 00:40:32] [WARNING] [ShopBot] 连接输出异常: failed to connect
[2026-05-08 00:40:32] [ERROR] [ShopBot] 连接失败（第 3/4 次）: failed to connect
[2026-05-08 00:40:32] [INFO] [ShopBot] 等待 0.013282193000692766 秒后重试...
[2026-05-08 00:40:32] [INFO] [ShopBot] 正在连接设备 127.0.0.1:16384（第 4/4 次）
[2026-05-08 00:40:32] [WARNING] [ShopBot] 连接输出异常: failed to connect
[2026-05-08 00:40:32] [ERROR] [ShopBot] 连接失败（第 4/4 次）: failed to connect
[2026-05-08 00:40:32] [ERROR] [ShopBot] 设备连接失败，已重试 4 次: 127.0.0.1:16384
[2026-05-08 00:40:32] [INFO] [ShopBot] 正在连接设备 127.0.0.1:16384（第 1/9 次）
[2026-05-08 00:40:32] [WARNING] [ShopBot] 连接输出异常: failed to connect
[2026-05-08 00:40:32] [ERROR] [ShopBot] 连接失败（第 1/9 次）: failed to connect
[2026-05-08 00:40:32] [INFO] [ShopBot] 等待 0.08530611561057062 秒后重试...
[2026-05-08 00:40:32] [INFO] [ShopBot] 正在连接设备 127.0.0.1:16384（第 2/9 次）
[2026-05-08 00:40:32] [WARNING] [ShopBot] 连接输出异常: failed to connect
[2026-05-08 00:40:32] [ERROR] [ShopBot] 连接失败（第 2/9 次）: failed to connect
[2026-05-08 00:40:32] [INFO] [ShopBot] 等待 0.08530611561057062 秒后重试...
[2026-05-08 00:40:32] [INFO] [ShopBot] 正在连接设备 127.0.0.1:16384（第 3/9 次）
[2026-05-08 00:40:32] [WARNING] [ShopBot] 连接输出异常: failed to connect
[2026-05-08 00:40:32] [ERROR] [ShopBot] 连接失败（第 3/9 次）: failed to connect
[2026-05-08 00:40:32] [INFO] [ShopBot] 等待 0.08530611561057062 秒后重试...
[2026-05-08 00:40:32] [INFO] [ShopBot] 正在连接设备 127.0.0.1:16384（第 4/9 次）
[2026-05-08 00:40:32] [WARNING] [ShopBot] 连接输出异常: failed to connect
[2026-05-08 00:40:32] [ERROR] [ShopBot] 连接失败（第 4/9 次）: failed to connect
[2026-05-08 00:40:32] [INFO] [ShopBot] 等待 0.08530611561057062 秒后重试...
[2026-05-08 00:40:32] [INFO] [ShopBot] 正在连接设备 127.0.0.1:16384（第 5/9 次）
[2026-05-08 00:40:32] [WARNING] [ShopBot] 连接输出异常: failed to connect
[2026-05-08 00:40:32] [ERROR] [ShopBot] 连接失败（第 5/9 次）: failed to connect
[2026-05-08 00:40:32] [INFO] [ShopBot] 等待 0.08530611561057062 秒后重试...
[2026-05-08 00:40:32] [INFO] [ShopBot] 正在连接设备 127.0.0.1:16384（第 6/9 次）
[2026-05-08 00:40:32] [WARNING] [ShopBot] 连接输出异常: failed to connect
[2026-05-08 00:40:32] [ERROR] [ShopBot] 连接失败（第 6/9 次）: failed to connect
[2026-05-08 00:40:32] [INFO] [ShopBot] 等待 0.08530611561057062 秒后重试...
[2026-05-08 00:40:32] [INFO] [ShopBot] 正在连接设备 127.0.0.1:16384（第 7/9 次）
[2026-05-08 00:40:32] [WARNING] [ShopBot] 连接输出异常: failed to connect
[2026-05-08 00:40:32] [ERROR] [ShopBot] 连接失败（第 7/9 次）: failed to connect
[2026-05-08 00:40:32] [INFO] [ShopBot] 等待 0.08530611561057062 秒后重试...
[2026-05-08 00:40:32] [INFO] [ShopBot] 正在连接设备 127.0.0.1:16384（第 8/9 次）
[2026-05-08 00:40:32] [WARNING] [ShopBot] 连接输出异常: failed to connect
[2026-05-08 00:40:32] [ERROR] [ShopBot] 连接失败（第 8/9 次）: failed to connect
[2026-05-08 00:40:32] [INFO] [ShopBot] 等待 0.08530611561057062 秒后重试...
[2026-05-08 00:40:32] [INFO] [ShopBot] 正在连接设备 127.0.0.1:16384（第 9/9 次）
[2026-05-08 00:40:32] [WARNING] [ShopBot] 连接输出异常: failed to connect
[2026-05-08 00:40:32] [ERROR] [ShopBot] 连接失败（第 9/9 次）: failed to connect
[2026-05-08 00:40:32] [ERROR] [ShopBot] 设备连接失败，已重试 9 次: 127.0.0.1:16384
[2026-05-08 00:40:32] [INFO] [ShopBot] 正在连接设备 127.0.0.1:16384（第 1/9 次）
[2026-05-08 00:40:32] [WARNING] [ShopBot] 连接输出异常: failed to connect
[2026-05-08 00:40:32] [ERROR] [ShopBot] 连接失败（第 1/9 次）: failed to connect
[2026-05-08 00:40:32] [INFO] [ShopBot] 等待 0.07505852252516322 秒后重试...
[2026-05-08 00:40:32] [INFO] [ShopBot] 正在连接设备 127.0.0.1:16384（第 2/9 次）
[2026-05-08 00:40:32] [WARNING] [ShopBot] 连接输出异常: failed to connect
[2026-05-08 00:40:32] [ERROR] [ShopBot] 连接失败（第 2/9 次）: failed to connect
[2026-05-08 00:40:32] [INFO] [ShopBot] 等待 0.07505852252516322 秒后重试...
[2026-05-08 00:40:32] [INFO] [ShopBot] 正在连接设备 127.0.0.1:16384（第 3/9 次）
[2026-05-08 00:40:32] [WARNING] [ShopBot] 连接输出异常: failed to connect
[2026-05-08 00:40:32] [ERROR] [ShopBot] 连接失败（第 3/9 次）: failed to connect
[2026-05-08 00:40:32] [INFO] [ShopBot] 等待 0.07505852252516322 秒后重试...
[2026-05-08 00:40:32] [INFO] [ShopBot] 正在连接设备 127.0.0.1:16384（第 4/9 次）
[2026-05-08 00:40:32] [WARNING] [ShopBot] 连接输出异常: failed to connect
[2026-05-08 00:40:32] [ERROR] [ShopBot] 连接失败（第 4/9 次）: failed to connect
[2026-05-08 00:40:32] [INFO] [ShopBot] 等待 0.07505852252516322 秒后重试...
[2026-05-08 00:40:32] [INFO] [ShopBot] 正在连接设备 127.0.0.1:16384（第 5/9 次）
[2026-05-08 00:40:32] [WARNING] [ShopBot] 连接输出异常: failed to connect
[2026-05-08 00:40:32] [ERROR] [ShopBot] 连接失败（第 5/9 次）: failed to connect
[2026-05-08 00:40:32] [INFO] [ShopBot] 等待 0.07505852252516322 秒后重试...
[2026-05-08 00:40:32] [INFO] [ShopBot] 正在连接设备 127.0.0.1:16384（第 6/9 次）
[2026-05-08 00:40:32] [WARNING] [ShopBot] 连接输出异常: failed to connect
[2026-05-08 00:40:32] [ERROR] [ShopBot] 连接失败（第 6/9 次）: failed to connect
[2026-05-08 00:40:32] [INFO] [ShopBot] 等待 0.07505852252516322 秒后重试...
[2026-05-08 00:40:32] [INFO] [ShopBot] 正在连接设备 127.0.0.1:16384（第 7/9 次）
[2026-05-08 00:40:32] [WARNING] [ShopBot] 连接输出异常: failed to connect
[2026-05-08 00:40:32] [ERROR] [ShopBot] 连接失败（第 7/9 次）: failed to connect
[2026-05-08 00:40:32] [INFO] [ShopBot] 等待 0.07505852252516322 秒后重试...
[2026-05-08 00:40:32] [INFO] [ShopBot] 正在连接设备 127.0.0.1:16384（第 8/9 次）
[2026-05-08 00:40:32] [WARNING] [ShopBot] 连接输出异常: failed to connect
[2026-05-08 00:40:32] [ERROR] [ShopBot] 连接失败（第 8/9 次）: failed to connect
[2026-05-08 00:40:32] [INFO] [ShopBot] 等待 0.07505852252516322 秒后重试...
[2026-05-08 00:40:32] [INFO] [ShopBot] 正在连接设备 127.0.0.1:16384（第 9/9 次）
[2026-05-08 00:40:32] [WARNING] [ShopBot] 连接输出异常: failed to connect
[2026-05-08 00:40:32] [ERROR] [ShopBot] 连接失败（第 9/9 次）: failed to connect
[2026-05-08 00:40:32] [ERROR] [ShopBot] 设备连接失败，已重试 9 次: 127.0.0.1:16384
[2026-05-08 00:40:32] [INFO] [ShopBot] 正在连接设备 127.0.0.1:16384（第 1/3 次）
[2026-05-08 00:40:32] [WARNING] [ShopBot] 连接输出异常: failed to connect
[2026-05-08 00:40:32] [ERROR] [ShopBot] 连接失败（第 1/3 次）: failed to connect
[2026-05-08 00:40:32] [INFO] [ShopBot] 等待 0.028114882363440223 秒后重试...
[2026-05-08 00:40:32] [INFO] [ShopBot] 正在连接设备 127.0.0.1:16384（第 2/3 次）
[2026-05-08 00:40:32] [WARNING] [ShopBot] 连接输出异常: failed to connect
[2026-05-08 00:40:32] [ERROR] [ShopBot] 连接失败（第 2/3 次）: failed to connect
[2026-05-08 00:40:32] [INFO] [ShopBot] 等待 0.028114882363440223 秒后重试...
[2026-05-08 00:40:32] [INFO] [ShopBot] 正在连接设备 127.0.0.1:16384（第 3/3 次）
[2026-05-08 00:40:32] [WARNING] [ShopBot] 连接输出异常: failed to connect
[2026-05-08 00:40:32] [ERROR] [ShopBot] 连接失败（第 3/3 次）: failed to connect
[2026-05-08 00:40:32] [ERROR] [ShopBot] 设备连接失败，已重试 3 次: 127.0.0.1:16384
[2026-05-08 00:40:32] [INFO] [ShopBot] 正在连接设备 127.0.0.1:16384（第 1/2 次）
[2026-05-08 00:40:32] [WARNING] [ShopBot] 连接输出异常: failed to connect
[2026-05-08 00:40:32] [ERROR] [ShopBot] 连接失败（第 1/2 次）: failed to connect
[2026-05-08 00:40:32] [INFO] [ShopBot] 等待 0.08355990476118452 秒后重试...
[2026-05-08 00:40:32] [INFO] [ShopBot] 正在连接设备 127.0.0.1:16384（第 2/2 次）
[2026-05-08 00:40:32] [WARNING] [ShopBot] 连接输出异常: failed to connect
[2026-05-08 00:40:32] [ERROR] [ShopBot] 连接失败（第 2/2 次）: failed to connect
[2026-05-08 00:40:32] [ERROR] [ShopBot] 设备连接失败，已重试 2 次: 127.0.0.1:16384
[2026-05-08 00:40:32] [INFO] [ShopBot] 正在连接设备 127.0.0.1:16384（第 1/10 次）
[2026-05-08 00:40:32] [WARNING] [ShopBot] 连接输出异常: failed to connect
[2026-05-08 00:40:32] [ERROR] [ShopBot] 连接失败（第 1/10 次）: failed to connect
[2026-05-08 00:40:32] [INFO] [ShopBot] 等待 0.07508011521230315 秒后重试...
[2026-05-08 00:40:32] [INFO] [ShopBot] 正在连接设备 127.0.0.1:16384（第 2/10 次）
[2026-05-08 00:40:32] [WARNING] [ShopBot] 连接输出异常: failed to connect
[2026-05-08 00:40:32] [ERROR] [ShopBot] 连接失败（第 2/10 次）: failed to connect
[2026-05-08 00:40:32] [INFO] [ShopBot] 等待 0.07508011521230315 秒后重试...
[2026-05-08 00:40:32] [INFO] [ShopBot] 正在连接设备 127.0.0.1:16384（第 3/10 次）
[2026-05-08 00:40:32] [WARNING] [ShopBot] 连接输出异常: failed to connect
[2026-05-08 00:40:32] [ERROR] [ShopBot] 连接失败（第 3/10 次）: failed to connect
[2026-05-08 00:40:32] [INFO] [ShopBot] 等待 0.07508011521230315 秒后重试...
[2026-05-08 00:40:32] [INFO] [ShopBot] 正在连接设备 127.0.0.1:16384（第 4/10 次）
[2026-05-08 00:40:32] [WARNING] [ShopBot] 连接输出异常: failed to connect
[2026-05-08 00:40:32] [ERROR] [ShopBot] 连接失败（第 4/10 次）: failed to connect
[2026-05-08 00:40:32] [INFO] [ShopBot] 等待 0.07508011521230315 秒后重试...
[2026-05-08 00:40:32] [INFO] [ShopBot] 正在连接设备 127.0.0.1:16384（第 5/10 次）
[2026-05-08 00:40:32] [WARNING] [ShopBot] 连接输出异常: failed to connect
[2026-05-08 00:40:32] [ERROR] [ShopBot] 连接失败（第 5/10 次）: failed to connect
[2026-05-08 00:40:32] [INFO] [ShopBot] 等待 0.07508011521230315 秒后重试...
[2026-05-08 00:40:32] [INFO] [ShopBot] 正在连接设备 127.0.0.1:16384（第 6/10 次）
[2026-05-08 00:40:32] [WARNING] [ShopBot] 连接输出异常: failed to connect
[2026-05-08 00:40:32] [ERROR] [ShopBot] 连接失败（第 6/10 次）: failed to connect
[2026-05-08 00:40:32] [INFO] [ShopBot] 等待 0.07508011521230315 秒后重试...
[2026-05-08 00:40:32] [INFO] [ShopBot] 正在连接设备 127.0.0.1:16384（第 7/10 次）
[2026-05-08 00:40:32] [WARNING] [ShopBot] 连接输出异常: failed to connect
[2026-05-08 00:40:32] [ERROR] [ShopBot] 连接失败（第 7/10 次）: failed to connect
[2026-05-08 00:40:32] [INFO] [ShopBot] 等待 0.07508011521230315 秒后重试...
[2026-05-08 00:40:32] [INFO] [ShopBot] 正在连接设备 127.0.0.1:16384（第 8/10 次）
[2026-05-08 00:40:32] [WARNING] [ShopBot] 连接输出异常: failed to connect
[2026-05-08 00:40:32] [ERROR] [ShopBot] 连接失败（第 8/10 次）: failed to connect
[2026-05-08 00:40:32] [INFO] [ShopBot] 等待 0.07508011521230315 秒后重试...
[2026-05-08 00:40:32] [INFO] [ShopBot] 正在连接设备 127.0.0.1:16384（第 9/10 次）
[2026-05-08 00:40:32] [WARNING] [ShopBot] 连接输出异常: failed to connect
[2026-05-08 00:40:32] [ERROR] [ShopBot] 连接失败（第 9/10 次）: failed to connect
[2026-05-08 00:40:32] [INFO] [ShopBot] 等待 0.07508011521230315 秒后重试...
[2026-05-08 00:40:32] [INFO] [ShopBot] 正在连接设备 127.0.0.1:16384（第 10/10 次）
[2026-05-08 00:40:32] [WARNING] [ShopBot] 连接输出异常: failed to connect
[2026-05-08 00:40:32] [ERROR] [ShopBot] 连接失败（第 10/10 次）: failed to connect
[2026-05-08 00:40:32] [ERROR] [ShopBot] 设备连接失败，已重试 10 次: 127.0.0.1:16384
[2026-05-08 00:40:32] [INFO] [ShopBot] 正在连接设备 127.0.0.1:16384（第 1/3 次）
[2026-05-08 00:40:32] [INFO] [ShopBot] 设备连接成功: 127.0.0.1:16384
[2026-05-08 00:40:32] [INFO] [ShopBot] 正在连接设备 127.0.0.1:16384（第 1/3 次）
[2026-05-08 00:40:32] [INFO] [ShopBot] 设备连接成功: 127.0.0.1:16384
[2026-05-08 00:40:32] [INFO] [ShopBot] 正在连接设备 127.0.0.1:16384（第 1/3 次）
[2026-05-08 00:40:32] [WARNING] [ShopBot] 连接输出异常: failed to connect
[2026-05-08 00:40:32] [ERROR] [ShopBot] 连接失败（第 1/3 次）: failed to connect
[2026-05-08 00:40:32] [INFO] [ShopBot] 等待 1.0 秒后重试...
[2026-05-08 00:40:32] [INFO] [ShopBot] 正在连接设备 127.0.0.1:16384（第 2/3 次）
[2026-05-08 00:40:32] [INFO] [ShopBot] 设备连接成功: 127.0.0.1:16384
[2026-05-08 00:40:32] [INFO] [ShopBot] 正在连接设备 127.0.0.1:16384（第 1/3 次）
[2026-05-08 00:40:32] [WARNING] [ShopBot] 连接输出异常: failed
[2026-05-08 00:40:32] [ERROR] [ShopBot] 连接失败（第 1/3 次）: failed
[2026-05-08 00:40:32] [INFO] [ShopBot] 等待 0.1 秒后重试...
[2026-05-08 00:40:32] [INFO] [ShopBot] 正在连接设备 127.0.0.1:16384（第 2/3 次）
[2026-05-08 00:40:32] [WARNING] [ShopBot] 连接输出异常: failed
[2026-05-08 00:40:32] [ERROR] [ShopBot] 连接失败（第 2/3 次）: failed
[2026-05-08 00:40:32] [INFO] [ShopBot] 等待 0.1 秒后重试...
[2026-05-08 00:40:32] [INFO] [ShopBot] 正在连接设备 127.0.0.1:16384（第 3/3 次）
[2026-05-08 00:40:32] [WARNING] [ShopBot] 连接输出异常: failed
[2026-05-08 00:40:32] [ERROR] [ShopBot] 连接失败（第 3/3 次）: failed
[2026-05-08 00:40:32] [ERROR] [ShopBot] 设备连接失败，已重试 3 次: 127.0.0.1:16384
[2026-05-08 00:40:32] [INFO] [ShopBot] 正在连接设备 127.0.0.1:16384（第 1/2 次）
[2026-05-08 00:40:32] [ERROR] [ShopBot] 连接失败（第 1/2 次）: adb not found
[2026-05-08 00:40:32] [INFO] [ShopBot] 等待 0.1 秒后重试...
[2026-05-08 00:40:32] [INFO] [ShopBot] 正在连接设备 127.0.0.1:16384（第 2/2 次）
[2026-05-08 00:40:32] [INFO] [ShopBot] 设备连接成功: 127.0.0.1:16384
[2026-05-08 00:40:33] [INFO] [ShopBot] 点击 (218, 298) @ TEST_BTN
[2026-05-08 00:40:33] [INFO] [ShopBot] 点击 (216, 231) @ <MagicMock id='2762685848880'>
[2026-05-08 00:40:33] [INFO] [ShopBot] 滑动 (100, 200) -> (300, 400), 时长 0.5s
[2026-05-08 00:40:33] [INFO] [ShopBot] 滑动 (100, 200) -> (300, 400), 时长 0.3s
[2026-05-08 00:40:33] [WARNING] [ShopBot] 无可用截图，跳过错误截图保存
[2026-05-08 00:40:33] [INFO] [ShopBot] 错误截图已保存: C:\Users\18579\AppData\Local\Temp\pytest-of-18579\pytest-2\test_save_error_screenshot_wit0\device_error_20260508_004033.png
[2026-05-08 00:40:33] [INFO] [ShopBot] 错误截图已保存: C:\Users\18579\AppData\Local\Temp\pytest-of-18579\pytest-2\test_save_screenshot_creates_f0\20260508_004033.png
[2026-05-08 00:40:33] [INFO] [ShopBot] 错误截图已保存: C:\Users\18579\AppData\Local\Temp\pytest-of-18579\pytest-2\test_save_screenshot_with_name0\test_error_20260508_004033.png
[2026-05-08 00:40:33] [WARNING] [ShopBot] 无法保存截图: 无效的图像类型 <class 'str'>
[2026-05-08 00:40:33] [INFO] [ShopBot] 错误截图已保存: C:\Users\18579\AppData\Local\Temp\pytest-of-18579\pytest-2\test_save_screenshot_png_forma0\20260508_004033.png
[2026-05-08 00:40:33] [DEBUG] [ShopBot] 秘密商店检测: 导航顶部=50 导航中部=180 内容区=50
[2026-05-08 00:40:33] [INFO] [ShopBot] 场景检测: 秘密商店
[2026-05-08 00:40:33] [DEBUG] [ShopBot] 大厅检测: 导航顶部=150 内容区=180
[2026-05-08 00:40:33] [INFO] [ShopBot] 场景检测: 游戏大厅
[2026-05-08 00:40:33] [DEBUG] [ShopBot] 秘密商店检测: 导航顶部=50 导航中部=50 内容区=50
[2026-05-08 00:40:33] [DEBUG] [ShopBot] 大厅检测: 导航顶部=50 内容区=50
[2026-05-08 00:40:33] [WARNING] [ShopBot] 场景检测: 未知界面
[2026-05-08 00:40:33] [DEBUG] [ShopBot] 秘密商店检测: 导航顶部=50 导航中部=180 内容区=180
[2026-05-08 00:40:33] [DEBUG] [ShopBot] 大厅检测: 导航顶部=50 内容区=180
[2026-05-08 00:40:33] [WARNING] [ShopBot] 场景检测: 未知界面
[2026-05-08 00:40:33] [DEBUG] [ShopBot] 秘密商店检测: 导航顶部=40 导航中部=150 内容区=60
[2026-05-08 00:40:33] [DEBUG] [ShopBot] 秘密商店检测: 导航顶部=50 导航中部=50 内容区=60
[2026-05-08 00:40:33] [DEBUG] [ShopBot] 秘密商店检测: 导航顶部=50 导航中部=150 内容区=180
[2026-05-08 00:40:33] [DEBUG] [ShopBot] 大厅检测: 导航顶部=150 内容区=180
[2026-05-08 00:40:33] [DEBUG] [ShopBot] 大厅检测: 导航顶部=50 内容区=180
[2026-05-08 00:40:33] [DEBUG] [ShopBot] 大厅检测: 导航顶部=150 内容区=50
[2026-05-08 00:40:33] [INFO] [ShopBot] 开始导航至秘密商店（超时 30.0s）
[2026-05-08 00:40:33] [INFO] [ShopBot] 已到达秘密商店
[2026-05-08 00:40:33] [INFO] [ShopBot] 开始导航至秘密商店（超时 30.0s）
[2026-05-08 00:40:33] [INFO] [ShopBot] 从大厅点击左侧导航栏的秘密商店入口
[2026-05-08 00:40:33] [INFO] [ShopBot] 已到达秘密商店
[2026-05-08 00:40:33] [INFO] [ShopBot] 开始导航至秘密商店（超时 0.01s）
[2026-05-08 00:40:33] [WARNING] [ShopBot] 界面无法识别且无弹窗，等待后重试
[2026-05-08 00:40:33] [WARNING] [ShopBot] 界面无法识别且无弹窗，等待后重试
[2026-05-08 00:40:33] [WARNING] [ShopBot] 界面无法识别且无弹窗，等待后重试
[2026-05-08 00:40:33] [WARNING] [ShopBot] 界面无法识别且无弹窗，等待后重试
[2026-05-08 00:40:33] [WARNING] [ShopBot] 界面无法识别且无弹窗，等待后重试
[2026-05-08 00:40:33] [WARNING] [ShopBot] 界面无法识别且无弹窗，等待后重试
[2026-05-08 00:40:33] [WARNING] [ShopBot] 界面无法识别且无弹窗，等待后重试
[2026-05-08 00:40:33] [WARNING] [ShopBot] 界面无法识别且无弹窗，等待后重试
[2026-05-08 00:40:33] [WARNING] [ShopBot] 界面无法识别且无弹窗，等待后重试
[2026-05-08 00:40:33] [WARNING] [ShopBot] 界面无法识别且无弹窗，等待后重试
[2026-05-08 00:40:33] [WARNING] [ShopBot] 界面无法识别且无弹窗，等待后重试
[2026-05-08 00:40:33] [WARNING] [ShopBot] 界面无法识别且无弹窗，等待后重试
[2026-05-08 00:40:33] [WARNING] [ShopBot] 界面无法识别且无弹窗，等待后重试
[2026-05-08 00:40:33] [WARNING] [ShopBot] 界面无法识别且无弹窗，等待后重试
[2026-05-08 00:40:33] [WARNING] [ShopBot] 界面无法识别且无弹窗，等待后重试
[2026-05-08 00:40:33] [WARNING] [ShopBot] 界面无法识别且无弹窗，等待后重试
[2026-05-08 00:40:33] [WARNING] [ShopBot] 界面无法识别且无弹窗，等待后重试
[2026-05-08 00:40:33] [WARNING] [ShopBot] 界面无法识别且无弹窗，等待后重试
[2026-05-08 00:40:33] [WARNING] [ShopBot] 界面无法识别且无弹窗，等待后重试
[2026-05-08 00:40:33] [WARNING] [ShopBot] 界面无法识别且无弹窗，等待后重试
[2026-05-08 00:40:33] [WARNING] [ShopBot] 界面无法识别且无弹窗，等待后重试
[2026-05-08 00:40:33] [WARNING] [ShopBot] 界面无法识别且无弹窗，等待后重试
[2026-05-08 00:40:33] [WARNING] [ShopBot] 界面无法识别且无弹窗，等待后重试
[2026-05-08 00:40:33] [WARNING] [ShopBot] 界面无法识别且无弹窗，等待后重试
[2026-05-08 00:40:33] [WARNING] [ShopBot] 界面无法识别且无弹窗，等待后重试
[2026-05-08 00:40:33] [WARNING] [ShopBot] 界面无法识别且无弹窗，等待后重试
[2026-05-08 00:40:33] [WARNING] [ShopBot] 界面无法识别且无弹窗，等待后重试
[2026-05-08 00:40:33] [WARNING] [ShopBot] 界面无法识别且无弹窗，等待后重试
[2026-05-08 00:40:33] [WARNING] [ShopBot] 界面无法识别且无弹窗，等待后重试
[2026-05-08 00:40:33] [WARNING] [ShopBot] 界面无法识别且无弹窗，等待后重试
[2026-05-08 00:40:33] [WARNING] [ShopBot] 界面无法识别且无弹窗，等待后重试
[2026-05-08 00:40:33] [WARNING] [ShopBot] 界面无法识别且无弹窗，等待后重试
[2026-05-08 00:40:33] [WARNING] [ShopBot] 界面无法识别且无弹窗，等待后重试
[2026-05-08 00:40:33] [WARNING] [ShopBot] 界面无法识别且无弹窗，等待后重试
[2026-05-08 00:40:33] [WARNING] [ShopBot] 界面无法识别且无弹窗，等待后重试
[2026-05-08 00:40:33] [WARNING] [ShopBot] 界面无法识别且无弹窗，等待后重试
[2026-05-08 00:40:33] [WARNING] [ShopBot] 界面无法识别且无弹窗，等待后重试
[2026-05-08 00:40:33] [WARNING] [ShopBot] 界面无法识别且无弹窗，等待后重试
[2026-05-08 00:40:33] [WARNING] [ShopBot] 界面无法识别且无弹窗，等待后重试
[2026-05-08 00:40:33] [WARNING] [ShopBot] 界面无法识别且无弹窗，等待后重试
[2026-05-08 00:40:33] [WARNING] [ShopBot] 界面无法识别且无弹窗，等待后重试
[2026-05-08 00:40:33] [WARNING] [ShopBot] 界面无法识别且无弹窗，等待后重试
[2026-05-08 00:40:33] [WARNING] [ShopBot] 界面无法识别且无弹窗，等待后重试
[2026-05-08 00:40:33] [WARNING] [ShopBot] 界面无法识别且无弹窗，等待后重试
[2026-05-08 00:40:33] [WARNING] [ShopBot] 界面无法识别且无弹窗，等待后重试
[2026-05-08 00:40:33] [WARNING] [ShopBot] 界面无法识别且无弹窗，等待后重试
[2026-05-08 00:40:33] [WARNING] [ShopBot] 界面无法识别且无弹窗，等待后重试
[2026-05-08 00:40:33] [WARNING] [ShopBot] 界面无法识别且无弹窗，等待后重试
[2026-05-08 00:40:33] [WARNING] [ShopBot] 界面无法识别且无弹窗，等待后重试
[2026-05-08 00:40:33] [WARNING] [ShopBot] 界面无法识别且无弹窗，等待后重试
[2026-05-08 00:40:33] [WARNING] [ShopBot] 界面无法识别且无弹窗，等待后重试
[2026-05-08 00:40:33] [WARNING] [ShopBot] 界面无法识别且无弹窗，等待后重试
[2026-05-08 00:40:33] [WARNING] [ShopBot] 界面无法识别且无弹窗，等待后重试
[2026-05-08 00:40:33] [WARNING] [ShopBot] 界面无法识别且无弹窗，等待后重试
[2026-05-08 00:40:33] [WARNING] [ShopBot] 界面无法识别且无弹窗，等待后重试
[2026-05-08 00:40:33] [WARNING] [ShopBot] 界面无法识别且无弹窗，等待后重试
[2026-05-08 00:40:33] [WARNING] [ShopBot] 界面无法识别且无弹窗，等待后重试
[2026-05-08 00:40:33] [WARNING] [ShopBot] 界面无法识别且无弹窗，等待后重试
[2026-05-08 00:40:33] [WARNING] [ShopBot] 界面无法识别且无弹窗，等待后重试
[2026-05-08 00:40:33] [WARNING] [ShopBot] 界面无法识别且无弹窗，等待后重试
[2026-05-08 00:40:33] [WARNING] [ShopBot] 界面无法识别且无弹窗，等待后重试
[2026-05-08 00:40:33] [WARNING] [ShopBot] 界面无法识别且无弹窗，等待后重试
[2026-05-08 00:40:33] [WARNING] [ShopBot] 界面无法识别且无弹窗，等待后重试
[2026-05-08 00:40:33] [WARNING] [ShopBot] 界面无法识别且无弹窗，等待后重试
[2026-05-08 00:40:33] [WARNING] [ShopBot] 界面无法识别且无弹窗，等待后重试
[2026-05-08 00:40:33] [WARNING] [ShopBot] 界面无法识别且无弹窗，等待后重试
[2026-05-08 00:40:33] [WARNING] [ShopBot] 界面无法识别且无弹窗，等待后重试
[2026-05-08 00:40:33] [WARNING] [ShopBot] 界面无法识别且无弹窗，等待后重试
[2026-05-08 00:40:33] [WARNING] [ShopBot] 界面无法识别且无弹窗，等待后重试
[2026-05-08 00:40:33] [WARNING] [ShopBot] 界面无法识别且无弹窗，等待后重试
[2026-05-08 00:40:33] [WARNING] [ShopBot] 界面无法识别且无弹窗，等待后重试
[2026-05-08 00:40:33] [WARNING] [ShopBot] 界面无法识别且无弹窗，等待后重试
[2026-05-08 00:40:33] [WARNING] [ShopBot] 界面无法识别且无弹窗，等待后重试
[2026-05-08 00:40:33] [WARNING] [ShopBot] 界面无法识别且无弹窗，等待后重试
[2026-05-08 00:40:33] [WARNING] [ShopBot] 界面无法识别且无弹窗，等待后重试
[2026-05-08 00:40:33] [WARNING] [ShopBot] 界面无法识别且无弹窗，等待后重试
[2026-05-08 00:40:33] [WARNING] [ShopBot] 界面无法识别且无弹窗，等待后重试
[2026-05-08 00:40:33] [WARNING] [ShopBot] 界面无法识别且无弹窗，等待后重试
[2026-05-08 00:40:33] [WARNING] [ShopBot] 界面无法识别且无弹窗，等待后重试
[2026-05-08 00:40:33] [WARNING] [ShopBot] 界面无法识别且无弹窗，等待后重试
[2026-05-08 00:40:33] [WARNING] [ShopBot] 界面无法识别且无弹窗，等待后重试
[2026-05-08 00:40:33] [WARNING] [ShopBot] 界面无法识别且无弹窗，等待后重试
[2026-05-08 00:40:33] [WARNING] [ShopBot] 界面无法识别且无弹窗，等待后重试
[2026-05-08 00:40:33] [WARNING] [ShopBot] 界面无法识别且无弹窗，等待后重试
[2026-05-08 00:40:33] [WARNING] [ShopBot] 界面无法识别且无弹窗，等待后重试
[2026-05-08 00:40:33] [WARNING] [ShopBot] 界面无法识别且无弹窗，等待后重试
[2026-05-08 00:40:33] [WARNING] [ShopBot] 界面无法识别且无弹窗，等待后重试
[2026-05-08 00:40:33] [WARNING] [ShopBot] 界面无法识别且无弹窗，等待后重试
[2026-05-08 00:40:33] [WARNING] [ShopBot] 界面无法识别且无弹窗，等待后重试
[2026-05-08 00:40:33] [WARNING] [ShopBot] 界面无法识别且无弹窗，等待后重试
[2026-05-08 00:40:33] [WARNING] [ShopBot] 界面无法识别且无弹窗，等待后重试
[2026-05-08 00:40:33] [WARNING] [ShopBot] 界面无法识别且无弹窗，等待后重试
[2026-05-08 00:40:33] [WARNING] [ShopBot] 界面无法识别且无弹窗，等待后重试
[2026-05-08 00:40:33] [WARNING] [ShopBot] 界面无法识别且无弹窗，等待后重试
[2026-05-08 00:40:33] [WARNING] [ShopBot] 界面无法识别且无弹窗，等待后重试
[2026-05-08 00:40:33] [WARNING] [ShopBot] 界面无法识别且无弹窗，等待后重试
[2026-05-08 00:40:33] [WARNING] [ShopBot] 界面无法识别且无弹窗，等待后重试
[2026-05-08 00:40:33] [WARNING] [ShopBot] 界面无法识别且无弹窗，等待后重试
[2026-05-08 00:40:33] [WARNING] [ShopBot] 界面无法识别且无弹窗，等待后重试
[2026-05-08 00:40:33] [WARNING] [ShopBot] 界面无法识别且无弹窗，等待后重试
[2026-05-08 00:40:33] [WARNING] [ShopBot] 界面无法识别且无弹窗，等待后重试
[2026-05-08 00:40:33] [WARNING] [ShopBot] 界面无法识别且无弹窗，等待后重试
[2026-05-08 00:40:33] [WARNING] [ShopBot] 界面无法识别且无弹窗，等待后重试
[2026-05-08 00:40:33] [WARNING] [ShopBot] 界面无法识别且无弹窗，等待后重试
[2026-05-08 00:40:33] [WARNING] [ShopBot] 界面无法识别且无弹窗，等待后重试
[2026-05-08 00:40:33] [WARNING] [ShopBot] 界面无法识别且无弹窗，等待后重试
[2026-05-08 00:40:33] [WARNING] [ShopBot] 界面无法识别且无弹窗，等待后重试
[2026-05-08 00:40:33] [WARNING] [ShopBot] 界面无法识别且无弹窗，等待后重试
[2026-05-08 00:40:33] [WARNING] [ShopBot] 界面无法识别且无弹窗，等待后重试
[2026-05-08 00:40:33] [WARNING] [ShopBot] 界面无法识别且无弹窗，等待后重试
[2026-05-08 00:40:33] [WARNING] [ShopBot] 界面无法识别且无弹窗，等待后重试
[2026-05-08 00:40:33] [WARNING] [ShopBot] 界面无法识别且无弹窗，等待后重试
[2026-05-08 00:40:33] [WARNING] [ShopBot] 界面无法识别且无弹窗，等待后重试
[2026-05-08 00:40:33] [WARNING] [ShopBot] 界面无法识别且无弹窗，等待后重试
[2026-05-08 00:40:33] [WARNING] [ShopBot] 界面无法识别且无弹窗，等待后重试
[2026-05-08 00:40:33] [WARNING] [ShopBot] 界面无法识别且无弹窗，等待后重试
[2026-05-08 00:40:33] [WARNING] [ShopBot] 界面无法识别且无弹窗，等待后重试
[2026-05-08 00:40:33] [WARNING] [ShopBot] 界面无法识别且无弹窗，等待后重试
[2026-05-08 00:40:33] [WARNING] [ShopBot] 界面无法识别且无弹窗，等待后重试
[2026-05-08 00:40:33] [WARNING] [ShopBot] 界面无法识别且无弹窗，等待后重试
[2026-05-08 00:40:33] [WARNING] [ShopBot] 界面无法识别且无弹窗，等待后重试
[2026-05-08 00:40:33] [WARNING] [ShopBot] 界面无法识别且无弹窗，等待后重试
[2026-05-08 00:40:33] [WARNING] [ShopBot] 界面无法识别且无弹窗，等待后重试
[2026-05-08 00:40:33] [WARNING] [ShopBot] 界面无法识别且无弹窗，等待后重试
[2026-05-08 00:40:33] [WARNING] [ShopBot] 界面无法识别且无弹窗，等待后重试
[2026-05-08 00:40:33] [WARNING] [ShopBot] 界面无法识别且无弹窗，等待后重试
[2026-05-08 00:40:33] [WARNING] [ShopBot] 界面无法识别且无弹窗，等待后重试
[2026-05-08 00:40:33] [WARNING] [ShopBot] 界面无法识别且无弹窗，等待后重试
[2026-05-08 00:40:33] [WARNING] [ShopBot] 界面无法识别且无弹窗，等待后重试
[2026-05-08 00:40:33] [WARNING] [ShopBot] 界面无法识别且无弹窗，等待后重试
[2026-05-08 00:40:33] [WARNING] [ShopBot] 界面无法识别且无弹窗，等待后重试
[2026-05-08 00:40:33] [WARNING] [ShopBot] 界面无法识别且无弹窗，等待后重试
[2026-05-08 00:40:33] [WARNING] [ShopBot] 界面无法识别且无弹窗，等待后重试
[2026-05-08 00:40:33] [WARNING] [ShopBot] 界面无法识别且无弹窗，等待后重试
[2026-05-08 00:40:33] [WARNING] [ShopBot] 界面无法识别且无弹窗，等待后重试
[2026-05-08 00:40:33] [WARNING] [ShopBot] 界面无法识别且无弹窗，等待后重试
[2026-05-08 00:40:33] [WARNING] [ShopBot] 界面无法识别且无弹窗，等待后重试
[2026-05-08 00:40:33] [WARNING] [ShopBot] 界面无法识别且无弹窗，等待后重试
[2026-05-08 00:40:33] [WARNING] [ShopBot] 界面无法识别且无弹窗，等待后重试
[2026-05-08 00:40:33] [WARNING] [ShopBot] 界面无法识别且无弹窗，等待后重试
[2026-05-08 00:40:33] [WARNING] [ShopBot] 界面无法识别且无弹窗，等待后重试
[2026-05-08 00:40:33] [WARNING] [ShopBot] 界面无法识别且无弹窗，等待后重试
[2026-05-08 00:40:33] [WARNING] [ShopBot] 界面无法识别且无弹窗，等待后重试
[2026-05-08 00:40:33] [WARNING] [ShopBot] 界面无法识别且无弹窗，等待后重试
[2026-05-08 00:40:33] [WARNING] [ShopBot] 界面无法识别且无弹窗，等待后重试
[2026-05-08 00:40:33] [WARNING] [ShopBot] 界面无法识别且无弹窗，等待后重试
[2026-05-08 00:40:33] [WARNING] [ShopBot] 界面无法识别且无弹窗，等待后重试
[2026-05-08 00:40:33] [WARNING] [ShopBot] 界面无法识别且无弹窗，等待后重试
[2026-05-08 00:40:33] [WARNING] [ShopBot] 界面无法识别且无弹窗，等待后重试
[2026-05-08 00:40:33] [WARNING] [ShopBot] 界面无法识别且无弹窗，等待后重试
[2026-05-08 00:40:33] [WARNING] [ShopBot] 界面无法识别且无弹窗，等待后重试
[2026-05-08 00:40:33] [WARNING] [ShopBot] 界面无法识别且无弹窗，等待后重试
[2026-05-08 00:40:33] [WARNING] [ShopBot] 界面无法识别且无弹窗，等待后重试
[2026-05-08 00:40:33] [WARNING] [ShopBot] 界面无法识别且无弹窗，等待后重试
[2026-05-08 00:40:33] [WARNING] [ShopBot] 界面无法识别且无弹窗，等待后重试
[2026-05-08 00:40:33] [WARNING] [ShopBot] 界面无法识别且无弹窗，等待后重试
[2026-05-08 00:40:33] [WARNING] [ShopBot] 界面无法识别且无弹窗，等待后重试
[2026-05-08 00:40:33] [WARNING] [ShopBot] 界面无法识别且无弹窗，等待后重试
[2026-05-08 00:40:33] [WARNING] [ShopBot] 界面无法识别且无弹窗，等待后重试
[2026-05-08 00:40:33] [WARNING] [ShopBot] 界面无法识别且无弹窗，等待后重试
[2026-05-08 00:40:33] [WARNING] [ShopBot] 界面无法识别且无弹窗，等待后重试
[2026-05-08 00:40:33] [WARNING] [ShopBot] 界面无法识别且无弹窗，等待后重试
[2026-05-08 00:40:33] [WARNING] [ShopBot] 界面无法识别且无弹窗，等待后重试
[2026-05-08 00:40:33] [WARNING] [ShopBot] 界面无法识别且无弹窗，等待后重试
[2026-05-08 00:40:33] [WARNING] [ShopBot] 界面无法识别且无弹窗，等待后重试
[2026-05-08 00:40:33] [WARNING] [ShopBot] 界面无法识别且无弹窗，等待后重试
[2026-05-08 00:40:33] [WARNING] [ShopBot] 界面无法识别且无弹窗，等待后重试
[2026-05-08 00:40:33] [WARNING] [ShopBot] 界面无法识别且无弹窗，等待后重试
[2026-05-08 00:40:33] [WARNING] [ShopBot] 界面无法识别且无弹窗，等待后重试
[2026-05-08 00:40:33] [WARNING] [ShopBot] 界面无法识别且无弹窗，等待后重试
[2026-05-08 00:40:33] [WARNING] [ShopBot] 界面无法识别且无弹窗，等待后重试
[2026-05-08 00:40:33] [WARNING] [ShopBot] 界面无法识别且无弹窗，等待后重试
[2026-05-08 00:40:33] [WARNING] [ShopBot] 界面无法识别且无弹窗，等待后重试
[2026-05-08 00:40:33] [WARNING] [ShopBot] 界面无法识别且无弹窗，等待后重试
[2026-05-08 00:40:33] [WARNING] [ShopBot] 界面无法识别且无弹窗，等待后重试
[2026-05-08 00:40:33] [WARNING] [ShopBot] 界面无法识别且无弹窗，等待后重试
[2026-05-08 00:40:33] [WARNING] [ShopBot] 界面无法识别且无弹窗，等待后重试
[2026-05-08 00:40:33] [WARNING] [ShopBot] 界面无法识别且无弹窗，等待后重试
[2026-05-08 00:40:33] [WARNING] [ShopBot] 界面无法识别且无弹窗，等待后重试
[2026-05-08 00:40:33] [WARNING] [ShopBot] 界面无法识别且无弹窗，等待后重试
[2026-05-08 00:40:33] [WARNING] [ShopBot] 界面无法识别且无弹窗，等待后重试
[2026-05-08 00:40:33] [WARNING] [ShopBot] 界面无法识别且无弹窗，等待后重试
[2026-05-08 00:40:33] [WARNING] [ShopBot] 界面无法识别且无弹窗，等待后重试
[2026-05-08 00:40:33] [WARNING] [ShopBot] 界面无法识别且无弹窗，等待后重试
[2026-05-08 00:40:33] [WARNING] [ShopBot] 界面无法识别且无弹窗，等待后重试
[2026-05-08 00:40:33] [WARNING] [ShopBot] 界面无法识别且无弹窗，等待后重试
[2026-05-08 00:40:33] [WARNING] [ShopBot] 界面无法识别且无弹窗，等待后重试
[2026-05-08 00:40:33] [WARNING] [ShopBot] 界面无法识别且无弹窗，等待后重试
[2026-05-08 00:40:33] [WARNING] [ShopBot] 界面无法识别且无弹窗，等待后重试
[2026-05-08 00:40:33] [WARNING] [ShopBot] 界面无法识别且无弹窗，等待后重试
[2026-05-08 00:40:33] [WARNING] [ShopBot] 界面无法识别且无弹窗，等待后重试
[2026-05-08 00:40:33] [WARNING] [ShopBot] 界面无法识别且无弹窗，等待后重试
[2026-05-08 00:40:33] [WARNING] [ShopBot] 界面无法识别且无弹窗，等待后重试
[2026-05-08 00:40:33] [WARNING] [ShopBot] 界面无法识别且无弹窗，等待后重试
[2026-05-08 00:40:33] [WARNING] [ShopBot] 界面无法识别且无弹窗，等待后重试
[2026-05-08 00:40:33] [WARNING] [ShopBot] 界面无法识别且无弹窗，等待后重试
[2026-05-08 00:40:33] [WARNING] [ShopBot] 界面无法识别且无弹窗，等待后重试
[2026-05-08 00:40:33] [WARNING] [ShopBot] 界面无法识别且无弹窗，等待后重试
[2026-05-08 00:40:33] [WARNING] [ShopBot] 界面无法识别且无弹窗，等待后重试
[2026-05-08 00:40:33] [WARNING] [ShopBot] 界面无法识别且无弹窗，等待后重试
[2026-05-08 00:40:33] [WARNING] [ShopBot] 界面无法识别且无弹窗，等待后重试
[2026-05-08 00:40:33] [WARNING] [ShopBot] 界面无法识别且无弹窗，等待后重试
[2026-05-08 00:40:33] [WARNING] [ShopBot] 界面无法识别且无弹窗，等待后重试
[2026-05-08 00:40:33] [WARNING] [ShopBot] 界面无法识别且无弹窗，等待后重试
[2026-05-08 00:40:33] [WARNING] [ShopBot] 界面无法识别且无弹窗，等待后重试
[2026-05-08 00:40:33] [WARNING] [ShopBot] 界面无法识别且无弹窗，等待后重试
[2026-05-08 00:40:33] [WARNING] [ShopBot] 界面无法识别且无弹窗，等待后重试
[2026-05-08 00:40:33] [WARNING] [ShopBot] 界面无法识别且无弹窗，等待后重试
[2026-05-08 00:40:33] [WARNING] [ShopBot] 界面无法识别且无弹窗，等待后重试
[2026-05-08 00:40:33] [WARNING] [ShopBot] 界面无法识别且无弹窗，等待后重试
[2026-05-08 00:40:33] [WARNING] [ShopBot] 界面无法识别且无弹窗，等待后重试
[2026-05-08 00:40:33] [WARNING] [ShopBot] 界面无法识别且无弹窗，等待后重试
[2026-05-08 00:40:33] [WARNING] [ShopBot] 界面无法识别且无弹窗，等待后重试
[2026-05-08 00:40:33] [WARNING] [ShopBot] 界面无法识别且无弹窗，等待后重试
[2026-05-08 00:40:33] [WARNING] [ShopBot] 界面无法识别且无弹窗，等待后重试
[2026-05-08 00:40:33] [WARNING] [ShopBot] 界面无法识别且无弹窗，等待后重试
[2026-05-08 00:40:33] [WARNING] [ShopBot] 界面无法识别且无弹窗，等待后重试
[2026-05-08 00:40:33] [WARNING] [ShopBot] 界面无法识别且无弹窗，等待后重试
[2026-05-08 00:40:33] [WARNING] [ShopBot] 界面无法识别且无弹窗，等待后重试
[2026-05-08 00:40:33] [WARNING] [ShopBot] 界面无法识别且无弹窗，等待后重试
[2026-05-08 00:40:33] [WARNING] [ShopBot] 界面无法识别且无弹窗，等待后重试
[2026-05-08 00:40:33] [WARNING] [ShopBot] 界面无法识别且无弹窗，等待后重试
[2026-05-08 00:40:33] [WARNING] [ShopBot] 界面无法识别且无弹窗，等待后重试
[2026-05-08 00:40:33] [WARNING] [ShopBot] 界面无法识别且无弹窗，等待后重试
[2026-05-08 00:40:33] [WARNING] [ShopBot] 界面无法识别且无弹窗，等待后重试
[2026-05-08 00:40:33] [WARNING] [ShopBot] 界面无法识别且无弹窗，等待后重试
[2026-05-08 00:40:33] [WARNING] [ShopBot] 界面无法识别且无弹窗，等待后重试
[2026-05-08 00:40:33] [WARNING] [ShopBot] 界面无法识别且无弹窗，等待后重试
[2026-05-08 00:40:33] [WARNING] [ShopBot] 界面无法识别且无弹窗，等待后重试
[2026-05-08 00:40:33] [WARNING] [ShopBot] 界面无法识别且无弹窗，等待后重试
[2026-05-08 00:40:33] [WARNING] [ShopBot] 界面无法识别且无弹窗，等待后重试
[2026-05-08 00:40:33] [WARNING] [ShopBot] 界面无法识别且无弹窗，等待后重试
[2026-05-08 00:40:33] [WARNING] [ShopBot] 界面无法识别且无弹窗，等待后重试
[2026-05-08 00:40:33] [WARNING] [ShopBot] 界面无法识别且无弹窗，等待后重试
[2026-05-08 00:40:33] [WARNING] [ShopBot] 界面无法识别且无弹窗，等待后重试
[2026-05-08 00:40:33] [WARNING] [ShopBot] 界面无法识别且无弹窗，等待后重试
[2026-05-08 00:40:33] [WARNING] [ShopBot] 界面无法识别且无弹窗，等待后重试
[2026-05-08 00:40:33] [WARNING] [ShopBot] 界面无法识别且无弹窗，等待后重试
[2026-05-08 00:40:33] [WARNING] [ShopBot] 界面无法识别且无弹窗，等待后重试
[2026-05-08 00:40:33] [WARNING] [ShopBot] 界面无法识别且无弹窗，等待后重试
[2026-05-08 00:40:33] [WARNING] [ShopBot] 界面无法识别且无弹窗，等待后重试
[2026-05-08 00:40:33] [WARNING] [ShopBot] 界面无法识别且无弹窗，等待后重试
[2026-05-08 00:40:33] [WARNING] [ShopBot] 界面无法识别且无弹窗，等待后重试
[2026-05-08 00:40:33] [WARNING] [ShopBot] 界面无法识别且无弹窗，等待后重试
[2026-05-08 00:40:33] [WARNING] [ShopBot] 界面无法识别且无弹窗，等待后重试
[2026-05-08 00:40:33] [WARNING] [ShopBot] 界面无法识别且无弹窗，等待后重试
[2026-05-08 00:40:33] [WARNING] [ShopBot] 界面无法识别且无弹窗，等待后重试
[2026-05-08 00:40:33] [WARNING] [ShopBot] 界面无法识别且无弹窗，等待后重试
[2026-05-08 00:40:33] [WARNING] [ShopBot] 界面无法识别且无弹窗，等待后重试
[2026-05-08 00:40:33] [WARNING] [ShopBot] 界面无法识别且无弹窗，等待后重试
[2026-05-08 00:40:33] [WARNING] [ShopBot] 界面无法识别且无弹窗，等待后重试
[2026-05-08 00:40:33] [WARNING] [ShopBot] 界面无法识别且无弹窗，等待后重试
[2026-05-08 00:40:33] [WARNING] [ShopBot] 界面无法识别且无弹窗，等待后重试
[2026-05-08 00:40:33] [WARNING] [ShopBot] 界面无法识别且无弹窗，等待后重试
[2026-05-08 00:40:33] [WARNING] [ShopBot] 界面无法识别且无弹窗，等待后重试
[2026-05-08 00:40:33] [WARNING] [ShopBot] 界面无法识别且无弹窗，等待后重试
[2026-05-08 00:40:33] [WARNING] [ShopBot] 界面无法识别且无弹窗，等待后重试
[2026-05-08 00:40:33] [WARNING] [ShopBot] 界面无法识别且无弹窗，等待后重试
[2026-05-08 00:40:33] [WARNING] [ShopBot] 界面无法识别且无弹窗，等待后重试
[2026-05-08 00:40:33] [WARNING] [ShopBot] 界面无法识别且无弹窗，等待后重试
[2026-05-08 00:40:33] [WARNING] [ShopBot] 界面无法识别且无弹窗，等待后重试
[2026-05-08 00:40:33] [WARNING] [ShopBot] 界面无法识别且无弹窗，等待后重试
[2026-05-08 00:40:33] [WARNING] [ShopBot] 界面无法识别且无弹窗，等待后重试
[2026-05-08 00:40:33] [WARNING] [ShopBot] 界面无法识别且无弹窗，等待后重试
[2026-05-08 00:40:33] [WARNING] [ShopBot] 界面无法识别且无弹窗，等待后重试
[2026-05-08 00:40:33] [WARNING] [ShopBot] 界面无法识别且无弹窗，等待后重试
[2026-05-08 00:40:33] [WARNING] [ShopBot] 界面无法识别且无弹窗，等待后重试
[2026-05-08 00:40:33] [WARNING] [ShopBot] 界面无法识别且无弹窗，等待后重试
[2026-05-08 00:40:33] [WARNING] [ShopBot] 界面无法识别且无弹窗，等待后重试
[2026-05-08 00:40:33] [WARNING] [ShopBot] 界面无法识别且无弹窗，等待后重试
[2026-05-08 00:40:33] [WARNING] [ShopBot] 界面无法识别且无弹窗，等待后重试
[2026-05-08 00:40:33] [WARNING] [ShopBot] 界面无法识别且无弹窗，等待后重试
[2026-05-08 00:40:33] [WARNING] [ShopBot] 界面无法识别且无弹窗，等待后重试
[2026-05-08 00:40:33] [WARNING] [ShopBot] 界面无法识别且无弹窗，等待后重试
[2026-05-08 00:40:33] [WARNING] [ShopBot] 界面无法识别且无弹窗，等待后重试
[2026-05-08 00:40:33] [WARNING] [ShopBot] 界面无法识别且无弹窗，等待后重试
[2026-05-08 00:40:33] [WARNING] [ShopBot] 界面无法识别且无弹窗，等待后重试
[2026-05-08 00:40:33] [WARNING] [ShopBot] 界面无法识别且无弹窗，等待后重试
[2026-05-08 00:40:33] [WARNING] [ShopBot] 界面无法识别且无弹窗，等待后重试
[2026-05-08 00:40:33] [WARNING] [ShopBot] 界面无法识别且无弹窗，等待后重试
[2026-05-08 00:40:33] [WARNING] [ShopBot] 界面无法识别且无弹窗，等待后重试
[2026-05-08 00:40:33] [WARNING] [ShopBot] 界面无法识别且无弹窗，等待后重试
[2026-05-08 00:40:33] [WARNING] [ShopBot] 界面无法识别且无弹窗，等待后重试
[2026-05-08 00:40:33] [WARNING] [ShopBot] 界面无法识别且无弹窗，等待后重试
[2026-05-08 00:40:33] [WARNING] [ShopBot] 界面无法识别且无弹窗，等待后重试
[2026-05-08 00:40:33] [WARNING] [ShopBot] 界面无法识别且无弹窗，等待后重试
[2026-05-08 00:40:33] [WARNING] [ShopBot] 界面无法识别且无弹窗，等待后重试
[2026-05-08 00:40:33] [WARNING] [ShopBot] 界面无法识别且无弹窗，等待后重试
[2026-05-08 00:40:33] [WARNING] [ShopBot] 界面无法识别且无弹窗，等待后重试
[2026-05-08 00:40:33] [WARNING] [ShopBot] 界面无法识别且无弹窗，等待后重试
[2026-05-08 00:40:33] [WARNING] [ShopBot] 界面无法识别且无弹窗，等待后重试
[2026-05-08 00:40:33] [WARNING] [ShopBot] 界面无法识别且无弹窗，等待后重试
[2026-05-08 00:40:33] [WARNING] [ShopBot] 界面无法识别且无弹窗，等待后重试
[2026-05-08 00:40:33] [WARNING] [ShopBot] 界面无法识别且无弹窗，等待后重试
[2026-05-08 00:40:33] [WARNING] [ShopBot] 界面无法识别且无弹窗，等待后重试
[2026-05-08 00:40:33] [WARNING] [ShopBot] 界面无法识别且无弹窗，等待后重试
[2026-05-08 00:40:33] [WARNING] [ShopBot] 界面无法识别且无弹窗，等待后重试
[2026-05-08 00:40:33] [WARNING] [ShopBot] 界面无法识别且无弹窗，等待后重试
[2026-05-08 00:40:33] [WARNING] [ShopBot] 界面无法识别且无弹窗，等待后重试
[2026-05-08 00:40:33] [WARNING] [ShopBot] 界面无法识别且无弹窗，等待后重试
[2026-05-08 00:40:33] [WARNING] [ShopBot] 界面无法识别且无弹窗，等待后重试
[2026-05-08 00:40:33] [WARNING] [ShopBot] 界面无法识别且无弹窗，等待后重试
[2026-05-08 00:40:33] [WARNING] [ShopBot] 界面无法识别且无弹窗，等待后重试
[2026-05-08 00:40:33] [WARNING] [ShopBot] 界面无法识别且无弹窗，等待后重试
[2026-05-08 00:40:33] [WARNING] [ShopBot] 界面无法识别且无弹窗，等待后重试
[2026-05-08 00:40:33] [WARNING] [ShopBot] 界面无法识别且无弹窗，等待后重试
[2026-05-08 00:40:33] [WARNING] [ShopBot] 界面无法识别且无弹窗，等待后重试
[2026-05-08 00:40:33] [WARNING] [ShopBot] 界面无法识别且无弹窗，等待后重试
[2026-05-08 00:40:33] [WARNING] [ShopBot] 界面无法识别且无弹窗，等待后重试
[2026-05-08 00:40:33] [WARNING] [ShopBot] 界面无法识别且无弹窗，等待后重试
[2026-05-08 00:40:33] [WARNING] [ShopBot] 界面无法识别且无弹窗，等待后重试
[2026-05-08 00:40:33] [WARNING] [ShopBot] 界面无法识别且无弹窗，等待后重试
[2026-05-08 00:40:33] [WARNING] [ShopBot] 界面无法识别且无弹窗，等待后重试
[2026-05-08 00:40:33] [WARNING] [ShopBot] 界面无法识别且无弹窗，等待后重试
[2026-05-08 00:40:33] [WARNING] [ShopBot] 界面无法识别且无弹窗，等待后重试
[2026-05-08 00:40:33] [WARNING] [ShopBot] 界面无法识别且无弹窗，等待后重试
[2026-05-08 00:40:33] [WARNING] [ShopBot] 界面无法识别且无弹窗，等待后重试
[2026-05-08 00:40:33] [WARNING] [ShopBot] 界面无法识别且无弹窗，等待后重试
[2026-05-08 00:40:33] [WARNING] [ShopBot] 界面无法识别且无弹窗，等待后重试
[2026-05-08 00:40:33] [WARNING] [ShopBot] 界面无法识别且无弹窗，等待后重试
[2026-05-08 00:40:33] [WARNING] [ShopBot] 界面无法识别且无弹窗，等待后重试
[2026-05-08 00:40:33] [WARNING] [ShopBot] 界面无法识别且无弹窗，等待后重试
[2026-05-08 00:40:33] [WARNING] [ShopBot] 界面无法识别且无弹窗，等待后重试
[2026-05-08 00:40:33] [WARNING] [ShopBot] 界面无法识别且无弹窗，等待后重试
[2026-05-08 00:40:33] [WARNING] [ShopBot] 界面无法识别且无弹窗，等待后重试
[2026-05-08 00:40:33] [WARNING] [ShopBot] 界面无法识别且无弹窗，等待后重试
[2026-05-08 00:40:33] [WARNING] [ShopBot] 界面无法识别且无弹窗，等待后重试
[2026-05-08 00:40:33] [WARNING] [ShopBot] 界面无法识别且无弹窗，等待后重试
[2026-05-08 00:40:33] [WARNING] [ShopBot] 界面无法识别且无弹窗，等待后重试
[2026-05-08 00:40:33] [WARNING] [ShopBot] 界面无法识别且无弹窗，等待后重试
[2026-05-08 00:40:33] [WARNING] [ShopBot] 界面无法识别且无弹窗，等待后重试
[2026-05-08 00:40:33] [WARNING] [ShopBot] 界面无法识别且无弹窗，等待后重试
[2026-05-08 00:40:33] [WARNING] [ShopBot] 界面无法识别且无弹窗，等待后重试
[2026-05-08 00:40:33] [WARNING] [ShopBot] 界面无法识别且无弹窗，等待后重试
[2026-05-08 00:40:33] [WARNING] [ShopBot] 界面无法识别且无弹窗，等待后重试
[2026-05-08 00:40:33] [WARNING] [ShopBot] 界面无法识别且无弹窗，等待后重试
[2026-05-08 00:40:33] [WARNING] [ShopBot] 界面无法识别且无弹窗，等待后重试
[2026-05-08 00:40:33] [WARNING] [ShopBot] 界面无法识别且无弹窗，等待后重试
[2026-05-08 00:40:33] [WARNING] [ShopBot] 界面无法识别且无弹窗，等待后重试
[2026-05-08 00:40:33] [WARNING] [ShopBot] 界面无法识别且无弹窗，等待后重试
[2026-05-08 00:40:33] [WARNING] [ShopBot] 界面无法识别且无弹窗，等待后重试
[2026-05-08 00:40:33] [WARNING] [ShopBot] 界面无法识别且无弹窗，等待后重试
[2026-05-08 00:40:33] [WARNING] [ShopBot] 界面无法识别且无弹窗，等待后重试
[2026-05-08 00:40:33] [WARNING] [ShopBot] 界面无法识别且无弹窗，等待后重试
[2026-05-08 00:40:33] [WARNING] [ShopBot] 界面无法识别且无弹窗，等待后重试
[2026-05-08 00:40:33] [WARNING] [ShopBot] 界面无法识别且无弹窗，等待后重试
[2026-05-08 00:40:33] [WARNING] [ShopBot] 界面无法识别且无弹窗，等待后重试
[2026-05-08 00:40:33] [WARNING] [ShopBot] 界面无法识别且无弹窗，等待后重试
[2026-05-08 00:40:33] [WARNING] [ShopBot] 界面无法识别且无弹窗，等待后重试
[2026-05-08 00:40:33] [WARNING] [ShopBot] 界面无法识别且无弹窗，等待后重试
[2026-05-08 00:40:33] [WARNING] [ShopBot] 界面无法识别且无弹窗，等待后重试
[2026-05-08 00:40:33] [WARNING] [ShopBot] 界面无法识别且无弹窗，等待后重试
[2026-05-08 00:40:33] [WARNING] [ShopBot] 界面无法识别且无弹窗，等待后重试
[2026-05-08 00:40:33] [WARNING] [ShopBot] 界面无法识别且无弹窗，等待后重试
[2026-05-08 00:40:33] [WARNING] [ShopBot] 界面无法识别且无弹窗，等待后重试
[2026-05-08 00:40:33] [WARNING] [ShopBot] 界面无法识别且无弹窗，等待后重试
[2026-05-08 00:40:33] [WARNING] [ShopBot] 界面无法识别且无弹窗，等待后重试
[2026-05-08 00:40:33] [WARNING] [ShopBot] 界面无法识别且无弹窗，等待后重试
[2026-05-08 00:40:33] [ERROR] [ShopBot] 导航超时（0.01s），未能到达秘密商店
[2026-05-08 00:40:33] [INFO] [ShopBot] 开始导航至秘密商店（超时 30.0s）
[2026-05-08 00:40:33] [INFO] [ShopBot] 已关闭弹窗，继续导航
[2026-05-08 00:40:33] [INFO] [ShopBot] 已到达秘密商店
[2026-05-08 00:40:33] [INFO] [ShopBot] 检测到弹窗，点击关闭
[2026-05-08 00:40:33] [INFO] [ShopBot] 开始购买: bookmark, 价格: 184000
[2026-05-08 00:40:33] [INFO] [ShopBot] 检测到确认弹窗，点击确认
[2026-05-08 00:40:33] [INFO] [ShopBot] 购买成功: bookmark, 价格: 184000
[2026-05-08 00:40:33] [INFO] [ShopBot] 开始购买: bookmark, 价格: 184000
[2026-05-08 00:40:33] [INFO] [ShopBot] 检测到确认弹窗，点击确认
[2026-05-08 00:40:33] [INFO] [ShopBot] 检测到二次确认弹窗，点击确认
[2026-05-08 00:40:33] [INFO] [ShopBot] 购买成功: bookmark, 价格: 184000
[2026-05-08 00:40:33] [INFO] [ShopBot] 开始购买: bookmark, 价格: 184000
[2026-05-08 00:40:33] [WARNING] [ShopBot] 购买失败 - bookmark: 金币不足
[2026-05-08 00:40:33] [INFO] [ShopBot] 开始购买: bookmark, 价格: 184000
[2026-05-08 00:40:33] [WARNING] [ShopBot] 确认弹窗未出现，重试点击: bookmark
[2026-05-08 00:40:33] [WARNING] [ShopBot] 购买失败 - bookmark: 确认弹窗未出现
[2026-05-08 00:40:33] [INFO] [ShopBot] 检测到确认弹窗，点击确认
[2026-05-08 00:40:33] [INFO] [ShopBot] 检测到确认弹窗，点击确认
[2026-05-08 00:40:33] [INFO] [ShopBot] 检测到二次确认弹窗，点击确认
[2026-05-08 00:40:33] [INFO] [ShopBot] 购买结果 - bookmark: 成功, 价格: 184000
[2026-05-08 00:40:33] [INFO] [ShopBot] 跳过物品: equipment (未在购买列表中)
[2026-05-08 00:40:33] [INFO] [ShopBot] 货架处理完成，共购买 1 个物品
[2026-05-08 00:40:33] [INFO] [ShopBot] 购买结果 - bookmark: 成功, 价格: 184000
[2026-05-08 00:40:33] [INFO] [ShopBot] 购买结果 - bookmark: 成功, 价格: 184000
[2026-05-08 00:40:33] [INFO] [ShopBot] 货架处理完成，共购买 2 个物品
[2026-05-08 00:40:33] [INFO] [ShopBot] 货架处理完成，共购买 0 个物品
[2026-05-08 00:40:33] [INFO] [ShopBot] 跳过物品: unknown (未在购买列表中)
[2026-05-08 00:40:33] [INFO] [ShopBot] 货架处理完成，共购买 0 个物品
[2026-05-08 00:40:37] [WARNING] [ShopBot] OCR 价格识别失败 (800, 200, 950, 290): OCR 初始化失败 (No module named 'paddle'). 请确保 paddlepaddle 已安装: pip install paddlepaddle
[2026-05-08 00:40:37] [WARNING] [ShopBot] OCR 价格识别失败 (800, 200, 950, 290): OCR 服务不可用
[2026-05-08 00:40:37] [INFO] [ShopBot] 动态检测到 2 个物品行: [(100, 190), (245, 335)]
[2026-05-08 00:40:37] [INFO] [ShopBot] 物品 0 (y=100-190): bookmark (置信度 0.92), 价格 184000
[2026-05-08 00:40:37] [INFO] [ShopBot] 物品 1 (y=245-335): bookmark (置信度 0.92), 价格 184000
[2026-05-08 00:40:37] [INFO] [ShopBot] 动态检测到 3 个物品行: [(100, 190), (245, 335), (390, 480)]
[2026-05-08 00:40:37] [INFO] [ShopBot] 物品 0 (y=100-190): bookmark (置信度 0.92), 价格 100
[2026-05-08 00:40:37] [INFO] [ShopBot] 物品 1 (y=245-335): bookmark (置信度 0.92), 价格 100
[2026-05-08 00:40:37] [INFO] [ShopBot] 物品 2 (y=390-480): bookmark (置信度 0.92), 价格 100
[2026-05-08 00:40:37] [INFO] [ShopBot] 动态检测到 0 个物品行: []
[2026-05-08 00:40:37] [INFO] [ShopBot] 动态检测到 3 个物品行: [(100, 190), (245, 335), (390, 480)]
[2026-05-08 00:40:37] [INFO] [ShopBot] 物品 0 (y=100-190): bookmark (置信度 0.92), 价格 100
[2026-05-08 00:40:37] [INFO] [ShopBot] 物品 1 (y=245-335): bookmark (置信度 0.92), 价格 100
[2026-05-08 00:40:37] [INFO] [ShopBot] 物品 2 (y=390-480): bookmark (置信度 0.92), 价格 100
[2026-05-08 00:40:37] [INFO] [ShopBot] 动态检测到 2 个物品行: [(100, 190), (245, 335)]
[2026-05-08 00:40:37] [INFO] [ShopBot] 物品 0 (y=100-190): bookmark (置信度 0.92), 价格 100
[2026-05-08 00:40:37] [INFO] [ShopBot] 物品 1 (y=245-335): bookmark (置信度 0.92), 价格 100
[2026-05-08 00:40:37] [DEBUG] [ShopBot] 底部检测相似度: 1.0000
[2026-05-08 00:40:37] [DEBUG] [ShopBot] 底部检测相似度: 0.2157
[2026-05-08 00:40:37] [INFO] [ShopBot] 已到达货架底部（第 1 次滑动后）
[2026-05-08 00:40:37] [INFO] [ShopBot] 第 1 次滑动，识别到 0 个物品
[2026-05-08 00:40:37] [INFO] [ShopBot] 第 2 次滑动，识别到 0 个物品
[2026-05-08 00:40:37] [INFO] [ShopBot] 第 3 次滑动，识别到 0 个物品
[2026-05-08 00:40:37] [INFO] [ShopBot] 第 4 次滑动，识别到 0 个物品
[2026-05-08 00:40:37] [INFO] [ShopBot] 第 5 次滑动，识别到 0 个物品
[2026-05-08 00:40:37] [INFO] [ShopBot] 开始识别完整货架
[2026-05-08 00:40:37] [INFO] [ShopBot] 货架识别完成，共 2 个物品
[2026-05-08 00:40:38] [INFO] [ShopBot] ===== 第 1 轮 =====
[2026-05-08 00:40:38] [INFO] [ShopBot] ShopBot 收到停止请求，将在当前循环结束后停止
[2026-05-08 00:40:38] [INFO] [ShopBot] 收到停止信号，退出主循环
[2026-05-08 00:40:38] [INFO] [ShopBot] ========== 运行统计 ==========
[2026-05-08 00:40:38] [INFO] [ShopBot] 总刷新次数: 0
[2026-05-08 00:40:38] [INFO] [ShopBot] 购买书签: 1
[2026-05-08 00:40:38] [INFO] [ShopBot] 购买神秘奖章: 0
[2026-05-08 00:40:38] [INFO] [ShopBot] 购买装备: 0
[2026-05-08 00:40:38] [INFO] [ShopBot] 天空石消耗: 0
[2026-05-08 00:40:38] [INFO] [ShopBot] 天空石余量: 0
[2026-05-08 00:40:38] [INFO] [ShopBot] ==============================
[2026-05-08 00:40:38] [INFO] [ShopBot] ShopBot 已停止
[2026-05-08 00:40:38] [INFO] [ShopBot] ===== 第 1 轮 =====
[2026-05-08 00:40:38] [INFO] [ShopBot] ShopBot 收到停止请求，将在当前循环结束后停止
[2026-05-08 00:40:38] [INFO] [ShopBot] 收到停止信号，退出主循环
[2026-05-08 00:40:38] [INFO] [ShopBot] ========== 运行统计 ==========
[2026-05-08 00:40:38] [INFO] [ShopBot] 总刷新次数: 0
[2026-05-08 00:40:38] [INFO] [ShopBot] 购买书签: 4
[2026-05-08 00:40:38] [INFO] [ShopBot] 购买神秘奖章: 0
[2026-05-08 00:40:38] [INFO] [ShopBot] 购买装备: 0
[2026-05-08 00:40:38] [INFO] [ShopBot] 天空石消耗: 0
[2026-05-08 00:40:38] [INFO] [ShopBot] 天空石余量: 0
[2026-05-08 00:40:38] [INFO] [ShopBot] ==============================
[2026-05-08 00:40:38] [INFO] [ShopBot] ShopBot 已停止
[2026-05-08 00:40:38] [INFO] [ShopBot] ===== 第 1 轮 =====
[2026-05-08 00:40:38] [INFO] [ShopBot] ShopBot 收到停止请求，将在当前循环结束后停止
[2026-05-08 00:40:38] [INFO] [ShopBot] 收到停止信号，退出主循环
[2026-05-08 00:40:38] [INFO] [ShopBot] ========== 运行统计 ==========
[2026-05-08 00:40:38] [INFO] [ShopBot] 总刷新次数: 0
[2026-05-08 00:40:38] [INFO] [ShopBot] 购买书签: 3
[2026-05-08 00:40:38] [INFO] [ShopBot] 购买神秘奖章: 0
[2026-05-08 00:40:38] [INFO] [ShopBot] 购买装备: 0
[2026-05-08 00:40:38] [INFO] [ShopBot] 天空石消耗: 0
[2026-05-08 00:40:38] [INFO] [ShopBot] 天空石余量: 0
[2026-05-08 00:40:38] [INFO] [ShopBot] ==============================
[2026-05-08 00:40:38] [INFO] [ShopBot] ShopBot 已停止
[2026-05-08 00:40:38] [INFO] [ShopBot] ===== 第 1 轮 =====
[2026-05-08 00:40:38] [INFO] [ShopBot] ShopBot 收到停止请求，将在当前循环结束后停止
[2026-05-08 00:40:38] [INFO] [ShopBot] 收到停止信号，退出主循环
[2026-05-08 00:40:38] [INFO] [ShopBot] ========== 运行统计 ==========
[2026-05-08 00:40:38] [INFO] [ShopBot] 总刷新次数: 0
[2026-05-08 00:40:38] [INFO] [ShopBot] 购买书签: 2
[2026-05-08 00:40:38] [INFO] [ShopBot] 购买神秘奖章: 0
[2026-05-08 00:40:38] [INFO] [ShopBot] 购买装备: 0
[2026-05-08 00:40:38] [INFO] [ShopBot] 天空石消耗: 0
[2026-05-08 00:40:38] [INFO] [ShopBot] 天空石余量: 0
[2026-05-08 00:40:38] [INFO] [ShopBot] ==============================
[2026-05-08 00:40:38] [INFO] [ShopBot] ShopBot 已停止
[2026-05-08 00:40:38] [INFO] [ShopBot] ===== 第 1 轮 =====
[2026-05-08 00:40:38] [INFO] [ShopBot] ShopBot 收到停止请求，将在当前循环结束后停止
[2026-05-08 00:40:38] [INFO] [ShopBot] 收到停止信号，退出主循环
[2026-05-08 00:40:38] [INFO] [ShopBot] ========== 运行统计 ==========
[2026-05-08 00:40:38] [INFO] [ShopBot] 总刷新次数: 0
[2026-05-08 00:40:38] [INFO] [ShopBot] 购买书签: 5
[2026-05-08 00:40:38] [INFO] [ShopBot] 购买神秘奖章: 0
[2026-05-08 00:40:38] [INFO] [ShopBot] 购买装备: 0
[2026-05-08 00:40:38] [INFO] [ShopBot] 天空石消耗: 0
[2026-05-08 00:40:38] [INFO] [ShopBot] 天空石余量: 0
[2026-05-08 00:40:38] [INFO] [ShopBot] ==============================
[2026-05-08 00:40:38] [INFO] [ShopBot] ShopBot 已停止
[2026-05-08 00:40:38] [INFO] [ShopBot] ShopBot 已启动
[2026-05-08 00:40:38] [INFO] [ShopBot] ShopBot 收到停止请求，将在当前循环结束后停止
[2026-05-08 00:40:38] [INFO] [ShopBot] ShopBot 收到停止请求，将在当前循环结束后停止
[2026-05-08 00:40:38] [WARNING] [ShopBot] ShopBot 已在运行中
[2026-05-08 00:40:38] [INFO] [ShopBot] ===== 第 1 轮 =====
[2026-05-08 00:40:38] [INFO] [ShopBot] 达到停止条件，结束运行
[2026-05-08 00:40:38] [INFO] [ShopBot] ========== 运行统计 ==========
[2026-05-08 00:40:38] [INFO] [ShopBot] 总刷新次数: 0
[2026-05-08 00:40:38] [INFO] [ShopBot] 购买书签: 0
[2026-05-08 00:40:38] [INFO] [ShopBot] 购买神秘奖章: 0
[2026-05-08 00:40:38] [INFO] [ShopBot] 购买装备: 0
[2026-05-08 00:40:38] [INFO] [ShopBot] 天空石消耗: 0
[2026-05-08 00:40:38] [INFO] [ShopBot] 天空石余量: 0
[2026-05-08 00:40:38] [INFO] [ShopBot] ==============================
[2026-05-08 00:40:38] [INFO] [ShopBot] ShopBot 已停止
[2026-05-08 00:40:38] [INFO] [ShopBot] ===== 第 1 轮 =====
[2026-05-08 00:40:38] [INFO] [ShopBot] ===== 第 2 轮 =====
[2026-05-08 00:40:38] [INFO] [ShopBot] 达到停止条件，结束运行
[2026-05-08 00:40:38] [INFO] [ShopBot] ========== 运行统计 ==========
[2026-05-08 00:40:38] [INFO] [ShopBot] 总刷新次数: 1
[2026-05-08 00:40:38] [INFO] [ShopBot] 购买书签: 0
[2026-05-08 00:40:38] [INFO] [ShopBot] 购买神秘奖章: 0
[2026-05-08 00:40:38] [INFO] [ShopBot] 购买装备: 0
[2026-05-08 00:40:38] [INFO] [ShopBot] 天空石消耗: 3
[2026-05-08 00:40:38] [INFO] [ShopBot] 天空石余量: 0
[2026-05-08 00:40:38] [INFO] [ShopBot] ==============================
[2026-05-08 00:40:38] [INFO] [ShopBot] ShopBot 已停止
[2026-05-08 00:40:38] [INFO] [ShopBot] ===== 第 1 轮 =====
[2026-05-08 00:40:38] [ERROR] [ShopBot] 主循环异常（连续第 1 次）: 测试异常
[2026-05-08 00:40:38] [INFO] [ShopBot] 异常恢复成功，继续运行
[2026-05-08 00:40:38] [INFO] [ShopBot] ===== 第 1 轮 =====
[2026-05-08 00:40:38] [INFO] [ShopBot] 达到停止条件，结束运行
[2026-05-08 00:40:38] [INFO] [ShopBot] ========== 运行统计 ==========
[2026-05-08 00:40:38] [INFO] [ShopBot] 总刷新次数: 0
[2026-05-08 00:40:38] [INFO] [ShopBot] 购买书签: 0
[2026-05-08 00:40:38] [INFO] [ShopBot] 购买神秘奖章: 0
[2026-05-08 00:40:38] [INFO] [ShopBot] 购买装备: 0
[2026-05-08 00:40:38] [INFO] [ShopBot] 天空石消耗: 0
[2026-05-08 00:40:38] [INFO] [ShopBot] 天空石余量: 0
[2026-05-08 00:40:38] [INFO] [ShopBot] ==============================
[2026-05-08 00:40:38] [INFO] [ShopBot] ShopBot 已停止
[2026-05-08 00:40:38] [INFO] [ShopBot] ===== 第 1 轮 =====
[2026-05-08 00:40:38] [ERROR] [ShopBot] 主循环异常（连续第 1 次）: 持续异常
[2026-05-08 00:40:38] [ERROR] [ShopBot] 异常恢复失败
[2026-05-08 00:40:38] [INFO] [ShopBot] ===== 第 1 轮 =====
[2026-05-08 00:40:38] [ERROR] [ShopBot] 主循环异常（连续第 2 次）: 持续异常
[2026-05-08 00:40:38] [ERROR] [ShopBot] 异常恢复失败
[2026-05-08 00:40:38] [INFO] [ShopBot] ===== 第 1 轮 =====
[2026-05-08 00:40:38] [ERROR] [ShopBot] 主循环异常（连续第 3 次）: 持续异常
[2026-05-08 00:40:38] [ERROR] [ShopBot] 异常恢复失败
[2026-05-08 00:40:38] [ERROR] [ShopBot] 连续 3 次恢复失败，终止运行
[2026-05-08 00:40:38] [INFO] [ShopBot] ========== 运行统计 ==========
[2026-05-08 00:40:38] [INFO] [ShopBot] 总刷新次数: 0
[2026-05-08 00:40:38] [INFO] [ShopBot] 购买书签: 0
[2026-05-08 00:40:38] [INFO] [ShopBot] 购买神秘奖章: 0
[2026-05-08 00:40:38] [INFO] [ShopBot] 购买装备: 0
[2026-05-08 00:40:38] [INFO] [ShopBot] 天空石消耗: 0
[2026-05-08 00:40:38] [INFO] [ShopBot] 天空石余量: 0
[2026-05-08 00:40:38] [INFO] [ShopBot] ==============================
[2026-05-08 00:40:38] [INFO] [ShopBot] ShopBot 已停止
[2026-05-08 00:40:38] [ERROR] [ShopBot] 设备连接失败，终止运行
[2026-05-08 00:40:38] [INFO] [ShopBot] ========== 运行统计 ==========
[2026-05-08 00:40:38] [INFO] [ShopBot] 总刷新次数: 0
[2026-05-08 00:40:38] [INFO] [ShopBot] 购买书签: 0
[2026-05-08 00:40:38] [INFO] [ShopBot] 购买神秘奖章: 0
[2026-05-08 00:40:38] [INFO] [ShopBot] 购买装备: 0
[2026-05-08 00:40:38] [INFO] [ShopBot] 天空石消耗: 0
[2026-05-08 00:40:38] [INFO] [ShopBot] 天空石余量: 0
[2026-05-08 00:40:38] [INFO] [ShopBot] ==============================
[2026-05-08 00:40:38] [INFO] [ShopBot] ShopBot 已停止
[2026-05-08 00:40:38] [ERROR] [ShopBot] 导航至秘密商店失败，终止运行
[2026-05-08 00:40:38] [INFO] [ShopBot] ========== 运行统计 ==========
[2026-05-08 00:40:38] [INFO] [ShopBot] 总刷新次数: 0
[2026-05-08 00:40:38] [INFO] [ShopBot] 购买书签: 0
[2026-05-08 00:40:38] [INFO] [ShopBot] 购买神秘奖章: 0
[2026-05-08 00:40:38] [INFO] [ShopBot] 购买装备: 0
[2026-05-08 00:40:38] [INFO] [ShopBot] 天空石消耗: 0
[2026-05-08 00:40:38] [INFO] [ShopBot] 天空石余量: 0
[2026-05-08 00:40:38] [INFO] [ShopBot] ==============================
[2026-05-08 00:40:38] [INFO] [ShopBot] ShopBot 已停止
[2026-05-08 00:40:38] [INFO] [ShopBot] ========== 运行统计 ==========
[2026-05-08 00:40:38] [INFO] [ShopBot] 总刷新次数: 0
[2026-05-08 00:40:38] [INFO] [ShopBot] 购买书签: 0
[2026-05-08 00:40:38] [INFO] [ShopBot] 购买神秘奖章: 0
[2026-05-08 00:40:38] [INFO] [ShopBot] 购买装备: 0
[2026-05-08 00:40:38] [INFO] [ShopBot] 天空石消耗: 0
[2026-05-08 00:40:38] [INFO] [ShopBot] 天空石余量: 0
[2026-05-08 00:40:38] [INFO] [ShopBot] ==============================
[2026-05-08 00:40:38] [INFO] [ShopBot] ShopBot 已停止
[2026-05-08 00:40:38] [INFO] [ShopBot] 点击刷新按钮（第 1 次）
[2026-05-08 00:40:38] [INFO] [ShopBot] 检测到刷新确认弹窗，点击确认
[2026-05-08 00:40:38] [INFO] [ShopBot] 等待货架加载...
[2026-05-08 00:40:39] [INFO] [ShopBot] 点击刷新按钮（第 1 次）
[2026-05-08 00:40:39] [INFO] [ShopBot] 检测到刷新确认弹窗，点击确认
[2026-05-08 00:40:39] [INFO] [ShopBot] 检测到刷新二次确认弹窗，点击确认
[2026-05-08 00:40:39] [INFO] [ShopBot] 等待货架加载...
[2026-05-08 00:40:39] [INFO] [ShopBot] 点击刷新按钮（第 1 次）
[2026-05-08 00:40:39] [WARNING] [ShopBot] 刷新确认弹窗未出现（第 1 次）
[2026-05-08 00:40:39] [INFO] [ShopBot] 点击刷新按钮（第 2 次）
[2026-05-08 00:40:39] [WARNING] [ShopBot] 刷新确认弹窗未出现（第 2 次）
[2026-05-08 00:40:39] [ERROR] [ShopBot] 刷新失败，已重试 2 次
[2026-05-08 00:40:39] [INFO] [ShopBot] 尝试恢复到秘密商店界面...
[2026-05-08 00:40:39] [INFO] [ShopBot] 尝试恢复到秘密商店界面...
[2026-05-08 00:40:39] [ERROR] [ShopBot] 异常恢复过程中出错: 保存失败
[2026-05-08 00:43:30] [INFO] [ShopBot] 动态检测到 4 个物品行: [(80, 187), (240, 331), (383, 477), (534, 620)]
[2026-05-08 00:43:35] [WARNING] [ShopBot] OCR 价格识别失败 (800, 80, 950, 187): OCR 初始化失败 (No module named 'paddle'). 请确保 paddlepaddle 已安装: pip install paddlepaddle
[2026-05-08 00:43:35] [INFO] [ShopBot] 物品 0 (y=80-187): bookmark (置信度 0.71), 价格 0
[2026-05-08 00:43:35] [WARNING] [ShopBot] OCR 价格识别失败 (800, 240, 950, 331): OCR 初始化失败 (No module named 'paddle'). 请确保 paddlepaddle 已安装: pip install paddlepaddle
[2026-05-08 00:43:35] [INFO] [ShopBot] 物品 1 (y=240-331): mystic_medal (置信度 0.62), 价格 0
[2026-05-08 00:43:35] [WARNING] [ShopBot] OCR 价格识别失败 (800, 383, 950, 477): OCR 初始化失败 (No module named 'paddle'). 请确保 paddlepaddle 已安装: pip install paddlepaddle
[2026-05-08 00:43:35] [INFO] [ShopBot] 物品 2 (y=383-477): bookmark (置信度 0.66), 价格 0
[2026-05-08 00:43:35] [WARNING] [ShopBot] OCR 价格识别失败 (800, 534, 950, 620): OCR 初始化失败 (No module named 'paddle'). 请确保 paddlepaddle 已安装: pip install paddlepaddle
[2026-05-08 00:43:35] [INFO] [ShopBot] 物品 3 (y=534-620): mystic_medal (置信度 0.60), 价格 0
[2026-05-08 00:44:42] [INFO] [ShopBot] 动态检测到 4 个物品行: [(80, 187), (240, 331), (383, 477), (534, 620)]
[2026-05-08 00:44:46] [WARNING] [ShopBot] OCR 价格识别失败 (800, 80, 950, 187): OCR 初始化失败 (No module named 'paddle'). 请确保 paddlepaddle 已安装: pip install paddlepaddle
[2026-05-08 00:44:46] [INFO] [ShopBot] 物品 0 (y=80-187): bookmark (置信度 0.71), 价格 0
[2026-05-08 00:44:46] [WARNING] [ShopBot] OCR 价格识别失败 (800, 240, 950, 331): OCR 初始化失败 (No module named 'paddle'). 请确保 paddlepaddle 已安装: pip install paddlepaddle
[2026-05-08 00:44:46] [INFO] [ShopBot] 物品 1 (y=240-331): mystic_medal (置信度 0.62), 价格 0
[2026-05-08 00:44:46] [WARNING] [ShopBot] OCR 价格识别失败 (800, 383, 950, 477): OCR 初始化失败 (No module named 'paddle'). 请确保 paddlepaddle 已安装: pip install paddlepaddle
[2026-05-08 00:44:46] [INFO] [ShopBot] 物品 2 (y=383-477): bookmark (置信度 0.66), 价格 0
[2026-05-08 00:44:46] [WARNING] [ShopBot] OCR 价格识别失败 (800, 534, 950, 620): OCR 初始化失败 (No module named 'paddle'). 请确保 paddlepaddle 已安装: pip install paddlepaddle
[2026-05-08 00:44:46] [INFO] [ShopBot] 物品 3 (y=534-620): bookmark (置信度 0.60), 价格 0
[2026-05-08 00:45:44] [INFO] [ShopBot] 动态检测到 4 个物品行: [(80, 187), (240, 331), (383, 477), (534, 620)]
[2026-05-08 00:45:49] [WARNING] [ShopBot] OCR 价格识别失败 (800, 80, 950, 187): OCR 初始化失败 (No module named 'paddle'). 请确保 paddlepaddle 已安装: pip install paddlepaddle
[2026-05-08 00:45:49] [INFO] [ShopBot] 物品 0 (y=80-187): bookmark (置信度 0.71), 价格 0
[2026-05-08 00:45:49] [WARNING] [ShopBot] OCR 价格识别失败 (800, 240, 950, 331): OCR 初始化失败 (No module named 'paddle'). 请确保 paddlepaddle 已安装: pip install paddlepaddle
[2026-05-08 00:45:49] [INFO] [ShopBot] 物品 1 (y=240-331): mystic_medal (置信度 0.62), 价格 0
[2026-05-08 00:45:49] [WARNING] [ShopBot] OCR 价格识别失败 (800, 383, 950, 477): OCR 初始化失败 (No module named 'paddle'). 请确保 paddlepaddle 已安装: pip install paddlepaddle
[2026-05-08 00:45:49] [INFO] [ShopBot] 物品 2 (y=383-477): bookmark (置信度 0.66), 价格 0
[2026-05-08 00:45:49] [WARNING] [ShopBot] OCR 价格识别失败 (800, 534, 950, 620): OCR 初始化失败 (No module named 'paddle'). 请确保 paddlepaddle 已安装: pip install paddlepaddle
[2026-05-08 00:45:49] [INFO] [ShopBot] 物品 3 (y=534-620): bookmark (置信度 0.66), 价格 0
[2026-05-08 00:47:15] [WARNING] [ShopBot] OCR 价格识别失败 (800, 200, 950, 290): OCR 初始化失败 (No module named 'paddle'). 请确保 paddlepaddle 已安装: pip install paddlepaddle
[2026-05-08 00:47:15] [WARNING] [ShopBot] OCR 价格识别失败 (800, 200, 950, 290): OCR 服务不可用
[2026-05-08 00:47:15] [INFO] [ShopBot] 动态检测到 2 个物品行: [(100, 190), (245, 335)]
[2026-05-08 00:47:15] [INFO] [ShopBot] 物品 0 (y=100-190): bookmark (置信度 0.92), 价格 184000
[2026-05-08 00:47:15] [INFO] [ShopBot] 物品 1 (y=245-335): bookmark (置信度 0.92), 价格 184000
[2026-05-08 00:47:15] [INFO] [ShopBot] 动态检测到 3 个物品行: [(100, 190), (245, 335), (390, 480)]
[2026-05-08 00:47:15] [INFO] [ShopBot] 物品 0 (y=100-190): bookmark (置信度 0.92), 价格 100
[2026-05-08 00:47:15] [INFO] [ShopBot] 物品 1 (y=245-335): bookmark (置信度 0.92), 价格 100
[2026-05-08 00:47:15] [INFO] [ShopBot] 物品 2 (y=390-480): bookmark (置信度 0.92), 价格 100
[2026-05-08 00:47:15] [INFO] [ShopBot] 动态检测到 0 个物品行: []
[2026-05-08 00:47:15] [INFO] [ShopBot] 动态检测到 3 个物品行: [(100, 190), (245, 335), (390, 480)]
[2026-05-08 00:47:15] [INFO] [ShopBot] 物品 0 (y=100-190): bookmark (置信度 0.92), 价格 100
[2026-05-08 00:47:15] [INFO] [ShopBot] 物品 1 (y=245-335): bookmark (置信度 0.92), 价格 100
[2026-05-08 00:47:15] [INFO] [ShopBot] 物品 2 (y=390-480): bookmark (置信度 0.92), 价格 100
[2026-05-08 00:47:15] [INFO] [ShopBot] 动态检测到 2 个物品行: [(100, 190), (245, 335)]
[2026-05-08 00:47:15] [INFO] [ShopBot] 物品 0 (y=100-190): bookmark (置信度 0.92), 价格 100
[2026-05-08 00:47:15] [INFO] [ShopBot] 物品 1 (y=245-335): bookmark (置信度 0.92), 价格 100
[2026-05-08 00:47:15] [DEBUG] [ShopBot] 底部检测相似度: 1.0000
[2026-05-08 00:47:15] [DEBUG] [ShopBot] 底部检测相似度: 0.2157
[2026-05-08 00:47:15] [INFO] [ShopBot] 已到达货架底部（第 1 次滑动后）
[2026-05-08 00:47:15] [INFO] [ShopBot] 第 1 次滑动，识别到 0 个物品
[2026-05-08 00:47:15] [INFO] [ShopBot] 第 2 次滑动，识别到 0 个物品
[2026-05-08 00:47:15] [INFO] [ShopBot] 第 3 次滑动，识别到 0 个物品
[2026-05-08 00:47:15] [INFO] [ShopBot] 第 4 次滑动，识别到 0 个物品
[2026-05-08 00:47:15] [INFO] [ShopBot] 第 5 次滑动，识别到 0 个物品
[2026-05-08 00:47:15] [INFO] [ShopBot] 开始识别完整货架
[2026-05-08 00:47:15] [INFO] [ShopBot] 货架识别完成，共 2 个物品
[2026-05-08 00:47:33] [WARNING] [ShopBot] OCR 价格识别失败 (800, 200, 950, 290): OCR 初始化失败 (No module named 'paddle'). 请确保 paddlepaddle 已安装: pip install paddlepaddle
[2026-05-08 00:47:33] [WARNING] [ShopBot] OCR 价格识别失败 (800, 200, 950, 290): OCR 服务不可用
[2026-05-08 00:47:33] [INFO] [ShopBot] 动态检测到 2 个物品行: [(100, 190), (245, 335)]
[2026-05-08 00:47:33] [INFO] [ShopBot] 物品 0 (y=100-190): bookmark (置信度 0.92), 价格 184000
[2026-05-08 00:47:33] [INFO] [ShopBot] 物品 1 (y=245-335): bookmark (置信度 0.92), 价格 184000
[2026-05-08 00:47:33] [INFO] [ShopBot] 动态检测到 3 个物品行: [(100, 190), (245, 335), (390, 480)]
[2026-05-08 00:47:33] [INFO] [ShopBot] 物品 0 (y=100-190): bookmark (置信度 0.92), 价格 100
[2026-05-08 00:47:33] [INFO] [ShopBot] 物品 1 (y=245-335): bookmark (置信度 0.92), 价格 100
[2026-05-08 00:47:33] [INFO] [ShopBot] 物品 2 (y=390-480): bookmark (置信度 0.92), 价格 100
[2026-05-08 00:47:33] [INFO] [ShopBot] 动态检测到 0 个物品行: []
[2026-05-08 00:47:33] [INFO] [ShopBot] 动态检测到 3 个物品行: [(100, 190), (245, 335), (390, 480)]
[2026-05-08 00:47:33] [INFO] [ShopBot] 物品 0 (y=100-190): bookmark (置信度 0.92), 价格 100
[2026-05-08 00:47:33] [INFO] [ShopBot] 物品 1 (y=245-335): bookmark (置信度 0.92), 价格 100
[2026-05-08 00:47:33] [INFO] [ShopBot] 物品 2 (y=390-480): bookmark (置信度 0.92), 价格 100
[2026-05-08 00:47:33] [INFO] [ShopBot] 动态检测到 2 个物品行: [(100, 190), (245, 335)]
[2026-05-08 00:47:33] [INFO] [ShopBot] 物品 0 (y=100-190): bookmark (置信度 0.92), 价格 100
[2026-05-08 00:47:33] [INFO] [ShopBot] 物品 1 (y=245-335): bookmark (置信度 0.92), 价格 100
[2026-05-08 00:47:33] [DEBUG] [ShopBot] 底部检测相似度: 1.0000
[2026-05-08 00:47:33] [DEBUG] [ShopBot] 底部检测相似度: 0.2157
[2026-05-08 00:47:33] [INFO] [ShopBot] 已到达货架底部（第 1 次滑动后）
[2026-05-08 00:47:33] [INFO] [ShopBot] 第 1 次滑动，识别到 0 个物品
[2026-05-08 00:47:33] [INFO] [ShopBot] 第 2 次滑动，识别到 0 个物品
[2026-05-08 00:47:33] [INFO] [ShopBot] 第 3 次滑动，识别到 0 个物品
[2026-05-08 00:47:33] [INFO] [ShopBot] 第 4 次滑动，识别到 0 个物品
[2026-05-08 00:47:33] [INFO] [ShopBot] 第 5 次滑动，识别到 0 个物品
[2026-05-08 00:47:33] [INFO] [ShopBot] 开始识别完整货架
[2026-05-08 00:47:33] [INFO] [ShopBot] 货架识别完成，共 2 个物品
[2026-05-08 00:47:33] [DEBUG] [ShopBot] 秘密商店检测: 导航顶部=50 导航中部=180 内容区=50
[2026-05-08 00:47:33] [INFO] [ShopBot] 场景检测: 秘密商店
[2026-05-08 00:47:33] [DEBUG] [ShopBot] 大厅检测: 导航顶部=150 内容区=180
[2026-05-08 00:47:33] [INFO] [ShopBot] 场景检测: 游戏大厅
[2026-05-08 00:47:33] [DEBUG] [ShopBot] 秘密商店检测: 导航顶部=50 导航中部=50 内容区=50
[2026-05-08 00:47:33] [DEBUG] [ShopBot] 大厅检测: 导航顶部=50 内容区=50
[2026-05-08 00:47:33] [WARNING] [ShopBot] 场景检测: 未知界面
[2026-05-08 00:47:33] [DEBUG] [ShopBot] 秘密商店检测: 导航顶部=50 导航中部=180 内容区=180
[2026-05-08 00:47:33] [DEBUG] [ShopBot] 大厅检测: 导航顶部=50 内容区=180
[2026-05-08 00:47:33] [WARNING] [ShopBot] 场景检测: 未知界面
[2026-05-08 00:47:33] [DEBUG] [ShopBot] 秘密商店检测: 导航顶部=40 导航中部=150 内容区=60
[2026-05-08 00:47:33] [DEBUG] [ShopBot] 秘密商店检测: 导航顶部=50 导航中部=50 内容区=60
[2026-05-08 00:47:33] [DEBUG] [ShopBot] 秘密商店检测: 导航顶部=50 导航中部=150 内容区=180
[2026-05-08 00:47:33] [DEBUG] [ShopBot] 大厅检测: 导航顶部=150 内容区=180
[2026-05-08 00:47:33] [DEBUG] [ShopBot] 大厅检测: 导航顶部=50 内容区=180
[2026-05-08 00:47:33] [DEBUG] [ShopBot] 大厅检测: 导航顶部=150 内容区=50
[2026-05-08 00:47:33] [INFO] [ShopBot] 开始导航至秘密商店（超时 30.0s）
[2026-05-08 00:47:33] [INFO] [ShopBot] 已到达秘密商店
[2026-05-08 00:47:33] [INFO] [ShopBot] 开始导航至秘密商店（超时 30.0s）
[2026-05-08 00:47:33] [INFO] [ShopBot] 从大厅点击左侧导航栏的秘密商店入口
[2026-05-08 00:47:33] [INFO] [ShopBot] 已到达秘密商店
[2026-05-08 00:47:33] [INFO] [ShopBot] 开始导航至秘密商店（超时 0.01s）
[2026-05-08 00:47:33] [WARNING] [ShopBot] 界面无法识别且无弹窗，等待后重试
[2026-05-08 00:47:33] [WARNING] [ShopBot] 界面无法识别且无弹窗，等待后重试
[2026-05-08 00:47:33] [WARNING] [ShopBot] 界面无法识别且无弹窗，等待后重试
[2026-05-08 00:47:33] [WARNING] [ShopBot] 界面无法识别且无弹窗，等待后重试
[2026-05-08 00:47:33] [WARNING] [ShopBot] 界面无法识别且无弹窗，等待后重试
[2026-05-08 00:47:33] [WARNING] [ShopBot] 界面无法识别且无弹窗，等待后重试
[2026-05-08 00:47:33] [WARNING] [ShopBot] 界面无法识别且无弹窗，等待后重试
[2026-05-08 00:47:33] [WARNING] [ShopBot] 界面无法识别且无弹窗，等待后重试
[2026-05-08 00:47:33] [WARNING] [ShopBot] 界面无法识别且无弹窗，等待后重试
[2026-05-08 00:47:33] [WARNING] [ShopBot] 界面无法识别且无弹窗，等待后重试
[2026-05-08 00:47:33] [WARNING] [ShopBot] 界面无法识别且无弹窗，等待后重试
[2026-05-08 00:47:33] [WARNING] [ShopBot] 界面无法识别且无弹窗，等待后重试
[2026-05-08 00:47:33] [WARNING] [ShopBot] 界面无法识别且无弹窗，等待后重试
[2026-05-08 00:47:33] [WARNING] [ShopBot] 界面无法识别且无弹窗，等待后重试
[2026-05-08 00:47:33] [WARNING] [ShopBot] 界面无法识别且无弹窗，等待后重试
[2026-05-08 00:47:33] [WARNING] [ShopBot] 界面无法识别且无弹窗，等待后重试
[2026-05-08 00:47:33] [WARNING] [ShopBot] 界面无法识别且无弹窗，等待后重试
[2026-05-08 00:47:33] [WARNING] [ShopBot] 界面无法识别且无弹窗，等待后重试
[2026-05-08 00:47:33] [WARNING] [ShopBot] 界面无法识别且无弹窗，等待后重试
[2026-05-08 00:47:33] [WARNING] [ShopBot] 界面无法识别且无弹窗，等待后重试
[2026-05-08 00:47:33] [WARNING] [ShopBot] 界面无法识别且无弹窗，等待后重试
[2026-05-08 00:47:33] [WARNING] [ShopBot] 界面无法识别且无弹窗，等待后重试
[2026-05-08 00:47:33] [WARNING] [ShopBot] 界面无法识别且无弹窗，等待后重试
[2026-05-08 00:47:33] [WARNING] [ShopBot] 界面无法识别且无弹窗，等待后重试
[2026-05-08 00:47:33] [WARNING] [ShopBot] 界面无法识别且无弹窗，等待后重试
[2026-05-08 00:47:33] [WARNING] [ShopBot] 界面无法识别且无弹窗，等待后重试
[2026-05-08 00:47:33] [WARNING] [ShopBot] 界面无法识别且无弹窗，等待后重试
[2026-05-08 00:47:33] [WARNING] [ShopBot] 界面无法识别且无弹窗，等待后重试
[2026-05-08 00:47:33] [WARNING] [ShopBot] 界面无法识别且无弹窗，等待后重试
[2026-05-08 00:47:33] [WARNING] [ShopBot] 界面无法识别且无弹窗，等待后重试
[2026-05-08 00:47:33] [WARNING] [ShopBot] 界面无法识别且无弹窗，等待后重试
[2026-05-08 00:47:33] [WARNING] [ShopBot] 界面无法识别且无弹窗，等待后重试
[2026-05-08 00:47:33] [WARNING] [ShopBot] 界面无法识别且无弹窗，等待后重试
[2026-05-08 00:47:33] [WARNING] [ShopBot] 界面无法识别且无弹窗，等待后重试
[2026-05-08 00:47:33] [WARNING] [ShopBot] 界面无法识别且无弹窗，等待后重试
[2026-05-08 00:47:33] [WARNING] [ShopBot] 界面无法识别且无弹窗，等待后重试
[2026-05-08 00:47:33] [WARNING] [ShopBot] 界面无法识别且无弹窗，等待后重试
[2026-05-08 00:47:33] [WARNING] [ShopBot] 界面无法识别且无弹窗，等待后重试
[2026-05-08 00:47:33] [WARNING] [ShopBot] 界面无法识别且无弹窗，等待后重试
[2026-05-08 00:47:33] [WARNING] [ShopBot] 界面无法识别且无弹窗，等待后重试
[2026-05-08 00:47:33] [WARNING] [ShopBot] 界面无法识别且无弹窗，等待后重试
[2026-05-08 00:47:33] [WARNING] [ShopBot] 界面无法识别且无弹窗，等待后重试
[2026-05-08 00:47:33] [WARNING] [ShopBot] 界面无法识别且无弹窗，等待后重试
[2026-05-08 00:47:33] [WARNING] [ShopBot] 界面无法识别且无弹窗，等待后重试
[2026-05-08 00:47:33] [WARNING] [ShopBot] 界面无法识别且无弹窗，等待后重试
[2026-05-08 00:47:33] [WARNING] [ShopBot] 界面无法识别且无弹窗，等待后重试
[2026-05-08 00:47:33] [WARNING] [ShopBot] 界面无法识别且无弹窗，等待后重试
[2026-05-08 00:47:33] [WARNING] [ShopBot] 界面无法识别且无弹窗，等待后重试
[2026-05-08 00:47:33] [WARNING] [ShopBot] 界面无法识别且无弹窗，等待后重试
[2026-05-08 00:47:33] [WARNING] [ShopBot] 界面无法识别且无弹窗，等待后重试
[2026-05-08 00:47:33] [WARNING] [ShopBot] 界面无法识别且无弹窗，等待后重试
[2026-05-08 00:47:33] [WARNING] [ShopBot] 界面无法识别且无弹窗，等待后重试
[2026-05-08 00:47:33] [WARNING] [ShopBot] 界面无法识别且无弹窗，等待后重试
[2026-05-08 00:47:33] [WARNING] [ShopBot] 界面无法识别且无弹窗，等待后重试
[2026-05-08 00:47:33] [WARNING] [ShopBot] 界面无法识别且无弹窗，等待后重试
[2026-05-08 00:47:33] [WARNING] [ShopBot] 界面无法识别且无弹窗，等待后重试
[2026-05-08 00:47:33] [WARNING] [ShopBot] 界面无法识别且无弹窗，等待后重试
[2026-05-08 00:47:33] [WARNING] [ShopBot] 界面无法识别且无弹窗，等待后重试
[2026-05-08 00:47:33] [WARNING] [ShopBot] 界面无法识别且无弹窗，等待后重试
[2026-05-08 00:47:33] [WARNING] [ShopBot] 界面无法识别且无弹窗，等待后重试
[2026-05-08 00:47:33] [WARNING] [ShopBot] 界面无法识别且无弹窗，等待后重试
[2026-05-08 00:47:33] [WARNING] [ShopBot] 界面无法识别且无弹窗，等待后重试
[2026-05-08 00:47:33] [WARNING] [ShopBot] 界面无法识别且无弹窗，等待后重试
[2026-05-08 00:47:33] [WARNING] [ShopBot] 界面无法识别且无弹窗，等待后重试
[2026-05-08 00:47:33] [WARNING] [ShopBot] 界面无法识别且无弹窗，等待后重试
[2026-05-08 00:47:33] [WARNING] [ShopBot] 界面无法识别且无弹窗，等待后重试
[2026-05-08 00:47:33] [WARNING] [ShopBot] 界面无法识别且无弹窗，等待后重试
[2026-05-08 00:47:33] [WARNING] [ShopBot] 界面无法识别且无弹窗，等待后重试
[2026-05-08 00:47:33] [WARNING] [ShopBot] 界面无法识别且无弹窗，等待后重试
[2026-05-08 00:47:33] [WARNING] [ShopBot] 界面无法识别且无弹窗，等待后重试
[2026-05-08 00:47:33] [WARNING] [ShopBot] 界面无法识别且无弹窗，等待后重试
[2026-05-08 00:47:33] [WARNING] [ShopBot] 界面无法识别且无弹窗，等待后重试
[2026-05-08 00:47:33] [WARNING] [ShopBot] 界面无法识别且无弹窗，等待后重试
[2026-05-08 00:47:33] [WARNING] [ShopBot] 界面无法识别且无弹窗，等待后重试
[2026-05-08 00:47:33] [WARNING] [ShopBot] 界面无法识别且无弹窗，等待后重试
[2026-05-08 00:47:33] [WARNING] [ShopBot] 界面无法识别且无弹窗，等待后重试
[2026-05-08 00:47:33] [WARNING] [ShopBot] 界面无法识别且无弹窗，等待后重试
[2026-05-08 00:47:33] [WARNING] [ShopBot] 界面无法识别且无弹窗，等待后重试
[2026-05-08 00:47:33] [WARNING] [ShopBot] 界面无法识别且无弹窗，等待后重试
[2026-05-08 00:47:33] [WARNING] [ShopBot] 界面无法识别且无弹窗，等待后重试
[2026-05-08 00:47:33] [WARNING] [ShopBot] 界面无法识别且无弹窗，等待后重试
[2026-05-08 00:47:33] [WARNING] [ShopBot] 界面无法识别且无弹窗，等待后重试
[2026-05-08 00:47:33] [WARNING] [ShopBot] 界面无法识别且无弹窗，等待后重试
[2026-05-08 00:47:33] [WARNING] [ShopBot] 界面无法识别且无弹窗，等待后重试
[2026-05-08 00:47:33] [WARNING] [ShopBot] 界面无法识别且无弹窗，等待后重试
[2026-05-08 00:47:33] [WARNING] [ShopBot] 界面无法识别且无弹窗，等待后重试
[2026-05-08 00:47:33] [WARNING] [ShopBot] 界面无法识别且无弹窗，等待后重试
[2026-05-08 00:47:33] [WARNING] [ShopBot] 界面无法识别且无弹窗，等待后重试
[2026-05-08 00:47:33] [WARNING] [ShopBot] 界面无法识别且无弹窗，等待后重试
[2026-05-08 00:47:33] [WARNING] [ShopBot] 界面无法识别且无弹窗，等待后重试
[2026-05-08 00:47:33] [WARNING] [ShopBot] 界面无法识别且无弹窗，等待后重试
[2026-05-08 00:47:33] [WARNING] [ShopBot] 界面无法识别且无弹窗，等待后重试
[2026-05-08 00:47:33] [WARNING] [ShopBot] 界面无法识别且无弹窗，等待后重试
[2026-05-08 00:47:33] [WARNING] [ShopBot] 界面无法识别且无弹窗，等待后重试
[2026-05-08 00:47:33] [WARNING] [ShopBot] 界面无法识别且无弹窗，等待后重试
[2026-05-08 00:47:33] [WARNING] [ShopBot] 界面无法识别且无弹窗，等待后重试
[2026-05-08 00:47:33] [WARNING] [ShopBot] 界面无法识别且无弹窗，等待后重试
[2026-05-08 00:47:33] [WARNING] [ShopBot] 界面无法识别且无弹窗，等待后重试
[2026-05-08 00:47:33] [WARNING] [ShopBot] 界面无法识别且无弹窗，等待后重试
[2026-05-08 00:47:33] [WARNING] [ShopBot] 界面无法识别且无弹窗，等待后重试
[2026-05-08 00:47:33] [WARNING] [ShopBot] 界面无法识别且无弹窗，等待后重试
[2026-05-08 00:47:33] [WARNING] [ShopBot] 界面无法识别且无弹窗，等待后重试
[2026-05-08 00:47:33] [WARNING] [ShopBot] 界面无法识别且无弹窗，等待后重试
[2026-05-08 00:47:33] [WARNING] [ShopBot] 界面无法识别且无弹窗，等待后重试
[2026-05-08 00:47:33] [WARNING] [ShopBot] 界面无法识别且无弹窗，等待后重试
[2026-05-08 00:47:33] [WARNING] [ShopBot] 界面无法识别且无弹窗，等待后重试
[2026-05-08 00:47:33] [WARNING] [ShopBot] 界面无法识别且无弹窗，等待后重试
[2026-05-08 00:47:33] [WARNING] [ShopBot] 界面无法识别且无弹窗，等待后重试
[2026-05-08 00:47:33] [WARNING] [ShopBot] 界面无法识别且无弹窗，等待后重试
[2026-05-08 00:47:33] [WARNING] [ShopBot] 界面无法识别且无弹窗，等待后重试
[2026-05-08 00:47:33] [WARNING] [ShopBot] 界面无法识别且无弹窗，等待后重试
[2026-05-08 00:47:33] [WARNING] [ShopBot] 界面无法识别且无弹窗，等待后重试
[2026-05-08 00:47:33] [WARNING] [ShopBot] 界面无法识别且无弹窗，等待后重试
[2026-05-08 00:47:33] [WARNING] [ShopBot] 界面无法识别且无弹窗，等待后重试
[2026-05-08 00:47:33] [WARNING] [ShopBot] 界面无法识别且无弹窗，等待后重试
[2026-05-08 00:47:33] [WARNING] [ShopBot] 界面无法识别且无弹窗，等待后重试
[2026-05-08 00:47:33] [WARNING] [ShopBot] 界面无法识别且无弹窗，等待后重试
[2026-05-08 00:47:33] [WARNING] [ShopBot] 界面无法识别且无弹窗，等待后重试
[2026-05-08 00:47:33] [WARNING] [ShopBot] 界面无法识别且无弹窗，等待后重试
[2026-05-08 00:47:33] [WARNING] [ShopBot] 界面无法识别且无弹窗，等待后重试
[2026-05-08 00:47:33] [WARNING] [ShopBot] 界面无法识别且无弹窗，等待后重试
[2026-05-08 00:47:33] [WARNING] [ShopBot] 界面无法识别且无弹窗，等待后重试
[2026-05-08 00:47:33] [WARNING] [ShopBot] 界面无法识别且无弹窗，等待后重试
[2026-05-08 00:47:33] [WARNING] [ShopBot] 界面无法识别且无弹窗，等待后重试
[2026-05-08 00:47:33] [WARNING] [ShopBot] 界面无法识别且无弹窗，等待后重试
[2026-05-08 00:47:33] [WARNING] [ShopBot] 界面无法识别且无弹窗，等待后重试
[2026-05-08 00:47:33] [WARNING] [ShopBot] 界面无法识别且无弹窗，等待后重试
[2026-05-08 00:47:33] [WARNING] [ShopBot] 界面无法识别且无弹窗，等待后重试
[2026-05-08 00:47:33] [WARNING] [ShopBot] 界面无法识别且无弹窗，等待后重试
[2026-05-08 00:47:33] [WARNING] [ShopBot] 界面无法识别且无弹窗，等待后重试
[2026-05-08 00:47:33] [WARNING] [ShopBot] 界面无法识别且无弹窗，等待后重试
[2026-05-08 00:47:33] [WARNING] [ShopBot] 界面无法识别且无弹窗，等待后重试
[2026-05-08 00:47:33] [WARNING] [ShopBot] 界面无法识别且无弹窗，等待后重试
[2026-05-08 00:47:33] [WARNING] [ShopBot] 界面无法识别且无弹窗，等待后重试
[2026-05-08 00:47:33] [WARNING] [ShopBot] 界面无法识别且无弹窗，等待后重试
[2026-05-08 00:47:33] [WARNING] [ShopBot] 界面无法识别且无弹窗，等待后重试
[2026-05-08 00:47:33] [WARNING] [ShopBot] 界面无法识别且无弹窗，等待后重试
[2026-05-08 00:47:33] [WARNING] [ShopBot] 界面无法识别且无弹窗，等待后重试
[2026-05-08 00:47:33] [WARNING] [ShopBot] 界面无法识别且无弹窗，等待后重试
[2026-05-08 00:47:33] [WARNING] [ShopBot] 界面无法识别且无弹窗，等待后重试
[2026-05-08 00:47:33] [WARNING] [ShopBot] 界面无法识别且无弹窗，等待后重试
[2026-05-08 00:47:33] [WARNING] [ShopBot] 界面无法识别且无弹窗，等待后重试
[2026-05-08 00:47:33] [WARNING] [ShopBot] 界面无法识别且无弹窗，等待后重试
[2026-05-08 00:47:33] [WARNING] [ShopBot] 界面无法识别且无弹窗，等待后重试
[2026-05-08 00:47:33] [WARNING] [ShopBot] 界面无法识别且无弹窗，等待后重试
[2026-05-08 00:47:33] [WARNING] [ShopBot] 界面无法识别且无弹窗，等待后重试
[2026-05-08 00:47:33] [WARNING] [ShopBot] 界面无法识别且无弹窗，等待后重试
[2026-05-08 00:47:33] [WARNING] [ShopBot] 界面无法识别且无弹窗，等待后重试
[2026-05-08 00:47:33] [WARNING] [ShopBot] 界面无法识别且无弹窗，等待后重试
[2026-05-08 00:47:33] [WARNING] [ShopBot] 界面无法识别且无弹窗，等待后重试
[2026-05-08 00:47:33] [WARNING] [ShopBot] 界面无法识别且无弹窗，等待后重试
[2026-05-08 00:47:33] [WARNING] [ShopBot] 界面无法识别且无弹窗，等待后重试
[2026-05-08 00:47:33] [WARNING] [ShopBot] 界面无法识别且无弹窗，等待后重试
[2026-05-08 00:47:33] [WARNING] [ShopBot] 界面无法识别且无弹窗，等待后重试
[2026-05-08 00:47:33] [WARNING] [ShopBot] 界面无法识别且无弹窗，等待后重试
[2026-05-08 00:47:33] [WARNING] [ShopBot] 界面无法识别且无弹窗，等待后重试
[2026-05-08 00:47:33] [WARNING] [ShopBot] 界面无法识别且无弹窗，等待后重试
[2026-05-08 00:47:33] [WARNING] [ShopBot] 界面无法识别且无弹窗，等待后重试
[2026-05-08 00:47:33] [WARNING] [ShopBot] 界面无法识别且无弹窗，等待后重试
[2026-05-08 00:47:33] [WARNING] [ShopBot] 界面无法识别且无弹窗，等待后重试
[2026-05-08 00:47:33] [WARNING] [ShopBot] 界面无法识别且无弹窗，等待后重试
[2026-05-08 00:47:33] [WARNING] [ShopBot] 界面无法识别且无弹窗，等待后重试
[2026-05-08 00:47:33] [WARNING] [ShopBot] 界面无法识别且无弹窗，等待后重试
[2026-05-08 00:47:33] [WARNING] [ShopBot] 界面无法识别且无弹窗，等待后重试
[2026-05-08 00:47:33] [WARNING] [ShopBot] 界面无法识别且无弹窗，等待后重试
[2026-05-08 00:47:33] [WARNING] [ShopBot] 界面无法识别且无弹窗，等待后重试
[2026-05-08 00:47:33] [WARNING] [ShopBot] 界面无法识别且无弹窗，等待后重试
[2026-05-08 00:47:33] [WARNING] [ShopBot] 界面无法识别且无弹窗，等待后重试
[2026-05-08 00:47:33] [WARNING] [ShopBot] 界面无法识别且无弹窗，等待后重试
[2026-05-08 00:47:33] [WARNING] [ShopBot] 界面无法识别且无弹窗，等待后重试
[2026-05-08 00:47:33] [WARNING] [ShopBot] 界面无法识别且无弹窗，等待后重试
[2026-05-08 00:47:33] [WARNING] [ShopBot] 界面无法识别且无弹窗，等待后重试
[2026-05-08 00:47:33] [WARNING] [ShopBot] 界面无法识别且无弹窗，等待后重试
[2026-05-08 00:47:33] [WARNING] [ShopBot] 界面无法识别且无弹窗，等待后重试
[2026-05-08 00:47:33] [WARNING] [ShopBot] 界面无法识别且无弹窗，等待后重试
[2026-05-08 00:47:33] [WARNING] [ShopBot] 界面无法识别且无弹窗，等待后重试
[2026-05-08 00:47:33] [WARNING] [ShopBot] 界面无法识别且无弹窗，等待后重试
[2026-05-08 00:47:33] [WARNING] [ShopBot] 界面无法识别且无弹窗，等待后重试
[2026-05-08 00:47:33] [WARNING] [ShopBot] 界面无法识别且无弹窗，等待后重试
[2026-05-08 00:47:33] [WARNING] [ShopBot] 界面无法识别且无弹窗，等待后重试
[2026-05-08 00:47:33] [WARNING] [ShopBot] 界面无法识别且无弹窗，等待后重试
[2026-05-08 00:47:33] [WARNING] [ShopBot] 界面无法识别且无弹窗，等待后重试
[2026-05-08 00:47:33] [WARNING] [ShopBot] 界面无法识别且无弹窗，等待后重试
[2026-05-08 00:47:33] [WARNING] [ShopBot] 界面无法识别且无弹窗，等待后重试
[2026-05-08 00:47:33] [WARNING] [ShopBot] 界面无法识别且无弹窗，等待后重试
[2026-05-08 00:47:33] [WARNING] [ShopBot] 界面无法识别且无弹窗，等待后重试
[2026-05-08 00:47:33] [WARNING] [ShopBot] 界面无法识别且无弹窗，等待后重试
[2026-05-08 00:47:33] [WARNING] [ShopBot] 界面无法识别且无弹窗，等待后重试
[2026-05-08 00:47:33] [WARNING] [ShopBot] 界面无法识别且无弹窗，等待后重试
[2026-05-08 00:47:33] [WARNING] [ShopBot] 界面无法识别且无弹窗，等待后重试
[2026-05-08 00:47:33] [WARNING] [ShopBot] 界面无法识别且无弹窗，等待后重试
[2026-05-08 00:47:33] [WARNING] [ShopBot] 界面无法识别且无弹窗，等待后重试
[2026-05-08 00:47:33] [WARNING] [ShopBot] 界面无法识别且无弹窗，等待后重试
[2026-05-08 00:47:33] [WARNING] [ShopBot] 界面无法识别且无弹窗，等待后重试
[2026-05-08 00:47:33] [WARNING] [ShopBot] 界面无法识别且无弹窗，等待后重试
[2026-05-08 00:47:33] [WARNING] [ShopBot] 界面无法识别且无弹窗，等待后重试
[2026-05-08 00:47:33] [WARNING] [ShopBot] 界面无法识别且无弹窗，等待后重试
[2026-05-08 00:47:33] [WARNING] [ShopBot] 界面无法识别且无弹窗，等待后重试
[2026-05-08 00:47:33] [WARNING] [ShopBot] 界面无法识别且无弹窗，等待后重试
[2026-05-08 00:47:33] [WARNING] [ShopBot] 界面无法识别且无弹窗，等待后重试
[2026-05-08 00:47:33] [WARNING] [ShopBot] 界面无法识别且无弹窗，等待后重试
[2026-05-08 00:47:33] [WARNING] [ShopBot] 界面无法识别且无弹窗，等待后重试
[2026-05-08 00:47:33] [WARNING] [ShopBot] 界面无法识别且无弹窗，等待后重试
[2026-05-08 00:47:33] [WARNING] [ShopBot] 界面无法识别且无弹窗，等待后重试
[2026-05-08 00:47:33] [WARNING] [ShopBot] 界面无法识别且无弹窗，等待后重试
[2026-05-08 00:47:33] [WARNING] [ShopBot] 界面无法识别且无弹窗，等待后重试
[2026-05-08 00:47:33] [WARNING] [ShopBot] 界面无法识别且无弹窗，等待后重试
[2026-05-08 00:47:33] [WARNING] [ShopBot] 界面无法识别且无弹窗，等待后重试
[2026-05-08 00:47:33] [WARNING] [ShopBot] 界面无法识别且无弹窗，等待后重试
[2026-05-08 00:47:33] [WARNING] [ShopBot] 界面无法识别且无弹窗，等待后重试
[2026-05-08 00:47:33] [WARNING] [ShopBot] 界面无法识别且无弹窗，等待后重试
[2026-05-08 00:47:33] [WARNING] [ShopBot] 界面无法识别且无弹窗，等待后重试
[2026-05-08 00:47:33] [WARNING] [ShopBot] 界面无法识别且无弹窗，等待后重试
[2026-05-08 00:47:33] [WARNING] [ShopBot] 界面无法识别且无弹窗，等待后重试
[2026-05-08 00:47:33] [WARNING] [ShopBot] 界面无法识别且无弹窗，等待后重试
[2026-05-08 00:47:33] [WARNING] [ShopBot] 界面无法识别且无弹窗，等待后重试
[2026-05-08 00:47:33] [WARNING] [ShopBot] 界面无法识别且无弹窗，等待后重试
[2026-05-08 00:47:33] [WARNING] [ShopBot] 界面无法识别且无弹窗，等待后重试
[2026-05-08 00:47:33] [WARNING] [ShopBot] 界面无法识别且无弹窗，等待后重试
[2026-05-08 00:47:33] [WARNING] [ShopBot] 界面无法识别且无弹窗，等待后重试
[2026-05-08 00:47:33] [WARNING] [ShopBot] 界面无法识别且无弹窗，等待后重试
[2026-05-08 00:47:33] [WARNING] [ShopBot] 界面无法识别且无弹窗，等待后重试
[2026-05-08 00:47:33] [WARNING] [ShopBot] 界面无法识别且无弹窗，等待后重试
[2026-05-08 00:47:33] [WARNING] [ShopBot] 界面无法识别且无弹窗，等待后重试
[2026-05-08 00:47:33] [WARNING] [ShopBot] 界面无法识别且无弹窗，等待后重试
[2026-05-08 00:47:33] [WARNING] [ShopBot] 界面无法识别且无弹窗，等待后重试
[2026-05-08 00:47:33] [WARNING] [ShopBot] 界面无法识别且无弹窗，等待后重试
[2026-05-08 00:47:33] [WARNING] [ShopBot] 界面无法识别且无弹窗，等待后重试
[2026-05-08 00:47:33] [WARNING] [ShopBot] 界面无法识别且无弹窗，等待后重试
[2026-05-08 00:47:33] [WARNING] [ShopBot] 界面无法识别且无弹窗，等待后重试
[2026-05-08 00:47:33] [WARNING] [ShopBot] 界面无法识别且无弹窗，等待后重试
[2026-05-08 00:47:33] [WARNING] [ShopBot] 界面无法识别且无弹窗，等待后重试
[2026-05-08 00:47:33] [WARNING] [ShopBot] 界面无法识别且无弹窗，等待后重试
[2026-05-08 00:47:33] [WARNING] [ShopBot] 界面无法识别且无弹窗，等待后重试
[2026-05-08 00:47:33] [WARNING] [ShopBot] 界面无法识别且无弹窗，等待后重试
[2026-05-08 00:47:33] [WARNING] [ShopBot] 界面无法识别且无弹窗，等待后重试
[2026-05-08 00:47:33] [WARNING] [ShopBot] 界面无法识别且无弹窗，等待后重试
[2026-05-08 00:47:33] [WARNING] [ShopBot] 界面无法识别且无弹窗，等待后重试
[2026-05-08 00:47:33] [WARNING] [ShopBot] 界面无法识别且无弹窗，等待后重试
[2026-05-08 00:47:33] [WARNING] [ShopBot] 界面无法识别且无弹窗，等待后重试
[2026-05-08 00:47:33] [WARNING] [ShopBot] 界面无法识别且无弹窗，等待后重试
[2026-05-08 00:47:33] [WARNING] [ShopBot] 界面无法识别且无弹窗，等待后重试
[2026-05-08 00:47:33] [WARNING] [ShopBot] 界面无法识别且无弹窗，等待后重试
[2026-05-08 00:47:33] [WARNING] [ShopBot] 界面无法识别且无弹窗，等待后重试
[2026-05-08 00:47:33] [WARNING] [ShopBot] 界面无法识别且无弹窗，等待后重试
[2026-05-08 00:47:33] [WARNING] [ShopBot] 界面无法识别且无弹窗，等待后重试
[2026-05-08 00:47:33] [WARNING] [ShopBot] 界面无法识别且无弹窗，等待后重试
[2026-05-08 00:47:33] [WARNING] [ShopBot] 界面无法识别且无弹窗，等待后重试
[2026-05-08 00:47:33] [WARNING] [ShopBot] 界面无法识别且无弹窗，等待后重试
[2026-05-08 00:47:33] [WARNING] [ShopBot] 界面无法识别且无弹窗，等待后重试
[2026-05-08 00:47:33] [WARNING] [ShopBot] 界面无法识别且无弹窗，等待后重试
[2026-05-08 00:47:33] [WARNING] [ShopBot] 界面无法识别且无弹窗，等待后重试
[2026-05-08 00:47:33] [WARNING] [ShopBot] 界面无法识别且无弹窗，等待后重试
[2026-05-08 00:47:33] [WARNING] [ShopBot] 界面无法识别且无弹窗，等待后重试
[2026-05-08 00:47:33] [WARNING] [ShopBot] 界面无法识别且无弹窗，等待后重试
[2026-05-08 00:47:33] [WARNING] [ShopBot] 界面无法识别且无弹窗，等待后重试
[2026-05-08 00:47:33] [WARNING] [ShopBot] 界面无法识别且无弹窗，等待后重试
[2026-05-08 00:47:33] [WARNING] [ShopBot] 界面无法识别且无弹窗，等待后重试
[2026-05-08 00:47:33] [WARNING] [ShopBot] 界面无法识别且无弹窗，等待后重试
[2026-05-08 00:47:33] [WARNING] [ShopBot] 界面无法识别且无弹窗，等待后重试
[2026-05-08 00:47:33] [WARNING] [ShopBot] 界面无法识别且无弹窗，等待后重试
[2026-05-08 00:47:33] [WARNING] [ShopBot] 界面无法识别且无弹窗，等待后重试
[2026-05-08 00:47:33] [WARNING] [ShopBot] 界面无法识别且无弹窗，等待后重试
[2026-05-08 00:47:33] [WARNING] [ShopBot] 界面无法识别且无弹窗，等待后重试
[2026-05-08 00:47:33] [WARNING] [ShopBot] 界面无法识别且无弹窗，等待后重试
[2026-05-08 00:47:33] [WARNING] [ShopBot] 界面无法识别且无弹窗，等待后重试
[2026-05-08 00:47:33] [WARNING] [ShopBot] 界面无法识别且无弹窗，等待后重试
[2026-05-08 00:47:33] [WARNING] [ShopBot] 界面无法识别且无弹窗，等待后重试
[2026-05-08 00:47:33] [WARNING] [ShopBot] 界面无法识别且无弹窗，等待后重试
[2026-05-08 00:47:33] [WARNING] [ShopBot] 界面无法识别且无弹窗，等待后重试
[2026-05-08 00:47:33] [WARNING] [ShopBot] 界面无法识别且无弹窗，等待后重试
[2026-05-08 00:47:33] [WARNING] [ShopBot] 界面无法识别且无弹窗，等待后重试
[2026-05-08 00:47:33] [WARNING] [ShopBot] 界面无法识别且无弹窗，等待后重试
[2026-05-08 00:47:33] [WARNING] [ShopBot] 界面无法识别且无弹窗，等待后重试
[2026-05-08 00:47:33] [WARNING] [ShopBot] 界面无法识别且无弹窗，等待后重试
[2026-05-08 00:47:33] [WARNING] [ShopBot] 界面无法识别且无弹窗，等待后重试
[2026-05-08 00:47:33] [WARNING] [ShopBot] 界面无法识别且无弹窗，等待后重试
[2026-05-08 00:47:33] [WARNING] [ShopBot] 界面无法识别且无弹窗，等待后重试
[2026-05-08 00:47:33] [WARNING] [ShopBot] 界面无法识别且无弹窗，等待后重试
[2026-05-08 00:47:33] [WARNING] [ShopBot] 界面无法识别且无弹窗，等待后重试
[2026-05-08 00:47:33] [WARNING] [ShopBot] 界面无法识别且无弹窗，等待后重试
[2026-05-08 00:47:33] [WARNING] [ShopBot] 界面无法识别且无弹窗，等待后重试
[2026-05-08 00:47:33] [WARNING] [ShopBot] 界面无法识别且无弹窗，等待后重试
[2026-05-08 00:47:33] [WARNING] [ShopBot] 界面无法识别且无弹窗，等待后重试
[2026-05-08 00:47:33] [WARNING] [ShopBot] 界面无法识别且无弹窗，等待后重试
[2026-05-08 00:47:33] [WARNING] [ShopBot] 界面无法识别且无弹窗，等待后重试
[2026-05-08 00:47:33] [WARNING] [ShopBot] 界面无法识别且无弹窗，等待后重试
[2026-05-08 00:47:33] [WARNING] [ShopBot] 界面无法识别且无弹窗，等待后重试
[2026-05-08 00:47:33] [WARNING] [ShopBot] 界面无法识别且无弹窗，等待后重试
[2026-05-08 00:47:33] [WARNING] [ShopBot] 界面无法识别且无弹窗，等待后重试
[2026-05-08 00:47:33] [WARNING] [ShopBot] 界面无法识别且无弹窗，等待后重试
[2026-05-08 00:47:33] [WARNING] [ShopBot] 界面无法识别且无弹窗，等待后重试
[2026-05-08 00:47:33] [WARNING] [ShopBot] 界面无法识别且无弹窗，等待后重试
[2026-05-08 00:47:33] [WARNING] [ShopBot] 界面无法识别且无弹窗，等待后重试
[2026-05-08 00:47:33] [WARNING] [ShopBot] 界面无法识别且无弹窗，等待后重试
[2026-05-08 00:47:33] [WARNING] [ShopBot] 界面无法识别且无弹窗，等待后重试
[2026-05-08 00:47:33] [WARNING] [ShopBot] 界面无法识别且无弹窗，等待后重试
[2026-05-08 00:47:33] [WARNING] [ShopBot] 界面无法识别且无弹窗，等待后重试
[2026-05-08 00:47:33] [WARNING] [ShopBot] 界面无法识别且无弹窗，等待后重试
[2026-05-08 00:47:33] [WARNING] [ShopBot] 界面无法识别且无弹窗，等待后重试
[2026-05-08 00:47:33] [WARNING] [ShopBot] 界面无法识别且无弹窗，等待后重试
[2026-05-08 00:47:33] [WARNING] [ShopBot] 界面无法识别且无弹窗，等待后重试
[2026-05-08 00:47:33] [WARNING] [ShopBot] 界面无法识别且无弹窗，等待后重试
[2026-05-08 00:47:33] [WARNING] [ShopBot] 界面无法识别且无弹窗，等待后重试
[2026-05-08 00:47:33] [WARNING] [ShopBot] 界面无法识别且无弹窗，等待后重试
[2026-05-08 00:47:33] [WARNING] [ShopBot] 界面无法识别且无弹窗，等待后重试
[2026-05-08 00:47:33] [WARNING] [ShopBot] 界面无法识别且无弹窗，等待后重试
[2026-05-08 00:47:33] [WARNING] [ShopBot] 界面无法识别且无弹窗，等待后重试
[2026-05-08 00:47:33] [WARNING] [ShopBot] 界面无法识别且无弹窗，等待后重试
[2026-05-08 00:47:33] [WARNING] [ShopBot] 界面无法识别且无弹窗，等待后重试
[2026-05-08 00:47:33] [WARNING] [ShopBot] 界面无法识别且无弹窗，等待后重试
[2026-05-08 00:47:33] [WARNING] [ShopBot] 界面无法识别且无弹窗，等待后重试
[2026-05-08 00:47:33] [WARNING] [ShopBot] 界面无法识别且无弹窗，等待后重试
[2026-05-08 00:47:33] [WARNING] [ShopBot] 界面无法识别且无弹窗，等待后重试
[2026-05-08 00:47:33] [WARNING] [ShopBot] 界面无法识别且无弹窗，等待后重试
[2026-05-08 00:47:33] [WARNING] [ShopBot] 界面无法识别且无弹窗，等待后重试
[2026-05-08 00:47:33] [WARNING] [ShopBot] 界面无法识别且无弹窗，等待后重试
[2026-05-08 00:47:33] [WARNING] [ShopBot] 界面无法识别且无弹窗，等待后重试
[2026-05-08 00:47:33] [WARNING] [ShopBot] 界面无法识别且无弹窗，等待后重试
[2026-05-08 00:47:33] [WARNING] [ShopBot] 界面无法识别且无弹窗，等待后重试
[2026-05-08 00:47:33] [WARNING] [ShopBot] 界面无法识别且无弹窗，等待后重试
[2026-05-08 00:47:33] [WARNING] [ShopBot] 界面无法识别且无弹窗，等待后重试
[2026-05-08 00:47:33] [WARNING] [ShopBot] 界面无法识别且无弹窗，等待后重试
[2026-05-08 00:47:33] [WARNING] [ShopBot] 界面无法识别且无弹窗，等待后重试
[2026-05-08 00:47:33] [WARNING] [ShopBot] 界面无法识别且无弹窗，等待后重试
[2026-05-08 00:47:33] [WARNING] [ShopBot] 界面无法识别且无弹窗，等待后重试
[2026-05-08 00:47:33] [WARNING] [ShopBot] 界面无法识别且无弹窗，等待后重试
[2026-05-08 00:47:33] [WARNING] [ShopBot] 界面无法识别且无弹窗，等待后重试
[2026-05-08 00:47:33] [WARNING] [ShopBot] 界面无法识别且无弹窗，等待后重试
[2026-05-08 00:47:33] [WARNING] [ShopBot] 界面无法识别且无弹窗，等待后重试
[2026-05-08 00:47:33] [WARNING] [ShopBot] 界面无法识别且无弹窗，等待后重试
[2026-05-08 00:47:33] [WARNING] [ShopBot] 界面无法识别且无弹窗，等待后重试
[2026-05-08 00:47:33] [WARNING] [ShopBot] 界面无法识别且无弹窗，等待后重试
[2026-05-08 00:47:33] [WARNING] [ShopBot] 界面无法识别且无弹窗，等待后重试
[2026-05-08 00:47:33] [WARNING] [ShopBot] 界面无法识别且无弹窗，等待后重试
[2026-05-08 00:47:33] [WARNING] [ShopBot] 界面无法识别且无弹窗，等待后重试
[2026-05-08 00:47:33] [WARNING] [ShopBot] 界面无法识别且无弹窗，等待后重试
[2026-05-08 00:47:33] [WARNING] [ShopBot] 界面无法识别且无弹窗，等待后重试
[2026-05-08 00:47:33] [WARNING] [ShopBot] 界面无法识别且无弹窗，等待后重试
[2026-05-08 00:47:33] [WARNING] [ShopBot] 界面无法识别且无弹窗，等待后重试
[2026-05-08 00:47:33] [WARNING] [ShopBot] 界面无法识别且无弹窗，等待后重试
[2026-05-08 00:47:33] [WARNING] [ShopBot] 界面无法识别且无弹窗，等待后重试
[2026-05-08 00:47:33] [WARNING] [ShopBot] 界面无法识别且无弹窗，等待后重试
[2026-05-08 00:47:33] [WARNING] [ShopBot] 界面无法识别且无弹窗，等待后重试
[2026-05-08 00:47:33] [WARNING] [ShopBot] 界面无法识别且无弹窗，等待后重试
[2026-05-08 00:47:33] [WARNING] [ShopBot] 界面无法识别且无弹窗，等待后重试
[2026-05-08 00:47:33] [WARNING] [ShopBot] 界面无法识别且无弹窗，等待后重试
[2026-05-08 00:47:33] [WARNING] [ShopBot] 界面无法识别且无弹窗，等待后重试
[2026-05-08 00:47:33] [WARNING] [ShopBot] 界面无法识别且无弹窗，等待后重试
[2026-05-08 00:47:33] [WARNING] [ShopBot] 界面无法识别且无弹窗，等待后重试
[2026-05-08 00:47:33] [WARNING] [ShopBot] 界面无法识别且无弹窗，等待后重试
[2026-05-08 00:47:33] [WARNING] [ShopBot] 界面无法识别且无弹窗，等待后重试
[2026-05-08 00:47:33] [WARNING] [ShopBot] 界面无法识别且无弹窗，等待后重试
[2026-05-08 00:47:33] [WARNING] [ShopBot] 界面无法识别且无弹窗，等待后重试
[2026-05-08 00:47:33] [WARNING] [ShopBot] 界面无法识别且无弹窗，等待后重试
[2026-05-08 00:47:33] [WARNING] [ShopBot] 界面无法识别且无弹窗，等待后重试
[2026-05-08 00:47:33] [WARNING] [ShopBot] 界面无法识别且无弹窗，等待后重试
[2026-05-08 00:47:33] [WARNING] [ShopBot] 界面无法识别且无弹窗，等待后重试
[2026-05-08 00:47:33] [ERROR] [ShopBot] 导航超时（0.01s），未能到达秘密商店
[2026-05-08 00:47:33] [INFO] [ShopBot] 开始导航至秘密商店（超时 30.0s）
[2026-05-08 00:47:33] [INFO] [ShopBot] 已关闭弹窗，继续导航
[2026-05-08 00:47:33] [INFO] [ShopBot] 已到达秘密商店
[2026-05-08 00:47:33] [INFO] [ShopBot] 检测到弹窗，点击关闭
[2026-05-08 00:47:42] [INFO] [ShopBot] 动态检测到 4 个物品行: [(80, 187), (240, 331), (383, 477), (534, 620)]
[2026-05-08 00:47:46] [WARNING] [ShopBot] OCR 价格识别失败 (800, 80, 950, 187): OCR 初始化失败 (No module named 'paddle'). 请确保 paddlepaddle 已安装: pip install paddlepaddle
[2026-05-08 00:47:46] [INFO] [ShopBot] 物品 0 (y=80-187): unknown (置信度 0.45), 价格 0
[2026-05-08 00:47:46] [WARNING] [ShopBot] OCR 价格识别失败 (800, 240, 950, 331): OCR 初始化失败 (No module named 'paddle'). 请确保 paddlepaddle 已安装: pip install paddlepaddle
[2026-05-08 00:47:46] [INFO] [ShopBot] 物品 1 (y=240-331): unknown (置信度 0.38), 价格 0
[2026-05-08 00:47:46] [WARNING] [ShopBot] OCR 价格识别失败 (800, 383, 950, 477): OCR 初始化失败 (No module named 'paddle'). 请确保 paddlepaddle 已安装: pip install paddlepaddle
[2026-05-08 00:47:46] [INFO] [ShopBot] 物品 2 (y=383-477): unknown (置信度 0.42), 价格 0
[2026-05-08 00:47:46] [WARNING] [ShopBot] OCR 价格识别失败 (800, 534, 950, 620): OCR 初始化失败 (No module named 'paddle'). 请确保 paddlepaddle 已安装: pip install paddlepaddle
[2026-05-08 00:47:46] [INFO] [ShopBot] 物品 3 (y=534-620): bookmark (置信度 0.83), 价格 0
[2026-05-08 00:48:10] [WARNING] [ShopBot] OCR 价格识别失败 (800, 200, 950, 290): OCR 初始化失败 (No module named 'paddle'). 请确保 paddlepaddle 已安装: pip install paddlepaddle
[2026-05-08 00:48:10] [WARNING] [ShopBot] OCR 价格识别失败 (800, 200, 950, 290): OCR 服务不可用
[2026-05-08 00:48:10] [INFO] [ShopBot] 动态检测到 2 个物品行: [(100, 190), (245, 335)]
[2026-05-08 00:48:10] [INFO] [ShopBot] 物品 0 (y=100-190): bookmark (置信度 0.92), 价格 184000
[2026-05-08 00:48:10] [INFO] [ShopBot] 物品 1 (y=245-335): bookmark (置信度 0.92), 价格 184000
[2026-05-08 00:48:10] [INFO] [ShopBot] 动态检测到 3 个物品行: [(100, 190), (245, 335), (390, 480)]
[2026-05-08 00:48:10] [INFO] [ShopBot] 物品 0 (y=100-190): bookmark (置信度 0.92), 价格 100
[2026-05-08 00:48:10] [INFO] [ShopBot] 物品 1 (y=245-335): bookmark (置信度 0.92), 价格 100
[2026-05-08 00:48:10] [INFO] [ShopBot] 物品 2 (y=390-480): bookmark (置信度 0.92), 价格 100
[2026-05-08 00:48:10] [INFO] [ShopBot] 动态检测到 0 个物品行: []
[2026-05-08 00:48:10] [INFO] [ShopBot] 动态检测到 3 个物品行: [(100, 190), (245, 335), (390, 480)]
[2026-05-08 00:48:10] [INFO] [ShopBot] 物品 0 (y=100-190): bookmark (置信度 0.92), 价格 100
[2026-05-08 00:48:10] [INFO] [ShopBot] 物品 1 (y=245-335): bookmark (置信度 0.92), 价格 100
[2026-05-08 00:48:10] [INFO] [ShopBot] 物品 2 (y=390-480): bookmark (置信度 0.92), 价格 100
[2026-05-08 00:48:10] [INFO] [ShopBot] 动态检测到 2 个物品行: [(100, 190), (245, 335)]
[2026-05-08 00:48:10] [INFO] [ShopBot] 物品 0 (y=100-190): bookmark (置信度 0.92), 价格 100
[2026-05-08 00:48:10] [INFO] [ShopBot] 物品 1 (y=245-335): bookmark (置信度 0.92), 价格 100
[2026-05-08 00:48:10] [DEBUG] [ShopBot] 底部检测相似度: 1.0000
[2026-05-08 00:48:10] [DEBUG] [ShopBot] 底部检测相似度: 0.2157
[2026-05-08 00:48:10] [INFO] [ShopBot] 已到达货架底部（第 1 次滑动后）
[2026-05-08 00:48:10] [INFO] [ShopBot] 第 1 次滑动，识别到 0 个物品
[2026-05-08 00:48:10] [INFO] [ShopBot] 第 2 次滑动，识别到 0 个物品
[2026-05-08 00:48:10] [INFO] [ShopBot] 第 3 次滑动，识别到 0 个物品
[2026-05-08 00:48:10] [INFO] [ShopBot] 第 4 次滑动，识别到 0 个物品
[2026-05-08 00:48:10] [INFO] [ShopBot] 第 5 次滑动，识别到 0 个物品
[2026-05-08 00:48:10] [INFO] [ShopBot] 开始识别完整货架
[2026-05-08 00:48:10] [INFO] [ShopBot] 货架识别完成，共 2 个物品
[2026-05-08 00:48:10] [DEBUG] [ShopBot] 秘密商店检测: 导航顶部=50 导航中部=180 内容区=50
[2026-05-08 00:48:10] [INFO] [ShopBot] 场景检测: 秘密商店
[2026-05-08 00:48:10] [DEBUG] [ShopBot] 大厅检测: 导航顶部=150 内容区=180
[2026-05-08 00:48:10] [INFO] [ShopBot] 场景检测: 游戏大厅
[2026-05-08 00:48:10] [DEBUG] [ShopBot] 秘密商店检测: 导航顶部=50 导航中部=50 内容区=50
[2026-05-08 00:48:10] [DEBUG] [ShopBot] 大厅检测: 导航顶部=50 内容区=50
[2026-05-08 00:48:10] [WARNING] [ShopBot] 场景检测: 未知界面
[2026-05-08 00:48:10] [DEBUG] [ShopBot] 秘密商店检测: 导航顶部=50 导航中部=180 内容区=180
[2026-05-08 00:48:10] [DEBUG] [ShopBot] 大厅检测: 导航顶部=50 内容区=180
[2026-05-08 00:48:10] [WARNING] [ShopBot] 场景检测: 未知界面
[2026-05-08 00:48:10] [DEBUG] [ShopBot] 秘密商店检测: 导航顶部=40 导航中部=150 内容区=60
[2026-05-08 00:48:10] [DEBUG] [ShopBot] 秘密商店检测: 导航顶部=50 导航中部=50 内容区=60
[2026-05-08 00:48:10] [DEBUG] [ShopBot] 秘密商店检测: 导航顶部=50 导航中部=150 内容区=180
[2026-05-08 00:48:10] [DEBUG] [ShopBot] 大厅检测: 导航顶部=150 内容区=180
[2026-05-08 00:48:10] [DEBUG] [ShopBot] 大厅检测: 导航顶部=50 内容区=180
[2026-05-08 00:48:10] [DEBUG] [ShopBot] 大厅检测: 导航顶部=150 内容区=50
[2026-05-08 00:48:10] [INFO] [ShopBot] 开始导航至秘密商店（超时 30.0s）
[2026-05-08 00:48:10] [INFO] [ShopBot] 已到达秘密商店
[2026-05-08 00:48:10] [INFO] [ShopBot] 开始导航至秘密商店（超时 30.0s）
[2026-05-08 00:48:10] [INFO] [ShopBot] 从大厅点击左侧导航栏的秘密商店入口
[2026-05-08 00:48:10] [INFO] [ShopBot] 已到达秘密商店
[2026-05-08 00:48:10] [INFO] [ShopBot] 开始导航至秘密商店（超时 0.01s）
[2026-05-08 00:48:10] [WARNING] [ShopBot] 界面无法识别且无弹窗，等待后重试
[2026-05-08 00:48:10] [WARNING] [ShopBot] 界面无法识别且无弹窗，等待后重试
[2026-05-08 00:48:10] [WARNING] [ShopBot] 界面无法识别且无弹窗，等待后重试
[2026-05-08 00:48:10] [WARNING] [ShopBot] 界面无法识别且无弹窗，等待后重试
[2026-05-08 00:48:10] [WARNING] [ShopBot] 界面无法识别且无弹窗，等待后重试
[2026-05-08 00:48:10] [WARNING] [ShopBot] 界面无法识别且无弹窗，等待后重试
[2026-05-08 00:48:10] [WARNING] [ShopBot] 界面无法识别且无弹窗，等待后重试
[2026-05-08 00:48:10] [WARNING] [ShopBot] 界面无法识别且无弹窗，等待后重试
[2026-05-08 00:48:10] [WARNING] [ShopBot] 界面无法识别且无弹窗，等待后重试
[2026-05-08 00:48:10] [WARNING] [ShopBot] 界面无法识别且无弹窗，等待后重试
[2026-05-08 00:48:10] [WARNING] [ShopBot] 界面无法识别且无弹窗，等待后重试
[2026-05-08 00:48:10] [WARNING] [ShopBot] 界面无法识别且无弹窗，等待后重试
[2026-05-08 00:48:10] [WARNING] [ShopBot] 界面无法识别且无弹窗，等待后重试
[2026-05-08 00:48:10] [WARNING] [ShopBot] 界面无法识别且无弹窗，等待后重试
[2026-05-08 00:48:10] [WARNING] [ShopBot] 界面无法识别且无弹窗，等待后重试
[2026-05-08 00:48:10] [WARNING] [ShopBot] 界面无法识别且无弹窗，等待后重试
[2026-05-08 00:48:10] [WARNING] [ShopBot] 界面无法识别且无弹窗，等待后重试
[2026-05-08 00:48:10] [WARNING] [ShopBot] 界面无法识别且无弹窗，等待后重试
[2026-05-08 00:48:10] [WARNING] [ShopBot] 界面无法识别且无弹窗，等待后重试
[2026-05-08 00:48:10] [WARNING] [ShopBot] 界面无法识别且无弹窗，等待后重试
[2026-05-08 00:48:10] [WARNING] [ShopBot] 界面无法识别且无弹窗，等待后重试
[2026-05-08 00:48:10] [WARNING] [ShopBot] 界面无法识别且无弹窗，等待后重试
[2026-05-08 00:48:10] [WARNING] [ShopBot] 界面无法识别且无弹窗，等待后重试
[2026-05-08 00:48:10] [WARNING] [ShopBot] 界面无法识别且无弹窗，等待后重试
[2026-05-08 00:48:10] [WARNING] [ShopBot] 界面无法识别且无弹窗，等待后重试
[2026-05-08 00:48:10] [WARNING] [ShopBot] 界面无法识别且无弹窗，等待后重试
[2026-05-08 00:48:10] [WARNING] [ShopBot] 界面无法识别且无弹窗，等待后重试
[2026-05-08 00:48:10] [WARNING] [ShopBot] 界面无法识别且无弹窗，等待后重试
[2026-05-08 00:48:10] [WARNING] [ShopBot] 界面无法识别且无弹窗，等待后重试
[2026-05-08 00:48:10] [WARNING] [ShopBot] 界面无法识别且无弹窗，等待后重试
[2026-05-08 00:48:10] [WARNING] [ShopBot] 界面无法识别且无弹窗，等待后重试
[2026-05-08 00:48:10] [WARNING] [ShopBot] 界面无法识别且无弹窗，等待后重试
[2026-05-08 00:48:10] [WARNING] [ShopBot] 界面无法识别且无弹窗，等待后重试
[2026-05-08 00:48:10] [WARNING] [ShopBot] 界面无法识别且无弹窗，等待后重试
[2026-05-08 00:48:10] [WARNING] [ShopBot] 界面无法识别且无弹窗，等待后重试
[2026-05-08 00:48:10] [WARNING] [ShopBot] 界面无法识别且无弹窗，等待后重试
[2026-05-08 00:48:10] [WARNING] [ShopBot] 界面无法识别且无弹窗，等待后重试
[2026-05-08 00:48:10] [WARNING] [ShopBot] 界面无法识别且无弹窗，等待后重试
[2026-05-08 00:48:10] [WARNING] [ShopBot] 界面无法识别且无弹窗，等待后重试
[2026-05-08 00:48:10] [WARNING] [ShopBot] 界面无法识别且无弹窗，等待后重试
[2026-05-08 00:48:10] [WARNING] [ShopBot] 界面无法识别且无弹窗，等待后重试
[2026-05-08 00:48:10] [WARNING] [ShopBot] 界面无法识别且无弹窗，等待后重试
[2026-05-08 00:48:10] [WARNING] [ShopBot] 界面无法识别且无弹窗，等待后重试
[2026-05-08 00:48:10] [WARNING] [ShopBot] 界面无法识别且无弹窗，等待后重试
[2026-05-08 00:48:10] [WARNING] [ShopBot] 界面无法识别且无弹窗，等待后重试
[2026-05-08 00:48:10] [WARNING] [ShopBot] 界面无法识别且无弹窗，等待后重试
[2026-05-08 00:48:10] [WARNING] [ShopBot] 界面无法识别且无弹窗，等待后重试
[2026-05-08 00:48:10] [WARNING] [ShopBot] 界面无法识别且无弹窗，等待后重试
[2026-05-08 00:48:10] [WARNING] [ShopBot] 界面无法识别且无弹窗，等待后重试
[2026-05-08 00:48:10] [WARNING] [ShopBot] 界面无法识别且无弹窗，等待后重试
[2026-05-08 00:48:10] [WARNING] [ShopBot] 界面无法识别且无弹窗，等待后重试
[2026-05-08 00:48:10] [WARNING] [ShopBot] 界面无法识别且无弹窗，等待后重试
[2026-05-08 00:48:10] [WARNING] [ShopBot] 界面无法识别且无弹窗，等待后重试
[2026-05-08 00:48:10] [WARNING] [ShopBot] 界面无法识别且无弹窗，等待后重试
[2026-05-08 00:48:10] [WARNING] [ShopBot] 界面无法识别且无弹窗，等待后重试
[2026-05-08 00:48:10] [WARNING] [ShopBot] 界面无法识别且无弹窗，等待后重试
[2026-05-08 00:48:10] [WARNING] [ShopBot] 界面无法识别且无弹窗，等待后重试
[2026-05-08 00:48:10] [WARNING] [ShopBot] 界面无法识别且无弹窗，等待后重试
[2026-05-08 00:48:10] [WARNING] [ShopBot] 界面无法识别且无弹窗，等待后重试
[2026-05-08 00:48:10] [WARNING] [ShopBot] 界面无法识别且无弹窗，等待后重试
[2026-05-08 00:48:10] [WARNING] [ShopBot] 界面无法识别且无弹窗，等待后重试
[2026-05-08 00:48:10] [WARNING] [ShopBot] 界面无法识别且无弹窗，等待后重试
[2026-05-08 00:48:10] [WARNING] [ShopBot] 界面无法识别且无弹窗，等待后重试
[2026-05-08 00:48:10] [WARNING] [ShopBot] 界面无法识别且无弹窗，等待后重试
[2026-05-08 00:48:10] [WARNING] [ShopBot] 界面无法识别且无弹窗，等待后重试
[2026-05-08 00:48:10] [WARNING] [ShopBot] 界面无法识别且无弹窗，等待后重试
[2026-05-08 00:48:10] [WARNING] [ShopBot] 界面无法识别且无弹窗，等待后重试
[2026-05-08 00:48:10] [WARNING] [ShopBot] 界面无法识别且无弹窗，等待后重试
[2026-05-08 00:48:10] [WARNING] [ShopBot] 界面无法识别且无弹窗，等待后重试
[2026-05-08 00:48:10] [WARNING] [ShopBot] 界面无法识别且无弹窗，等待后重试
[2026-05-08 00:48:10] [WARNING] [ShopBot] 界面无法识别且无弹窗，等待后重试
[2026-05-08 00:48:10] [WARNING] [ShopBot] 界面无法识别且无弹窗，等待后重试
[2026-05-08 00:48:10] [WARNING] [ShopBot] 界面无法识别且无弹窗，等待后重试
[2026-05-08 00:48:10] [WARNING] [ShopBot] 界面无法识别且无弹窗，等待后重试
[2026-05-08 00:48:10] [WARNING] [ShopBot] 界面无法识别且无弹窗，等待后重试
[2026-05-08 00:48:10] [WARNING] [ShopBot] 界面无法识别且无弹窗，等待后重试
[2026-05-08 00:48:10] [WARNING] [ShopBot] 界面无法识别且无弹窗，等待后重试
[2026-05-08 00:48:10] [WARNING] [ShopBot] 界面无法识别且无弹窗，等待后重试
[2026-05-08 00:48:10] [WARNING] [ShopBot] 界面无法识别且无弹窗，等待后重试
[2026-05-08 00:48:10] [WARNING] [ShopBot] 界面无法识别且无弹窗，等待后重试
[2026-05-08 00:48:10] [WARNING] [ShopBot] 界面无法识别且无弹窗，等待后重试
[2026-05-08 00:48:10] [WARNING] [ShopBot] 界面无法识别且无弹窗，等待后重试
[2026-05-08 00:48:10] [WARNING] [ShopBot] 界面无法识别且无弹窗，等待后重试
[2026-05-08 00:48:10] [WARNING] [ShopBot] 界面无法识别且无弹窗，等待后重试
[2026-05-08 00:48:10] [WARNING] [ShopBot] 界面无法识别且无弹窗，等待后重试
[2026-05-08 00:48:10] [WARNING] [ShopBot] 界面无法识别且无弹窗，等待后重试
[2026-05-08 00:48:10] [WARNING] [ShopBot] 界面无法识别且无弹窗，等待后重试
[2026-05-08 00:48:10] [WARNING] [ShopBot] 界面无法识别且无弹窗，等待后重试
[2026-05-08 00:48:10] [WARNING] [ShopBot] 界面无法识别且无弹窗，等待后重试
[2026-05-08 00:48:10] [WARNING] [ShopBot] 界面无法识别且无弹窗，等待后重试
[2026-05-08 00:48:10] [WARNING] [ShopBot] 界面无法识别且无弹窗，等待后重试
[2026-05-08 00:48:10] [WARNING] [ShopBot] 界面无法识别且无弹窗，等待后重试
[2026-05-08 00:48:10] [WARNING] [ShopBot] 界面无法识别且无弹窗，等待后重试
[2026-05-08 00:48:10] [WARNING] [ShopBot] 界面无法识别且无弹窗，等待后重试
[2026-05-08 00:48:10] [WARNING] [ShopBot] 界面无法识别且无弹窗，等待后重试
[2026-05-08 00:48:10] [WARNING] [ShopBot] 界面无法识别且无弹窗，等待后重试
[2026-05-08 00:48:10] [WARNING] [ShopBot] 界面无法识别且无弹窗，等待后重试
[2026-05-08 00:48:10] [WARNING] [ShopBot] 界面无法识别且无弹窗，等待后重试
[2026-05-08 00:48:10] [WARNING] [ShopBot] 界面无法识别且无弹窗，等待后重试
[2026-05-08 00:48:10] [WARNING] [ShopBot] 界面无法识别且无弹窗，等待后重试
[2026-05-08 00:48:10] [WARNING] [ShopBot] 界面无法识别且无弹窗，等待后重试
[2026-05-08 00:48:10] [WARNING] [ShopBot] 界面无法识别且无弹窗，等待后重试
[2026-05-08 00:48:10] [WARNING] [ShopBot] 界面无法识别且无弹窗，等待后重试
[2026-05-08 00:48:10] [WARNING] [ShopBot] 界面无法识别且无弹窗，等待后重试
[2026-05-08 00:48:10] [WARNING] [ShopBot] 界面无法识别且无弹窗，等待后重试
[2026-05-08 00:48:10] [WARNING] [ShopBot] 界面无法识别且无弹窗，等待后重试
[2026-05-08 00:48:10] [WARNING] [ShopBot] 界面无法识别且无弹窗，等待后重试
[2026-05-08 00:48:10] [WARNING] [ShopBot] 界面无法识别且无弹窗，等待后重试
[2026-05-08 00:48:10] [WARNING] [ShopBot] 界面无法识别且无弹窗，等待后重试
[2026-05-08 00:48:10] [WARNING] [ShopBot] 界面无法识别且无弹窗，等待后重试
[2026-05-08 00:48:10] [WARNING] [ShopBot] 界面无法识别且无弹窗，等待后重试
[2026-05-08 00:48:10] [WARNING] [ShopBot] 界面无法识别且无弹窗，等待后重试
[2026-05-08 00:48:10] [WARNING] [ShopBot] 界面无法识别且无弹窗，等待后重试
[2026-05-08 00:48:10] [WARNING] [ShopBot] 界面无法识别且无弹窗，等待后重试
[2026-05-08 00:48:10] [WARNING] [ShopBot] 界面无法识别且无弹窗，等待后重试
[2026-05-08 00:48:10] [WARNING] [ShopBot] 界面无法识别且无弹窗，等待后重试
[2026-05-08 00:48:10] [WARNING] [ShopBot] 界面无法识别且无弹窗，等待后重试
[2026-05-08 00:48:10] [WARNING] [ShopBot] 界面无法识别且无弹窗，等待后重试
[2026-05-08 00:48:10] [WARNING] [ShopBot] 界面无法识别且无弹窗，等待后重试
[2026-05-08 00:48:10] [WARNING] [ShopBot] 界面无法识别且无弹窗，等待后重试
[2026-05-08 00:48:10] [WARNING] [ShopBot] 界面无法识别且无弹窗，等待后重试
[2026-05-08 00:48:10] [WARNING] [ShopBot] 界面无法识别且无弹窗，等待后重试
[2026-05-08 00:48:10] [WARNING] [ShopBot] 界面无法识别且无弹窗，等待后重试
[2026-05-08 00:48:10] [WARNING] [ShopBot] 界面无法识别且无弹窗，等待后重试
[2026-05-08 00:48:10] [WARNING] [ShopBot] 界面无法识别且无弹窗，等待后重试
[2026-05-08 00:48:10] [WARNING] [ShopBot] 界面无法识别且无弹窗，等待后重试
[2026-05-08 00:48:10] [WARNING] [ShopBot] 界面无法识别且无弹窗，等待后重试
[2026-05-08 00:48:10] [WARNING] [ShopBot] 界面无法识别且无弹窗，等待后重试
[2026-05-08 00:48:10] [WARNING] [ShopBot] 界面无法识别且无弹窗，等待后重试
[2026-05-08 00:48:10] [WARNING] [ShopBot] 界面无法识别且无弹窗，等待后重试
[2026-05-08 00:48:10] [WARNING] [ShopBot] 界面无法识别且无弹窗，等待后重试
[2026-05-08 00:48:10] [WARNING] [ShopBot] 界面无法识别且无弹窗，等待后重试
[2026-05-08 00:48:10] [WARNING] [ShopBot] 界面无法识别且无弹窗，等待后重试
[2026-05-08 00:48:10] [WARNING] [ShopBot] 界面无法识别且无弹窗，等待后重试
[2026-05-08 00:48:10] [WARNING] [ShopBot] 界面无法识别且无弹窗，等待后重试
[2026-05-08 00:48:10] [WARNING] [ShopBot] 界面无法识别且无弹窗，等待后重试
[2026-05-08 00:48:10] [WARNING] [ShopBot] 界面无法识别且无弹窗，等待后重试
[2026-05-08 00:48:10] [WARNING] [ShopBot] 界面无法识别且无弹窗，等待后重试
[2026-05-08 00:48:10] [WARNING] [ShopBot] 界面无法识别且无弹窗，等待后重试
[2026-05-08 00:48:10] [WARNING] [ShopBot] 界面无法识别且无弹窗，等待后重试
[2026-05-08 00:48:10] [WARNING] [ShopBot] 界面无法识别且无弹窗，等待后重试
[2026-05-08 00:48:10] [WARNING] [ShopBot] 界面无法识别且无弹窗，等待后重试
[2026-05-08 00:48:10] [WARNING] [ShopBot] 界面无法识别且无弹窗，等待后重试
[2026-05-08 00:48:10] [WARNING] [ShopBot] 界面无法识别且无弹窗，等待后重试
[2026-05-08 00:48:10] [WARNING] [ShopBot] 界面无法识别且无弹窗，等待后重试
[2026-05-08 00:48:10] [WARNING] [ShopBot] 界面无法识别且无弹窗，等待后重试
[2026-05-08 00:48:10] [WARNING] [ShopBot] 界面无法识别且无弹窗，等待后重试
[2026-05-08 00:48:10] [WARNING] [ShopBot] 界面无法识别且无弹窗，等待后重试
[2026-05-08 00:48:10] [WARNING] [ShopBot] 界面无法识别且无弹窗，等待后重试
[2026-05-08 00:48:10] [WARNING] [ShopBot] 界面无法识别且无弹窗，等待后重试
[2026-05-08 00:48:10] [WARNING] [ShopBot] 界面无法识别且无弹窗，等待后重试
[2026-05-08 00:48:10] [WARNING] [ShopBot] 界面无法识别且无弹窗，等待后重试
[2026-05-08 00:48:10] [WARNING] [ShopBot] 界面无法识别且无弹窗，等待后重试
[2026-05-08 00:48:10] [WARNING] [ShopBot] 界面无法识别且无弹窗，等待后重试
[2026-05-08 00:48:10] [WARNING] [ShopBot] 界面无法识别且无弹窗，等待后重试
[2026-05-08 00:48:10] [WARNING] [ShopBot] 界面无法识别且无弹窗，等待后重试
[2026-05-08 00:48:10] [WARNING] [ShopBot] 界面无法识别且无弹窗，等待后重试
[2026-05-08 00:48:10] [WARNING] [ShopBot] 界面无法识别且无弹窗，等待后重试
[2026-05-08 00:48:10] [WARNING] [ShopBot] 界面无法识别且无弹窗，等待后重试
[2026-05-08 00:48:10] [WARNING] [ShopBot] 界面无法识别且无弹窗，等待后重试
[2026-05-08 00:48:10] [WARNING] [ShopBot] 界面无法识别且无弹窗，等待后重试
[2026-05-08 00:48:10] [WARNING] [ShopBot] 界面无法识别且无弹窗，等待后重试
[2026-05-08 00:48:10] [WARNING] [ShopBot] 界面无法识别且无弹窗，等待后重试
[2026-05-08 00:48:10] [WARNING] [ShopBot] 界面无法识别且无弹窗，等待后重试
[2026-05-08 00:48:10] [WARNING] [ShopBot] 界面无法识别且无弹窗，等待后重试
[2026-05-08 00:48:10] [WARNING] [ShopBot] 界面无法识别且无弹窗，等待后重试
[2026-05-08 00:48:10] [WARNING] [ShopBot] 界面无法识别且无弹窗，等待后重试
[2026-05-08 00:48:10] [WARNING] [ShopBot] 界面无法识别且无弹窗，等待后重试
[2026-05-08 00:48:10] [WARNING] [ShopBot] 界面无法识别且无弹窗，等待后重试
[2026-05-08 00:48:10] [WARNING] [ShopBot] 界面无法识别且无弹窗，等待后重试
[2026-05-08 00:48:10] [WARNING] [ShopBot] 界面无法识别且无弹窗，等待后重试
[2026-05-08 00:48:10] [WARNING] [ShopBot] 界面无法识别且无弹窗，等待后重试
[2026-05-08 00:48:10] [WARNING] [ShopBot] 界面无法识别且无弹窗，等待后重试
[2026-05-08 00:48:10] [WARNING] [ShopBot] 界面无法识别且无弹窗，等待后重试
[2026-05-08 00:48:10] [WARNING] [ShopBot] 界面无法识别且无弹窗，等待后重试
[2026-05-08 00:48:10] [WARNING] [ShopBot] 界面无法识别且无弹窗，等待后重试
[2026-05-08 00:48:10] [WARNING] [ShopBot] 界面无法识别且无弹窗，等待后重试
[2026-05-08 00:48:10] [WARNING] [ShopBot] 界面无法识别且无弹窗，等待后重试
[2026-05-08 00:48:10] [WARNING] [ShopBot] 界面无法识别且无弹窗，等待后重试
[2026-05-08 00:48:10] [WARNING] [ShopBot] 界面无法识别且无弹窗，等待后重试
[2026-05-08 00:48:10] [WARNING] [ShopBot] 界面无法识别且无弹窗，等待后重试
[2026-05-08 00:48:10] [WARNING] [ShopBot] 界面无法识别且无弹窗，等待后重试
[2026-05-08 00:48:10] [WARNING] [ShopBot] 界面无法识别且无弹窗，等待后重试
[2026-05-08 00:48:10] [WARNING] [ShopBot] 界面无法识别且无弹窗，等待后重试
[2026-05-08 00:48:10] [WARNING] [ShopBot] 界面无法识别且无弹窗，等待后重试
[2026-05-08 00:48:10] [WARNING] [ShopBot] 界面无法识别且无弹窗，等待后重试
[2026-05-08 00:48:10] [WARNING] [ShopBot] 界面无法识别且无弹窗，等待后重试
[2026-05-08 00:48:10] [WARNING] [ShopBot] 界面无法识别且无弹窗，等待后重试
[2026-05-08 00:48:10] [WARNING] [ShopBot] 界面无法识别且无弹窗，等待后重试
[2026-05-08 00:48:10] [WARNING] [ShopBot] 界面无法识别且无弹窗，等待后重试
[2026-05-08 00:48:10] [WARNING] [ShopBot] 界面无法识别且无弹窗，等待后重试
[2026-05-08 00:48:10] [WARNING] [ShopBot] 界面无法识别且无弹窗，等待后重试
[2026-05-08 00:48:10] [WARNING] [ShopBot] 界面无法识别且无弹窗，等待后重试
[2026-05-08 00:48:10] [WARNING] [ShopBot] 界面无法识别且无弹窗，等待后重试
[2026-05-08 00:48:10] [WARNING] [ShopBot] 界面无法识别且无弹窗，等待后重试
[2026-05-08 00:48:10] [WARNING] [ShopBot] 界面无法识别且无弹窗，等待后重试
[2026-05-08 00:48:10] [WARNING] [ShopBot] 界面无法识别且无弹窗，等待后重试
[2026-05-08 00:48:10] [WARNING] [ShopBot] 界面无法识别且无弹窗，等待后重试
[2026-05-08 00:48:10] [WARNING] [ShopBot] 界面无法识别且无弹窗，等待后重试
[2026-05-08 00:48:10] [WARNING] [ShopBot] 界面无法识别且无弹窗，等待后重试
[2026-05-08 00:48:10] [WARNING] [ShopBot] 界面无法识别且无弹窗，等待后重试
[2026-05-08 00:48:10] [WARNING] [ShopBot] 界面无法识别且无弹窗，等待后重试
[2026-05-08 00:48:10] [WARNING] [ShopBot] 界面无法识别且无弹窗，等待后重试
[2026-05-08 00:48:10] [WARNING] [ShopBot] 界面无法识别且无弹窗，等待后重试
[2026-05-08 00:48:10] [WARNING] [ShopBot] 界面无法识别且无弹窗，等待后重试
[2026-05-08 00:48:10] [WARNING] [ShopBot] 界面无法识别且无弹窗，等待后重试
[2026-05-08 00:48:10] [WARNING] [ShopBot] 界面无法识别且无弹窗，等待后重试
[2026-05-08 00:48:10] [WARNING] [ShopBot] 界面无法识别且无弹窗，等待后重试
[2026-05-08 00:48:10] [WARNING] [ShopBot] 界面无法识别且无弹窗，等待后重试
[2026-05-08 00:48:10] [WARNING] [ShopBot] 界面无法识别且无弹窗，等待后重试
[2026-05-08 00:48:10] [WARNING] [ShopBot] 界面无法识别且无弹窗，等待后重试
[2026-05-08 00:48:10] [WARNING] [ShopBot] 界面无法识别且无弹窗，等待后重试
[2026-05-08 00:48:10] [WARNING] [ShopBot] 界面无法识别且无弹窗，等待后重试
[2026-05-08 00:48:10] [WARNING] [ShopBot] 界面无法识别且无弹窗，等待后重试
[2026-05-08 00:48:10] [WARNING] [ShopBot] 界面无法识别且无弹窗，等待后重试
[2026-05-08 00:48:10] [WARNING] [ShopBot] 界面无法识别且无弹窗，等待后重试
[2026-05-08 00:48:10] [WARNING] [ShopBot] 界面无法识别且无弹窗，等待后重试
[2026-05-08 00:48:10] [WARNING] [ShopBot] 界面无法识别且无弹窗，等待后重试
[2026-05-08 00:48:10] [WARNING] [ShopBot] 界面无法识别且无弹窗，等待后重试
[2026-05-08 00:48:10] [WARNING] [ShopBot] 界面无法识别且无弹窗，等待后重试
[2026-05-08 00:48:10] [WARNING] [ShopBot] 界面无法识别且无弹窗，等待后重试
[2026-05-08 00:48:10] [WARNING] [ShopBot] 界面无法识别且无弹窗，等待后重试
[2026-05-08 00:48:10] [WARNING] [ShopBot] 界面无法识别且无弹窗，等待后重试
[2026-05-08 00:48:10] [WARNING] [ShopBot] 界面无法识别且无弹窗，等待后重试
[2026-05-08 00:48:10] [WARNING] [ShopBot] 界面无法识别且无弹窗，等待后重试
[2026-05-08 00:48:10] [WARNING] [ShopBot] 界面无法识别且无弹窗，等待后重试
[2026-05-08 00:48:10] [WARNING] [ShopBot] 界面无法识别且无弹窗，等待后重试
[2026-05-08 00:48:10] [WARNING] [ShopBot] 界面无法识别且无弹窗，等待后重试
[2026-05-08 00:48:10] [WARNING] [ShopBot] 界面无法识别且无弹窗，等待后重试
[2026-05-08 00:48:10] [WARNING] [ShopBot] 界面无法识别且无弹窗，等待后重试
[2026-05-08 00:48:10] [WARNING] [ShopBot] 界面无法识别且无弹窗，等待后重试
[2026-05-08 00:48:10] [WARNING] [ShopBot] 界面无法识别且无弹窗，等待后重试
[2026-05-08 00:48:10] [WARNING] [ShopBot] 界面无法识别且无弹窗，等待后重试
[2026-05-08 00:48:10] [WARNING] [ShopBot] 界面无法识别且无弹窗，等待后重试
[2026-05-08 00:48:10] [WARNING] [ShopBot] 界面无法识别且无弹窗，等待后重试
[2026-05-08 00:48:10] [WARNING] [ShopBot] 界面无法识别且无弹窗，等待后重试
[2026-05-08 00:48:10] [WARNING] [ShopBot] 界面无法识别且无弹窗，等待后重试
[2026-05-08 00:48:10] [WARNING] [ShopBot] 界面无法识别且无弹窗，等待后重试
[2026-05-08 00:48:10] [WARNING] [ShopBot] 界面无法识别且无弹窗，等待后重试
[2026-05-08 00:48:10] [WARNING] [ShopBot] 界面无法识别且无弹窗，等待后重试
[2026-05-08 00:48:10] [WARNING] [ShopBot] 界面无法识别且无弹窗，等待后重试
[2026-05-08 00:48:10] [WARNING] [ShopBot] 界面无法识别且无弹窗，等待后重试
[2026-05-08 00:48:10] [WARNING] [ShopBot] 界面无法识别且无弹窗，等待后重试
[2026-05-08 00:48:10] [WARNING] [ShopBot] 界面无法识别且无弹窗，等待后重试
[2026-05-08 00:48:10] [WARNING] [ShopBot] 界面无法识别且无弹窗，等待后重试
[2026-05-08 00:48:10] [WARNING] [ShopBot] 界面无法识别且无弹窗，等待后重试
[2026-05-08 00:48:10] [WARNING] [ShopBot] 界面无法识别且无弹窗，等待后重试
[2026-05-08 00:48:10] [WARNING] [ShopBot] 界面无法识别且无弹窗，等待后重试
[2026-05-08 00:48:10] [WARNING] [ShopBot] 界面无法识别且无弹窗，等待后重试
[2026-05-08 00:48:10] [WARNING] [ShopBot] 界面无法识别且无弹窗，等待后重试
[2026-05-08 00:48:10] [WARNING] [ShopBot] 界面无法识别且无弹窗，等待后重试
[2026-05-08 00:48:10] [WARNING] [ShopBot] 界面无法识别且无弹窗，等待后重试
[2026-05-08 00:48:10] [WARNING] [ShopBot] 界面无法识别且无弹窗，等待后重试
[2026-05-08 00:48:10] [WARNING] [ShopBot] 界面无法识别且无弹窗，等待后重试
[2026-05-08 00:48:10] [WARNING] [ShopBot] 界面无法识别且无弹窗，等待后重试
[2026-05-08 00:48:10] [WARNING] [ShopBot] 界面无法识别且无弹窗，等待后重试
[2026-05-08 00:48:10] [WARNING] [ShopBot] 界面无法识别且无弹窗，等待后重试
[2026-05-08 00:48:10] [WARNING] [ShopBot] 界面无法识别且无弹窗，等待后重试
[2026-05-08 00:48:10] [WARNING] [ShopBot] 界面无法识别且无弹窗，等待后重试
[2026-05-08 00:48:10] [WARNING] [ShopBot] 界面无法识别且无弹窗，等待后重试
[2026-05-08 00:48:10] [WARNING] [ShopBot] 界面无法识别且无弹窗，等待后重试
[2026-05-08 00:48:10] [WARNING] [ShopBot] 界面无法识别且无弹窗，等待后重试
[2026-05-08 00:48:10] [WARNING] [ShopBot] 界面无法识别且无弹窗，等待后重试
[2026-05-08 00:48:10] [WARNING] [ShopBot] 界面无法识别且无弹窗，等待后重试
[2026-05-08 00:48:10] [WARNING] [ShopBot] 界面无法识别且无弹窗，等待后重试
[2026-05-08 00:48:10] [WARNING] [ShopBot] 界面无法识别且无弹窗，等待后重试
[2026-05-08 00:48:10] [WARNING] [ShopBot] 界面无法识别且无弹窗，等待后重试
[2026-05-08 00:48:10] [WARNING] [ShopBot] 界面无法识别且无弹窗，等待后重试
[2026-05-08 00:48:10] [WARNING] [ShopBot] 界面无法识别且无弹窗，等待后重试
[2026-05-08 00:48:10] [WARNING] [ShopBot] 界面无法识别且无弹窗，等待后重试
[2026-05-08 00:48:10] [WARNING] [ShopBot] 界面无法识别且无弹窗，等待后重试
[2026-05-08 00:48:10] [WARNING] [ShopBot] 界面无法识别且无弹窗，等待后重试
[2026-05-08 00:48:10] [WARNING] [ShopBot] 界面无法识别且无弹窗，等待后重试
[2026-05-08 00:48:10] [WARNING] [ShopBot] 界面无法识别且无弹窗，等待后重试
[2026-05-08 00:48:10] [WARNING] [ShopBot] 界面无法识别且无弹窗，等待后重试
[2026-05-08 00:48:10] [WARNING] [ShopBot] 界面无法识别且无弹窗，等待后重试
[2026-05-08 00:48:10] [WARNING] [ShopBot] 界面无法识别且无弹窗，等待后重试
[2026-05-08 00:48:10] [WARNING] [ShopBot] 界面无法识别且无弹窗，等待后重试
[2026-05-08 00:48:10] [WARNING] [ShopBot] 界面无法识别且无弹窗，等待后重试
[2026-05-08 00:48:10] [WARNING] [ShopBot] 界面无法识别且无弹窗，等待后重试
[2026-05-08 00:48:10] [WARNING] [ShopBot] 界面无法识别且无弹窗，等待后重试
[2026-05-08 00:48:10] [WARNING] [ShopBot] 界面无法识别且无弹窗，等待后重试
[2026-05-08 00:48:10] [WARNING] [ShopBot] 界面无法识别且无弹窗，等待后重试
[2026-05-08 00:48:10] [WARNING] [ShopBot] 界面无法识别且无弹窗，等待后重试
[2026-05-08 00:48:10] [WARNING] [ShopBot] 界面无法识别且无弹窗，等待后重试
[2026-05-08 00:48:10] [WARNING] [ShopBot] 界面无法识别且无弹窗，等待后重试
[2026-05-08 00:48:10] [WARNING] [ShopBot] 界面无法识别且无弹窗，等待后重试
[2026-05-08 00:48:10] [WARNING] [ShopBot] 界面无法识别且无弹窗，等待后重试
[2026-05-08 00:48:10] [WARNING] [ShopBot] 界面无法识别且无弹窗，等待后重试
[2026-05-08 00:48:10] [WARNING] [ShopBot] 界面无法识别且无弹窗，等待后重试
[2026-05-08 00:48:10] [WARNING] [ShopBot] 界面无法识别且无弹窗，等待后重试
[2026-05-08 00:48:10] [WARNING] [ShopBot] 界面无法识别且无弹窗，等待后重试
[2026-05-08 00:48:10] [WARNING] [ShopBot] 界面无法识别且无弹窗，等待后重试
[2026-05-08 00:48:10] [WARNING] [ShopBot] 界面无法识别且无弹窗，等待后重试
[2026-05-08 00:48:10] [WARNING] [ShopBot] 界面无法识别且无弹窗，等待后重试
[2026-05-08 00:48:10] [WARNING] [ShopBot] 界面无法识别且无弹窗，等待后重试
[2026-05-08 00:48:10] [WARNING] [ShopBot] 界面无法识别且无弹窗，等待后重试
[2026-05-08 00:48:10] [WARNING] [ShopBot] 界面无法识别且无弹窗，等待后重试
[2026-05-08 00:48:10] [WARNING] [ShopBot] 界面无法识别且无弹窗，等待后重试
[2026-05-08 00:48:10] [WARNING] [ShopBot] 界面无法识别且无弹窗，等待后重试
[2026-05-08 00:48:10] [WARNING] [ShopBot] 界面无法识别且无弹窗，等待后重试
[2026-05-08 00:48:10] [WARNING] [ShopBot] 界面无法识别且无弹窗，等待后重试
[2026-05-08 00:48:10] [WARNING] [ShopBot] 界面无法识别且无弹窗，等待后重试
[2026-05-08 00:48:10] [WARNING] [ShopBot] 界面无法识别且无弹窗，等待后重试
[2026-05-08 00:48:10] [WARNING] [ShopBot] 界面无法识别且无弹窗，等待后重试
[2026-05-08 00:48:10] [WARNING] [ShopBot] 界面无法识别且无弹窗，等待后重试
[2026-05-08 00:48:10] [WARNING] [ShopBot] 界面无法识别且无弹窗，等待后重试
[2026-05-08 00:48:10] [WARNING] [ShopBot] 界面无法识别且无弹窗，等待后重试
[2026-05-08 00:48:10] [WARNING] [ShopBot] 界面无法识别且无弹窗，等待后重试
[2026-05-08 00:48:10] [WARNING] [ShopBot] 界面无法识别且无弹窗，等待后重试
[2026-05-08 00:48:10] [WARNING] [ShopBot] 界面无法识别且无弹窗，等待后重试
[2026-05-08 00:48:10] [WARNING] [ShopBot] 界面无法识别且无弹窗，等待后重试
[2026-05-08 00:48:10] [WARNING] [ShopBot] 界面无法识别且无弹窗，等待后重试
[2026-05-08 00:48:10] [WARNING] [ShopBot] 界面无法识别且无弹窗，等待后重试
[2026-05-08 00:48:10] [WARNING] [ShopBot] 界面无法识别且无弹窗，等待后重试
[2026-05-08 00:48:10] [WARNING] [ShopBot] 界面无法识别且无弹窗，等待后重试
[2026-05-08 00:48:10] [WARNING] [ShopBot] 界面无法识别且无弹窗，等待后重试
[2026-05-08 00:48:10] [WARNING] [ShopBot] 界面无法识别且无弹窗，等待后重试
[2026-05-08 00:48:10] [WARNING] [ShopBot] 界面无法识别且无弹窗，等待后重试
[2026-05-08 00:48:10] [WARNING] [ShopBot] 界面无法识别且无弹窗，等待后重试
[2026-05-08 00:48:10] [WARNING] [ShopBot] 界面无法识别且无弹窗，等待后重试
[2026-05-08 00:48:10] [WARNING] [ShopBot] 界面无法识别且无弹窗，等待后重试
[2026-05-08 00:48:10] [WARNING] [ShopBot] 界面无法识别且无弹窗，等待后重试
[2026-05-08 00:48:10] [WARNING] [ShopBot] 界面无法识别且无弹窗，等待后重试
[2026-05-08 00:48:10] [WARNING] [ShopBot] 界面无法识别且无弹窗，等待后重试
[2026-05-08 00:48:10] [WARNING] [ShopBot] 界面无法识别且无弹窗，等待后重试
[2026-05-08 00:48:10] [WARNING] [ShopBot] 界面无法识别且无弹窗，等待后重试
[2026-05-08 00:48:10] [WARNING] [ShopBot] 界面无法识别且无弹窗，等待后重试
[2026-05-08 00:48:10] [WARNING] [ShopBot] 界面无法识别且无弹窗，等待后重试
[2026-05-08 00:48:10] [ERROR] [ShopBot] 导航超时（0.01s），未能到达秘密商店
[2026-05-08 00:48:10] [INFO] [ShopBot] 开始导航至秘密商店（超时 30.0s）
[2026-05-08 00:48:10] [INFO] [ShopBot] 已关闭弹窗，继续导航
[2026-05-08 00:48:10] [INFO] [ShopBot] 已到达秘密商店
[2026-05-08 00:48:10] [INFO] [ShopBot] 检测到弹窗，点击关闭
[2026-05-08 00:49:14] [INFO] [ShopBot] 配置已加载 - 设备: 127.0.0.1:16384, 截图: ADB, 控制: ADB
[2026-05-08 00:49:14] [INFO] [ShopBot] 购买列表 - 书签: True, 神秘奖章: True, 装备: False, 狗粮: False
[2026-05-08 00:49:14] [INFO] [ShopBot] 刷新上限: 200, 天空石阈值: 0, 金币阈值: 0
[2026-05-08 00:49:14] [INFO] [ShopBot] 正在连接设备 127.0.0.1:16384（第 1/3 次）
[2026-05-08 00:49:14] [INFO] [ShopBot] ShopBot 已启动
[2026-05-08 00:49:14] [INFO] [ShopBot] 设备连接成功: 127.0.0.1:16384
[2026-05-08 00:49:14] [INFO] [ShopBot] 开始导航至秘密商店（超时 30.0s）
[2026-05-08 00:49:14] [DEBUG] [ShopBot] 秘密商店检测: 导航顶部=51 导航中部=168 内容区=54
[2026-05-08 00:49:14] [INFO] [ShopBot] 场景检测: 秘密商店
[2026-05-08 00:49:14] [INFO] [ShopBot] 已到达秘密商店
[2026-05-08 00:49:14] [INFO] [ShopBot] ===== 第 1 轮 =====
[2026-05-08 00:49:14] [INFO] [ShopBot] 开始识别完整货架
[2026-05-08 00:49:15] [INFO] [ShopBot] 动态检测到 4 个物品行: [(80, 187), (238, 332), (385, 477), (528, 620)]
[2026-05-08 00:49:19] [WARNING] [ShopBot] OCR 价格识别失败 (800, 80, 950, 187): OCR 初始化失败 (No module named 'paddle'). 请确保 paddlepaddle 已安装: pip install paddlepaddle
[2026-05-08 00:49:19] [INFO] [ShopBot] 物品 0 (y=80-187): unknown (置信度 0.43), 价格 0
[2026-05-08 00:49:19] [WARNING] [ShopBot] OCR 价格识别失败 (800, 238, 950, 332): OCR 初始化失败 (No module named 'paddle'). 请确保 paddlepaddle 已安装: pip install paddlepaddle
[2026-05-08 00:49:19] [INFO] [ShopBot] 物品 1 (y=238-332): unknown (置信度 0.42), 价格 0
[2026-05-08 00:49:19] [WARNING] [ShopBot] OCR 价格识别失败 (800, 385, 950, 477): OCR 初始化失败 (No module named 'paddle'). 请确保 paddlepaddle 已安装: pip install paddlepaddle
[2026-05-08 00:49:19] [INFO] [ShopBot] 物品 2 (y=385-477): unknown (置信度 0.39), 价格 0
[2026-05-08 00:49:19] [WARNING] [ShopBot] OCR 价格识别失败 (800, 528, 950, 620): OCR 初始化失败 (No module named 'paddle'). 请确保 paddlepaddle 已安装: pip install paddlepaddle
[2026-05-08 00:49:19] [INFO] [ShopBot] 物品 3 (y=528-620): unknown (置信度 0.48), 价格 0
[2026-05-08 00:49:19] [INFO] [ShopBot] 滑动 (640, 400) -> (640, 150), 时长 0.3s
[2026-05-08 00:49:21] [DEBUG] [ShopBot] 底部检测相似度: 0.8644
[2026-05-08 00:49:21] [WARNING] [ShopBot] OCR 价格识别失败 (800, 154, 950, 259): OCR 初始化失败 (No module named 'paddle'). 请确保 paddlepaddle 已安装: pip install paddlepaddle
[2026-05-08 00:49:21] [WARNING] [ShopBot] OCR 价格识别失败 (800, 311, 950, 405): OCR 初始化失败 (No module named 'paddle'). 请确保 paddlepaddle 已安装: pip install paddlepaddle
[2026-05-08 00:49:21] [WARNING] [ShopBot] OCR 价格识别失败 (800, 456, 950, 550): OCR 初始化失败 (No module named 'paddle'). 请确保 paddlepaddle 已安装: pip install paddlepaddle
[2026-05-08 00:49:21] [INFO] [ShopBot] 第 1 次滑动，识别到 3 个物品
[2026-05-08 00:49:21] [INFO] [ShopBot] 滑动 (640, 400) -> (640, 150), 时长 0.3s
[2026-05-08 00:49:22] [DEBUG] [ShopBot] 底部检测相似度: 0.9791
[2026-05-08 00:49:22] [INFO] [ShopBot] 已到达货架底部（第 2 次滑动后）
[2026-05-08 00:49:22] [INFO] [ShopBot] 货架识别完成，共 4 个物品
[2026-05-08 00:49:22] [INFO] [ShopBot] 跳过物品: unknown (未在购买列表中)
[2026-05-08 00:49:22] [INFO] [ShopBot] 跳过物品: unknown (未在购买列表中)
[2026-05-08 00:49:22] [INFO] [ShopBot] 跳过物品: unknown (未在购买列表中)
[2026-05-08 00:49:22] [INFO] [ShopBot] 跳过物品: unknown (未在购买列表中)
[2026-05-08 00:49:22] [INFO] [ShopBot] 货架处理完成，共购买 0 个物品
[2026-05-08 00:49:23] [WARNING] [ShopBot] OCR 天空石识别失败: OCR 初始化失败 (No module named 'paddle'). 请确保 paddlepaddle 已安装: pip install paddlepaddle
[2026-05-08 00:49:23] [INFO] [ShopBot] 点击刷新按钮（第 1 次）
[2026-05-08 00:49:23] [INFO] [ShopBot] 点击 (1163, 542) @ REFRESH_BTN
[2026-05-08 00:49:27] [WARNING] [ShopBot] 刷新确认弹窗未出现（第 1 次）
[2026-05-08 00:49:27] [INFO] [ShopBot] 点击刷新按钮（第 2 次）
[2026-05-08 00:49:27] [INFO] [ShopBot] 点击 (1068, 517) @ REFRESH_BTN
[2026-05-08 00:49:30] [WARNING] [ShopBot] 刷新确认弹窗未出现（第 2 次）
[2026-05-08 00:49:30] [ERROR] [ShopBot] 刷新失败，已重试 2 次
[2026-05-08 00:49:30] [ERROR] [ShopBot] 刷新货架失败，终止运行
[2026-05-08 00:49:30] [INFO] [ShopBot] ========== 运行统计 ==========
[2026-05-08 00:49:30] [INFO] [ShopBot] 总刷新次数: 0
[2026-05-08 00:49:30] [INFO] [ShopBot] 购买书签: 0
[2026-05-08 00:49:30] [INFO] [ShopBot] 购买神秘奖章: 0
[2026-05-08 00:49:30] [INFO] [ShopBot] 购买装备: 0
[2026-05-08 00:49:30] [INFO] [ShopBot] 天空石消耗: 0
[2026-05-08 00:49:30] [INFO] [ShopBot] 天空石余量: 0
[2026-05-08 00:49:30] [INFO] [ShopBot] ==============================
[2026-05-08 00:49:30] [INFO] [ShopBot] ShopBot 已停止
[2026-05-08 00:49:30] [INFO] [ShopBot] 程序退出
[2026-05-08 00:50:39] [INFO] [ShopBot] 配置已加载 - 设备: 127.0.0.1:16384, 截图: ADB, 控制: ADB
[2026-05-08 00:50:39] [INFO] [ShopBot] 购买列表 - 书签: True, 神秘奖章: True, 装备: False, 狗粮: False
[2026-05-08 00:50:39] [INFO] [ShopBot] 刷新上限: 200, 天空石阈值: 0, 金币阈值: 0
[2026-05-08 00:50:39] [INFO] [ShopBot] 正在连接设备 127.0.0.1:16384（第 1/3 次）
[2026-05-08 00:50:39] [INFO] [ShopBot] 设备连接成功: 127.0.0.1:16384
[2026-05-08 00:50:45] [INFO] [ShopBot] 配置已加载 - 设备: 127.0.0.1:16384, 截图: ADB, 控制: ADB
[2026-05-08 00:50:45] [INFO] [ShopBot] 购买列表 - 书签: True, 神秘奖章: True, 装备: False, 狗粮: False
[2026-05-08 00:50:45] [INFO] [ShopBot] 刷新上限: 200, 天空石阈值: 0, 金币阈值: 0
[2026-05-08 00:50:45] [INFO] [ShopBot] 正在连接设备 127.0.0.1:16384（第 1/3 次）
[2026-05-08 00:50:45] [INFO] [ShopBot] 设备连接成功: 127.0.0.1:16384
[2026-05-08 00:54:15] [INFO] [ShopBot] 正在连接设备 127.0.0.1:16384（第 1/3 次）
[2026-05-08 00:54:15] [INFO] [ShopBot] 设备连接成功: 127.0.0.1:16384
[2026-05-08 00:54:31] [INFO] [ShopBot] 正在连接设备 127.0.0.1:16384（第 1/3 次）
[2026-05-08 00:54:31] [INFO] [ShopBot] 设备连接成功: 127.0.0.1:16384
[2026-05-08 00:55:03] [INFO] [ShopBot] 正在连接设备 127.0.0.1:16384（第 1/3 次）
[2026-05-08 00:55:03] [INFO] [ShopBot] 设备连接成功: 127.0.0.1:16384
[2026-05-08 00:55:03] [DEBUG] [ShopBot] 大厅检测: 导航顶部=51 内容区=58
[2026-05-08 00:55:03] [DEBUG] [ShopBot] 秘密商店检测: 导航顶部=51 导航中部=176 内容区=58
[2026-05-08 00:55:03] [INFO] [ShopBot] 开始导航至秘密商店（超时 30s）
[2026-05-08 00:55:03] [DEBUG] [ShopBot] 秘密商店检测: 导航顶部=51 导航中部=178 内容区=58
[2026-05-08 00:55:03] [INFO] [ShopBot] 场景检测: 秘密商店
[2026-05-08 00:55:03] [INFO] [ShopBot] 已到达秘密商店
[2026-05-08 00:56:01] [INFO] [ShopBot] 正在连接设备 127.0.0.1:16384（第 1/3 次）
[2026-05-08 00:56:01] [INFO] [ShopBot] 设备连接成功: 127.0.0.1:16384
[2026-05-08 00:56:01] [INFO] [ShopBot] 开始导航至秘密商店（超时 30.0s）
[2026-05-08 00:56:01] [DEBUG] [ShopBot] 秘密商店检测: 导航顶部=51 导航中部=173 内容区=58
[2026-05-08 00:56:01] [INFO] [ShopBot] 场景检测: 秘密商店
[2026-05-08 00:56:01] [INFO] [ShopBot] 已到达秘密商店
[2026-05-08 00:56:42] [INFO] [ShopBot] 正在连接设备 127.0.0.1:16384（第 1/3 次）
[2026-05-08 00:56:42] [INFO] [ShopBot] 设备连接成功: 127.0.0.1:16384
[2026-05-08 00:56:42] [INFO] [ShopBot] 开始导航至秘密商店（超时 30.0s）
[2026-05-08 00:56:42] [DEBUG] [ShopBot] 秘密商店检测: 导航顶部=51 导航中部=167 内容区=58
[2026-05-08 00:56:42] [INFO] [ShopBot] 场景检测: 秘密商店
[2026-05-08 00:56:42] [INFO] [ShopBot] 已到达秘密商店
[2026-05-08 00:57:06] [INFO] [ShopBot] 正在连接设备 127.0.0.1:16384（第 1/3 次）
[2026-05-08 00:57:06] [INFO] [ShopBot] 设备连接成功: 127.0.0.1:16384
[2026-05-08 00:57:06] [INFO] [ShopBot] 开始导航至秘密商店（超时 30.0s）
[2026-05-08 00:57:07] [DEBUG] [ShopBot] 秘密商店检测: 导航顶部=51 导航中部=196 内容区=65
[2026-05-08 00:57:07] [INFO] [ShopBot] 场景检测: 秘密商店
[2026-05-08 00:57:07] [INFO] [ShopBot] 已到达秘密商店
[2026-05-08 00:57:40] [INFO] [ShopBot] 正在连接设备 127.0.0.1:16384（第 1/3 次）
[2026-05-08 00:57:40] [INFO] [ShopBot] 设备连接成功: 127.0.0.1:16384
[2026-05-08 00:57:40] [INFO] [ShopBot] 开始导航至秘密商店（超时 30.0s）
[2026-05-08 00:57:40] [DEBUG] [ShopBot] 秘密商店检测: 导航顶部=51 导航中部=175 内容区=58
[2026-05-08 00:57:40] [INFO] [ShopBot] 场景检测: 秘密商店
[2026-05-08 00:57:40] [INFO] [ShopBot] 已到达秘密商店
[2026-05-08 00:57:42] [INFO] [ShopBot] 点击 (1157, 681) @ TEST_REFRESH
[2026-05-08 00:58:03] [INFO] [ShopBot] 正在连接设备 127.0.0.1:16384（第 1/3 次）
[2026-05-08 00:58:03] [INFO] [ShopBot] 设备连接成功: 127.0.0.1:16384
[2026-05-08 00:58:03] [INFO] [ShopBot] 开始导航至秘密商店（超时 30.0s）
[2026-05-08 00:58:03] [DEBUG] [ShopBot] 秘密商店检测: 导航顶部=10 导航中部=20 内容区=37
[2026-05-08 00:58:03] [DEBUG] [ShopBot] 大厅检测: 导航顶部=10 内容区=37
[2026-05-08 00:58:03] [WARNING] [ShopBot] 场景检测: 未知界面
[2026-05-08 00:58:03] [WARNING] [ShopBot] 界面无法识别且无弹窗，等待后重试
[2026-05-08 00:58:05] [DEBUG] [ShopBot] 秘密商店检测: 导航顶部=10 导航中部=20 内容区=37
[2026-05-08 00:58:05] [DEBUG] [ShopBot] 大厅检测: 导航顶部=10 内容区=37
[2026-05-08 00:58:05] [WARNING] [ShopBot] 场景检测: 未知界面
[2026-05-08 00:58:05] [WARNING] [ShopBot] 界面无法识别且无弹窗，等待后重试
[2026-05-08 00:58:07] [DEBUG] [ShopBot] 秘密商店检测: 导航顶部=10 导航中部=20 内容区=37
[2026-05-08 00:58:07] [DEBUG] [ShopBot] 大厅检测: 导航顶部=10 内容区=37
[2026-05-08 00:58:07] [WARNING] [ShopBot] 场景检测: 未知界面
[2026-05-08 00:58:07] [WARNING] [ShopBot] 界面无法识别且无弹窗，等待后重试
[2026-05-08 00:58:08] [DEBUG] [ShopBot] 秘密商店检测: 导航顶部=10 导航中部=20 内容区=37
[2026-05-08 00:58:08] [DEBUG] [ShopBot] 大厅检测: 导航顶部=10 内容区=37
[2026-05-08 00:58:08] [WARNING] [ShopBot] 场景检测: 未知界面
[2026-05-08 00:58:09] [WARNING] [ShopBot] 界面无法识别且无弹窗，等待后重试
[2026-05-08 00:58:10] [DEBUG] [ShopBot] 秘密商店检测: 导航顶部=10 导航中部=20 内容区=37
[2026-05-08 00:58:10] [DEBUG] [ShopBot] 大厅检测: 导航顶部=10 内容区=37
[2026-05-08 00:58:10] [WARNING] [ShopBot] 场景检测: 未知界面
[2026-05-08 00:58:11] [WARNING] [ShopBot] 界面无法识别且无弹窗，等待后重试
[2026-05-08 00:58:12] [DEBUG] [ShopBot] 秘密商店检测: 导航顶部=10 导航中部=20 内容区=37
[2026-05-08 00:58:12] [DEBUG] [ShopBot] 大厅检测: 导航顶部=10 内容区=37
[2026-05-08 00:58:12] [WARNING] [ShopBot] 场景检测: 未知界面
[2026-05-08 00:58:12] [WARNING] [ShopBot] 界面无法识别且无弹窗，等待后重试
[2026-05-08 00:58:14] [DEBUG] [ShopBot] 秘密商店检测: 导航顶部=10 导航中部=20 内容区=37
[2026-05-08 00:58:14] [DEBUG] [ShopBot] 大厅检测: 导航顶部=10 内容区=37
[2026-05-08 00:58:14] [WARNING] [ShopBot] 场景检测: 未知界面
[2026-05-08 00:58:14] [WARNING] [ShopBot] 界面无法识别且无弹窗，等待后重试
[2026-05-08 00:58:16] [DEBUG] [ShopBot] 秘密商店检测: 导航顶部=10 导航中部=20 内容区=37
[2026-05-08 00:58:16] [DEBUG] [ShopBot] 大厅检测: 导航顶部=10 内容区=37
[2026-05-08 00:58:16] [WARNING] [ShopBot] 场景检测: 未知界面
[2026-05-08 00:58:16] [WARNING] [ShopBot] 界面无法识别且无弹窗，等待后重试
[2026-05-08 00:58:18] [DEBUG] [ShopBot] 秘密商店检测: 导航顶部=10 导航中部=20 内容区=37
[2026-05-08 00:58:18] [DEBUG] [ShopBot] 大厅检测: 导航顶部=10 内容区=37
[2026-05-08 00:58:18] [WARNING] [ShopBot] 场景检测: 未知界面
[2026-05-08 00:58:18] [WARNING] [ShopBot] 界面无法识别且无弹窗，等待后重试
[2026-05-08 00:58:20] [DEBUG] [ShopBot] 秘密商店检测: 导航顶部=10 导航中部=20 内容区=37
[2026-05-08 00:58:20] [DEBUG] [ShopBot] 大厅检测: 导航顶部=10 内容区=37
[2026-05-08 00:58:20] [WARNING] [ShopBot] 场景检测: 未知界面
[2026-05-08 00:58:20] [WARNING] [ShopBot] 界面无法识别且无弹窗，等待后重试
[2026-05-08 00:58:22] [DEBUG] [ShopBot] 秘密商店检测: 导航顶部=51 导航中部=172 内容区=58
[2026-05-08 00:58:22] [INFO] [ShopBot] 场景检测: 秘密商店
[2026-05-08 00:58:22] [INFO] [ShopBot] 已到达秘密商店
[2026-05-08 00:58:46] [INFO] [ShopBot] 正在连接设备 127.0.0.1:16384（第 1/3 次）
[2026-05-08 00:58:46] [INFO] [ShopBot] 设备连接成功: 127.0.0.1:16384
[2026-05-08 00:58:46] [INFO] [ShopBot] 开始导航至秘密商店（超时 30.0s）
[2026-05-08 00:58:47] [DEBUG] [ShopBot] 秘密商店检测: 导航顶部=51 导航中部=199 内容区=65
[2026-05-08 00:58:47] [INFO] [ShopBot] 场景检测: 秘密商店
[2026-05-08 00:58:47] [INFO] [ShopBot] 已到达秘密商店
[2026-05-08 00:58:49] [INFO] [ShopBot] 点击 (1111, 689) @ TEST_REFRESH
[2026-05-08 00:58:52] [DEBUG] [ShopBot] 秘密商店检测: 导航顶部=26 导航中部=86 内容区=30
[2026-05-08 00:58:52] [DEBUG] [ShopBot] 大厅检测: 导航顶部=26 内容区=30
[2026-05-08 00:59:16] [INFO] [ShopBot] 正在连接设备 127.0.0.1:16384（第 1/3 次）
[2026-05-08 00:59:16] [INFO] [ShopBot] 设备连接成功: 127.0.0.1:16384
[2026-05-08 00:59:16] [INFO] [ShopBot] 开始导航至秘密商店（超时 30.0s）
[2026-05-08 00:59:17] [DEBUG] [ShopBot] 秘密商店检测: 导航顶部=51 导航中部=192 内容区=60
[2026-05-08 00:59:17] [INFO] [ShopBot] 场景检测: 秘密商店
[2026-05-08 00:59:17] [INFO] [ShopBot] 已到达秘密商店
[2026-05-08 00:59:19] [INFO] [ShopBot] 点击 (1163, 680) @ TEST_REFRESH
[2026-05-08 00:59:58] [INFO] [ShopBot] 正在连接设备 127.0.0.1:16384（第 1/3 次）
[2026-05-08 00:59:58] [INFO] [ShopBot] 设备连接成功: 127.0.0.1:16384
[2026-05-08 00:59:58] [INFO] [ShopBot] 开始导航至秘密商店（超时 30.0s）
[2026-05-08 00:59:58] [DEBUG] [ShopBot] 秘密商店检测: 导航顶部=51 导航中部=168 内容区=54
[2026-05-08 00:59:58] [INFO] [ShopBot] 场景检测: 秘密商店
[2026-05-08 00:59:58] [INFO] [ShopBot] 已到达秘密商店
[2026-05-08 01:00:00] [INFO] [ShopBot] 点击 (1125, 670) @ REFRESH
[2026-05-08 01:00:52] [INFO] [ShopBot] 正在连接设备 127.0.0.1:16384（第 1/3 次）
[2026-05-08 01:00:52] [INFO] [ShopBot] 设备连接成功: 127.0.0.1:16384
[2026-05-08 01:00:52] [INFO] [ShopBot] 开始导航至秘密商店（超时 30.0s）
[2026-05-08 01:00:52] [DEBUG] [ShopBot] 秘密商店检测: 导航顶部=51 导航中部=178 内容区=53
[2026-05-08 01:00:52] [INFO] [ShopBot] 场景检测: 秘密商店
[2026-05-08 01:00:52] [INFO] [ShopBot] 已到达秘密商店
[2026-05-08 01:00:54] [INFO] [ShopBot] 点击 (1167, 667) @ REFRESH
[2026-05-08 01:02:58] [INFO] [ShopBot] 正在连接设备 127.0.0.1:16384（第 1/3 次）
[2026-05-08 01:02:58] [INFO] [ShopBot] 设备连接成功: 127.0.0.1:16384
[2026-05-08 01:02:58] [INFO] [ShopBot] 开始导航至秘密商店（超时 30.0s）
[2026-05-08 01:02:59] [DEBUG] [ShopBot] 秘密商店检测: 导航顶部=51 导航中部=167 内容区=54
[2026-05-08 01:02:59] [INFO] [ShopBot] 场景检测: 秘密商店
[2026-05-08 01:02:59] [INFO] [ShopBot] 已到达秘密商店
[2026-05-08 01:03:01] [INFO] [ShopBot] 动态检测到 4 个物品行: [(80, 187), (238, 332), (385, 477), (528, 620)]
[2026-05-08 01:03:05] [WARNING] [ShopBot] OCR 价格识别失败 (800, 80, 950, 187): OCR 初始化失败 (No module named 'paddle'). 请确保 paddlepaddle 已安装: pip install paddlepaddle
[2026-05-08 01:03:05] [INFO] [ShopBot] 物品 0 (y=80-187): unknown (置信度 0.43), 价格 0
[2026-05-08 01:03:05] [WARNING] [ShopBot] OCR 价格识别失败 (800, 238, 950, 332): OCR 初始化失败 (No module named 'paddle'). 请确保 paddlepaddle 已安装: pip install paddlepaddle
[2026-05-08 01:03:05] [INFO] [ShopBot] 物品 1 (y=238-332): unknown (置信度 0.42), 价格 0
[2026-05-08 01:03:06] [WARNING] [ShopBot] OCR 价格识别失败 (800, 385, 950, 477): OCR 初始化失败 (No module named 'paddle'). 请确保 paddlepaddle 已安装: pip install paddlepaddle
[2026-05-08 01:03:06] [INFO] [ShopBot] 物品 2 (y=385-477): unknown (置信度 0.39), 价格 0
[2026-05-08 01:03:06] [WARNING] [ShopBot] OCR 价格识别失败 (800, 528, 950, 620): OCR 初始化失败 (No module named 'paddle'). 请确保 paddlepaddle 已安装: pip install paddlepaddle
[2026-05-08 01:03:06] [INFO] [ShopBot] 物品 3 (y=528-620): unknown (置信度 0.49), 价格 0
[2026-05-08 01:03:06] [INFO] [ShopBot] 点击 (1159, 687) @ REFRESH_BTN
[2026-05-08 01:03:54] [INFO] [ShopBot] 正在连接设备 127.0.0.1:16384（第 1/3 次）
[2026-05-08 01:03:54] [INFO] [ShopBot] 设备连接成功: 127.0.0.1:16384
[2026-05-08 01:03:54] [INFO] [ShopBot] 开始导航至秘密商店（超时 30.0s）
[2026-05-08 01:03:54] [DEBUG] [ShopBot] 秘密商店检测: 导航顶部=51 导航中部=197 内容区=61
[2026-05-08 01:03:54] [INFO] [ShopBot] 场景检测: 秘密商店
[2026-05-08 01:03:54] [INFO] [ShopBot] 已到达秘密商店
[2026-05-08 01:04:28] [INFO] [ShopBot] 正在连接设备 127.0.0.1:16384（第 1/3 次）
[2026-05-08 01:04:28] [INFO] [ShopBot] 设备连接成功: 127.0.0.1:16384
[2026-05-08 01:04:28] [INFO] [ShopBot] 开始导航至秘密商店（超时 30.0s）
[2026-05-08 01:04:28] [DEBUG] [ShopBot] 秘密商店检测: 导航顶部=51 导航中部=166 内容区=54
[2026-05-08 01:04:28] [INFO] [ShopBot] 场景检测: 秘密商店
[2026-05-08 01:04:28] [INFO] [ShopBot] 已到达秘密商店
[2026-05-08 01:04:30] [INFO] [ShopBot] 点击 (1145, 679) @ TEST_0
[2026-05-08 01:04:32] [DEBUG] [ShopBot] 秘密商店检测: 导航顶部=51 导航中部=179 内容区=53
[2026-05-08 01:04:32] [DEBUG] [ShopBot] 大厅检测: 导航顶部=51 内容区=53
[2026-05-08 01:04:32] [INFO] [ShopBot] 点击 (1151, 633) @ TEST_1
[2026-05-08 01:04:34] [DEBUG] [ShopBot] 秘密商店检测: 导航顶部=51 导航中部=169 内容区=54
[2026-05-08 01:04:34] [DEBUG] [ShopBot] 大厅检测: 导航顶部=51 内容区=54
[2026-05-08 01:04:34] [INFO] [ShopBot] 点击 (1148, 703) @ TEST_2
[2026-05-08 01:04:36] [DEBUG] [ShopBot] 秘密商店检测: 导航顶部=51 导航中部=198 内容区=61
[2026-05-08 01:04:36] [DEBUG] [ShopBot] 大厅检测: 导航顶部=51 内容区=61
[2026-05-08 01:04:36] [INFO] [ShopBot] 开始导航至秘密商店（超时 30.0s）
[2026-05-08 01:04:36] [DEBUG] [ShopBot] 秘密商店检测: 导航顶部=51 导航中部=197 内容区=61
[2026-05-08 01:04:36] [INFO] [ShopBot] 场景检测: 秘密商店
[2026-05-08 01:04:36] [INFO] [ShopBot] 已到达秘密商店
[2026-05-08 01:04:37] [INFO] [ShopBot] 点击 (1111, 55) @ TEST_3
[2026-05-08 01:04:39] [DEBUG] [ShopBot] 秘密商店检测: 导航顶部=46 导航中部=31 内容区=64
[2026-05-08 01:04:39] [DEBUG] [ShopBot] 大厅检测: 导航顶部=46 内容区=64
[2026-05-08 01:04:39] [INFO] [ShopBot] 点击 (1158, 27) @ TEST_4
[2026-05-08 01:04:41] [DEBUG] [ShopBot] 秘密商店检测: 导航顶部=35 导航中部=27 内容区=53
[2026-05-08 01:04:41] [DEBUG] [ShopBot] 大厅检测: 导航顶部=35 内容区=53
[2026-05-08 01:04:41] [INFO] [ShopBot] 点击 (1204, 60) @ TEST_5
[2026-05-08 01:04:43] [DEBUG] [ShopBot] 秘密商店检测: 导航顶部=35 导航中部=27 内容区=53
[2026-05-08 01:04:43] [DEBUG] [ShopBot] 大厅检测: 导航顶部=35 内容区=53
[2026-05-08 01:04:43] [INFO] [ShopBot] 开始导航至秘密商店（超时 30.0s）
[2026-05-08 01:04:43] [DEBUG] [ShopBot] 秘密商店检测: 导航顶部=35 导航中部=27 内容区=53
[2026-05-08 01:04:43] [DEBUG] [ShopBot] 大厅检测: 导航顶部=35 内容区=53
[2026-05-08 01:04:43] [WARNING] [ShopBot] 场景检测: 未知界面
[2026-05-08 01:04:43] [WARNING] [ShopBot] 界面无法识别且无弹窗，等待后重试
[2026-05-08 01:04:45] [DEBUG] [ShopBot] 秘密商店检测: 导航顶部=35 导航中部=27 内容区=53
[2026-05-08 01:04:45] [DEBUG] [ShopBot] 大厅检测: 导航顶部=35 内容区=53
[2026-05-08 01:04:45] [WARNING] [ShopBot] 场景检测: 未知界面
[2026-05-08 01:04:45] [WARNING] [ShopBot] 界面无法识别且无弹窗，等待后重试
[2026-05-08 01:04:47] [DEBUG] [ShopBot] 秘密商店检测: 导航顶部=35 导航中部=27 内容区=53
[2026-05-08 01:04:47] [DEBUG] [ShopBot] 大厅检测: 导航顶部=35 内容区=53
[2026-05-08 01:04:47] [WARNING] [ShopBot] 场景检测: 未知界面
[2026-05-08 01:04:47] [WARNING] [ShopBot] 界面无法识别且无弹窗，等待后重试
[2026-05-08 01:04:49] [DEBUG] [ShopBot] 秘密商店检测: 导航顶部=35 导航中部=27 内容区=53
[2026-05-08 01:04:49] [DEBUG] [ShopBot] 大厅检测: 导航顶部=35 内容区=53
[2026-05-08 01:04:49] [WARNING] [ShopBot] 场景检测: 未知界面
[2026-05-08 01:04:49] [WARNING] [ShopBot] 界面无法识别且无弹窗，等待后重试
[2026-05-08 01:04:51] [DEBUG] [ShopBot] 秘密商店检测: 导航顶部=35 导航中部=27 内容区=53
[2026-05-08 01:04:51] [DEBUG] [ShopBot] 大厅检测: 导航顶部=35 内容区=53
[2026-05-08 01:04:51] [WARNING] [ShopBot] 场景检测: 未知界面
[2026-05-08 01:04:51] [WARNING] [ShopBot] 界面无法识别且无弹窗，等待后重试
[2026-05-08 01:04:52] [DEBUG] [ShopBot] 秘密商店检测: 导航顶部=35 导航中部=27 内容区=53
[2026-05-08 01:04:52] [DEBUG] [ShopBot] 大厅检测: 导航顶部=35 内容区=53
[2026-05-08 01:04:52] [WARNING] [ShopBot] 场景检测: 未知界面
[2026-05-08 01:04:53] [WARNING] [ShopBot] 界面无法识别且无弹窗，等待后重试
[2026-05-08 01:04:54] [DEBUG] [ShopBot] 秘密商店检测: 导航顶部=35 导航中部=27 内容区=53
[2026-05-08 01:04:54] [DEBUG] [ShopBot] 大厅检测: 导航顶部=35 内容区=53
[2026-05-08 01:04:54] [WARNING] [ShopBot] 场景检测: 未知界面
[2026-05-08 01:04:55] [WARNING] [ShopBot] 界面无法识别且无弹窗，等待后重试
[2026-05-08 01:04:56] [DEBUG] [ShopBot] 秘密商店检测: 导航顶部=35 导航中部=27 内容区=53
[2026-05-08 01:04:56] [DEBUG] [ShopBot] 大厅检测: 导航顶部=35 内容区=53
[2026-05-08 01:04:56] [WARNING] [ShopBot] 场景检测: 未知界面
[2026-05-08 01:04:56] [WARNING] [ShopBot] 界面无法识别且无弹窗，等待后重试
[2026-05-08 01:04:58] [DEBUG] [ShopBot] 秘密商店检测: 导航顶部=35 导航中部=27 内容区=53
[2026-05-08 01:04:58] [DEBUG] [ShopBot] 大厅检测: 导航顶部=35 内容区=53
[2026-05-08 01:04:58] [WARNING] [ShopBot] 场景检测: 未知界面
[2026-05-08 01:04:58] [WARNING] [ShopBot] 界面无法识别且无弹窗，等待后重试
[2026-05-08 01:05:00] [DEBUG] [ShopBot] 秘密商店检测: 导航顶部=51 导航中部=179 内容区=53
[2026-05-08 01:05:00] [INFO] [ShopBot] 场景检测: 秘密商店
[2026-05-08 01:05:00] [INFO] [ShopBot] 已到达秘密商店
[2026-05-08 01:05:02] [INFO] [ShopBot] 点击 (1102, 303) @ TEST_6
[2026-05-08 01:05:03] [DEBUG] [ShopBot] 秘密商店检测: 导航顶部=10 导航中部=20 内容区=37
[2026-05-08 01:05:03] [DEBUG] [ShopBot] 大厅检测: 导航顶部=10 内容区=37
[2026-05-08 01:05:04] [INFO] [ShopBot] 点击 (1102, 399) @ TEST_7
[2026-05-08 01:05:05] [DEBUG] [ShopBot] 秘密商店检测: 导航顶部=10 导航中部=20 内容区=37
[2026-05-08 01:05:05] [DEBUG] [ShopBot] 大厅检测: 导航顶部=10 内容区=37
[2026-05-08 01:05:05] [INFO] [ShopBot] 点击 (1099, 506) @ TEST_8
[2026-05-08 01:05:07] [DEBUG] [ShopBot] 秘密商店检测: 导航顶部=10 导航中部=20 内容区=37
[2026-05-08 01:05:07] [DEBUG] [ShopBot] 大厅检测: 导航顶部=10 内容区=37
[2026-05-08 01:05:07] [INFO] [ShopBot] 开始导航至秘密商店（超时 30.0s）
[2026-05-08 01:05:07] [DEBUG] [ShopBot] 秘密商店检测: 导航顶部=10 导航中部=20 内容区=37
[2026-05-08 01:05:07] [DEBUG] [ShopBot] 大厅检测: 导航顶部=10 内容区=37
[2026-05-08 01:05:07] [WARNING] [ShopBot] 场景检测: 未知界面
[2026-05-08 01:05:07] [WARNING] [ShopBot] 界面无法识别且无弹窗，等待后重试
[2026-05-08 01:05:09] [DEBUG] [ShopBot] 秘密商店检测: 导航顶部=10 导航中部=20 内容区=37
[2026-05-08 01:05:09] [DEBUG] [ShopBot] 大厅检测: 导航顶部=10 内容区=37
[2026-05-08 01:05:09] [WARNING] [ShopBot] 场景检测: 未知界面
[2026-05-08 01:05:09] [WARNING] [ShopBot] 界面无法识别且无弹窗，等待后重试
[2026-05-08 01:05:11] [DEBUG] [ShopBot] 秘密商店检测: 导航顶部=10 导航中部=20 内容区=37
[2026-05-08 01:05:11] [DEBUG] [ShopBot] 大厅检测: 导航顶部=10 内容区=37
[2026-05-08 01:05:11] [WARNING] [ShopBot] 场景检测: 未知界面
[2026-05-08 01:05:11] [WARNING] [ShopBot] 界面无法识别且无弹窗，等待后重试
[2026-05-08 01:05:13] [DEBUG] [ShopBot] 秘密商店检测: 导航顶部=10 导航中部=20 内容区=37
[2026-05-08 01:05:13] [DEBUG] [ShopBot] 大厅检测: 导航顶部=10 内容区=37
[2026-05-08 01:05:13] [WARNING] [ShopBot] 场景检测: 未知界面
[2026-05-08 01:05:13] [WARNING] [ShopBot] 界面无法识别且无弹窗，等待后重试
[2026-05-08 01:05:15] [DEBUG] [ShopBot] 秘密商店检测: 导航顶部=10 导航中部=20 内容区=37
[2026-05-08 01:05:15] [DEBUG] [ShopBot] 大厅检测: 导航顶部=10 内容区=37
[2026-05-08 01:05:15] [WARNING] [ShopBot] 场景检测: 未知界面
[2026-05-08 01:05:15] [WARNING] [ShopBot] 界面无法识别且无弹窗，等待后重试
[2026-05-08 01:05:17] [DEBUG] [ShopBot] 秘密商店检测: 导航顶部=10 导航中部=20 内容区=37
[2026-05-08 01:05:17] [DEBUG] [ShopBot] 大厅检测: 导航顶部=10 内容区=37
[2026-05-08 01:05:17] [WARNING] [ShopBot] 场景检测: 未知界面
[2026-05-08 01:05:17] [WARNING] [ShopBot] 界面无法识别且无弹窗，等待后重试
[2026-05-08 01:05:19] [DEBUG] [ShopBot] 秘密商店检测: 导航顶部=10 导航中部=20 内容区=37
[2026-05-08 01:05:19] [DEBUG] [ShopBot] 大厅检测: 导航顶部=10 内容区=37
[2026-05-08 01:05:19] [WARNING] [ShopBot] 场景检测: 未知界面
[2026-05-08 01:05:19] [WARNING] [ShopBot] 界面无法识别且无弹窗，等待后重试
[2026-05-08 01:05:21] [DEBUG] [ShopBot] 秘密商店检测: 导航顶部=51 导航中部=198 内容区=61
[2026-05-08 01:05:21] [INFO] [ShopBot] 场景检测: 秘密商店
[2026-05-08 01:05:21] [INFO] [ShopBot] 已到达秘密商店
[2026-05-08 01:05:22] [INFO] [ShopBot] 点击 (1250, 360) @ TEST_9
[2026-05-08 01:05:23] [INFO] [ShopBot] 正在连接设备 127.0.0.1:16384（第 1/3 次）
[2026-05-08 01:05:23] [INFO] [ShopBot] 设备连接成功: 127.0.0.1:16384
[2026-05-08 01:05:23] [INFO] [ShopBot] 开始导航至秘密商店（超时 30.0s）
[2026-05-08 01:05:23] [DEBUG] [ShopBot] 秘密商店检测: 导航顶部=51 导航中部=199 内容区=61
[2026-05-08 01:05:23] [INFO] [ShopBot] 场景检测: 秘密商店
[2026-05-08 01:05:23] [INFO] [ShopBot] 已到达秘密商店
[2026-05-08 01:05:24] [DEBUG] [ShopBot] 秘密商店检测: 导航顶部=51 导航中部=165 内容区=54
[2026-05-08 01:05:24] [DEBUG] [ShopBot] 大厅检测: 导航顶部=51 内容区=54
[2026-05-08 01:05:24] [INFO] [ShopBot] 点击 (1242, 402) @ TEST_10
[2026-05-08 01:05:26] [DEBUG] [ShopBot] 秘密商店检测: 导航顶部=51 导航中部=178 内容区=54
[2026-05-08 01:05:26] [DEBUG] [ShopBot] 大厅检测: 导航顶部=51 内容区=54
[2026-05-08 01:05:49] [INFO] [ShopBot] 正在连接设备 127.0.0.1:16384（第 1/3 次）
[2026-05-08 01:05:49] [INFO] [ShopBot] 设备连接成功: 127.0.0.1:16384
[2026-05-08 01:05:49] [INFO] [ShopBot] 开始导航至秘密商店（超时 30.0s）
[2026-05-08 01:05:50] [DEBUG] [ShopBot] 秘密商店检测: 导航顶部=51 导航中部=194 内容区=60
[2026-05-08 01:05:50] [INFO] [ShopBot] 场景检测: 秘密商店
[2026-05-08 01:05:50] [INFO] [ShopBot] 已到达秘密商店
[2026-05-08 01:06:31] [INFO] [ShopBot] 正在连接设备 127.0.0.1:16384（第 1/3 次）
[2026-05-08 01:06:31] [INFO] [ShopBot] 设备连接成功: 127.0.0.1:16384
[2026-05-08 01:06:31] [INFO] [ShopBot] 开始导航至秘密商店（超时 30.0s）
[2026-05-08 01:06:31] [DEBUG] [ShopBot] 秘密商店检测: 导航顶部=51 导航中部=170 内容区=53
[2026-05-08 01:06:31] [INFO] [ShopBot] 场景检测: 秘密商店
[2026-05-08 01:06:31] [INFO] [ShopBot] 已到达秘密商店
[2026-05-08 01:06:33] [INFO] [ShopBot] 点击 (221, 684) @ FRESH_REFRESH
[2026-05-08 01:07:03] [INFO] [ShopBot] 正在连接设备 127.0.0.1:16384（第 1/3 次）
[2026-05-08 01:07:03] [INFO] [ShopBot] 设备连接成功: 127.0.0.1:16384
[2026-05-08 01:07:03] [INFO] [ShopBot] 开始导航至秘密商店（超时 30.0s）
[2026-05-08 01:07:03] [DEBUG] [ShopBot] 秘密商店检测: 导航顶部=12 导航中部=25 内容区=30
[2026-05-08 01:07:03] [DEBUG] [ShopBot] 大厅检测: 导航顶部=12 内容区=30
[2026-05-08 01:07:03] [WARNING] [ShopBot] 场景检测: 未知界面
[2026-05-08 01:07:04] [WARNING] [ShopBot] 界面无法识别且无弹窗，等待后重试
[2026-05-08 01:07:05] [DEBUG] [ShopBot] 秘密商店检测: 导航顶部=12 导航中部=24 内容区=30
[2026-05-08 01:07:05] [DEBUG] [ShopBot] 大厅检测: 导航顶部=12 内容区=30
[2026-05-08 01:07:05] [WARNING] [ShopBot] 场景检测: 未知界面
[2026-05-08 01:07:06] [WARNING] [ShopBot] 界面无法识别且无弹窗，等待后重试
[2026-05-08 01:07:07] [DEBUG] [ShopBot] 秘密商店检测: 导航顶部=12 导航中部=24 内容区=30
[2026-05-08 01:07:07] [DEBUG] [ShopBot] 大厅检测: 导航顶部=12 内容区=30
[2026-05-08 01:07:07] [WARNING] [ShopBot] 场景检测: 未知界面
[2026-05-08 01:07:07] [WARNING] [ShopBot] 界面无法识别且无弹窗，等待后重试
[2026-05-08 01:07:09] [DEBUG] [ShopBot] 秘密商店检测: 导航顶部=12 导航中部=24 内容区=30
[2026-05-08 01:07:09] [DEBUG] [ShopBot] 大厅检测: 导航顶部=12 内容区=30
[2026-05-08 01:07:09] [WARNING] [ShopBot] 场景检测: 未知界面
[2026-05-08 01:07:09] [WARNING] [ShopBot] 界面无法识别且无弹窗，等待后重试
[2026-05-08 01:07:11] [DEBUG] [ShopBot] 秘密商店检测: 导航顶部=12 导航中部=24 内容区=30
[2026-05-08 01:07:11] [DEBUG] [ShopBot] 大厅检测: 导航顶部=12 内容区=30
[2026-05-08 01:07:11] [WARNING] [ShopBot] 场景检测: 未知界面
[2026-05-08 01:07:11] [WARNING] [ShopBot] 界面无法识别且无弹窗，等待后重试
[2026-05-08 01:07:13] [DEBUG] [ShopBot] 秘密商店检测: 导航顶部=12 导航中部=24 内容区=30
[2026-05-08 01:07:13] [DEBUG] [ShopBot] 大厅检测: 导航顶部=12 内容区=30
[2026-05-08 01:07:13] [WARNING] [ShopBot] 场景检测: 未知界面
[2026-05-08 01:07:13] [WARNING] [ShopBot] 界面无法识别且无弹窗，等待后重试
[2026-05-08 01:07:15] [DEBUG] [ShopBot] 秘密商店检测: 导航顶部=12 导航中部=24 内容区=30
[2026-05-08 01:07:15] [DEBUG] [ShopBot] 大厅检测: 导航顶部=12 内容区=30
[2026-05-08 01:07:15] [WARNING] [ShopBot] 场景检测: 未知界面
[2026-05-08 01:07:15] [WARNING] [ShopBot] 界面无法识别且无弹窗，等待后重试
[2026-05-08 01:07:17] [DEBUG] [ShopBot] 秘密商店检测: 导航顶部=12 导航中部=25 内容区=30
[2026-05-08 01:07:17] [DEBUG] [ShopBot] 大厅检测: 导航顶部=12 内容区=30
[2026-05-08 01:07:17] [WARNING] [ShopBot] 场景检测: 未知界面
[2026-05-08 01:07:17] [WARNING] [ShopBot] 界面无法识别且无弹窗，等待后重试
[2026-05-08 01:07:19] [DEBUG] [ShopBot] 秘密商店检测: 导航顶部=12 导航中部=25 内容区=30
[2026-05-08 01:07:19] [DEBUG] [ShopBot] 大厅检测: 导航顶部=12 内容区=30
[2026-05-08 01:07:19] [WARNING] [ShopBot] 场景检测: 未知界面
[2026-05-08 01:07:19] [WARNING] [ShopBot] 界面无法识别且无弹窗，等待后重试
[2026-05-08 01:07:21] [DEBUG] [ShopBot] 秘密商店检测: 导航顶部=12 导航中部=24 内容区=30
[2026-05-08 01:07:21] [DEBUG] [ShopBot] 大厅检测: 导航顶部=12 内容区=30
[2026-05-08 01:07:21] [WARNING] [ShopBot] 场景检测: 未知界面
[2026-05-08 01:07:21] [WARNING] [ShopBot] 界面无法识别且无弹窗，等待后重试
[2026-05-08 01:07:23] [DEBUG] [ShopBot] 秘密商店检测: 导航顶部=12 导航中部=24 内容区=30
[2026-05-08 01:07:23] [DEBUG] [ShopBot] 大厅检测: 导航顶部=12 内容区=30
[2026-05-08 01:07:23] [WARNING] [ShopBot] 场景检测: 未知界面
[2026-05-08 01:07:23] [WARNING] [ShopBot] 界面无法识别且无弹窗，等待后重试
[2026-05-08 01:07:24] [DEBUG] [ShopBot] 秘密商店检测: 导航顶部=12 导航中部=24 内容区=30
[2026-05-08 01:07:24] [DEBUG] [ShopBot] 大厅检测: 导航顶部=12 内容区=30
[2026-05-08 01:07:24] [WARNING] [ShopBot] 场景检测: 未知界面
[2026-05-08 01:07:25] [WARNING] [ShopBot] 界面无法识别且无弹窗，等待后重试
[2026-05-08 01:07:26] [DEBUG] [ShopBot] 秘密商店检测: 导航顶部=12 导航中部=24 内容区=30
[2026-05-08 01:07:26] [DEBUG] [ShopBot] 大厅检测: 导航顶部=12 内容区=30
[2026-05-08 01:07:26] [WARNING] [ShopBot] 场景检测: 未知界面
[2026-05-08 01:07:27] [WARNING] [ShopBot] 界面无法识别且无弹窗，等待后重试
[2026-05-08 01:07:28] [DEBUG] [ShopBot] 秘密商店检测: 导航顶部=12 导航中部=24 内容区=30
[2026-05-08 01:07:28] [DEBUG] [ShopBot] 大厅检测: 导航顶部=12 内容区=30
[2026-05-08 01:07:28] [WARNING] [ShopBot] 场景检测: 未知界面
[2026-05-08 01:07:28] [WARNING] [ShopBot] 界面无法识别且无弹窗，等待后重试
[2026-05-08 01:07:30] [DEBUG] [ShopBot] 秘密商店检测: 导航顶部=12 导航中部=25 内容区=30
[2026-05-08 01:07:30] [DEBUG] [ShopBot] 大厅检测: 导航顶部=12 内容区=30
[2026-05-08 01:07:30] [WARNING] [ShopBot] 场景检测: 未知界面
[2026-05-08 01:07:30] [WARNING] [ShopBot] 界面无法识别且无弹窗，等待后重试
[2026-05-08 01:07:32] [DEBUG] [ShopBot] 秘密商店检测: 导航顶部=12 导航中部=25 内容区=30
[2026-05-08 01:07:32] [DEBUG] [ShopBot] 大厅检测: 导航顶部=12 内容区=30
[2026-05-08 01:07:32] [WARNING] [ShopBot] 场景检测: 未知界面
[2026-05-08 01:07:32] [WARNING] [ShopBot] 界面无法识别且无弹窗，等待后重试
[2026-05-08 01:07:34] [ERROR] [ShopBot] 导航超时（30.0s），未能到达秘密商店
[2026-05-08 01:07:36] [INFO] [ShopBot] 点击 (219, 676) @ R
[2026-05-08 01:07:37] [DEBUG] [ShopBot] 秘密商店检测: 导航顶部=12 导航中部=24 内容区=30
[2026-05-08 01:07:37] [DEBUG] [ShopBot] 大厅检测: 导航顶部=12 内容区=30
[2026-05-08 01:09:15] [INFO] [ShopBot] 正在连接设备 127.0.0.1:16384（第 1/3 次）
[2026-05-08 01:09:15] [INFO] [ShopBot] 设备连接成功: 127.0.0.1:16384
[2026-05-08 01:09:32] [INFO] [ShopBot] 正在连接设备 127.0.0.1:16384（第 1/3 次）
[2026-05-08 01:09:32] [INFO] [ShopBot] 设备连接成功: 127.0.0.1:16384
[2026-05-08 01:09:32] [INFO] [ShopBot] 点击 (196, 664) @ REFRESH
[2026-05-08 01:09:48] [INFO] [ShopBot] 正在连接设备 127.0.0.1:16384（第 1/3 次）
[2026-05-08 01:09:48] [INFO] [ShopBot] 设备连接成功: 127.0.0.1:16384
[2026-05-08 01:10:10] [INFO] [ShopBot] 正在连接设备 127.0.0.1:16384（第 1/3 次）
[2026-05-08 01:10:10] [INFO] [ShopBot] 设备连接成功: 127.0.0.1:16384
[2026-05-08 01:10:25] [INFO] [ShopBot] 正在连接设备 127.0.0.1:16384（第 1/3 次）
[2026-05-08 01:10:25] [INFO] [ShopBot] 设备连接成功: 127.0.0.1:16384
[2026-05-08 01:10:38] [INFO] [ShopBot] 正在连接设备 127.0.0.1:16384（第 1/3 次）
[2026-05-08 01:10:38] [INFO] [ShopBot] 设备连接成功: 127.0.0.1:16384
[2026-05-08 01:11:04] [INFO] [ShopBot] 正在连接设备 127.0.0.1:16384（第 1/3 次）
[2026-05-08 01:11:04] [INFO] [ShopBot] 设备连接成功: 127.0.0.1:16384
[2026-05-08 01:11:19] [INFO] [ShopBot] 正在连接设备 127.0.0.1:16384（第 1/3 次）
[2026-05-08 01:11:19] [INFO] [ShopBot] 设备连接成功: 127.0.0.1:16384
[2026-05-08 01:11:19] [INFO] [ShopBot] 点击 (532, 495) @ REFRESH_COST_CONFIRM
[2026-05-08 01:12:51] [INFO] [ShopBot] 正在连接设备 127.0.0.1:16384（第 1/3 次）
[2026-05-08 01:12:51] [INFO] [ShopBot] 设备连接成功: 127.0.0.1:16384
[2026-05-08 01:12:52] [INFO] [ShopBot] 点击 (256, 682) @ REFRESH_BTN
[2026-05-08 01:12:52] [INFO] [ShopBot] 点击 (472, 499) @ REFRESH_CONFIRM
[2026-05-08 01:13:19] [INFO] [ShopBot] 正在连接设备 127.0.0.1:16384（第 1/3 次）
[2026-05-08 01:13:19] [INFO] [ShopBot] 设备连接成功: 127.0.0.1:16384
[2026-05-08 01:13:19] [INFO] [ShopBot] 点击 (176, 665) @ REFRESH_BTN
[2026-05-08 01:13:20] [INFO] [ShopBot] 点击 (742, 498) @ REFRESH_CONFIRM
[2026-05-08 01:13:50] [INFO] [ShopBot] 正在连接设备 127.0.0.1:16384（第 1/3 次）
[2026-05-08 01:13:50] [INFO] [ShopBot] 设备连接成功: 127.0.0.1:16384
[2026-05-08 01:13:50] [INFO] [ShopBot] 开始导航至秘密商店（超时 30.0s）
[2026-05-08 01:13:51] [DEBUG] [ShopBot] 秘密商店检测: 导航顶部=12 导航中部=25 内容区=30
[2026-05-08 01:13:51] [DEBUG] [ShopBot] 大厅检测: 导航顶部=12 内容区=30
[2026-05-08 01:13:51] [WARNING] [ShopBot] 场景检测: 未知界面
[2026-05-08 01:13:51] [WARNING] [ShopBot] 界面无法识别且无弹窗，等待后重试
[2026-05-08 01:13:53] [DEBUG] [ShopBot] 秘密商店检测: 导航顶部=12 导航中部=24 内容区=30
[2026-05-08 01:13:53] [DEBUG] [ShopBot] 大厅检测: 导航顶部=12 内容区=30
[2026-05-08 01:13:53] [WARNING] [ShopBot] 场景检测: 未知界面
[2026-05-08 01:13:53] [WARNING] [ShopBot] 界面无法识别且无弹窗，等待后重试
[2026-05-08 01:13:54] [DEBUG] [ShopBot] 秘密商店检测: 导航顶部=12 导航中部=24 内容区=30
[2026-05-08 01:13:54] [DEBUG] [ShopBot] 大厅检测: 导航顶部=12 内容区=30
[2026-05-08 01:13:54] [WARNING] [ShopBot] 场景检测: 未知界面
[2026-05-08 01:13:55] [WARNING] [ShopBot] 界面无法识别且无弹窗，等待后重试
[2026-05-08 01:13:56] [DEBUG] [ShopBot] 秘密商店检测: 导航顶部=12 导航中部=24 内容区=30
[2026-05-08 01:13:56] [DEBUG] [ShopBot] 大厅检测: 导航顶部=12 内容区=30
[2026-05-08 01:13:56] [WARNING] [ShopBot] 场景检测: 未知界面
[2026-05-08 01:13:57] [WARNING] [ShopBot] 界面无法识别且无弹窗，等待后重试
[2026-05-08 01:13:58] [DEBUG] [ShopBot] 秘密商店检测: 导航顶部=12 导航中部=24 内容区=30
[2026-05-08 01:13:58] [DEBUG] [ShopBot] 大厅检测: 导航顶部=12 内容区=30
[2026-05-08 01:13:58] [WARNING] [ShopBot] 场景检测: 未知界面
[2026-05-08 01:13:58] [WARNING] [ShopBot] 界面无法识别且无弹窗，等待后重试
[2026-05-08 01:14:00] [DEBUG] [ShopBot] 秘密商店检测: 导航顶部=12 导航中部=24 内容区=30
[2026-05-08 01:14:00] [DEBUG] [ShopBot] 大厅检测: 导航顶部=12 内容区=30
[2026-05-08 01:14:00] [WARNING] [ShopBot] 场景检测: 未知界面
[2026-05-08 01:14:00] [WARNING] [ShopBot] 界面无法识别且无弹窗，等待后重试
[2026-05-08 01:14:02] [DEBUG] [ShopBot] 秘密商店检测: 导航顶部=12 导航中部=24 内容区=30
[2026-05-08 01:14:02] [DEBUG] [ShopBot] 大厅检测: 导航顶部=12 内容区=30
[2026-05-08 01:14:02] [WARNING] [ShopBot] 场景检测: 未知界面
[2026-05-08 01:14:02] [WARNING] [ShopBot] 界面无法识别且无弹窗，等待后重试
[2026-05-08 01:14:04] [DEBUG] [ShopBot] 秘密商店检测: 导航顶部=12 导航中部=25 内容区=30
[2026-05-08 01:14:04] [DEBUG] [ShopBot] 大厅检测: 导航顶部=12 内容区=30
[2026-05-08 01:14:04] [WARNING] [ShopBot] 场景检测: 未知界面
[2026-05-08 01:14:04] [WARNING] [ShopBot] 界面无法识别且无弹窗，等待后重试
[2026-05-08 01:14:06] [DEBUG] [ShopBot] 秘密商店检测: 导航顶部=12 导航中部=25 内容区=30
[2026-05-08 01:14:06] [DEBUG] [ShopBot] 大厅检测: 导航顶部=12 内容区=30
[2026-05-08 01:14:06] [WARNING] [ShopBot] 场景检测: 未知界面
[2026-05-08 01:14:06] [WARNING] [ShopBot] 界面无法识别且无弹窗，等待后重试
[2026-05-08 01:14:08] [DEBUG] [ShopBot] 秘密商店检测: 导航顶部=12 导航中部=24 内容区=30
[2026-05-08 01:14:08] [DEBUG] [ShopBot] 大厅检测: 导航顶部=12 内容区=30
[2026-05-08 01:14:08] [WARNING] [ShopBot] 场景检测: 未知界面
[2026-05-08 01:14:08] [WARNING] [ShopBot] 界面无法识别且无弹窗，等待后重试
[2026-05-08 01:14:10] [DEBUG] [ShopBot] 秘密商店检测: 导航顶部=12 导航中部=24 内容区=30
[2026-05-08 01:14:10] [DEBUG] [ShopBot] 大厅检测: 导航顶部=12 内容区=30
[2026-05-08 01:14:10] [WARNING] [ShopBot] 场景检测: 未知界面
[2026-05-08 01:14:10] [WARNING] [ShopBot] 界面无法识别且无弹窗，等待后重试
[2026-05-08 01:14:11] [DEBUG] [ShopBot] 秘密商店检测: 导航顶部=12 导航中部=24 内容区=30
[2026-05-08 01:14:11] [DEBUG] [ShopBot] 大厅检测: 导航顶部=12 内容区=30
[2026-05-08 01:14:11] [WARNING] [ShopBot] 场景检测: 未知界面
[2026-05-08 01:14:12] [WARNING] [ShopBot] 界面无法识别且无弹窗，等待后重试
[2026-05-08 01:14:13] [DEBUG] [ShopBot] 秘密商店检测: 导航顶部=12 导航中部=24 内容区=30
[2026-05-08 01:14:13] [DEBUG] [ShopBot] 大厅检测: 导航顶部=12 内容区=30
[2026-05-08 01:14:13] [WARNING] [ShopBot] 场景检测: 未知界面
[2026-05-08 01:14:14] [WARNING] [ShopBot] 界面无法识别且无弹窗，等待后重试
[2026-05-08 01:14:15] [DEBUG] [ShopBot] 秘密商店检测: 导航顶部=12 导航中部=24 内容区=30
[2026-05-08 01:14:15] [DEBUG] [ShopBot] 大厅检测: 导航顶部=12 内容区=30
[2026-05-08 01:14:15] [WARNING] [ShopBot] 场景检测: 未知界面
[2026-05-08 01:14:15] [WARNING] [ShopBot] 界面无法识别且无弹窗，等待后重试
[2026-05-08 01:14:17] [DEBUG] [ShopBot] 秘密商店检测: 导航顶部=12 导航中部=25 内容区=30
[2026-05-08 01:14:17] [DEBUG] [ShopBot] 大厅检测: 导航顶部=12 内容区=30
[2026-05-08 01:14:17] [WARNING] [ShopBot] 场景检测: 未知界面
[2026-05-08 01:14:17] [WARNING] [ShopBot] 界面无法识别且无弹窗，等待后重试
[2026-05-08 01:14:19] [DEBUG] [ShopBot] 秘密商店检测: 导航顶部=12 导航中部=25 内容区=30
[2026-05-08 01:14:19] [DEBUG] [ShopBot] 大厅检测: 导航顶部=12 内容区=30
[2026-05-08 01:14:19] [WARNING] [ShopBot] 场景检测: 未知界面
[2026-05-08 01:14:19] [WARNING] [ShopBot] 界面无法识别且无弹窗，等待后重试
[2026-05-08 01:14:21] [ERROR] [ShopBot] 导航超时（30.0s），未能到达秘密商店
[2026-05-08 01:14:22] [INFO] [ShopBot] 点击 (215, 652) @ REFRESH
[2026-05-08 01:14:23] [INFO] [ShopBot] 点击 (661, 500) @ CONFIRM
[2026-05-08 01:14:26] [INFO] [ShopBot] 开始识别完整货架
[2026-05-08 01:14:27] [INFO] [ShopBot] 动态检测到 0 个物品行: []
[2026-05-08 01:14:27] [INFO] [ShopBot] 滑动 (640, 400) -> (640, 150), 时长 0.3s
[2026-05-08 01:14:28] [DEBUG] [ShopBot] 底部检测相似度: 0.9996
[2026-05-08 01:14:28] [INFO] [ShopBot] 已到达货架底部（第 1 次滑动后）
[2026-05-08 01:14:28] [INFO] [ShopBot] 货架识别完成，共 0 个物品
[2026-05-08 01:14:39] [INFO] [ShopBot] 正在连接设备 127.0.0.1:16384（第 1/3 次）
[2026-05-08 01:14:39] [INFO] [ShopBot] 设备连接成功: 127.0.0.1:16384
[2026-05-08 01:14:56] [INFO] [ShopBot] 正在连接设备 127.0.0.1:16384（第 1/3 次）
[2026-05-08 01:14:56] [INFO] [ShopBot] 设备连接成功: 127.0.0.1:16384
[2026-05-08 01:15:04] [INFO] [ShopBot] 正在连接设备 127.0.0.1:16384（第 1/3 次）
[2026-05-08 01:15:04] [INFO] [ShopBot] 设备连接成功: 127.0.0.1:16384
[2026-05-08 01:15:15] [INFO] [ShopBot] 正在连接设备 127.0.0.1:16384（第 1/3 次）
[2026-05-08 01:15:15] [INFO] [ShopBot] 设备连接成功: 127.0.0.1:16384
[2026-05-08 01:15:31] [INFO] [ShopBot] 正在连接设备 127.0.0.1:16384（第 1/3 次）
[2026-05-08 01:15:31] [INFO] [ShopBot] 设备连接成功: 127.0.0.1:16384
[2026-05-08 01:16:19] [INFO] [ShopBot] 正在连接设备 127.0.0.1:16384（第 1/3 次）
[2026-05-08 01:16:19] [INFO] [ShopBot] 设备连接成功: 127.0.0.1:16384
[2026-05-08 01:16:47] [INFO] [ShopBot] 正在连接设备 127.0.0.1:16384（第 1/3 次）
[2026-05-08 01:16:47] [INFO] [ShopBot] 设备连接成功: 127.0.0.1:16384
[2026-05-08 01:17:09] [INFO] [ShopBot] 正在连接设备 127.0.0.1:16384（第 1/3 次）
[2026-05-08 01:17:09] [INFO] [ShopBot] 设备连接成功: 127.0.0.1:16384
[2026-05-08 01:17:20] [INFO] [ShopBot] 正在连接设备 127.0.0.1:16384（第 1/3 次）
[2026-05-08 01:17:20] [INFO] [ShopBot] 设备连接成功: 127.0.0.1:16384
[2026-05-08 01:17:20] [INFO] [ShopBot] 开始导航至秘密商店（超时 30.0s）
[2026-05-08 01:17:21] [DEBUG] [ShopBot] 大厅检测: 导航顶部=182 内容区=198
[2026-05-08 01:17:21] [INFO] [ShopBot] 场景检测: 游戏大厅
[2026-05-08 01:17:21] [INFO] [ShopBot] 从大厅点击左侧导航栏的秘密商店入口
[2026-05-08 01:17:21] [INFO] [ShopBot] 点击 (151, 378) @ SECRET_SHOP_ENTRANCE_BTN
[2026-05-08 01:17:23] [DEBUG] [ShopBot] 大厅检测: 导航顶部=178 内容区=199
[2026-05-08 01:17:23] [INFO] [ShopBot] 场景检测: 游戏大厅
[2026-05-08 01:17:23] [INFO] [ShopBot] 从大厅点击左侧导航栏的秘密商店入口
[2026-05-08 01:17:23] [INFO] [ShopBot] 点击 (153, 393) @ SECRET_SHOP_ENTRANCE_BTN
[2026-05-08 01:17:25] [DEBUG] [ShopBot] 大厅检测: 导航顶部=183 内容区=198
[2026-05-08 01:17:25] [INFO] [ShopBot] 场景检测: 游戏大厅
[2026-05-08 01:17:25] [INFO] [ShopBot] 从大厅点击左侧导航栏的秘密商店入口
[2026-05-08 01:17:25] [INFO] [ShopBot] 点击 (147, 395) @ SECRET_SHOP_ENTRANCE_BTN
[2026-05-08 01:17:27] [DEBUG] [ShopBot] 大厅检测: 导航顶部=181 内容区=198
[2026-05-08 01:17:27] [INFO] [ShopBot] 场景检测: 游戏大厅
[2026-05-08 01:17:27] [INFO] [ShopBot] 从大厅点击左侧导航栏的秘密商店入口
[2026-05-08 01:17:27] [INFO] [ShopBot] 点击 (149, 385) @ SECRET_SHOP_ENTRANCE_BTN
[2026-05-08 01:17:29] [DEBUG] [ShopBot] 大厅检测: 导航顶部=182 内容区=198
[2026-05-08 01:17:29] [INFO] [ShopBot] 场景检测: 游戏大厅
[2026-05-08 01:17:29] [INFO] [ShopBot] 从大厅点击左侧导航栏的秘密商店入口
[2026-05-08 01:17:29] [INFO] [ShopBot] 点击 (144, 401) @ SECRET_SHOP_ENTRANCE_BTN
[2026-05-08 01:17:31] [DEBUG] [ShopBot] 大厅检测: 导航顶部=180 内容区=198
[2026-05-08 01:17:31] [INFO] [ShopBot] 场景检测: 游戏大厅
[2026-05-08 01:17:31] [INFO] [ShopBot] 从大厅点击左侧导航栏的秘密商店入口
[2026-05-08 01:17:31] [INFO] [ShopBot] 点击 (136, 415) @ SECRET_SHOP_ENTRANCE_BTN
[2026-05-08 01:17:32] [DEBUG] [ShopBot] 大厅检测: 导航顶部=181 内容区=198
[2026-05-08 01:17:32] [INFO] [ShopBot] 场景检测: 游戏大厅
[2026-05-08 01:17:32] [INFO] [ShopBot] 从大厅点击左侧导航栏的秘密商店入口
[2026-05-08 01:17:32] [INFO] [ShopBot] 点击 (175, 374) @ SECRET_SHOP_ENTRANCE_BTN
[2026-05-08 01:17:34] [DEBUG] [ShopBot] 大厅检测: 导航顶部=179 内容区=198
[2026-05-08 01:17:34] [INFO] [ShopBot] 场景检测: 游戏大厅
[2026-05-08 01:17:34] [INFO] [ShopBot] 从大厅点击左侧导航栏的秘密商店入口
[2026-05-08 01:17:34] [INFO] [ShopBot] 点击 (147, 371) @ SECRET_SHOP_ENTRANCE_BTN
[2026-05-08 01:17:36] [DEBUG] [ShopBot] 大厅检测: 导航顶部=180 内容区=198
[2026-05-08 01:17:36] [INFO] [ShopBot] 场景检测: 游戏大厅
[2026-05-08 01:17:36] [INFO] [ShopBot] 从大厅点击左侧导航栏的秘密商店入口
[2026-05-08 01:17:36] [INFO] [ShopBot] 点击 (120, 382) @ SECRET_SHOP_ENTRANCE_BTN
[2026-05-08 01:17:38] [DEBUG] [ShopBot] 大厅检测: 导航顶部=183 内容区=198
[2026-05-08 01:17:38] [INFO] [ShopBot] 场景检测: 游戏大厅
[2026-05-08 01:17:38] [INFO] [ShopBot] 从大厅点击左侧导航栏的秘密商店入口
[2026-05-08 01:17:38] [INFO] [ShopBot] 点击 (183, 421) @ SECRET_SHOP_ENTRANCE_BTN
[2026-05-08 01:17:40] [DEBUG] [ShopBot] 大厅检测: 导航顶部=178 内容区=198
[2026-05-08 01:17:40] [INFO] [ShopBot] 场景检测: 游戏大厅
[2026-05-08 01:17:40] [INFO] [ShopBot] 从大厅点击左侧导航栏的秘密商店入口
[2026-05-08 01:17:40] [INFO] [ShopBot] 点击 (134, 398) @ SECRET_SHOP_ENTRANCE_BTN
[2026-05-08 01:17:42] [DEBUG] [ShopBot] 大厅检测: 导航顶部=179 内容区=198
[2026-05-08 01:17:42] [INFO] [ShopBot] 场景检测: 游戏大厅
[2026-05-08 01:17:42] [INFO] [ShopBot] 从大厅点击左侧导航栏的秘密商店入口
[2026-05-08 01:17:42] [INFO] [ShopBot] 点击 (156, 407) @ SECRET_SHOP_ENTRANCE_BTN
[2026-05-08 01:17:44] [DEBUG] [ShopBot] 大厅检测: 导航顶部=180 内容区=198
[2026-05-08 01:17:44] [INFO] [ShopBot] 场景检测: 游戏大厅
[2026-05-08 01:17:44] [INFO] [ShopBot] 从大厅点击左侧导航栏的秘密商店入口
[2026-05-08 01:17:44] [INFO] [ShopBot] 点击 (120, 380) @ SECRET_SHOP_ENTRANCE_BTN
[2026-05-08 01:17:46] [DEBUG] [ShopBot] 大厅检测: 导航顶部=178 内容区=199
[2026-05-08 01:17:46] [INFO] [ShopBot] 场景检测: 游戏大厅
[2026-05-08 01:17:46] [INFO] [ShopBot] 从大厅点击左侧导航栏的秘密商店入口
[2026-05-08 01:17:46] [INFO] [ShopBot] 点击 (150, 416) @ SECRET_SHOP_ENTRANCE_BTN
[2026-05-08 01:17:48] [DEBUG] [ShopBot] 大厅检测: 导航顶部=178 内容区=198
[2026-05-08 01:17:48] [INFO] [ShopBot] 场景检测: 游戏大厅
[2026-05-08 01:17:48] [INFO] [ShopBot] 从大厅点击左侧导航栏的秘密商店入口
[2026-05-08 01:17:48] [INFO] [ShopBot] 点击 (125, 383) @ SECRET_SHOP_ENTRANCE_BTN
[2026-05-08 01:17:50] [DEBUG] [ShopBot] 大厅检测: 导航顶部=178 内容区=198
[2026-05-08 01:17:50] [INFO] [ShopBot] 场景检测: 游戏大厅
[2026-05-08 01:17:50] [INFO] [ShopBot] 从大厅点击左侧导航栏的秘密商店入口
[2026-05-08 01:17:50] [INFO] [ShopBot] 点击 (155, 402) @ SECRET_SHOP_ENTRANCE_BTN
[2026-05-08 01:17:52] [ERROR] [ShopBot] 导航超时（30.0s），未能到达秘密商店
[2026-05-08 01:18:06] [INFO] [ShopBot] 正在连接设备 127.0.0.1:16384（第 1/3 次）
[2026-05-08 01:18:06] [INFO] [ShopBot] 设备连接成功: 127.0.0.1:16384
[2026-05-08 01:18:36] [INFO] [ShopBot] 正在连接设备 127.0.0.1:16384（第 1/3 次）
[2026-05-08 01:18:36] [INFO] [ShopBot] 设备连接成功: 127.0.0.1:16384
[2026-05-08 01:19:39] [INFO] [ShopBot] 正在连接设备 127.0.0.1:16384（第 1/3 次）
[2026-05-08 01:19:39] [INFO] [ShopBot] 设备连接成功: 127.0.0.1:16384
[2026-05-08 01:20:28] [INFO] [ShopBot] 正在连接设备 127.0.0.1:16384（第 1/3 次）
[2026-05-08 01:20:28] [INFO] [ShopBot] 设备连接成功: 127.0.0.1:16384
[2026-05-08 01:20:28] [DEBUG] [ShopBot] 大厅检测: 导航顶部=178 内容区=198
[2026-05-08 01:20:28] [INFO] [ShopBot] 场景检测: 游戏大厅
[2026-05-08 01:20:35] [INFO] [ShopBot] 正在连接设备 127.0.0.1:16384（第 1/3 次）
[2026-05-08 01:20:35] [INFO] [ShopBot] 设备连接成功: 127.0.0.1:16384
[2026-05-08 01:20:35] [INFO] [ShopBot] 开始导航至秘密商店（超时 15.0s）
[2026-05-08 01:20:35] [DEBUG] [ShopBot] 大厅检测: 导航顶部=178 内容区=198
[2026-05-08 01:20:35] [INFO] [ShopBot] 场景检测: 游戏大厅
[2026-05-08 01:20:35] [INFO] [ShopBot] 从大厅点击左侧导航栏的秘密商店入口
[2026-05-08 01:20:35] [INFO] [ShopBot] 点击 (161, 394) @ SECRET_SHOP_ENTRANCE_BTN
[2026-05-08 01:20:37] [DEBUG] [ShopBot] 大厅检测: 导航顶部=180 内容区=198
[2026-05-08 01:20:37] [INFO] [ShopBot] 场景检测: 游戏大厅
[2026-05-08 01:20:37] [INFO] [ShopBot] 从大厅点击左侧导航栏的秘密商店入口
[2026-05-08 01:20:37] [INFO] [ShopBot] 点击 (127, 372) @ SECRET_SHOP_ENTRANCE_BTN
[2026-05-08 01:20:39] [DEBUG] [ShopBot] 大厅检测: 导航顶部=179 内容区=198
[2026-05-08 01:20:39] [INFO] [ShopBot] 场景检测: 游戏大厅
[2026-05-08 01:20:39] [INFO] [ShopBot] 从大厅点击左侧导航栏的秘密商店入口
[2026-05-08 01:20:39] [INFO] [ShopBot] 点击 (141, 417) @ SECRET_SHOP_ENTRANCE_BTN
[2026-05-08 01:20:41] [DEBUG] [ShopBot] 大厅检测: 导航顶部=181 内容区=198
[2026-05-08 01:20:41] [INFO] [ShopBot] 场景检测: 游戏大厅
[2026-05-08 01:20:41] [INFO] [ShopBot] 从大厅点击左侧导航栏的秘密商店入口
[2026-05-08 01:20:41] [INFO] [ShopBot] 点击 (149, 372) @ SECRET_SHOP_ENTRANCE_BTN
[2026-05-08 01:20:43] [DEBUG] [ShopBot] 大厅检测: 导航顶部=181 内容区=198
[2026-05-08 01:20:43] [INFO] [ShopBot] 场景检测: 游戏大厅
[2026-05-08 01:20:43] [INFO] [ShopBot] 从大厅点击左侧导航栏的秘密商店入口
[2026-05-08 01:20:43] [INFO] [ShopBot] 点击 (94, 397) @ SECRET_SHOP_ENTRANCE_BTN
[2026-05-08 01:20:45] [DEBUG] [ShopBot] 大厅检测: 导航顶部=183 内容区=198
[2026-05-08 01:20:45] [INFO] [ShopBot] 场景检测: 游戏大厅
[2026-05-08 01:20:45] [INFO] [ShopBot] 从大厅点击左侧导航栏的秘密商店入口
[2026-05-08 01:20:45] [INFO] [ShopBot] 点击 (137, 390) @ SECRET_SHOP_ENTRANCE_BTN
[2026-05-08 01:20:47] [DEBUG] [ShopBot] 大厅检测: 导航顶部=182 内容区=197
[2026-05-08 01:20:47] [INFO] [ShopBot] 场景检测: 游戏大厅
[2026-05-08 01:20:47] [INFO] [ShopBot] 从大厅点击左侧导航栏的秘密商店入口
[2026-05-08 01:20:47] [INFO] [ShopBot] 点击 (174, 394) @ SECRET_SHOP_ENTRANCE_BTN
[2026-05-08 01:20:49] [DEBUG] [ShopBot] 大厅检测: 导航顶部=180 内容区=198
[2026-05-08 01:20:49] [INFO] [ShopBot] 场景检测: 游戏大厅
[2026-05-08 01:20:49] [INFO] [ShopBot] 从大厅点击左侧导航栏的秘密商店入口
[2026-05-08 01:20:49] [INFO] [ShopBot] 点击 (141, 391) @ SECRET_SHOP_ENTRANCE_BTN
[2026-05-08 01:20:50] [ERROR] [ShopBot] 导航超时（15.0s），未能到达秘密商店
[2026-05-08 01:21:05] [INFO] [ShopBot] 正在连接设备 127.0.0.1:16384（第 1/3 次）
[2026-05-08 01:21:05] [INFO] [ShopBot] 设备连接成功: 127.0.0.1:16384
[2026-05-08 01:21:38] [INFO] [ShopBot] 正在连接设备 127.0.0.1:16384（第 1/3 次）
[2026-05-08 01:21:38] [INFO] [ShopBot] 设备连接成功: 127.0.0.1:16384
[2026-05-08 01:21:58] [INFO] [ShopBot] 正在连接设备 127.0.0.1:16384（第 1/3 次）
[2026-05-08 01:21:58] [INFO] [ShopBot] 设备连接成功: 127.0.0.1:16384
[2026-05-08 01:22:17] [INFO] [ShopBot] 正在连接设备 127.0.0.1:16384（第 1/3 次）
[2026-05-08 01:22:17] [INFO] [ShopBot] 设备连接成功: 127.0.0.1:16384
[2026-05-08 01:22:37] [INFO] [ShopBot] 正在连接设备 127.0.0.1:16384（第 1/3 次）
[2026-05-08 01:22:37] [INFO] [ShopBot] 设备连接成功: 127.0.0.1:16384
[2026-05-08 01:23:41] [INFO] [ShopBot] 正在连接设备 127.0.0.1:16384（第 1/3 次）
[2026-05-08 01:23:41] [INFO] [ShopBot] 设备连接成功: 127.0.0.1:16384
[2026-05-08 01:23:50] [INFO] [ShopBot] 正在连接设备 127.0.0.1:16384（第 1/3 次）
[2026-05-08 01:23:50] [INFO] [ShopBot] 设备连接成功: 127.0.0.1:16384
[2026-05-08 01:24:38] [INFO] [ShopBot] 正在连接设备 127.0.0.1:16384（第 1/3 次）
[2026-05-08 01:24:38] [INFO] [ShopBot] 设备连接成功: 127.0.0.1:16384
[2026-05-08 01:24:47] [INFO] [ShopBot] 正在连接设备 127.0.0.1:16384（第 1/3 次）
[2026-05-08 01:24:47] [INFO] [ShopBot] 设备连接成功: 127.0.0.1:16384
[2026-05-08 01:25:14] [INFO] [ShopBot] 正在连接设备 127.0.0.1:16384（第 1/3 次）
[2026-05-08 01:25:14] [INFO] [ShopBot] 设备连接成功: 127.0.0.1:16384
[2026-05-08 01:25:15] [DEBUG] [ShopBot] 大厅检测: 导航顶部=95 内容区=115
[2026-05-08 01:25:15] [WARNING] [ShopBot] 场景检测: 未知界面
[2026-05-08 01:25:29] [INFO] [ShopBot] 正在连接设备 127.0.0.1:16384（第 1/3 次）
[2026-05-08 01:25:29] [INFO] [ShopBot] 设备连接成功: 127.0.0.1:16384
[2026-05-08 01:25:32] [DEBUG] [ShopBot] 大厅检测: 导航顶部=154 内容区=123
[2026-05-08 01:25:32] [INFO] [ShopBot] 场景检测: 游戏大厅
[2026-05-08 01:25:45] [INFO] [ShopBot] 正在连接设备 127.0.0.1:16384（第 1/3 次）
[2026-05-08 01:25:45] [INFO] [ShopBot] 设备连接成功: 127.0.0.1:16384
[2026-05-08 01:25:45] [INFO] [ShopBot] 开始导航至秘密商店（超时 30.0s）
[2026-05-08 01:25:45] [DEBUG] [ShopBot] 大厅检测: 导航顶部=89 内容区=100
[2026-05-08 01:25:45] [WARNING] [ShopBot] 场景检测: 未知界面
[2026-05-08 01:25:46] [WARNING] [ShopBot] 界面无法识别且无弹窗，等待后重试
[2026-05-08 01:25:47] [DEBUG] [ShopBot] 大厅检测: 导航顶部=182 内容区=198
[2026-05-08 01:25:47] [INFO] [ShopBot] 场景检测: 游戏大厅
[2026-05-08 01:25:47] [INFO] [ShopBot] 从大厅点击左侧导航栏的秘密商店入口
[2026-05-08 01:25:47] [INFO] [ShopBot] 点击 (105, 409) @ SECRET_SHOP_ENTRANCE_BTN
[2026-05-08 01:25:49] [DEBUG] [ShopBot] 大厅检测: 导航顶部=179 内容区=198
[2026-05-08 01:25:49] [INFO] [ShopBot] 场景检测: 游戏大厅
[2026-05-08 01:25:49] [INFO] [ShopBot] 从大厅点击左侧导航栏的秘密商店入口
[2026-05-08 01:25:49] [INFO] [ShopBot] 点击 (151, 381) @ SECRET_SHOP_ENTRANCE_BTN
[2026-05-08 01:25:51] [DEBUG] [ShopBot] 大厅检测: 导航顶部=179 内容区=198
[2026-05-08 01:25:51] [INFO] [ShopBot] 场景检测: 游戏大厅
[2026-05-08 01:25:51] [INFO] [ShopBot] 从大厅点击左侧导航栏的秘密商店入口
[2026-05-08 01:25:51] [INFO] [ShopBot] 点击 (133, 393) @ SECRET_SHOP_ENTRANCE_BTN
[2026-05-08 01:25:53] [DEBUG] [ShopBot] 大厅检测: 导航顶部=183 内容区=198
[2026-05-08 01:25:53] [INFO] [ShopBot] 场景检测: 游戏大厅
[2026-05-08 01:25:53] [INFO] [ShopBot] 从大厅点击左侧导航栏的秘密商店入口
[2026-05-08 01:25:53] [INFO] [ShopBot] 点击 (131, 425) @ SECRET_SHOP_ENTRANCE_BTN
[2026-05-08 01:25:55] [DEBUG] [ShopBot] 大厅检测: 导航顶部=184 内容区=198
[2026-05-08 01:25:55] [INFO] [ShopBot] 场景检测: 游戏大厅
[2026-05-08 01:25:55] [INFO] [ShopBot] 从大厅点击左侧导航栏的秘密商店入口
[2026-05-08 01:25:55] [INFO] [ShopBot] 点击 (157, 399) @ SECRET_SHOP_ENTRANCE_BTN
[2026-05-08 01:25:57] [DEBUG] [ShopBot] 大厅检测: 导航顶部=178 内容区=198
[2026-05-08 01:25:57] [INFO] [ShopBot] 场景检测: 游戏大厅
[2026-05-08 01:25:57] [INFO] [ShopBot] 从大厅点击左侧导航栏的秘密商店入口
[2026-05-08 01:25:57] [INFO] [ShopBot] 点击 (161, 398) @ SECRET_SHOP_ENTRANCE_BTN
[2026-05-08 01:25:59] [DEBUG] [ShopBot] 大厅检测: 导航顶部=183 内容区=198
[2026-05-08 01:25:59] [INFO] [ShopBot] 场景检测: 游戏大厅
[2026-05-08 01:25:59] [INFO] [ShopBot] 从大厅点击左侧导航栏的秘密商店入口
[2026-05-08 01:25:59] [INFO] [ShopBot] 点击 (153, 397) @ SECRET_SHOP_ENTRANCE_BTN
[2026-05-08 01:26:01] [DEBUG] [ShopBot] 大厅检测: 导航顶部=179 内容区=198
[2026-05-08 01:26:01] [INFO] [ShopBot] 场景检测: 游戏大厅
[2026-05-08 01:26:01] [INFO] [ShopBot] 从大厅点击左侧导航栏的秘密商店入口
[2026-05-08 01:26:01] [INFO] [ShopBot] 点击 (156, 367) @ SECRET_SHOP_ENTRANCE_BTN
[2026-05-08 01:26:03] [DEBUG] [ShopBot] 大厅检测: 导航顶部=180 内容区=198
[2026-05-08 01:26:03] [INFO] [ShopBot] 场景检测: 游戏大厅
[2026-05-08 01:26:03] [INFO] [ShopBot] 从大厅点击左侧导航栏的秘密商店入口
[2026-05-08 01:26:03] [INFO] [ShopBot] 点击 (107, 387) @ SECRET_SHOP_ENTRANCE_BTN
[2026-05-08 01:26:05] [DEBUG] [ShopBot] 秘密商店检测: 导航顶部=0 导航中部=0 内容区=17
[2026-05-08 01:26:05] [DEBUG] [ShopBot] 大厅检测: 导航顶部=0 内容区=17
[2026-05-08 01:26:05] [WARNING] [ShopBot] 场景检测: 未知界面
[2026-05-08 01:26:05] [WARNING] [ShopBot] 界面无法识别且无弹窗，等待后重试
[2026-05-08 22:50:54] [INFO] [ShopBot] 配置文件不存在，生成默认模板: config.yaml
[2026-05-08 22:50:54] [INFO] [ShopBot] 配置已加载 - 设备: 127.0.0.1:16384, 截图: ADB, 控制: ADB
[2026-05-08 22:50:54] [INFO] [ShopBot] 购买列表 - 书签: True, 神秘奖章: True, 装备: False, 狗粮: False
[2026-05-08 22:50:54] [INFO] [ShopBot] 刷新上限: 200, 天空石阈值: 0, 金币阈值: 0
[2026-05-08 22:50:54] [INFO] [ShopBot] 正在连接设备 127.0.0.1:16384（第 1/3 次）
[2026-05-08 22:50:56] [INFO] [ShopBot] 设备连接成功: 127.0.0.1:16384
[2026-05-08 22:51:48] [INFO] [ShopBot] 配置已加载 - 设备: 127.0.0.1:16384, 截图: ADB, 控制: ADB
[2026-05-08 22:51:48] [INFO] [ShopBot] 购买列表 - 书签: True, 神秘奖章: True, 装备: False, 狗粮: False
[2026-05-08 22:51:48] [INFO] [ShopBot] 刷新上限: 200, 天空石阈值: 0, 金币阈值: 0
[2026-05-08 22:51:48] [INFO] [ShopBot] 正在连接设备 127.0.0.1:16384（第 1/3 次）
[2026-05-08 22:51:48] [INFO] [ShopBot] 设备连接成功: 127.0.0.1:16384
[2026-05-08 22:54:47] [INFO] [ShopBot] 配置已加载 - 设备: 127.0.0.1:16384, 截图: ADB, 控制: ADB
[2026-05-08 22:54:47] [INFO] [ShopBot] 购买列表 - 书签: True, 神秘奖章: True, 装备: False, 狗粮: False
[2026-05-08 22:54:47] [INFO] [ShopBot] 刷新上限: 200, 天空石阈值: 0, 金币阈值: 0
[2026-05-08 22:54:47] [INFO] [ShopBot] 正在连接设备 127.0.0.1:16384（第 1/3 次）
[2026-05-08 22:54:47] [INFO] [ShopBot] 设备连接成功: 127.0.0.1:16384
[2026-05-08 22:57:01] [INFO] [ShopBot] 配置已加载 - 设备: 127.0.0.1:16384, 截图: ADB, 控制: ADB
[2026-05-08 22:57:01] [INFO] [ShopBot] 购买列表 - 书签: True, 神秘奖章: True, 装备: False, 狗粮: False
[2026-05-08 22:57:01] [INFO] [ShopBot] 刷新上限: 200, 天空石阈值: 0, 金币阈值: 0
[2026-05-08 22:57:01] [INFO] [ShopBot] 正在连接设备 127.0.0.1:16384（第 1/3 次）
[2026-05-08 22:57:01] [INFO] [ShopBot] 设备连接成功: 127.0.0.1:16384
[2026-05-08 22:58:18] [INFO] [ShopBot] 配置已加载 - 设备: 127.0.0.1:16384, 截图: ADB, 控制: ADB
[2026-05-08 22:58:18] [INFO] [ShopBot] 购买列表 - 书签: True, 神秘奖章: True, 装备: False, 狗粮: False
[2026-05-08 22:58:18] [INFO] [ShopBot] 刷新上限: 200, 天空石阈值: 0, 金币阈值: 0
[2026-05-08 22:58:18] [INFO] [ShopBot] 正在连接设备 127.0.0.1:16384（第 1/3 次）
[2026-05-08 22:58:18] [INFO] [ShopBot] 设备连接成功: 127.0.0.1:16384
[2026-05-08 22:58:40] [INFO] [ShopBot] 配置已加载 - 设备: 127.0.0.1:16384, 截图: ADB, 控制: ADB
[2026-05-08 22:58:40] [INFO] [ShopBot] 购买列表 - 书签: True, 神秘奖章: True, 装备: False, 狗粮: False
[2026-05-08 22:58:40] [INFO] [ShopBot] 刷新上限: 200, 天空石阈值: 0, 金币阈值: 0
[2026-05-08 22:58:40] [INFO] [ShopBot] 正在连接设备 127.0.0.1:16384（第 1/3 次）
[2026-05-08 22:58:40] [INFO] [ShopBot] 设备连接成功: 127.0.0.1:16384
[2026-05-08 22:59:17] [INFO] [ShopBot] 配置已加载 - 设备: 127.0.0.1:16384, 截图: ADB, 控制: ADB
[2026-05-08 22:59:17] [INFO] [ShopBot] 购买列表 - 书签: True, 神秘奖章: True, 装备: False, 狗粮: False
[2026-05-08 22:59:17] [INFO] [ShopBot] 刷新上限: 200, 天空石阈值: 0, 金币阈值: 0
[2026-05-08 22:59:17] [INFO] [ShopBot] 正在连接设备 127.0.0.1:16384（第 1/3 次）
[2026-05-08 22:59:17] [INFO] [ShopBot] 设备连接成功: 127.0.0.1:16384
[2026-05-08 23:01:48] [INFO] [ShopBot] 配置已加载 - 设备: 127.0.0.1:16384, 截图: ADB, 控制: ADB
[2026-05-08 23:01:48] [INFO] [ShopBot] 购买列表 - 书签: True, 神秘奖章: True, 装备: False, 狗粮: False
[2026-05-08 23:01:48] [INFO] [ShopBot] 刷新上限: 200, 天空石阈值: 0, 金币阈值: 0
[2026-05-08 23:01:48] [INFO] [ShopBot] 正在连接设备 127.0.0.1:16384（第 1/3 次）
[2026-05-08 23:01:48] [INFO] [ShopBot] 设备连接成功: 127.0.0.1:16384
[2026-05-08 23:05:51] [INFO] [ShopBot] 配置已加载 - 设备: 127.0.0.1:16384, 截图: ADB, 控制: ADB
[2026-05-08 23:05:51] [INFO] [ShopBot] 购买列表 - 书签: True, 神秘奖章: True, 装备: False, 狗粮: False
[2026-05-08 23:05:51] [INFO] [ShopBot] 刷新上限: 200, 天空石阈值: 0, 金币阈值: 0
[2026-05-08 23:05:51] [INFO] [ShopBot] 正在连接设备 127.0.0.1:16384（第 1/3 次）
[2026-05-08 23:05:51] [INFO] [ShopBot] 设备连接成功: 127.0.0.1:16384
[2026-05-08 23:11:09] [INFO] [ShopBot] 配置已加载 - 设备: 127.0.0.1:16384, 截图: ADB, 控制: ADB
[2026-05-08 23:11:09] [INFO] [ShopBot] 购买列表 - 书签: True, 神秘奖章: True, 装备: False, 狗粮: False
[2026-05-08 23:11:09] [INFO] [ShopBot] 刷新上限: 200, 天空石阈值: 0, 金币阈值: 0
[2026-05-08 23:16:20] [INFO] [ShopBot] 配置已加载 - 设备: 127.0.0.1:16384, 截图: ADB, 控制: ADB
[2026-05-08 23:16:20] [INFO] [ShopBot] 购买列表 - 书签: True, 神秘奖章: True, 装备: False, 狗粮: False
[2026-05-08 23:16:20] [INFO] [ShopBot] 刷新上限: 200, 天空石阈值: 0, 金币阈值: 0
[2026-05-08 23:21:45] [INFO] [ShopBot] 配置已加载 - 设备: 127.0.0.1:16384, 截图: ADB, 控制: ADB
[2026-05-08 23:21:45] [INFO] [ShopBot] 购买列表 - 书签: True, 神秘奖章: True, 装备: False, 狗粮: False
[2026-05-08 23:21:45] [INFO] [ShopBot] 刷新上限: 200, 天空石阈值: 0, 金币阈值: 0
[2026-05-08 23:22:31] [INFO] [ShopBot] 配置已加载 - 设备: 127.0.0.1:16384, 截图: ADB, 控制: ADB
[2026-05-08 23:22:31] [INFO] [ShopBot] 购买列表 - 书签: True, 神秘奖章: True, 装备: False, 狗粮: False
[2026-05-08 23:22:31] [INFO] [ShopBot] 刷新上限: 200, 天空石阈值: 0, 金币阈值: 0
[2026-05-08 23:23:09] [INFO] [ShopBot] 配置已加载 - 设备: 127.0.0.1:16384, 截图: ADB, 控制: ADB
[2026-05-08 23:23:09] [INFO] [ShopBot] 购买列表 - 书签: True, 神秘奖章: True, 装备: False, 狗粮: False
[2026-05-08 23:23:09] [INFO] [ShopBot] 刷新上限: 200, 天空石阈值: 0, 金币阈值: 0
[2026-05-08 23:23:36] [INFO] [ShopBot] 配置已加载 - 设备: 127.0.0.1:16384, 截图: ADB, 控制: ADB
[2026-05-08 23:23:36] [INFO] [ShopBot] 购买列表 - 书签: True, 神秘奖章: True, 装备: False, 狗粮: False
[2026-05-08 23:23:36] [INFO] [ShopBot] 刷新上限: 200, 天空石阈值: 0, 金币阈值: 0
[2026-05-08 23:24:41] [INFO] [ShopBot] 配置已加载 - 设备: 127.0.0.1:16384, 截图: ADB, 控制: ADB
[2026-05-08 23:24:41] [INFO] [ShopBot] 购买列表 - 书签: True, 神秘奖章: True, 装备: False, 狗粮: False
[2026-05-08 23:24:41] [INFO] [ShopBot] 刷新上限: 200, 天空石阈值: 0, 金币阈值: 0
[2026-05-08 23:26:57] [INFO] [ShopBot] 配置已加载 - 设备: 127.0.0.1:16384, 截图: ADB, 控制: ADB
[2026-05-08 23:26:57] [INFO] [ShopBot] 购买列表 - 书签: True, 神秘奖章: True, 装备: False, 狗粮: False
[2026-05-08 23:26:57] [INFO] [ShopBot] 刷新上限: 200, 天空石阈值: 0, 金币阈值: 0
[2026-05-08 23:30:05] [INFO] [ShopBot] 配置已加载 - 设备: 127.0.0.1:16384, 截图: ADB, 控制: ADB
[2026-05-08 23:30:05] [INFO] [ShopBot] 购买列表 - 书签: True, 神秘奖章: True, 装备: False, 狗粮: False
[2026-05-08 23:30:05] [INFO] [ShopBot] 刷新上限: 200, 天空石阈值: 0, 金币阈值: 0
[2026-05-08 23:30:05] [INFO] [ShopBot] 正在连接设备 127.0.0.1:16384（第 1/3 次）
[2026-05-08 23:30:05] [INFO] [ShopBot] 设备连接成功: 127.0.0.1:16384
[2026-05-08 23:30:05] [DEBUG] [ShopBot] 大厅检测: 导航顶部=178 内容区=197
[2026-05-08 23:30:05] [INFO] [ShopBot] 场景检测: 游戏大厅
[2026-05-08 23:30:05] [INFO] [ShopBot] 开始导航至秘密商店（超时 15.0s）
[2026-05-08 23:30:06] [DEBUG] [ShopBot] 大厅检测: 导航顶部=181 内容区=197
[2026-05-08 23:30:06] [INFO] [ShopBot] 场景检测: 游戏大厅
[2026-05-08 23:30:06] [INFO] [ShopBot] 从大厅点击左侧导航栏的秘密商店入口
[2026-05-08 23:30:06] [INFO] [ShopBot] 点击 (68, 321) @ SECRET_SHOP_ENTRANCE_BTN
[2026-05-08 23:30:08] [DEBUG] [ShopBot] 秘密商店检测: 导航顶部=51 导航中部=216 内容区=62
[2026-05-08 23:30:08] [INFO] [ShopBot] 场景检测: 秘密商店
[2026-05-08 23:30:08] [INFO] [ShopBot] 已到达秘密商店
[2026-05-08 23:30:08] [DEBUG] [ShopBot] 秘密商店检测: 导航顶部=51 导航中部=216 内容区=62
[2026-05-08 23:30:08] [INFO] [ShopBot] 场景检测: 秘密商店
[2026-05-08 23:30:54] [INFO] [ShopBot] 配置已加载 - 设备: 127.0.0.1:16384, 截图: ADB, 控制: ADB
[2026-05-08 23:30:54] [INFO] [ShopBot] 购买列表 - 书签: True, 神秘奖章: True, 装备: False, 狗粮: False
[2026-05-08 23:30:54] [INFO] [ShopBot] 刷新上限: 200, 天空石阈值: 0, 金币阈值: 0
[2026-05-08 23:34:09] [INFO] [ShopBot] 配置已加载 - 设备: 127.0.0.1:16384, 截图: ADB, 控制: ADB
[2026-05-08 23:34:09] [INFO] [ShopBot] 购买列表 - 书签: True, 神秘奖章: True, 装备: False, 狗粮: False
[2026-05-08 23:34:09] [INFO] [ShopBot] 刷新上限: 200, 天空石阈值: 0, 金币阈值: 0
[2026-05-08 23:34:09] [INFO] [ShopBot] 正在连接设备 127.0.0.1:16384（第 1/3 次）
[2026-05-08 23:34:09] [INFO] [ShopBot] 设备连接成功: 127.0.0.1:16384
[2026-05-08 23:36:43] [INFO] [ShopBot] 配置已加载 - 设备: 127.0.0.1:16384, 截图: ADB, 控制: ADB
[2026-05-08 23:36:43] [INFO] [ShopBot] 购买列表 - 书签: True, 神秘奖章: True, 装备: False, 狗粮: False
[2026-05-08 23:36:43] [INFO] [ShopBot] 刷新上限: 200, 天空石阈值: 0, 金币阈值: 0
[2026-05-08 23:36:43] [INFO] [ShopBot] 正在连接设备 127.0.0.1:16384（第 1/3 次）
[2026-05-08 23:36:43] [INFO] [ShopBot] 设备连接成功: 127.0.0.1:16384
[2026-05-08 23:41:06] [INFO] [ShopBot] 配置已加载 - 设备: 127.0.0.1:16384, 截图: ADB, 控制: ADB
[2026-05-08 23:41:06] [INFO] [ShopBot] 购买列表 - 书签: True, 神秘奖章: True, 装备: False, 狗粮: False
[2026-05-08 23:41:06] [INFO] [ShopBot] 刷新上限: 200, 天空石阈值: 0, 金币阈值: 0
[2026-05-08 23:41:06] [INFO] [ShopBot] 正在连接设备 127.0.0.1:16384（第 1/3 次）
[2026-05-08 23:41:06] [INFO] [ShopBot] 设备连接成功: 127.0.0.1:16384
[2026-05-08 23:41:06] [INFO] [ShopBot] 动态检测到 4 个物品行: [(80, 187), (238, 332), (383, 477), (528, 620)]
[2026-05-08 23:41:16] [WARNING] [ShopBot] OCR 价格识别失败 (800, 80, 950, 187): OCR 初始化失败 (No module named 'paddle'). 请确保 paddlepaddle 已安装: pip install paddlepaddle
[2026-05-08 23:41:16] [INFO] [ShopBot] 物品 0 (y=80-187, icon_x=260-330): unknown (置信度 0.35), 价格 0
[2026-05-08 23:41:16] [WARNING] [ShopBot] OCR 价格识别失败 (800, 238, 950, 332): OCR 初始化失败 (No module named 'paddle'). 请确保 paddlepaddle 已安装: pip install paddlepaddle
[2026-05-08 23:41:16] [INFO] [ShopBot] 物品 1 (y=238-332, icon_x=360-430): equipment (置信度 0.70), 价格 0
[2026-05-08 23:41:16] [WARNING] [ShopBot] OCR 价格识别失败 (800, 383, 950, 477): OCR 初始化失败 (No module named 'paddle'). 请确保 paddlepaddle 已安装: pip install paddlepaddle
[2026-05-08 23:41:16] [INFO] [ShopBot] 物品 2 (y=383-477, icon_x=210-280): unknown (置信度 0.35), 价格 0
[2026-05-08 23:41:16] [WARNING] [ShopBot] OCR 价格识别失败 (800, 528, 950, 620): OCR 初始化失败 (No module named 'paddle'). 请确保 paddlepaddle 已安装: pip install paddlepaddle
[2026-05-08 23:41:16] [INFO] [ShopBot] 物品 3 (y=528-620, icon_x=420-490): equipment (置信度 0.77), 价格 0
[2026-05-08 23:43:44] [INFO] [ShopBot] 配置已加载 - 设备: 127.0.0.1:16384, 截图: ADB, 控制: ADB
[2026-05-08 23:43:44] [INFO] [ShopBot] 购买列表 - 书签: True, 神秘奖章: True, 装备: False, 狗粮: False
[2026-05-08 23:43:44] [INFO] [ShopBot] 刷新上限: 200, 天空石阈值: 0, 金币阈值: 0
[2026-05-08 23:43:44] [INFO] [ShopBot] 正在连接设备 127.0.0.1:16384（第 1/3 次）
[2026-05-08 23:43:44] [INFO] [ShopBot] 设备连接成功: 127.0.0.1:16384
[2026-05-08 23:43:45] [INFO] [ShopBot] 动态检测到 4 个物品行: [(80, 187), (238, 332), (383, 477), (528, 620)]
[2026-05-08 23:43:49] [WARNING] [ShopBot] OCR 价格识别失败 (800, 80, 950, 187): OCR 初始化失败 (No module named 'paddle'). 请确保 paddlepaddle 已安装: pip install paddlepaddle
[2026-05-08 23:43:49] [INFO] [ShopBot] 物品 0 (y=80-187, icon_x=260-330): bookmark (置信度 0.72), 价格 0
[2026-05-08 23:43:49] [WARNING] [ShopBot] OCR 价格识别失败 (800, 238, 950, 332): OCR 初始化失败 (No module named 'paddle'). 请确保 paddlepaddle 已安装: pip install paddlepaddle
[2026-05-08 23:43:49] [INFO] [ShopBot] 物品 1 (y=238-332, icon_x=280-350): equipment (置信度 0.73), 价格 0
[2026-05-08 23:43:49] [WARNING] [ShopBot] OCR 价格识别失败 (800, 383, 950, 477): OCR 初始化失败 (No module named 'paddle'). 请确保 paddlepaddle 已安装: pip install paddlepaddle
[2026-05-08 23:43:49] [INFO] [ShopBot] 物品 2 (y=383-477, icon_x=390-460): equipment (置信度 0.73), 价格 0
[2026-05-08 23:43:49] [WARNING] [ShopBot] OCR 价格识别失败 (800, 528, 950, 620): OCR 初始化失败 (No module named 'paddle'). 请确保 paddlepaddle 已安装: pip install paddlepaddle
[2026-05-08 23:43:49] [INFO] [ShopBot] 物品 3 (y=528-620, icon_x=420-490): equipment (置信度 0.76), 价格 0
[2026-05-08 23:48:10] [INFO] [ShopBot] 配置已加载 - 设备: 127.0.0.1:16384, 截图: ADB, 控制: ADB
[2026-05-08 23:48:10] [INFO] [ShopBot] 购买列表 - 书签: True, 神秘奖章: True, 装备: False, 狗粮: False
[2026-05-08 23:48:10] [INFO] [ShopBot] 刷新上限: 200, 天空石阈值: 0, 金币阈值: 0
[2026-05-08 23:48:10] [INFO] [ShopBot] 正在连接设备 127.0.0.1:16384（第 1/3 次）
[2026-05-08 23:48:10] [INFO] [ShopBot] 设备连接成功: 127.0.0.1:16384
[2026-05-08 23:49:19] [INFO] [ShopBot] 配置已加载 - 设备: 127.0.0.1:16384, 截图: ADB, 控制: ADB
[2026-05-08 23:49:19] [INFO] [ShopBot] 购买列表 - 书签: True, 神秘奖章: True, 装备: False, 狗粮: False
[2026-05-08 23:49:19] [INFO] [ShopBot] 刷新上限: 200, 天空石阈值: 0, 金币阈值: 0
[2026-05-08 23:49:19] [INFO] [ShopBot] 正在连接设备 127.0.0.1:16384（第 1/3 次）
[2026-05-08 23:49:19] [INFO] [ShopBot] 设备连接成功: 127.0.0.1:16384
[2026-05-08 23:49:35] [INFO] [ShopBot] 配置已加载 - 设备: 127.0.0.1:16384, 截图: ADB, 控制: ADB
[2026-05-08 23:49:35] [INFO] [ShopBot] 购买列表 - 书签: True, 神秘奖章: True, 装备: False, 狗粮: False
[2026-05-08 23:49:35] [INFO] [ShopBot] 刷新上限: 200, 天空石阈值: 0, 金币阈值: 0
[2026-05-08 23:49:35] [INFO] [ShopBot] 正在连接设备 127.0.0.1:16384（第 1/3 次）
[2026-05-08 23:49:35] [INFO] [ShopBot] 设备连接成功: 127.0.0.1:16384
[2026-05-08 23:49:40] [DEBUG] [ShopBot] 秘密商店检测: 导航顶部=51 导航中部=205 内容区=54
[2026-05-08 23:49:40] [INFO] [ShopBot] 场景检测: 秘密商店
