[2026-05-21 21:51:23] [INFO] [ShopBot] 配置已加载 - 设备: 127.0.0.1:16384, 截图: ADB, 控制: ADB
[2026-05-21 21:51:23] [INFO] [ShopBot] 购买列表 - 书签: True, 神秘奖章: True, 装备: False, 狗粮: False
[2026-05-21 21:51:23] [INFO] [ShopBot] 刷新上限: 200, 天空石阈值: 0, 金币阈值: 0
[2026-05-21 21:51:23] [INFO] [ShopBot] 正在连接设备 127.0.0.1:16384（第 1/3 次）
[2026-05-21 21:51:25] [INFO] [ShopBot] 设备连接成功: 127.0.0.1:16384
[2026-05-21 21:51:32] [INFO] [ShopBot] 初始化 RapidOCR 引擎（首次加载约需数秒）...
[2026-05-21 21:51:32] [INFO] [ShopBot] RapidOCR 引擎就绪（耗时 0.3s）
[2026-05-21 21:52:07] [INFO] [ShopBot] 初始化 RapidOCR 引擎（首次加载约需数秒）...
[2026-05-21 21:52:07] [INFO] [ShopBot] RapidOCR 引擎就绪（耗时 0.3s）
[2026-05-21 21:53:10] [INFO] [ShopBot] 动态检测到 4 个物品行: [(80, 187), (238, 332), (385, 477), (529, 620)]
[2026-05-21 21:53:10] [INFO] [ShopBot] 初始化 RapidOCR 引擎（首次加载约需数秒）...
[2026-05-21 21:53:10] [INFO] [ShopBot] RapidOCR 引擎就绪（耗时 0.2s）
[2026-05-21 21:53:11] [DEBUG] [ShopBot] OCR 分类 '装备55灿烂精髓宝珠商人亚彼荷可购买1次' → equipment (conf=0.70)
[2026-05-21 21:53:11] [INFO] [ShopBot] 物品 0 (y=80-187): '装备55灿烂精髓宝珠商人亚彼荷可购买1次' → equipment (conf=0.70), 价格 240000, 货币 gold
[2026-05-21 21:53:12] [DEBUG] [ShopBot] OCR 分类 '85装备不屈的蜘蛛英妮萨可购买1次' → equipment (conf=0.70)
[2026-05-21 21:53:12] [INFO] [ShopBot] 物品 1 (y=238-332): '85装备不屈的蜘蛛英妮萨可购买1次' → equipment (conf=0.70), 价格 540000, 货币 gold
[2026-05-21 21:53:14] [INFO] [ShopBot] 物品 2 (y=385-477): '英雄守望狮鹫奈汉库伊可购买1次' → unknown (conf=0.10), 价格 29000, 货币 gold
[2026-05-21 21:53:15] [INFO] [ShopBot] 物品 3 (y=529-620): '英雄青苔陆龟可购买1次奈汉库伊' → unknown (conf=0.10), 价格 29000, 货币 gold
[2026-05-21 21:53:41] [INFO] [ShopBot] 动态检测到 5 个物品行: [(80, 187), (238, 332), (385, 477), (529, 622), (626, 705)]
[2026-05-21 21:53:41] [INFO] [ShopBot] 初始化 RapidOCR 引擎（首次加载约需数秒）...
[2026-05-21 21:53:41] [INFO] [ShopBot] RapidOCR 引擎就绪（耗时 0.3s）
[2026-05-21 21:53:42] [DEBUG] [ShopBot] OCR 分类 '装备55灿烂精髓宝珠商人亚彼荷可购买1次' → equipment (conf=0.70)
[2026-05-21 21:53:43] [INFO] [ShopBot] 物品 0 (y=80-187): '装备55灿烂精髓宝珠商人亚彼荷可购买1次' → equipment (conf=0.70), 价格 240000, 货币 gold
[2026-05-21 21:53:43] [DEBUG] [ShopBot] OCR 分类 '85装备不屈的蜘蛛英妮萨可购买1次' → equipment (conf=0.70)
[2026-05-21 21:53:44] [INFO] [ShopBot] 物品 1 (y=238-332): '85装备不屈的蜘蛛英妮萨可购买1次' → equipment (conf=0.70), 价格 540000, 货币 gold
[2026-05-21 21:53:45] [INFO] [ShopBot] 物品 2 (y=385-477): '英雄守望狮鹫奈汉库伊可购买1次' → unknown (conf=0.10), 价格 29000, 货币 gold
[2026-05-21 21:53:47] [INFO] [ShopBot] 物品 3 (y=529-622): '英雄青苔陆龟奈汉库伊可购买1次' → unknown (conf=0.10), 价格 29000, 货币 gold
[2026-05-21 21:53:47] [DEBUG] [ShopBot] OCR 分类 '70装备' → equipment (conf=0.70)
[2026-05-21 21:53:48] [INFO] [ShopBot] 物品 4 (y=626-705): '70装备' → equipment (conf=0.70), 价格 560000, 货币 gold
[2026-05-21 22:01:21] [INFO] [ShopBot] 配置已加载 - 设备: 127.0.0.1:16384, 截图: ADB, 控制: ADB
[2026-05-21 22:01:21] [INFO] [ShopBot] 购买列表 - 书签: True, 神秘奖章: True, 装备: False, 狗粮: False
[2026-05-21 22:01:21] [INFO] [ShopBot] 刷新上限: 200, 天空石阈值: 0, 金币阈值: 0
[2026-05-21 22:01:21] [INFO] [ShopBot] 正在连接设备 127.0.0.1:16384（第 1/3 次）
[2026-05-21 22:01:21] [INFO] [ShopBot] 设备连接成功: 127.0.0.1:16384
[2026-05-21 22:01:26] [INFO] [ShopBot] 动态检测到 5 个物品行: [(80, 144), (196, 289), (342, 434), (486, 579), (631, 705)]
[2026-05-21 22:01:26] [INFO] [ShopBot] 初始化 RapidOCR 引擎（首次加载约需数秒）...
[2026-05-21 22:01:26] [INFO] [ShopBot] RapidOCR 引擎就绪（耗时 0.3s）
[2026-05-21 22:01:28] [INFO] [ShopBot] 物品 0 (y=80-144): '野生安卡拉奈汉库伊可购买1次' → unknown (conf=0.00), 价格 0, 货币 gold
[2026-05-21 22:01:29] [DEBUG] [ShopBot] OCR 分类 '召唤誓约书签诺诺里可购买1次' → bookmark (conf=0.95)
[2026-05-21 22:01:29] [INFO] [ShopBot] 物品 1 (y=196-289): '召唤誓约书签诺诺里可购买1次' → bookmark (conf=0.95), 价格 184000, 货币 gold
[2026-05-21 22:01:31] [INFO] [ShopBot] 物品 2 (y=342-434): '英雄红玉奥拉奈汉库伊可购买1次' → unknown (conf=0.10), 价格 29000, 货币 gold
[2026-05-21 22:01:31] [DEBUG] [ShopBot] OCR 分类 '70装备泰拉重甲商人亚彼荷可购买1次' → equipment (conf=0.70)
[2026-05-21 22:01:32] [INFO] [ShopBot] 物品 3 (y=486-579): '70装备泰拉重甲商人亚彼荷可购买1次' → equipment (conf=0.70), 价格 380000, 货币 gold
[2026-05-21 22:01:33] [DEBUG] [ShopBot] OCR 分类 '55装备灿烂精髓王冠' → equipment (conf=0.70)
[2026-05-21 22:01:33] [INFO] [ShopBot] 物品 4 (y=631-705): '55装备灿烂精髓王冠' → equipment (conf=0.70), 价格 240000, 货币 gold
[2026-05-21 22:02:53] [INFO] [ShopBot] 开始识别完整货架
[2026-05-21 22:02:53] [INFO] [ShopBot] 动态检测到 5 个物品行: [(80, 144), (196, 289), (342, 434), (486, 579), (631, 705)]
[2026-05-21 22:02:53] [INFO] [ShopBot] 初始化 RapidOCR 引擎（首次加载约需数秒）...
[2026-05-21 22:02:53] [INFO] [ShopBot] RapidOCR 引擎就绪（耗时 0.3s）
[2026-05-21 22:02:55] [INFO] [ShopBot] 物品 0 (y=80-144): '野生安卡拉奈汉库伊可购买1次' → unknown (conf=0.00), 价格 0, 货币 gold
[2026-05-21 22:02:56] [DEBUG] [ShopBot] OCR 分类 '召唤誓约书签诺诺里可购买1次' → bookmark (conf=0.95)
[2026-05-21 22:02:56] [INFO] [ShopBot] 物品 1 (y=196-289): '召唤誓约书签诺诺里可购买1次' → bookmark (conf=0.95), 价格 184000, 货币 gold
[2026-05-21 22:02:58] [INFO] [ShopBot] 物品 2 (y=342-434): '英雄红玉奥拉奈汉库伊可购买1次' → unknown (conf=0.10), 价格 29000, 货币 gold
[2026-05-21 22:02:58] [DEBUG] [ShopBot] OCR 分类 '70装备泰拉重甲商人亚彼荷可购买1次' → equipment (conf=0.70)
[2026-05-21 22:02:59] [INFO] [ShopBot] 物品 3 (y=486-579): '70装备泰拉重甲商人亚彼荷可购买1次' → equipment (conf=0.70), 价格 380000, 货币 gold
[2026-05-21 22:02:59] [DEBUG] [ShopBot] OCR 分类 '55装备灿烂精髓王冠' → equipment (conf=0.70)
[2026-05-21 22:03:00] [INFO] [ShopBot] 物品 4 (y=631-705): '55装备灿烂精髓王冠' → equipment (conf=0.70), 价格 240000, 货币 gold
[2026-05-21 22:03:01] [INFO] [ShopBot] 已到达货架底部（第 1 次滑动后）
[2026-05-21 22:03:01] [INFO] [ShopBot] 货架识别完成，共 5 个物品
[2026-05-21 22:04:38] [INFO] [ShopBot] 配置已加载 - 设备: 127.0.0.1:16384, 截图: ADB, 控制: ADB
[2026-05-21 22:04:38] [INFO] [ShopBot] 购买列表 - 书签: True, 神秘奖章: True, 装备: False, 狗粮: False
[2026-05-21 22:04:38] [INFO] [ShopBot] 刷新上限: 200, 天空石阈值: 0, 金币阈值: 0
[2026-05-21 22:04:38] [INFO] [ShopBot] 正在连接设备 127.0.0.1:16384（第 1/3 次）
[2026-05-21 22:04:38] [INFO] [ShopBot] 设备连接成功: 127.0.0.1:16384
[2026-05-21 22:04:42] [INFO] [ShopBot] 动态检测到 4 个物品行: [(154, 259), (311, 405), (456, 550), (602, 705)]
[2026-05-21 22:04:42] [INFO] [ShopBot] 初始化 RapidOCR 引擎（首次加载约需数秒）...
[2026-05-21 22:04:43] [INFO] [ShopBot] RapidOCR 引擎就绪（耗时 0.2s）
[2026-05-21 22:04:44] [INFO] [ShopBot] 物品 0 (y=154-259): '英雄红玉奥拉奈汉库伊可购买1次' → unknown (conf=0.10), 价格 29000, 货币 gold
[2026-05-21 22:04:45] [DEBUG] [ShopBot] OCR 分类 '70装备泰拉重甲商人亚彼荷可购买1次' → equipment (conf=0.70)
[2026-05-21 22:04:46] [INFO] [ShopBot] 物品 1 (y=311-405): '70装备泰拉重甲商人亚彼荷可购买1次' → equipment (conf=0.70), 价格 380000, 货币 gold
[2026-05-21 22:04:46] [DEBUG] [ShopBot] OCR 分类 '55装备灿烂精髓王冠商人亚彼荷可购买1次' → equipment (conf=0.70)
[2026-05-21 22:04:46] [INFO] [ShopBot] 物品 2 (y=456-550): '55装备灿烂精髓王冠商人亚彼荷可购买1次' → equipment (conf=0.70), 价格 240000, 货币 gold
[2026-05-21 22:04:48] [INFO] [ShopBot] 物品 3 (y=602-705): '英雄大海种子奈汉库伊可购买1次' → unknown (conf=0.10), 价格 29000, 货币 gold
[2026-05-21 22:11:35] [INFO] [ShopBot] 配置已加载 - 设备: 127.0.0.1:16384, 截图: ADB, 控制: ADB
[2026-05-21 22:11:35] [INFO] [ShopBot] 购买列表 - 书签: True, 神秘奖章: True, 装备: False, 狗粮: False
[2026-05-21 22:11:35] [INFO] [ShopBot] 刷新上限: 200, 天空石阈值: 0, 金币阈值: 0
[2026-05-21 22:11:35] [INFO] [ShopBot] 正在连接设备 127.0.0.1:16384（第 1/3 次）
[2026-05-21 22:11:35] [INFO] [ShopBot] ShopBot 已启动
[2026-05-21 22:11:35] [INFO] [ShopBot] 设备连接成功: 127.0.0.1:16384
[2026-05-21 22:11:35] [INFO] [ShopBot] 开始导航至秘密商店（超时 30.0s）
[2026-05-21 22:11:36] [DEBUG] [ShopBot] 秘密商店检测: 导航顶部=51 导航中部=218 内容区=51
[2026-05-21 22:11:36] [INFO] [ShopBot] 场景检测: 秘密商店
[2026-05-21 22:11:36] [INFO] [ShopBot] 已到达秘密商店
[2026-05-21 22:11:36] [INFO] [ShopBot] ===== 第 1 轮 =====
[2026-05-21 22:11:36] [INFO] [ShopBot] 滑动到货架顶部...
[2026-05-21 22:11:36] [INFO] [ShopBot] 滑动 (640, 150) -> (640, 400), 时长 0.3s
[2026-05-21 22:11:37] [INFO] [ShopBot] 滑动 (640, 150) -> (640, 400), 时长 0.3s
[2026-05-21 22:11:37] [INFO] [ShopBot] 滑动 (640, 150) -> (640, 400), 时长 0.3s
[2026-05-21 22:11:39] [INFO] [ShopBot] 动态检测到 5 个物品行: [(80, 187), (244, 330), (385, 477), (529, 623), (630, 673)]
[2026-05-21 22:11:39] [INFO] [ShopBot] 初始化 RapidOCR 引擎（首次加载约需数秒）...
[2026-05-21 22:11:39] [INFO] [ShopBot] RapidOCR 引擎就绪（耗时 0.2s）
[2026-05-21 22:11:41] [INFO] [ShopBot] 物品 0 (y=80-187): '英雄野生安卡拉奈汉库伊可购买1次' → unknown (conf=0.10), 价格 29000, 货币 gold
[2026-05-21 22:11:42] [DEBUG] [ShopBot] OCR 分类 '召唤誓约书签诺诺里可购买1次' → bookmark (conf=0.95)
[2026-05-21 22:11:42] [DEBUG] [ShopBot] 物品已售罄 y=244-330: '0/1'
[2026-05-21 22:11:42] [INFO] [ShopBot] 物品 1 (y=244-330): '召唤誓约书签诺诺里可购买1次' → bookmark (conf=0.95), 价格 184000, 货币 gold, 已售罄
[2026-05-21 22:11:44] [INFO] [ShopBot] 物品 2 (y=385-477): '英雄红玉奥拉奈汉库伊可购买1次' → unknown (conf=0.10), 价格 29000, 货币 gold
[2026-05-21 22:11:45] [DEBUG] [ShopBot] OCR 分类 '70装备泰拉重甲商人亚彼荷可购买1次' → equipment (conf=0.70)
[2026-05-21 22:11:46] [INFO] [ShopBot] 物品 3 (y=529-623): '70装备泰拉重甲商人亚彼荷可购买1次' → equipment (conf=0.70), 价格 380000, 货币 gold
[2026-05-21 22:11:46] [INFO] [ShopBot] 物品 4 (y=630-673): '' → unknown (conf=0.00), 价格 0, 货币 gold
[2026-05-21 22:11:46] [INFO] [ShopBot] 跳过物品: unknown
[2026-05-21 22:11:46] [INFO] [ShopBot] 跳过已售罄物品: bookmark
[2026-05-21 22:11:46] [INFO] [ShopBot] 跳过物品: bookmark
[2026-05-21 22:11:46] [INFO] [ShopBot] 跳过物品: unknown
[2026-05-21 22:11:46] [INFO] [ShopBot] 跳过物品: equipment
[2026-05-21 22:11:46] [INFO] [ShopBot] 跳过物品: unknown
[2026-05-21 22:11:46] [INFO] [ShopBot] 货架处理完成，共购买 0 个物品
[2026-05-21 22:11:46] [INFO] [ShopBot] 第 0 次查看，购买 0 个物品
[2026-05-21 22:11:46] [INFO] [ShopBot] 滑动 (640, 400) -> (640, 150), 时长 0.3s
[2026-05-21 22:11:48] [INFO] [ShopBot] 动态检测到 4 个物品行: [(154, 259), (311, 405), (456, 550), (602, 705)]
[2026-05-21 22:11:50] [INFO] [ShopBot] 物品 0 (y=154-259): '英雄红玉奥拉奈汉库伊可购买1次' → unknown (conf=0.10), 价格 29000, 货币 gold
[2026-05-21 22:11:50] [DEBUG] [ShopBot] OCR 分类 '70装备泰拉重甲商人亚彼荷可购买1次' → equipment (conf=0.70)
[2026-05-21 22:11:51] [INFO] [ShopBot] 物品 1 (y=311-405): '70装备泰拉重甲商人亚彼荷可购买1次' → equipment (conf=0.70), 价格 380000, 货币 gold
[2026-05-21 22:11:51] [DEBUG] [ShopBot] OCR 分类 '55装备灿烂精髓王冠商人亚彼荷可购买1次' → equipment (conf=0.70)
[2026-05-21 22:11:52] [INFO] [ShopBot] 物品 2 (y=456-550): '55装备灿烂精髓王冠商人亚彼荷可购买1次' → equipment (conf=0.70), 价格 240000, 货币 gold
[2026-05-21 22:11:53] [INFO] [ShopBot] 物品 3 (y=602-705): '英雄大海种子奈汉库伊可购买1次' → unknown (conf=0.10), 价格 29000, 货币 gold
[2026-05-21 22:11:53] [INFO] [ShopBot] 跳过物品: unknown
[2026-05-21 22:11:53] [INFO] [ShopBot] 跳过物品: equipment
[2026-05-21 22:11:53] [INFO] [ShopBot] 跳过物品: equipment
[2026-05-21 22:11:53] [INFO] [ShopBot] 跳过物品: unknown
[2026-05-21 22:11:53] [INFO] [ShopBot] 货架处理完成，共购买 0 个物品
[2026-05-21 22:11:53] [INFO] [ShopBot] 第 1 次查看，购买 0 个物品
[2026-05-21 22:11:53] [INFO] [ShopBot] 滑动 (640, 400) -> (640, 150), 时长 0.3s
[2026-05-21 22:11:55] [INFO] [ShopBot] 已到达货架底部（第 2 次滑动后）
[2026-05-21 22:11:55] [INFO] [ShopBot] 寻找刷新按钮（第 1 次）
[2026-05-21 22:11:56] [WARNING] [ShopBot] 未找到刷新按钮（第 1 次）
[2026-05-21 22:11:57] [INFO] [ShopBot] 寻找刷新按钮（第 2 次）
[2026-05-21 22:11:57] [WARNING] [ShopBot] 未找到刷新按钮（第 2 次）
[2026-05-21 22:11:58] [ERROR] [ShopBot] 刷新失败，已重试 2 次
[2026-05-21 22:11:58] [ERROR] [ShopBot] 刷新货架失败，终止运行
[2026-05-21 22:11:58] [INFO] [ShopBot] ========== 运行统计 ==========
[2026-05-21 22:11:58] [INFO] [ShopBot] 总刷新次数: 0
[2026-05-21 22:11:58] [INFO] [ShopBot] 购买书签: 0
[2026-05-21 22:11:58] [INFO] [ShopBot] 购买神秘奖章: 0
[2026-05-21 22:11:58] [INFO] [ShopBot] 购买装备: 0
[2026-05-21 22:11:58] [INFO] [ShopBot] 天空石消耗: 0
[2026-05-21 22:11:58] [INFO] [ShopBot] 天空石余量: 0
[2026-05-21 22:11:58] [INFO] [ShopBot] ==============================
[2026-05-21 22:11:58] [INFO] [ShopBot] ShopBot 已停止
[2026-05-21 22:11:58] [INFO] [ShopBot] ShopBot 收到停止请求，将在当前循环结束后停止
[2026-05-21 22:12:46] [INFO] [ShopBot] 配置已加载 - 设备: 127.0.0.1:16384, 截图: ADB, 控制: ADB
[2026-05-21 22:12:46] [INFO] [ShopBot] 购买列表 - 书签: True, 神秘奖章: True, 装备: False, 狗粮: False
[2026-05-21 22:12:46] [INFO] [ShopBot] 刷新上限: 200, 天空石阈值: 0, 金币阈值: 0
[2026-05-21 22:12:46] [INFO] [ShopBot] 正在连接设备 127.0.0.1:16384（第 1/3 次）
[2026-05-21 22:12:46] [INFO] [ShopBot] ShopBot 已启动
[2026-05-21 22:12:46] [INFO] [ShopBot] 设备连接成功: 127.0.0.1:16384
[2026-05-21 22:12:46] [INFO] [ShopBot] 开始导航至秘密商店（超时 30.0s）
[2026-05-21 22:12:46] [DEBUG] [ShopBot] 秘密商店检测: 导航顶部=51 导航中部=205 内容区=63
[2026-05-21 22:12:46] [INFO] [ShopBot] 场景检测: 秘密商店
[2026-05-21 22:12:46] [INFO] [ShopBot] 已到达秘密商店
[2026-05-21 22:12:46] [INFO] [ShopBot] ===== 第 1 轮 =====
[2026-05-21 22:12:46] [INFO] [ShopBot] 滑动到货架顶部...
[2026-05-21 22:12:46] [INFO] [ShopBot] 滑动 (640, 150) -> (640, 400), 时长 0.3s
[2026-05-21 22:12:47] [INFO] [ShopBot] 滑动 (640, 150) -> (640, 400), 时长 0.3s
[2026-05-21 22:12:48] [INFO] [ShopBot] 滑动 (640, 150) -> (640, 400), 时长 0.3s
[2026-05-21 22:12:49] [INFO] [ShopBot] 动态检测到 4 个物品行: [(80, 187), (244, 331), (385, 477), (529, 658)]
[2026-05-21 22:12:49] [INFO] [ShopBot] 初始化 RapidOCR 引擎（首次加载约需数秒）...
[2026-05-21 22:12:49] [INFO] [ShopBot] RapidOCR 引擎就绪（耗时 0.2s）
[2026-05-21 22:12:51] [INFO] [ShopBot] 物品 0 (y=80-187): '英雄野生安卡拉奈汉库伊可购买1次' → unknown (conf=0.10), 价格 29000, 货币 gold
[2026-05-21 22:12:52] [DEBUG] [ShopBot] OCR 分类 '召唤誓约书签诺诺里可购买1次' → bookmark (conf=0.95)
[2026-05-21 22:12:53] [DEBUG] [ShopBot] 物品已售罄 y=244-331: '0/1'
[2026-05-21 22:12:53] [INFO] [ShopBot] 物品 1 (y=244-331): '召唤誓约书签诺诺里可购买1次' → bookmark (conf=0.95), 价格 184000, 货币 gold, 已售罄
[2026-05-21 22:12:54] [INFO] [ShopBot] 物品 2 (y=385-477): '英雄红玉奥拉奈汉库伊可购买1次' → unknown (conf=0.10), 价格 29000, 货币 gold
[2026-05-21 22:12:55] [DEBUG] [ShopBot] OCR 分类 '70装备泰拉重甲可购买1次商人亚彼荷' → equipment (conf=0.70)
[2026-05-21 22:12:56] [INFO] [ShopBot] 物品 3 (y=529-658): '70装备泰拉重甲可购买1次商人亚彼荷' → equipment (conf=0.70), 价格 380000, 货币 gold
[2026-05-21 22:12:56] [INFO] [ShopBot] 跳过物品: unknown
[2026-05-21 22:12:56] [INFO] [ShopBot] 跳过已售罄物品: bookmark
[2026-05-21 22:12:56] [INFO] [ShopBot] 跳过物品: bookmark
[2026-05-21 22:12:56] [INFO] [ShopBot] 跳过物品: unknown
[2026-05-21 22:12:56] [INFO] [ShopBot] 跳过物品: equipment
[2026-05-21 22:12:56] [INFO] [ShopBot] 货架处理完成，共购买 0 个物品
[2026-05-21 22:12:56] [INFO] [ShopBot] 第 0 次查看，购买 0 个物品
[2026-05-21 22:12:56] [INFO] [ShopBot] 滑动 (640, 400) -> (640, 150), 时长 0.3s
[2026-05-21 22:12:58] [INFO] [ShopBot] 动态检测到 4 个物品行: [(154, 259), (311, 405), (456, 550), (602, 705)]
[2026-05-21 22:12:59] [INFO] [ShopBot] 物品 0 (y=154-259): '英雄红玉奥拉奈汉库伊可购买1次' → unknown (conf=0.10), 价格 29000, 货币 gold
[2026-05-21 22:13:00] [DEBUG] [ShopBot] OCR 分类 '70装备泰拉重甲商人亚彼荷可购买1次' → equipment (conf=0.70)
[2026-05-21 22:13:01] [INFO] [ShopBot] 物品 1 (y=311-405): '70装备泰拉重甲商人亚彼荷可购买1次' → equipment (conf=0.70), 价格 380000, 货币 gold
[2026-05-21 22:13:01] [DEBUG] [ShopBot] OCR 分类 '55装备灿烂精髓王冠商人亚彼荷可购买1次' → equipment (conf=0.70)
[2026-05-21 22:13:02] [INFO] [ShopBot] 物品 2 (y=456-550): '55装备灿烂精髓王冠商人亚彼荷可购买1次' → equipment (conf=0.70), 价格 240000, 货币 gold
[2026-05-21 22:13:03] [INFO] [ShopBot] 物品 3 (y=602-705): '英雄大海种子奈汉库伊可购买1次' → unknown (conf=0.10), 价格 29000, 货币 gold
[2026-05-21 22:13:03] [INFO] [ShopBot] 跳过物品: unknown
[2026-05-21 22:13:03] [INFO] [ShopBot] 跳过物品: equipment
[2026-05-21 22:13:03] [INFO] [ShopBot] 跳过物品: equipment
[2026-05-21 22:13:03] [INFO] [ShopBot] 跳过物品: unknown
[2026-05-21 22:13:03] [INFO] [ShopBot] 货架处理完成，共购买 0 个物品
[2026-05-21 22:13:03] [INFO] [ShopBot] 第 1 次查看，购买 0 个物品
[2026-05-21 22:13:03] [INFO] [ShopBot] 滑动 (640, 400) -> (640, 150), 时长 0.3s
[2026-05-21 22:13:04] [INFO] [ShopBot] 已到达货架底部（第 2 次滑动后）
[2026-05-21 22:13:04] [INFO] [ShopBot] 寻找刷新按钮（第 1 次）
[2026-05-21 22:13:06] [WARNING] [ShopBot] 未找到刷新按钮（第 1 次）
[2026-05-21 22:13:07] [INFO] [ShopBot] 寻找刷新按钮（第 2 次）
[2026-05-21 22:13:08] [WARNING] [ShopBot] 未找到刷新按钮（第 2 次）
[2026-05-21 22:13:09] [ERROR] [ShopBot] 刷新失败，已重试 2 次
[2026-05-21 22:13:09] [ERROR] [ShopBot] 刷新货架失败，终止运行
[2026-05-21 22:13:09] [INFO] [ShopBot] ========== 运行统计 ==========
[2026-05-21 22:13:09] [INFO] [ShopBot] 总刷新次数: 0
[2026-05-21 22:13:09] [INFO] [ShopBot] 购买书签: 0
[2026-05-21 22:13:09] [INFO] [ShopBot] 购买神秘奖章: 0
[2026-05-21 22:13:09] [INFO] [ShopBot] 购买装备: 0
[2026-05-21 22:13:09] [INFO] [ShopBot] 天空石消耗: 0
[2026-05-21 22:13:09] [INFO] [ShopBot] 天空石余量: 0
[2026-05-21 22:13:09] [INFO] [ShopBot] ==============================
[2026-05-21 22:13:09] [INFO] [ShopBot] ShopBot 已停止
[2026-05-21 22:13:09] [INFO] [ShopBot] ShopBot 收到停止请求，将在当前循环结束后停止
[2026-05-21 22:13:23] [INFO] [ShopBot] 配置已加载 - 设备: 127.0.0.1:16384, 截图: ADB, 控制: ADB
[2026-05-21 22:13:23] [INFO] [ShopBot] 购买列表 - 书签: True, 神秘奖章: True, 装备: False, 狗粮: False
[2026-05-21 22:13:23] [INFO] [ShopBot] 刷新上限: 200, 天空石阈值: 0, 金币阈值: 0
[2026-05-21 22:13:23] [INFO] [ShopBot] 正在连接设备 127.0.0.1:16384（第 1/3 次）
[2026-05-21 22:13:23] [INFO] [ShopBot] 设备连接成功: 127.0.0.1:16384
[2026-05-21 22:13:23] [INFO] [ShopBot] 初始化 RapidOCR 引擎（首次加载约需数秒）...
[2026-05-21 22:13:24] [INFO] [ShopBot] RapidOCR 引擎就绪（耗时 0.3s）
[2026-05-21 22:16:31] [INFO] [ShopBot] 配置已加载 - 设备: 127.0.0.1:16384, 截图: ADB, 控制: ADB
[2026-05-21 22:16:31] [INFO] [ShopBot] 购买列表 - 书签: True, 神秘奖章: True, 装备: False, 狗粮: False
[2026-05-21 22:16:31] [INFO] [ShopBot] 刷新上限: 200, 天空石阈值: 0, 金币阈值: 0
[2026-05-21 22:16:31] [INFO] [ShopBot] 正在连接设备 127.0.0.1:16384（第 1/3 次）
[2026-05-21 22:16:31] [INFO] [ShopBot] 设备连接成功: 127.0.0.1:16384
[2026-05-21 22:16:31] [INFO] [ShopBot] 开始导航至秘密商店（超时 30.0s）
[2026-05-21 22:16:31] [DEBUG] [ShopBot] 秘密商店检测: 导航顶部=51 导航中部=213 内容区=57
[2026-05-21 22:16:31] [INFO] [ShopBot] 场景检测: 秘密商店
[2026-05-21 22:16:31] [INFO] [ShopBot] 已到达秘密商店
[2026-05-21 22:16:31] [INFO] [ShopBot] 初始化 RapidOCR 引擎（首次加载约需数秒）...
[2026-05-21 22:16:32] [INFO] [ShopBot] RapidOCR 引擎就绪（耗时 0.5s）
[2026-05-21 22:16:52] [INFO] [ShopBot] 配置已加载 - 设备: 127.0.0.1:16384, 截图: ADB, 控制: ADB
[2026-05-21 22:16:52] [INFO] [ShopBot] 购买列表 - 书签: True, 神秘奖章: True, 装备: False, 狗粮: False
[2026-05-21 22:16:52] [INFO] [ShopBot] 刷新上限: 200, 天空石阈值: 0, 金币阈值: 0
[2026-05-21 22:16:52] [INFO] [ShopBot] 正在连接设备 127.0.0.1:16384（第 1/3 次）
[2026-05-21 22:16:52] [INFO] [ShopBot] 设备连接成功: 127.0.0.1:16384
[2026-05-21 22:16:52] [INFO] [ShopBot] 开始导航至秘密商店（超时 30.0s）
[2026-05-21 22:16:52] [DEBUG] [ShopBot] 秘密商店检测: 导航顶部=51 导航中部=212 内容区=63
[2026-05-21 22:16:52] [INFO] [ShopBot] 场景检测: 秘密商店
[2026-05-21 22:16:52] [INFO] [ShopBot] 已到达秘密商店
[2026-05-21 22:16:53] [INFO] [ShopBot] 初始化 RapidOCR 引擎（首次加载约需数秒）...
[2026-05-21 22:16:53] [INFO] [ShopBot] RapidOCR 引擎就绪（耗时 0.4s）
[2026-05-21 22:17:02] [INFO] [ShopBot] 配置已加载 - 设备: 127.0.0.1:16384, 截图: ADB, 控制: ADB
[2026-05-21 22:17:02] [INFO] [ShopBot] 购买列表 - 书签: True, 神秘奖章: True, 装备: False, 狗粮: False
[2026-05-21 22:17:02] [INFO] [ShopBot] 刷新上限: 200, 天空石阈值: 0, 金币阈值: 0
[2026-05-21 22:17:02] [INFO] [ShopBot] 正在连接设备 127.0.0.1:16384（第 1/3 次）
[2026-05-21 22:17:02] [INFO] [ShopBot] 设备连接成功: 127.0.0.1:16384
[2026-05-21 22:17:02] [INFO] [ShopBot] 开始导航至秘密商店（超时 30.0s）
[2026-05-21 22:17:03] [DEBUG] [ShopBot] 秘密商店检测: 导航顶部=51 导航中部=205 内容区=56
[2026-05-21 22:17:03] [INFO] [ShopBot] 场景检测: 秘密商店
[2026-05-21 22:17:03] [INFO] [ShopBot] 已到达秘密商店
[2026-05-21 22:17:03] [INFO] [ShopBot] 初始化 RapidOCR 引擎（首次加载约需数秒）...
[2026-05-21 22:17:04] [INFO] [ShopBot] RapidOCR 引擎就绪（耗时 0.4s）
[2026-05-21 22:17:53] [INFO] [ShopBot] 配置已加载 - 设备: 127.0.0.1:16384, 截图: ADB, 控制: ADB
[2026-05-21 22:17:53] [INFO] [ShopBot] 购买列表 - 书签: True, 神秘奖章: True, 装备: False, 狗粮: False
[2026-05-21 22:17:53] [INFO] [ShopBot] 刷新上限: 200, 天空石阈值: 0, 金币阈值: 0
[2026-05-21 22:17:53] [INFO] [ShopBot] 正在连接设备 127.0.0.1:16384（第 1/3 次）
[2026-05-21 22:17:53] [INFO] [ShopBot] 设备连接成功: 127.0.0.1:16384
[2026-05-21 22:17:53] [INFO] [ShopBot] 开始导航至秘密商店（超时 30.0s）
[2026-05-21 22:17:53] [DEBUG] [ShopBot] 秘密商店检测: 导航顶部=51 导航中部=213 内容区=56
[2026-05-21 22:17:53] [INFO] [ShopBot] 场景检测: 秘密商店
[2026-05-21 22:17:53] [INFO] [ShopBot] 已到达秘密商店
[2026-05-21 22:17:54] [INFO] [ShopBot] 初始化 RapidOCR 引擎（首次加载约需数秒）...
[2026-05-21 22:17:54] [INFO] [ShopBot] RapidOCR 引擎就绪（耗时 0.4s）
[2026-05-21 22:18:22] [INFO] [ShopBot] 配置已加载 - 设备: 127.0.0.1:16384, 截图: ADB, 控制: ADB
[2026-05-21 22:18:22] [INFO] [ShopBot] 购买列表 - 书签: True, 神秘奖章: True, 装备: False, 狗粮: False
[2026-05-21 22:18:22] [INFO] [ShopBot] 刷新上限: 200, 天空石阈值: 0, 金币阈值: 0
[2026-05-21 22:18:22] [INFO] [ShopBot] 正在连接设备 127.0.0.1:16384（第 1/3 次）
[2026-05-21 22:18:22] [INFO] [ShopBot] 设备连接成功: 127.0.0.1:16384
[2026-05-21 22:18:22] [INFO] [ShopBot] 开始导航至秘密商店（超时 30.0s）
[2026-05-21 22:18:22] [DEBUG] [ShopBot] 秘密商店检测: 导航顶部=51 导航中部=218 内容区=57
[2026-05-21 22:18:22] [INFO] [ShopBot] 场景检测: 秘密商店
[2026-05-21 22:18:22] [INFO] [ShopBot] 已到达秘密商店
[2026-05-21 22:18:22] [INFO] [ShopBot] 初始化 RapidOCR 引擎（首次加载约需数秒）...
[2026-05-21 22:18:23] [INFO] [ShopBot] RapidOCR 引擎就绪（耗时 0.4s）
[2026-05-21 22:18:46] [INFO] [ShopBot] 配置已加载 - 设备: 127.0.0.1:16384, 截图: ADB, 控制: ADB
[2026-05-21 22:18:46] [INFO] [ShopBot] 购买列表 - 书签: True, 神秘奖章: True, 装备: False, 狗粮: False
[2026-05-21 22:18:46] [INFO] [ShopBot] 刷新上限: 200, 天空石阈值: 0, 金币阈值: 0
[2026-05-21 22:18:46] [INFO] [ShopBot] 正在连接设备 127.0.0.1:16384（第 1/3 次）
[2026-05-21 22:18:46] [INFO] [ShopBot] 设备连接成功: 127.0.0.1:16384
[2026-05-21 22:18:46] [INFO] [ShopBot] 开始导航至秘密商店（超时 30.0s）
[2026-05-21 22:18:47] [DEBUG] [ShopBot] 秘密商店检测: 导航顶部=51 导航中部=217 内容区=56
[2026-05-21 22:18:47] [INFO] [ShopBot] 场景检测: 秘密商店
[2026-05-21 22:18:47] [INFO] [ShopBot] 已到达秘密商店
[2026-05-21 22:18:47] [INFO] [ShopBot] 初始化 RapidOCR 引擎（首次加载约需数秒）...
[2026-05-21 22:18:48] [INFO] [ShopBot] RapidOCR 引擎就绪（耗时 0.4s）
[2026-05-21 22:18:57] [INFO] [ShopBot] 配置已加载 - 设备: 127.0.0.1:16384, 截图: ADB, 控制: ADB
[2026-05-21 22:18:57] [INFO] [ShopBot] 购买列表 - 书签: True, 神秘奖章: True, 装备: False, 狗粮: False
[2026-05-21 22:18:57] [INFO] [ShopBot] 刷新上限: 200, 天空石阈值: 0, 金币阈值: 0
[2026-05-21 22:18:57] [INFO] [ShopBot] 正在连接设备 127.0.0.1:16384（第 1/3 次）
[2026-05-21 22:18:57] [INFO] [ShopBot] 设备连接成功: 127.0.0.1:16384
[2026-05-21 22:18:57] [INFO] [ShopBot] 开始导航至秘密商店（超时 30.0s）
[2026-05-21 22:18:58] [DEBUG] [ShopBot] 秘密商店检测: 导航顶部=51 导航中部=216 内容区=56
[2026-05-21 22:18:58] [INFO] [ShopBot] 场景检测: 秘密商店
[2026-05-21 22:18:58] [INFO] [ShopBot] 已到达秘密商店
[2026-05-21 22:18:58] [INFO] [ShopBot] 寻找刷新按钮（第 1 次）
[2026-05-21 22:18:58] [INFO] [ShopBot] 初始化 RapidOCR 引擎（首次加载约需数秒）...
[2026-05-21 22:18:59] [INFO] [ShopBot] RapidOCR 引擎就绪（耗时 0.3s）
[2026-05-21 22:19:00] [WARNING] [ShopBot] 未找到刷新按钮（第 1 次）
[2026-05-21 22:19:00] [INFO] [ShopBot] 错误截图已保存: D:\software\7th\7th\screenshots\error\refresh_fail_1_20260521_221900.png
[2026-05-21 22:19:00] [WARNING] [ShopBot]   [诊断] 底部文字: [('3', '1.00'), ('立即更新', '1.00')]
[2026-05-21 22:19:01] [INFO] [ShopBot] 寻找刷新按钮（第 2 次）
[2026-05-21 22:19:02] [WARNING] [ShopBot] 未找到刷新按钮（第 2 次）
[2026-05-21 22:19:02] [INFO] [ShopBot] 错误截图已保存: D:\software\7th\7th\screenshots\error\refresh_fail_2_20260521_221902.png
[2026-05-21 22:19:03] [WARNING] [ShopBot]   [诊断] 底部文字: [('3', '1.00'), ('立即更新', '1.00')]
[2026-05-21 22:19:04] [ERROR] [ShopBot] 刷新失败，已重试 2 次
[2026-05-21 22:19:04] [INFO] [ShopBot] 寻找刷新按钮（第 1 次）
[2026-05-21 22:19:05] [WARNING] [ShopBot] 未找到刷新按钮（第 1 次）
[2026-05-21 22:19:05] [INFO] [ShopBot] 错误截图已保存: D:\software\7th\7th\screenshots\error\refresh_fail_1_20260521_221905.png
[2026-05-21 22:19:06] [WARNING] [ShopBot]   [诊断] 底部文字: [('3', '1.00'), ('立即更新', '1.00')]
[2026-05-21 22:19:07] [INFO] [ShopBot] 寻找刷新按钮（第 2 次）
[2026-05-21 22:19:08] [WARNING] [ShopBot] 未找到刷新按钮（第 2 次）
[2026-05-21 22:19:08] [INFO] [ShopBot] 错误截图已保存: D:\software\7th\7th\screenshots\error\refresh_fail_2_20260521_221908.png
[2026-05-21 22:19:08] [WARNING] [ShopBot]   [诊断] 底部文字: [('3', '1.00'), ('立即更新', '1.00')]
[2026-05-21 22:19:09] [ERROR] [ShopBot] 刷新失败，已重试 2 次
[2026-05-21 22:19:16] [INFO] [ShopBot] 初始化 RapidOCR 引擎（首次加载约需数秒）...
[2026-05-21 22:19:16] [INFO] [ShopBot] RapidOCR 引擎就绪（耗时 0.4s）
[2026-05-21 22:19:43] [INFO] [ShopBot] 配置已加载 - 设备: 127.0.0.1:16384, 截图: ADB, 控制: ADB
[2026-05-21 22:19:43] [INFO] [ShopBot] 购买列表 - 书签: True, 神秘奖章: True, 装备: False, 狗粮: False
[2026-05-21 22:19:43] [INFO] [ShopBot] 刷新上限: 200, 天空石阈值: 0, 金币阈值: 0
[2026-05-21 22:19:43] [INFO] [ShopBot] 正在连接设备 127.0.0.1:16384（第 1/3 次）
[2026-05-21 22:19:43] [INFO] [ShopBot] 设备连接成功: 127.0.0.1:16384
[2026-05-21 22:19:43] [INFO] [ShopBot] 开始导航至秘密商店（超时 30.0s）
[2026-05-21 22:19:43] [DEBUG] [ShopBot] 秘密商店检测: 导航顶部=51 导航中部=209 内容区=57
[2026-05-21 22:19:43] [INFO] [ShopBot] 场景检测: 秘密商店
[2026-05-21 22:19:43] [INFO] [ShopBot] 已到达秘密商店
[2026-05-21 22:19:43] [INFO] [ShopBot] 寻找刷新按钮（第 1 次）
[2026-05-21 22:19:44] [INFO] [ShopBot] 初始化 RapidOCR 引擎（首次加载约需数秒）...
[2026-05-21 22:19:44] [INFO] [ShopBot] RapidOCR 引擎就绪（耗时 0.4s）
[2026-05-21 22:19:45] [DEBUG] [ShopBot] 找到刷新按钮 '立即更新' 在 (268, 659)
[2026-05-21 22:19:45] [INFO] [ShopBot] 点击刷新按钮 (268, 659)
[2026-05-21 22:19:45] [INFO] [ShopBot] 点击坐标 (268, 659)
[2026-05-21 22:19:47] [INFO] [ShopBot] 检测到刷新确认弹窗，点击确认 (748, 460)
[2026-05-21 22:19:47] [INFO] [ShopBot] 点击坐标 (748, 460)
[2026-05-21 22:19:48] [INFO] [ShopBot] 等待货架加载...
[2026-05-21 22:20:06] [INFO] [ShopBot] 配置已加载 - 设备: 127.0.0.1:16384, 截图: ADB, 控制: ADB
[2026-05-21 22:20:06] [INFO] [ShopBot] 购买列表 - 书签: True, 神秘奖章: True, 装备: False, 狗粮: False
[2026-05-21 22:20:06] [INFO] [ShopBot] 刷新上限: 200, 天空石阈值: 0, 金币阈值: 0
[2026-05-21 22:20:06] [INFO] [ShopBot] 正在连接设备 127.0.0.1:16384（第 1/3 次）
[2026-05-21 22:20:06] [INFO] [ShopBot] 设备连接成功: 127.0.0.1:16384
[2026-05-21 22:20:06] [INFO] [ShopBot] 开始导航至秘密商店（超时 30.0s）
[2026-05-21 22:20:07] [DEBUG] [ShopBot] 秘密商店检测: 导航顶部=51 导航中部=210 内容区=54
[2026-05-21 22:20:07] [INFO] [ShopBot] 场景检测: 秘密商店
[2026-05-21 22:20:07] [INFO] [ShopBot] 已到达秘密商店
[2026-05-21 22:20:07] [INFO] [ShopBot] 滑动到货架顶部...
[2026-05-21 22:20:07] [INFO] [ShopBot] 滑动 (640, 150) -> (640, 400), 时长 0.3s
[2026-05-21 22:20:08] [INFO] [ShopBot] 滑动 (640, 150) -> (640, 400), 时长 0.3s
[2026-05-21 22:20:08] [INFO] [ShopBot] 滑动 (640, 150) -> (640, 400), 时长 0.3s
[2026-05-21 22:20:10] [INFO] [ShopBot] 动态检测到 5 个物品行: [(80, 187), (240, 332), (385, 477), (530, 622), (647, 705)]
[2026-05-21 22:20:10] [INFO] [ShopBot] 初始化 RapidOCR 引擎（首次加载约需数秒）...
[2026-05-21 22:20:10] [INFO] [ShopBot] RapidOCR 引擎就绪（耗时 0.4s）
[2026-05-21 22:20:12] [DEBUG] [ShopBot] OCR 分类 '装备55毒脚爪项链妮萨可购买1次' → equipment (conf=0.70)
[2026-05-21 22:20:13] [INFO] [ShopBot] 物品 0 (y=80-187): '装备55毒脚爪项链妮萨可购买1次' → equipment (conf=0.70), 价格 360000, 货币 gold
[2026-05-21 22:20:14] [DEBUG] [ShopBot] OCR 分类 '英雄冷血剑兵奈汉库伊可购买1次' → equipment (conf=0.65)
[2026-05-21 22:20:15] [INFO] [ShopBot] 物品 1 (y=240-332): '英雄冷血剑兵奈汉库伊可购买1次' → equipment (conf=0.65), 价格 29000, 货币 gold
[2026-05-21 22:20:17] [INFO] [ShopBot] 物品 2 (y=385-477): '英雄受苦的龙族士奈汉库伊可购买1次' → unknown (conf=0.10), 价格 29000, 货币 gold
[2026-05-21 22:20:18] [INFO] [ShopBot] 物品 3 (y=530-622): '英雄冰霜鲍特可购买1次奈汉库伊' → unknown (conf=0.10), 价格 29000, 货币 gold
[2026-05-21 22:20:20] [DEBUG] [ShopBot] OCR 分类 '70装备' → equipment (conf=0.70)
[2026-05-21 22:20:21] [INFO] [ShopBot] 物品 4 (y=647-705): '70装备' → equipment (conf=0.70), 价格 750000, 货币 gold
[2026-05-21 22:20:21] [INFO] [ShopBot] 跳过物品: equipment
[2026-05-21 22:20:21] [INFO] [ShopBot] 跳过物品: equipment
[2026-05-21 22:20:21] [INFO] [ShopBot] 跳过物品: unknown
[2026-05-21 22:20:21] [INFO] [ShopBot] 跳过物品: unknown
[2026-05-21 22:20:21] [INFO] [ShopBot] 跳过物品: equipment
[2026-05-21 22:20:21] [INFO] [ShopBot] 货架处理完成，共购买 0 个物品
[2026-05-21 22:20:21] [INFO] [ShopBot] 第 0 次查看，购买 0 个物品
[2026-05-21 22:20:21] [INFO] [ShopBot] 滑动 (640, 400) -> (640, 150), 时长 0.3s
[2026-05-21 22:20:23] [INFO] [ShopBot] 动态检测到 4 个物品行: [(154, 263), (316, 408), (460, 554), (605, 699)]
[2026-05-21 22:20:26] [INFO] [ShopBot] 物品 0 (y=154-263): '英雄受苦的龙族士奈汉库伊可购买1次' → unknown (conf=0.10), 价格 29000, 货币 gold
[2026-05-21 22:20:27] [INFO] [ShopBot] 物品 1 (y=316-408): '英雄冰霜鲍特奈汉库伊可购买1次' → unknown (conf=0.10), 价格 29000, 货币 gold
[2026-05-21 22:20:28] [DEBUG] [ShopBot] OCR 分类 '70装备冰霜脚爪项链妮萨可购买1次' → equipment (conf=0.70)
[2026-05-21 22:20:29] [INFO] [ShopBot] 物品 2 (y=460-554): '70装备冰霜脚爪项链妮萨可购买1次' → equipment (conf=0.70), 价格 750000, 货币 gold
[2026-05-21 22:20:30] [DEBUG] [ShopBot] OCR 分类 '85装备不屈的蜘蛛英商人亚彼荷可购买1次' → equipment (conf=0.70)
[2026-05-21 22:20:30] [INFO] [ShopBot] 物品 3 (y=605-699): '85装备不屈的蜘蛛英商人亚彼荷可购买1次' → equipment (conf=0.70), 价格 810000, 货币 gold
[2026-05-21 22:20:30] [INFO] [ShopBot] 跳过物品: unknown
[2026-05-21 22:20:30] [INFO] [ShopBot] 跳过物品: unknown
[2026-05-21 22:20:30] [INFO] [ShopBot] 跳过物品: equipment
[2026-05-21 22:20:30] [INFO] [ShopBot] 跳过物品: equipment
[2026-05-21 22:20:30] [INFO] [ShopBot] 货架处理完成，共购买 0 个物品
[2026-05-21 22:20:30] [INFO] [ShopBot] 第 1 次查看，购买 0 个物品
[2026-05-21 22:20:30] [INFO] [ShopBot] 滑动 (640, 400) -> (640, 150), 时长 0.3s
[2026-05-21 22:20:32] [INFO] [ShopBot] 动态检测到 4 个物品行: [(154, 259), (313, 405), (456, 550), (601, 705)]
[2026-05-21 22:20:35] [INFO] [ShopBot] 物品 0 (y=154-259): '英雄受苦的龙族士：奈汉库伊可购买1次' → unknown (conf=0.10), 价格 29000, 货币 gold
[2026-05-21 22:20:36] [INFO] [ShopBot] 物品 1 (y=313-405): '英雄冰霜鲍特奈汉库伊可购买1次' → unknown (conf=0.10), 价格 29000, 货币 gold
[2026-05-21 22:20:37] [DEBUG] [ShopBot] OCR 分类 '70装备冰霜脚爪项链妮萨可购买1次' → equipment (conf=0.70)
[2026-05-21 22:20:37] [INFO] [ShopBot] 物品 2 (y=456-550): '70装备冰霜脚爪项链妮萨可购买1次' → equipment (conf=0.70), 价格 750000, 货币 gold
[2026-05-21 22:20:38] [DEBUG] [ShopBot] OCR 分类 '85装备不屈的蜘蛛英商人亚彼荷可购买1次' → equipment (conf=0.70)
[2026-05-21 22:20:39] [INFO] [ShopBot] 物品 3 (y=601-705): '85装备不屈的蜘蛛英商人亚彼荷可购买1次' → equipment (conf=0.70), 价格 810000, 货币 gold
[2026-05-21 22:20:39] [INFO] [ShopBot] 跳过物品: unknown
[2026-05-21 22:20:39] [INFO] [ShopBot] 跳过物品: unknown
[2026-05-21 22:20:39] [INFO] [ShopBot] 跳过物品: equipment
[2026-05-21 22:20:39] [INFO] [ShopBot] 跳过物品: equipment
[2026-05-21 22:20:39] [INFO] [ShopBot] 货架处理完成，共购买 0 个物品
[2026-05-21 22:20:39] [INFO] [ShopBot] 第 2 次查看，购买 0 个物品
[2026-05-21 22:20:39] [INFO] [ShopBot] 滑动 (640, 400) -> (640, 150), 时长 0.3s
[2026-05-21 22:20:41] [INFO] [ShopBot] 已到达货架底部（第 3 次滑动后）
[2026-05-21 22:20:41] [INFO] [ShopBot] 寻找刷新按钮（第 1 次）
[2026-05-21 22:20:42] [DEBUG] [ShopBot] 找到刷新按钮 '立即更新' 在 (268, 659)
[2026-05-21 22:20:42] [INFO] [ShopBot] 点击刷新按钮 (268, 659)
[2026-05-21 22:20:42] [INFO] [ShopBot] 点击坐标 (268, 659)
[2026-05-21 22:20:44] [INFO] [ShopBot] 检测到刷新确认弹窗，点击确认 (748, 460)
[2026-05-21 22:20:44] [INFO] [ShopBot] 点击坐标 (748, 460)
[2026-05-21 22:20:44] [INFO] [ShopBot] 等待货架加载...
[2026-05-21 22:20:46] [INFO] [ShopBot] 滑动到货架顶部...
[2026-05-21 22:20:46] [INFO] [ShopBot] 滑动 (640, 150) -> (640, 400), 时长 0.3s
[2026-05-21 22:20:47] [INFO] [ShopBot] 滑动 (640, 150) -> (640, 400), 时长 0.3s
[2026-05-21 22:20:48] [INFO] [ShopBot] 滑动 (640, 150) -> (640, 400), 时长 0.3s
[2026-05-21 22:20:50] [INFO] [ShopBot] 动态检测到 5 个物品行: [(80, 187), (239, 332), (384, 477), (530, 622), (647, 705)]
[2026-05-21 22:20:51] [INFO] [ShopBot] 物品 0 (y=80-187): '英雄守望狮勢奈汉库伊可购买1次' → unknown (conf=0.10), 价格 29000, 货币 gold
[2026-05-21 22:20:52] [DEBUG] [ShopBot] OCR 分类 '70装备蜘蛛君主的头商人亚彼荷可购买1次' → equipment (conf=0.70)
[2026-05-21 22:20:53] [INFO] [ShopBot] 物品 1 (y=239-332): '70装备蜘蛛君主的头商人亚彼荷可购买1次' → equipment (conf=0.70), 价格 380000, 货币 gold
[2026-05-21 22:20:54] [DEBUG] [ShopBot] OCR 分类 '70装备魔力龙兽靴子商人亚彼荷可购买1次' → equipment (conf=0.70)
[2026-05-21 22:20:54] [INFO] [ShopBot] 物品 2 (y=384-477): '70装备魔力龙兽靴子商人亚彼荷可购买1次' → equipment (conf=0.70), 价格 560000, 货币 gold
[2026-05-21 22:20:56] [INFO] [ShopBot] 物品 3 (y=530-622): '英雄寒气碎片可购买1次奈汉库伊' → unknown (conf=0.10), 价格 29000, 货币 gold
[2026-05-21 22:20:57] [DEBUG] [ShopBot] OCR 分类 '70装备' → equipment (conf=0.70)
[2026-05-21 22:20:58] [INFO] [ShopBot] 物品 4 (y=647-705): '70装备' → equipment (conf=0.70), 价格 750000, 货币 gold
[2026-05-21 22:20:58] [INFO] [ShopBot] 跳过物品: unknown
[2026-05-21 22:20:58] [INFO] [ShopBot] 跳过物品: equipment
[2026-05-21 22:20:58] [INFO] [ShopBot] 跳过物品: equipment
[2026-05-21 22:20:58] [INFO] [ShopBot] 跳过物品: unknown
[2026-05-21 22:20:58] [INFO] [ShopBot] 跳过物品: equipment
[2026-05-21 22:20:58] [INFO] [ShopBot] 货架处理完成，共购买 0 个物品
[2026-05-21 22:20:58] [INFO] [ShopBot] 第 0 次查看，购买 0 个物品
[2026-05-21 22:20:58] [INFO] [ShopBot] 滑动 (640, 400) -> (640, 150), 时长 0.3s
[2026-05-21 22:21:00] [INFO] [ShopBot] 动态检测到 4 个物品行: [(154, 265), (318, 410), (462, 556), (598, 705)]
[2026-05-21 22:21:01] [DEBUG] [ShopBot] OCR 分类 '70装备魔力龙兽靴子商人亚彼荷可购买1次' → equipment (conf=0.70)
[2026-05-21 22:21:02] [INFO] [ShopBot] 物品 0 (y=154-265): '70装备魔力龙兽靴子商人亚彼荷可购买1次' → equipment (conf=0.70), 价格 560000, 货币 gold
[2026-05-21 22:21:03] [INFO] [ShopBot] 物品 1 (y=318-410): '英雄寒气碎片奈汉库伊可购买1次' → unknown (conf=0.10), 价格 29000, 货币 gold
[2026-05-21 22:21:04] [DEBUG] [ShopBot] OCR 分类 '70装备不详的恶魔项妮萨可购买1次' → equipment (conf=0.70)
[2026-05-21 22:21:05] [INFO] [ShopBot] 物品 2 (y=462-556): '70装备不详的恶魔项妮萨可购买1次' → equipment (conf=0.70), 价格 750000, 货币 gold
[2026-05-21 22:21:05] [DEBUG] [ShopBot] OCR 分类 '55装备精巧的恶魔靴商人亚彼荷可购买1次' → equipment (conf=0.70)
[2026-05-21 22:21:06] [INFO] [ShopBot] 物品 3 (y=598-705): '55装备精巧的恶魔靴商人亚彼荷可购买1次' → equipment (conf=0.70), 价格 240000, 货币 gold
[2026-05-21 22:21:06] [INFO] [ShopBot] 跳过物品: equipment
[2026-05-21 22:21:06] [INFO] [ShopBot] 跳过物品: unknown
[2026-05-21 22:21:06] [INFO] [ShopBot] 跳过物品: equipment
[2026-05-21 22:21:06] [INFO] [ShopBot] 跳过物品: equipment
[2026-05-21 22:21:06] [INFO] [ShopBot] 货架处理完成，共购买 0 个物品
[2026-05-21 22:21:06] [INFO] [ShopBot] 第 1 次查看，购买 0 个物品
[2026-05-21 22:21:06] [INFO] [ShopBot] 滑动 (640, 400) -> (640, 150), 时长 0.3s
[2026-05-21 22:21:08] [INFO] [ShopBot] 动态检测到 4 个物品行: [(154, 260), (313, 405), (456, 550), (601, 705)]
[2026-05-21 22:21:09] [DEBUG] [ShopBot] OCR 分类 '70装备魔力龙兽靴子商人亚彼荷可购买1次' → equipment (conf=0.70)
[2026-05-21 22:21:10] [INFO] [ShopBot] 物品 0 (y=154-260): '70装备魔力龙兽靴子商人亚彼荷可购买1次' → equipment (conf=0.70), 价格 560000, 货币 gold
[2026-05-21 22:21:11] [INFO] [ShopBot] 物品 1 (y=313-405): '英雄寒气碎片奈汉库伊可购买1次' → unknown (conf=0.10), 价格 29000, 货币 gold
[2026-05-21 22:21:12] [DEBUG] [ShopBot] OCR 分类 '70装备不详的恶魔项妮萨可购买1次' → equipment (conf=0.70)
[2026-05-21 22:21:12] [INFO] [ShopBot] 物品 2 (y=456-550): '70装备不详的恶魔项妮萨可购买1次' → equipment (conf=0.70), 价格 750000, 货币 gold
[2026-05-21 22:21:13] [DEBUG] [ShopBot] OCR 分类 '55装备精巧的恶魔靴商人亚彼荷可购买1次' → equipment (conf=0.70)
[2026-05-21 22:21:14] [INFO] [ShopBot] 物品 3 (y=601-705): '55装备精巧的恶魔靴商人亚彼荷可购买1次' → equipment (conf=0.70), 价格 240000, 货币 gold
[2026-05-21 22:21:14] [INFO] [ShopBot] 跳过物品: equipment
[2026-05-21 22:21:14] [INFO] [ShopBot] 跳过物品: unknown
[2026-05-21 22:21:14] [INFO] [ShopBot] 跳过物品: equipment
[2026-05-21 22:21:14] [INFO] [ShopBot] 跳过物品: equipment
[2026-05-21 22:21:14] [INFO] [ShopBot] 货架处理完成，共购买 0 个物品
[2026-05-21 22:21:14] [INFO] [ShopBot] 第 2 次查看，购买 0 个物品
[2026-05-21 22:21:14] [INFO] [ShopBot] 滑动 (640, 400) -> (640, 150), 时长 0.3s
[2026-05-21 22:21:15] [INFO] [ShopBot] 已到达货架底部（第 3 次滑动后）
[2026-05-21 22:21:15] [INFO] [ShopBot] ========== 运行统计 ==========
[2026-05-21 22:21:15] [INFO] [ShopBot] 总刷新次数: 1
[2026-05-21 22:21:15] [INFO] [ShopBot] 购买书签: 0
[2026-05-21 22:21:15] [INFO] [ShopBot] 购买神秘奖章: 0
[2026-05-21 22:21:15] [INFO] [ShopBot] 购买装备: 0
[2026-05-21 22:21:15] [INFO] [ShopBot] 天空石消耗: 3
[2026-05-21 22:21:15] [INFO] [ShopBot] 天空石余量: 0
[2026-05-21 22:21:15] [INFO] [ShopBot] ==============================
[2026-05-21 22:25:42] [INFO] [ShopBot] 配置已加载 - 设备: 127.0.0.1:16384, 截图: ADB, 控制: ADB
[2026-05-21 22:25:42] [INFO] [ShopBot] 购买列表 - 书签: True, 神秘奖章: True, 装备: False, 狗粮: False
[2026-05-21 22:25:42] [INFO] [ShopBot] 刷新上限: 200, 天空石阈值: 0, 金币阈值: 0
[2026-05-21 22:25:42] [INFO] [ShopBot] 正在连接设备 127.0.0.1:16384（第 1/3 次）
[2026-05-21 22:25:42] [INFO] [ShopBot] 设备连接成功: 127.0.0.1:16384
[2026-05-21 22:25:42] [INFO] [ShopBot] 开始导航至秘密商店（超时 30.0s）
[2026-05-21 22:25:42] [DEBUG] [ShopBot] 秘密商店检测: 导航顶部=51 导航中部=217 内容区=58
[2026-05-21 22:25:42] [INFO] [ShopBot] 场景检测: 秘密商店
[2026-05-21 22:25:42] [INFO] [ShopBot] 已到达秘密商店
[2026-05-21 22:25:42] [INFO] [ShopBot] 动态检测到 4 个物品行: [(154, 260), (313, 405), (456, 550), (601, 705)]
[2026-05-21 22:25:43] [INFO] [ShopBot] 初始化 RapidOCR 引擎（首次加载约需数秒）...
[2026-05-21 22:25:43] [INFO] [ShopBot] RapidOCR 引擎就绪（耗时 0.4s）
[2026-05-21 22:25:44] [DEBUG] [ShopBot] OCR 分类 '70装备魔力龙兽靴子商人亚彼荷可购买1次' → equipment (conf=0.70)
[2026-05-21 22:25:46] [INFO] [ShopBot] 物品 0 (y=154-260): '70装备魔力龙兽靴子商人亚彼荷可购买1次' → equipment (conf=0.70), 价格 560000, 货币 gold, 购买按钮 @ (1192, 234)
[2026-05-21 22:25:49] [INFO] [ShopBot] 物品 1 (y=313-405): '英雄寒气碎片奈汉库伊可购买1次' → unknown (conf=0.10), 价格 29000, 货币 gold, 购买按钮 @ (1192, 379)
[2026-05-21 22:25:50] [DEBUG] [ShopBot] OCR 分类 '70装备不详的恶魔项妮萨可购买1次' → equipment (conf=0.70)
[2026-05-21 22:25:52] [INFO] [ShopBot] 物品 2 (y=456-550): '70装备不详的恶魔项妮萨可购买1次' → equipment (conf=0.70), 价格 750000, 货币 gold, 购买按钮 @ (1192, 524)
[2026-05-21 22:25:53] [DEBUG] [ShopBot] OCR 分类 '55装备精巧的恶魔靴商人亚彼荷可购买1次' → equipment (conf=0.70)
[2026-05-21 22:25:54] [INFO] [ShopBot] 物品 3 (y=601-705): '55装备精巧的恶魔靴商人亚彼荷可购买1次' → equipment (conf=0.70), 价格 240000, 货币 gold, 购买按钮 @ (1192, 669)
[2026-05-21 22:25:54] [INFO] [ShopBot] 动态检测到 4 个物品行: [(154, 260), (313, 405), (456, 550), (601, 705)]
[2026-05-21 22:25:54] [DEBUG] [ShopBot] OCR 分类 '70装备魔力龙兽靴子商人亚彼荷可购买1次' → equipment (conf=0.70)
[2026-05-21 22:25:55] [INFO] [ShopBot] 物品 0 (y=154-260): '70装备魔力龙兽靴子商人亚彼荷可购买1次' → equipment (conf=0.70), 价格 560000, 货币 gold, 购买按钮 @ (1192, 234)
[2026-05-21 22:25:57] [INFO] [ShopBot] 物品 1 (y=313-405): '英雄寒气碎片奈汉库伊可购买1次' → unknown (conf=0.10), 价格 29000, 货币 gold, 购买按钮 @ (1192, 379)
[2026-05-21 22:25:57] [DEBUG] [ShopBot] OCR 分类 '70装备不详的恶魔项妮萨可购买1次' → equipment (conf=0.70)
[2026-05-21 22:25:58] [INFO] [ShopBot] 物品 2 (y=456-550): '70装备不详的恶魔项妮萨可购买1次' → equipment (conf=0.70), 价格 750000, 货币 gold, 购买按钮 @ (1192, 524)
[2026-05-21 22:25:59] [DEBUG] [ShopBot] OCR 分类 '55装备精巧的恶魔靴商人亚彼荷可购买1次' → equipment (conf=0.70)
[2026-05-21 22:25:59] [INFO] [ShopBot] 物品 3 (y=601-705): '55装备精巧的恶魔靴商人亚彼荷可购买1次' → equipment (conf=0.70), 价格 240000, 货币 gold, 购买按钮 @ (1192, 669)
[2026-05-21 22:25:59] [INFO] [ShopBot] 跳过物品: equipment
[2026-05-21 22:25:59] [INFO] [ShopBot] 跳过物品: unknown
[2026-05-21 22:25:59] [INFO] [ShopBot] 跳过物品: equipment
[2026-05-21 22:25:59] [INFO] [ShopBot] 跳过物品: equipment
[2026-05-21 22:25:59] [INFO] [ShopBot] 货架处理完成，共购买 0 个物品
[2026-05-21 22:25:59] [INFO] [ShopBot] 第 0 次查看，购买 0 个物品
[2026-05-21 22:25:59] [INFO] [ShopBot] 滑动 (640, 400) -> (640, 150), 时长 0.3s
[2026-05-21 22:26:02] [INFO] [ShopBot] 动态检测到 4 个物品行: [(154, 260), (313, 405), (456, 550), (601, 705)]
[2026-05-21 22:26:02] [DEBUG] [ShopBot] OCR 分类 '70装备魔力龙兽靴子商人亚彼荷可购买1次' → equipment (conf=0.70)
[2026-05-21 22:26:03] [INFO] [ShopBot] 物品 0 (y=154-260): '70装备魔力龙兽靴子商人亚彼荷可购买1次' → equipment (conf=0.70), 价格 560000, 货币 gold, 购买按钮 @ (1192, 234)
[2026-05-21 22:26:05] [INFO] [ShopBot] 物品 1 (y=313-405): '英雄寒气碎片奈汉库伊可购买1次' → unknown (conf=0.10), 价格 29000, 货币 gold, 购买按钮 @ (1192, 379)
[2026-05-21 22:26:05] [DEBUG] [ShopBot] OCR 分类 '70装备不详的恶魔项妮萨可购买1次' → equipment (conf=0.70)
[2026-05-21 22:26:06] [INFO] [ShopBot] 物品 2 (y=456-550): '70装备不详的恶魔项妮萨可购买1次' → equipment (conf=0.70), 价格 750000, 货币 gold, 购买按钮 @ (1192, 524)
[2026-05-21 22:26:07] [DEBUG] [ShopBot] OCR 分类 '55装备精巧的恶魔靴商人亚彼荷可购买1次' → equipment (conf=0.70)
[2026-05-21 22:26:08] [INFO] [ShopBot] 物品 3 (y=601-705): '55装备精巧的恶魔靴商人亚彼荷可购买1次' → equipment (conf=0.70), 价格 240000, 货币 gold, 购买按钮 @ (1192, 669)
[2026-05-21 22:26:08] [INFO] [ShopBot] 已到达货架底部（第 1 次滑动后，识别结果无变化）
[2026-05-21 22:26:08] [INFO] [ShopBot] 寻找刷新按钮（第 1 次）
[2026-05-21 22:26:09] [DEBUG] [ShopBot] 找到刷新按钮 '立即更新' 在 (268, 659)
[2026-05-21 22:26:09] [INFO] [ShopBot] 点击刷新按钮 (268, 659)
[2026-05-21 22:26:09] [INFO] [ShopBot] 点击坐标 (268, 659)
[2026-05-21 22:26:10] [INFO] [ShopBot] 检测到刷新确认弹窗，点击确认 (748, 459)
[2026-05-21 22:26:10] [INFO] [ShopBot] 点击坐标 (748, 459)
[2026-05-21 22:26:11] [INFO] [ShopBot] 等待货架加载...
[2026-05-21 22:26:13] [INFO] [ShopBot] 动态检测到 5 个物品行: [(80, 187), (238, 332), (385, 477), (528, 622), (634, 705)]
[2026-05-21 22:26:16] [INFO] [ShopBot] 物品 0 (y=80-187): '英雄卡洛斯冲锋兵奈汉库伊可购买1次' → unknown (conf=0.10), 价格 29000, 货币 gold, 购买按钮 @ (1192, 161)
[2026-05-21 22:26:16] [DEBUG] [ShopBot] OCR 分类 '70装备魔力龙兽骨刃商人亚彼荷可购买1次' → equipment (conf=0.70)
[2026-05-21 22:26:17] [INFO] [ShopBot] 物品 1 (y=238-332): '70装备魔力龙兽骨刃商人亚彼荷可购买1次' → equipment (conf=0.70), 价格 560000, 货币 gold, 购买按钮 @ (1192, 306)
[2026-05-21 22:26:19] [INFO] [ShopBot] 物品 2 (y=385-477): '英雄侦察兵拉宾奈汉库伊可购买1次' → unknown (conf=0.10), 价格 29000, 货币 gold, 购买按钮 @ (1192, 451)
[2026-05-21 22:26:20] [INFO] [ShopBot] 物品 3 (y=528-622): '货币友情点数诺诺里可购买1次50' → unknown (conf=0.10), 价格 18000, 货币 gold, 购买按钮 @ (1192, 596)
[2026-05-21 22:26:21] [DEBUG] [ShopBot] OCR 分类 '装备55' → equipment (conf=0.70)
[2026-05-21 22:26:23] [INFO] [ShopBot] 物品 4 (y=634-705): '装备55' → equipment (conf=0.70), 价格 240000, 货币 gold
[2026-05-21 22:46:53] [INFO] [ShopBot] 配置已加载 - 设备: 127.0.0.1:16384, 截图: ADB, 控制: ADB
[2026-05-21 22:46:53] [INFO] [ShopBot] 购买列表 - 书签: True, 神秘奖章: True, 装备: False, 狗粮: False
[2026-05-21 22:46:53] [INFO] [ShopBot] 刷新上限: 200, 天空石阈值: 0, 金币阈值: 0
[2026-05-21 22:46:53] [INFO] [ShopBot] 正在连接设备 127.0.0.1:16384（第 1/3 次）
[2026-05-21 22:46:53] [INFO] [ShopBot] 设备连接成功: 127.0.0.1:16384
[2026-05-21 22:46:53] [INFO] [ShopBot] 开始导航至秘密商店（超时 30.0s）
[2026-05-21 22:46:54] [DEBUG] [ShopBot] 秘密商店检测: 导航顶部=51 导航中部=213 内容区=64
[2026-05-21 22:46:54] [INFO] [ShopBot] 场景检测: 秘密商店
[2026-05-21 22:46:54] [INFO] [ShopBot] 已到达秘密商店
[2026-05-21 22:46:54] [INFO] [ShopBot] 动态检测到 4 个物品行: [(154, 259), (311, 405), (456, 550), (601, 695)]
[2026-05-21 22:46:54] [INFO] [ShopBot] 初始化 RapidOCR 引擎（首次加载约需数秒）...
[2026-05-21 22:46:55] [INFO] [ShopBot] RapidOCR 引擎就绪（耗时 0.4s）
[2026-05-21 22:46:58] [INFO] [ShopBot] 物品 0 (y=154-259): '英雄岩穴狮鹫奈汉库伊可购买1次' → unknown (conf=0.10), 价格 29000, 货币 gold, 购买按钮 @ (1192, 234)
[2026-05-21 22:46:59] [DEBUG] [ShopBot] OCR 分类 '召唤誓约书签诺诺里5可购买1次' → bookmark (conf=0.95)
[2026-05-21 22:47:00] [INFO] [ShopBot] 物品 1 (y=311-405): '召唤誓约书签诺诺里5可购买1次' → bookmark (conf=0.95), 价格 184000, 货币 gold, 购买按钮 @ (1192, 379)
[2026-05-21 22:47:01] [DEBUG] [ShopBot] OCR 分类 '85装备地狱破灭精髓商人亚彼荷可购买1次' → equipment (conf=0.70)
[2026-05-21 22:47:02] [INFO] [ShopBot] 物品 2 (y=456-550): '85装备地狱破灭精髓商人亚彼荷可购买1次' → equipment (conf=0.70), 价格 540000, 货币 gold, 购买按钮 @ (1192, 524)
[2026-05-21 22:47:02] [DEBUG] [ShopBot] OCR 分类 '70装备蜘蛛君主的胸商人亚彼荷可购买1次' → equipment (conf=0.70)
[2026-05-21 22:47:03] [INFO] [ShopBot] 物品 3 (y=601-695): '70装备蜘蛛君主的胸商人亚彼荷可购买1次' → equipment (conf=0.70), 价格 560000, 货币 gold, 购买按钮 @ (1192, 669)
[2026-05-21 22:47:03] [INFO] [ShopBot] 跳过物品: unknown
[2026-05-21 22:47:03] [INFO] [ShopBot] 开始购买: bookmark, 价格: 184000
[2026-05-21 22:47:03] [INFO] [ShopBot] 点击购买按钮 @ (1192, 379)
[2026-05-21 22:47:03] [INFO] [ShopBot] 点击坐标 (1192, 379)
[2026-05-21 22:47:06] [WARNING] [ShopBot] 确认弹窗未出现，重试点击: bookmark
[2026-05-21 22:47:06] [INFO] [ShopBot] 点击坐标 (1192, 379)
[2026-05-21 22:47:09] [DEBUG] [ShopBot] 找到按钮 '取消' 在 (481, 524)
[2026-05-21 22:47:09] [WARNING] [ShopBot] 购买失败 - bookmark: 确认弹窗未出现
[2026-05-21 22:47:09] [INFO] [ShopBot] 购买结果 - bookmark: 失败 (确认弹窗未出现)
[2026-05-21 22:47:10] [INFO] [ShopBot] 跳过物品: equipment
[2026-05-21 22:47:10] [INFO] [ShopBot] 跳过物品: equipment
[2026-05-21 22:47:10] [INFO] [ShopBot] 货架处理完成，共购买 1 个物品
[2026-05-21 22:47:42] [INFO] [ShopBot] 配置已加载 - 设备: 127.0.0.1:16384, 截图: ADB, 控制: ADB
[2026-05-21 22:47:42] [INFO] [ShopBot] 购买列表 - 书签: True, 神秘奖章: True, 装备: False, 狗粮: False
[2026-05-21 22:47:42] [INFO] [ShopBot] 刷新上限: 200, 天空石阈值: 0, 金币阈值: 0
[2026-05-21 22:47:42] [INFO] [ShopBot] 正在连接设备 127.0.0.1:16384（第 1/3 次）
[2026-05-21 22:47:42] [INFO] [ShopBot] 设备连接成功: 127.0.0.1:16384
[2026-05-21 22:47:42] [INFO] [ShopBot] 开始导航至秘密商店（超时 30.0s）
[2026-05-21 22:47:42] [DEBUG] [ShopBot] 秘密商店检测: 导航顶部=10 导航中部=19 内容区=37
[2026-05-21 22:47:42] [DEBUG] [ShopBot] 大厅检测: 导航顶部=10 内容区=37
[2026-05-21 22:47:42] [WARNING] [ShopBot] 场景检测: 未知界面
[2026-05-21 22:47:42] [WARNING] [ShopBot] 界面无法识别且无弹窗，等待后重试
[2026-05-21 22:47:44] [DEBUG] [ShopBot] 秘密商店检测: 导航顶部=10 导航中部=19 内容区=37
[2026-05-21 22:47:44] [DEBUG] [ShopBot] 大厅检测: 导航顶部=10 内容区=37
[2026-05-21 22:47:44] [WARNING] [ShopBot] 场景检测: 未知界面
[2026-05-21 22:47:44] [WARNING] [ShopBot] 界面无法识别且无弹窗，等待后重试
[2026-05-21 22:47:46] [DEBUG] [ShopBot] 秘密商店检测: 导航顶部=10 导航中部=19 内容区=37
[2026-05-21 22:47:46] [DEBUG] [ShopBot] 大厅检测: 导航顶部=10 内容区=37
[2026-05-21 22:47:46] [WARNING] [ShopBot] 场景检测: 未知界面
[2026-05-21 22:47:46] [WARNING] [ShopBot] 界面无法识别且无弹窗，等待后重试
[2026-05-21 22:47:48] [DEBUG] [ShopBot] 秘密商店检测: 导航顶部=10 导航中部=19 内容区=37
[2026-05-21 22:47:48] [DEBUG] [ShopBot] 大厅检测: 导航顶部=10 内容区=37
[2026-05-21 22:47:48] [WARNING] [ShopBot] 场景检测: 未知界面
[2026-05-21 22:47:48] [WARNING] [ShopBot] 界面无法识别且无弹窗，等待后重试
[2026-05-21 22:47:50] [DEBUG] [ShopBot] 秘密商店检测: 导航顶部=10 导航中部=19 内容区=37
[2026-05-21 22:47:50] [DEBUG] [ShopBot] 大厅检测: 导航顶部=10 内容区=37
[2026-05-21 22:47:50] [WARNING] [ShopBot] 场景检测: 未知界面
[2026-05-21 22:47:50] [WARNING] [ShopBot] 界面无法识别且无弹窗，等待后重试
[2026-05-21 22:47:51] [DEBUG] [ShopBot] 秘密商店检测: 导航顶部=10 导航中部=19 内容区=37
[2026-05-21 22:47:51] [DEBUG] [ShopBot] 大厅检测: 导航顶部=10 内容区=37
[2026-05-21 22:47:51] [WARNING] [ShopBot] 场景检测: 未知界面
[2026-05-21 22:47:52] [WARNING] [ShopBot] 界面无法识别且无弹窗，等待后重试
[2026-05-21 22:47:53] [DEBUG] [ShopBot] 秘密商店检测: 导航顶部=10 导航中部=18 内容区=37
[2026-05-21 22:47:53] [DEBUG] [ShopBot] 大厅检测: 导航顶部=10 内容区=37
[2026-05-21 22:47:53] [WARNING] [ShopBot] 场景检测: 未知界面
[2026-05-21 22:47:54] [WARNING] [ShopBot] 界面无法识别且无弹窗，等待后重试
[2026-05-21 22:47:55] [DEBUG] [ShopBot] 秘密商店检测: 导航顶部=10 导航中部=19 内容区=37
[2026-05-21 22:47:55] [DEBUG] [ShopBot] 大厅检测: 导航顶部=10 内容区=37
[2026-05-21 22:47:55] [WARNING] [ShopBot] 场景检测: 未知界面
[2026-05-21 22:47:55] [WARNING] [ShopBot] 界面无法识别且无弹窗，等待后重试
[2026-05-21 22:47:57] [DEBUG] [ShopBot] 秘密商店检测: 导航顶部=10 导航中部=19 内容区=37
[2026-05-21 22:47:57] [DEBUG] [ShopBot] 大厅检测: 导航顶部=10 内容区=37
[2026-05-21 22:47:57] [WARNING] [ShopBot] 场景检测: 未知界面
[2026-05-21 22:47:57] [WARNING] [ShopBot] 界面无法识别且无弹窗，等待后重试
[2026-05-21 22:47:59] [DEBUG] [ShopBot] 秘密商店检测: 导航顶部=10 导航中部=19 内容区=37
[2026-05-21 22:47:59] [DEBUG] [ShopBot] 大厅检测: 导航顶部=10 内容区=37
[2026-05-21 22:47:59] [WARNING] [ShopBot] 场景检测: 未知界面
[2026-05-21 22:47:59] [WARNING] [ShopBot] 界面无法识别且无弹窗，等待后重试
[2026-05-21 22:48:01] [DEBUG] [ShopBot] 秘密商店检测: 导航顶部=10 导航中部=19 内容区=37
[2026-05-21 22:48:01] [DEBUG] [ShopBot] 大厅检测: 导航顶部=10 内容区=37
[2026-05-21 22:48:01] [WARNING] [ShopBot] 场景检测: 未知界面
[2026-05-21 22:48:01] [WARNING] [ShopBot] 界面无法识别且无弹窗，等待后重试
[2026-05-21 22:48:03] [DEBUG] [ShopBot] 秘密商店检测: 导航顶部=10 导航中部=19 内容区=37
[2026-05-21 22:48:03] [DEBUG] [ShopBot] 大厅检测: 导航顶部=10 内容区=37
[2026-05-21 22:48:03] [WARNING] [ShopBot] 场景检测: 未知界面
[2026-05-21 22:48:03] [WARNING] [ShopBot] 界面无法识别且无弹窗，等待后重试
[2026-05-21 22:48:05] [DEBUG] [ShopBot] 秘密商店检测: 导航顶部=10 导航中部=19 内容区=37
[2026-05-21 22:48:05] [DEBUG] [ShopBot] 大厅检测: 导航顶部=10 内容区=37
[2026-05-21 22:48:05] [WARNING] [ShopBot] 场景检测: 未知界面
[2026-05-21 22:48:05] [WARNING] [ShopBot] 界面无法识别且无弹窗，等待后重试
[2026-05-21 22:48:06] [DEBUG] [ShopBot] 秘密商店检测: 导航顶部=10 导航中部=19 内容区=37
[2026-05-21 22:48:06] [DEBUG] [ShopBot] 大厅检测: 导航顶部=10 内容区=37
[2026-05-21 22:48:06] [WARNING] [ShopBot] 场景检测: 未知界面
[2026-05-21 22:48:07] [WARNING] [ShopBot] 界面无法识别且无弹窗，等待后重试
[2026-05-21 22:48:08] [DEBUG] [ShopBot] 秘密商店检测: 导航顶部=10 导航中部=19 内容区=37
[2026-05-21 22:48:08] [DEBUG] [ShopBot] 大厅检测: 导航顶部=10 内容区=37
[2026-05-21 22:48:08] [WARNING] [ShopBot] 场景检测: 未知界面
[2026-05-21 22:48:08] [WARNING] [ShopBot] 界面无法识别且无弹窗，等待后重试
[2026-05-21 22:48:10] [DEBUG] [ShopBot] 秘密商店检测: 导航顶部=10 导航中部=19 内容区=37
[2026-05-21 22:48:10] [DEBUG] [ShopBot] 大厅检测: 导航顶部=10 内容区=37
[2026-05-21 22:48:10] [WARNING] [ShopBot] 场景检测: 未知界面
[2026-05-21 22:48:10] [WARNING] [ShopBot] 界面无法识别且无弹窗，等待后重试
[2026-05-21 22:48:12] [DEBUG] [ShopBot] 秘密商店检测: 导航顶部=10 导航中部=19 内容区=37
[2026-05-21 22:48:12] [DEBUG] [ShopBot] 大厅检测: 导航顶部=10 内容区=37
[2026-05-21 22:48:12] [WARNING] [ShopBot] 场景检测: 未知界面
[2026-05-21 22:48:12] [WARNING] [ShopBot] 界面无法识别且无弹窗，等待后重试
[2026-05-21 22:48:14] [ERROR] [ShopBot] 导航超时（30.0s），未能到达秘密商店
[2026-05-21 22:48:14] [INFO] [ShopBot] 动态检测到 2 个物品行: [(317, 378), (493, 539)]
[2026-05-21 22:48:14] [INFO] [ShopBot] 初始化 RapidOCR 引擎（首次加载约需数秒）...
[2026-05-21 22:48:15] [INFO] [ShopBot] RapidOCR 引擎就绪（耗时 0.4s）
[2026-05-21 22:48:16] [DEBUG] [ShopBot] OCR 分类 '召唤誓约书签' → bookmark (conf=0.95)
[2026-05-21 22:48:18] [INFO] [ShopBot] 物品 0 (y=317-378): '召唤誓约书签' → bookmark (conf=0.95), 价格 0, 货币 gold
[2026-05-21 22:48:20] [INFO] [ShopBot] 物品 1 (y=493-539): '取消购买184,000' → unknown (conf=0.00), 价格 0, 货币 gold
[2026-05-21 22:49:11] [INFO] [ShopBot] 配置已加载 - 设备: 127.0.0.1:16384, 截图: ADB, 控制: ADB
[2026-05-21 22:49:11] [INFO] [ShopBot] 购买列表 - 书签: True, 神秘奖章: True, 装备: False, 狗粮: False
[2026-05-21 22:49:11] [INFO] [ShopBot] 刷新上限: 200, 天空石阈值: 0, 金币阈值: 0
[2026-05-21 22:49:11] [INFO] [ShopBot] 正在连接设备 127.0.0.1:16384（第 1/3 次）
[2026-05-21 22:49:11] [INFO] [ShopBot] 设备连接成功: 127.0.0.1:16384
[2026-05-21 22:49:11] [INFO] [ShopBot] 开始导航至秘密商店（超时 30.0s）
[2026-05-21 22:49:12] [DEBUG] [ShopBot] 秘密商店检测: 导航顶部=10 导航中部=19 内容区=37
[2026-05-21 22:49:12] [DEBUG] [ShopBot] 大厅检测: 导航顶部=10 内容区=37
[2026-05-21 22:49:12] [WARNING] [ShopBot] 场景检测: 未知界面
[2026-05-21 22:49:12] [WARNING] [ShopBot] 界面无法识别且无弹窗，等待后重试
[2026-05-21 22:49:13] [DEBUG] [ShopBot] 秘密商店检测: 导航顶部=10 导航中部=19 内容区=37
[2026-05-21 22:49:13] [DEBUG] [ShopBot] 大厅检测: 导航顶部=10 内容区=37
[2026-05-21 22:49:13] [WARNING] [ShopBot] 场景检测: 未知界面
[2026-05-21 22:49:14] [WARNING] [ShopBot] 界面无法识别且无弹窗，等待后重试
[2026-05-21 22:49:15] [DEBUG] [ShopBot] 秘密商店检测: 导航顶部=10 导航中部=19 内容区=37
[2026-05-21 22:49:15] [DEBUG] [ShopBot] 大厅检测: 导航顶部=10 内容区=37
[2026-05-21 22:49:15] [WARNING] [ShopBot] 场景检测: 未知界面
[2026-05-21 22:49:16] [WARNING] [ShopBot] 界面无法识别且无弹窗，等待后重试
[2026-05-21 22:49:17] [DEBUG] [ShopBot] 秘密商店检测: 导航顶部=10 导航中部=19 内容区=37
[2026-05-21 22:49:17] [DEBUG] [ShopBot] 大厅检测: 导航顶部=10 内容区=37
[2026-05-21 22:49:17] [WARNING] [ShopBot] 场景检测: 未知界面
[2026-05-21 22:49:17] [WARNING] [ShopBot] 界面无法识别且无弹窗，等待后重试
[2026-05-21 22:49:19] [DEBUG] [ShopBot] 秘密商店检测: 导航顶部=10 导航中部=19 内容区=37
[2026-05-21 22:49:19] [DEBUG] [ShopBot] 大厅检测: 导航顶部=10 内容区=37
[2026-05-21 22:49:19] [WARNING] [ShopBot] 场景检测: 未知界面
[2026-05-21 22:49:19] [WARNING] [ShopBot] 界面无法识别且无弹窗，等待后重试
[2026-05-21 22:49:21] [DEBUG] [ShopBot] 秘密商店检测: 导航顶部=10 导航中部=19 内容区=37
[2026-05-21 22:49:21] [DEBUG] [ShopBot] 大厅检测: 导航顶部=10 内容区=37
[2026-05-21 22:49:21] [WARNING] [ShopBot] 场景检测: 未知界面
[2026-05-21 22:49:21] [WARNING] [ShopBot] 界面无法识别且无弹窗，等待后重试
[2026-05-21 22:49:23] [DEBUG] [ShopBot] 秘密商店检测: 导航顶部=10 导航中部=19 内容区=37
[2026-05-21 22:49:23] [DEBUG] [ShopBot] 大厅检测: 导航顶部=10 内容区=37
[2026-05-21 22:49:23] [WARNING] [ShopBot] 场景检测: 未知界面
[2026-05-21 22:49:23] [WARNING] [ShopBot] 界面无法识别且无弹窗，等待后重试
[2026-05-21 22:49:25] [DEBUG] [ShopBot] 秘密商店检测: 导航顶部=10 导航中部=19 内容区=37
[2026-05-21 22:49:25] [DEBUG] [ShopBot] 大厅检测: 导航顶部=10 内容区=37
[2026-05-21 22:49:25] [WARNING] [ShopBot] 场景检测: 未知界面
[2026-05-21 22:49:25] [WARNING] [ShopBot] 界面无法识别且无弹窗，等待后重试
[2026-05-21 22:49:27] [DEBUG] [ShopBot] 秘密商店检测: 导航顶部=10 导航中部=19 内容区=37
[2026-05-21 22:49:27] [DEBUG] [ShopBot] 大厅检测: 导航顶部=10 内容区=37
[2026-05-21 22:49:27] [WARNING] [ShopBot] 场景检测: 未知界面
[2026-05-21 22:49:27] [WARNING] [ShopBot] 界面无法识别且无弹窗，等待后重试
[2026-05-21 22:49:28] [DEBUG] [ShopBot] 秘密商店检测: 导航顶部=10 导航中部=19 内容区=37
[2026-05-21 22:49:28] [DEBUG] [ShopBot] 大厅检测: 导航顶部=10 内容区=37
[2026-05-21 22:49:28] [WARNING] [ShopBot] 场景检测: 未知界面
[2026-05-21 22:49:29] [WARNING] [ShopBot] 界面无法识别且无弹窗，等待后重试
[2026-05-21 22:49:30] [DEBUG] [ShopBot] 秘密商店检测: 导航顶部=10 导航中部=19 内容区=37
[2026-05-21 22:49:30] [DEBUG] [ShopBot] 大厅检测: 导航顶部=10 内容区=37
[2026-05-21 22:49:30] [WARNING] [ShopBot] 场景检测: 未知界面
[2026-05-21 22:49:30] [WARNING] [ShopBot] 界面无法识别且无弹窗，等待后重试
[2026-05-21 22:49:32] [DEBUG] [ShopBot] 秘密商店检测: 导航顶部=10 导航中部=19 内容区=37
[2026-05-21 22:49:32] [DEBUG] [ShopBot] 大厅检测: 导航顶部=10 内容区=37
[2026-05-21 22:49:32] [WARNING] [ShopBot] 场景检测: 未知界面
[2026-05-21 22:49:32] [WARNING] [ShopBot] 界面无法识别且无弹窗，等待后重试
[2026-05-21 22:49:34] [DEBUG] [ShopBot] 秘密商店检测: 导航顶部=10 导航中部=19 内容区=37
[2026-05-21 22:49:34] [DEBUG] [ShopBot] 大厅检测: 导航顶部=10 内容区=37
[2026-05-21 22:49:34] [WARNING] [ShopBot] 场景检测: 未知界面
[2026-05-21 22:49:34] [WARNING] [ShopBot] 界面无法识别且无弹窗，等待后重试
[2026-05-21 22:49:36] [DEBUG] [ShopBot] 秘密商店检测: 导航顶部=10 导航中部=19 内容区=37
[2026-05-21 22:49:36] [DEBUG] [ShopBot] 大厅检测: 导航顶部=10 内容区=37
[2026-05-21 22:49:36] [WARNING] [ShopBot] 场景检测: 未知界面
[2026-05-21 22:49:36] [WARNING] [ShopBot] 界面无法识别且无弹窗，等待后重试
[2026-05-21 22:49:38] [DEBUG] [ShopBot] 秘密商店检测: 导航顶部=10 导航中部=19 内容区=37
[2026-05-21 22:49:38] [DEBUG] [ShopBot] 大厅检测: 导航顶部=10 内容区=37
[2026-05-21 22:49:38] [WARNING] [ShopBot] 场景检测: 未知界面
[2026-05-21 22:49:38] [WARNING] [ShopBot] 界面无法识别且无弹窗，等待后重试
[2026-05-21 22:49:40] [DEBUG] [ShopBot] 秘密商店检测: 导航顶部=10 导航中部=19 内容区=37
[2026-05-21 22:49:40] [DEBUG] [ShopBot] 大厅检测: 导航顶部=10 内容区=37
[2026-05-21 22:49:40] [WARNING] [ShopBot] 场景检测: 未知界面
[2026-05-21 22:49:40] [WARNING] [ShopBot] 界面无法识别且无弹窗，等待后重试
[2026-05-21 22:49:41] [DEBUG] [ShopBot] 秘密商店检测: 导航顶部=10 导航中部=19 内容区=37
[2026-05-21 22:49:41] [DEBUG] [ShopBot] 大厅检测: 导航顶部=10 内容区=37
[2026-05-21 22:49:41] [WARNING] [ShopBot] 场景检测: 未知界面
[2026-05-21 22:49:42] [WARNING] [ShopBot] 界面无法识别且无弹窗，等待后重试
[2026-05-21 22:49:43] [ERROR] [ShopBot] 导航超时（30.0s），未能到达秘密商店
[2026-05-21 22:51:00] [INFO] [ShopBot] 配置已加载 - 设备: 127.0.0.1:16384, 截图: ADB, 控制: ADB
[2026-05-21 22:51:00] [INFO] [ShopBot] 购买列表 - 书签: True, 神秘奖章: True, 装备: False, 狗粮: False
[2026-05-21 22:51:00] [INFO] [ShopBot] 刷新上限: 200, 天空石阈值: 0, 金币阈值: 0
[2026-05-21 22:51:00] [INFO] [ShopBot] 正在连接设备 127.0.0.1:16384（第 1/3 次）
[2026-05-21 22:51:00] [INFO] [ShopBot] 设备连接成功: 127.0.0.1:16384
[2026-05-21 22:51:00] [INFO] [ShopBot] 开始导航至秘密商店（超时 30.0s）
[2026-05-21 22:51:01] [DEBUG] [ShopBot] 秘密商店检测: 导航顶部=51 导航中部=206 内容区=52
[2026-05-21 22:51:01] [INFO] [ShopBot] 场景检测: 秘密商店
[2026-05-21 22:51:01] [INFO] [ShopBot] 已到达秘密商店
[2026-05-21 22:51:01] [INFO] [ShopBot] 滑动到货架顶部...
[2026-05-21 22:51:01] [INFO] [ShopBot] 滑动 (640, 150) -> (640, 400), 时长 0.3s
[2026-05-21 22:51:01] [INFO] [ShopBot] 滑动 (640, 150) -> (640, 400), 时长 0.3s
[2026-05-21 22:51:02] [INFO] [ShopBot] 滑动 (640, 150) -> (640, 400), 时长 0.3s
[2026-05-21 22:51:03] [INFO] [ShopBot] 动态检测到 4 个物品行: [(98, 192), (244, 337), (390, 482), (539, 705)]
[2026-05-21 22:51:04] [INFO] [ShopBot] 初始化 RapidOCR 引擎（首次加载约需数秒）...
[2026-05-21 22:51:04] [INFO] [ShopBot] RapidOCR 引擎就绪（耗时 0.4s）
[2026-05-21 22:51:07] [INFO] [ShopBot] 物品 0 (y=98-192): '货币友情点数诺诺里50可购买1次' → unknown (conf=0.10), 价格 18000, 货币 gold, 购买按钮 @ (1192, 166)
[2026-05-21 22:51:08] [DEBUG] [ShopBot] OCR 分类 '55装备奥利哈钢重甲商人亚彼荷可购买1次' → equipment (conf=0.70)
[2026-05-21 22:51:09] [INFO] [ShopBot] 物品 1 (y=244-337): '55装备奥利哈钢重甲商人亚彼荷可购买1次' → equipment (conf=0.70), 价格 360000, 货币 gold, 购买按钮 @ (1192, 311)
[2026-05-21 22:51:12] [INFO] [ShopBot] 物品 2 (y=390-482): '英雄岩穴狮鹫可购买1次奈汉库伊' → unknown (conf=0.10), 价格 29000, 货币 gold, 购买按钮 @ (1192, 456)
[2026-05-21 22:51:13] [DEBUG] [ShopBot] OCR 分类 '召唤誓约书签诺诺里5可购买1次85装备' → bookmark (conf=0.95)
[2026-05-21 22:51:14] [DEBUG] [ShopBot] 物品已售罄 y=539-705: '0/1'
[2026-05-21 22:51:15] [INFO] [ShopBot] 物品 3 (y=539-705): '召唤誓约书签诺诺里5可购买1次85装备' → bookmark (conf=0.95), 价格 184000, 货币 gold, 已售罄, 购买按钮 @ (1193, 601)
[2026-05-21 22:51:15] [INFO] [ShopBot] 跳过物品: unknown
[2026-05-21 22:51:15] [INFO] [ShopBot] 跳过物品: equipment
[2026-05-21 22:51:15] [INFO] [ShopBot] 跳过物品: unknown
[2026-05-21 22:51:15] [INFO] [ShopBot] 跳过已售罄物品: bookmark
[2026-05-21 22:51:15] [INFO] [ShopBot] 跳过物品: bookmark
[2026-05-21 22:51:15] [INFO] [ShopBot] 货架处理完成，共购买 0 个物品
[2026-05-21 22:51:15] [INFO] [ShopBot] ========== 运行统计 ==========
[2026-05-21 22:51:15] [INFO] [ShopBot] 总刷新次数: 0
[2026-05-21 22:51:15] [INFO] [ShopBot] 购买书签: 0
[2026-05-21 22:51:15] [INFO] [ShopBot] 购买神秘奖章: 0
[2026-05-21 22:51:15] [INFO] [ShopBot] 购买装备: 0
[2026-05-21 22:51:15] [INFO] [ShopBot] 天空石消耗: 0
[2026-05-21 22:51:15] [INFO] [ShopBot] 天空石余量: 0
[2026-05-21 22:51:15] [INFO] [ShopBot] ==============================
[2026-05-21 22:53:37] [INFO] [ShopBot] 配置已加载 - 设备: 127.0.0.1:16384, 截图: ADB, 控制: ADB
[2026-05-21 22:53:37] [INFO] [ShopBot] 购买列表 - 书签: True, 神秘奖章: True, 装备: False, 狗粮: False
[2026-05-21 22:53:37] [INFO] [ShopBot] 刷新上限: 200, 天空石阈值: 0, 金币阈值: 0, 书签上限: 不限, 神秘上限: 不限, 天空石消耗上限: 不限
[2026-05-21 22:53:48] [INFO] [ShopBot] 配置已加载 - 设备: 127.0.0.1:16384, 截图: ADB, 控制: ADB
[2026-05-21 22:53:48] [INFO] [ShopBot] 购买列表 - 书签: True, 神秘奖章: True, 装备: False, 狗粮: False
[2026-05-21 22:53:48] [INFO] [ShopBot] 刷新上限: 200, 天空石阈值: 0, 金币阈值: 0, 书签上限: 不限, 神秘上限: 不限, 天空石消耗上限: 不限
[2026-05-21 22:53:48] [INFO] [ShopBot] 停止：已购书签 5 >= 上限 5
[2026-05-21 22:53:48] [INFO] [ShopBot] 停止：消耗天空石 300 >= 上限 300
[2026-05-21 22:53:48] [INFO] [ShopBot] 正在连接设备 127.0.0.1:16384（第 1/3 次）
[2026-05-21 22:53:48] [INFO] [ShopBot] 设备连接成功: 127.0.0.1:16384
[2026-05-21 22:53:48] [INFO] [ShopBot] 开始导航至秘密商店（超时 30.0s）
[2026-05-21 22:53:49] [DEBUG] [ShopBot] 秘密商店检测: 导航顶部=51 导航中部=212 内容区=54
[2026-05-21 22:53:49] [INFO] [ShopBot] 场景检测: 秘密商店
[2026-05-21 22:53:49] [INFO] [ShopBot] 已到达秘密商店
[2026-05-21 22:53:49] [INFO] [ShopBot] 滑动到货架顶部...
[2026-05-21 22:53:49] [INFO] [ShopBot] 滑动 (640, 150) -> (640, 400), 时长 0.3s
[2026-05-21 22:53:50] [INFO] [ShopBot] 滑动 (640, 150) -> (640, 400), 时长 0.3s
[2026-05-21 22:53:50] [INFO] [ShopBot] 滑动 (640, 150) -> (640, 400), 时长 0.3s
[2026-05-21 22:53:52] [INFO] [ShopBot] 动态检测到 4 个物品行: [(98, 192), (244, 337), (390, 482), (539, 626)]
[2026-05-21 22:53:52] [INFO] [ShopBot] 初始化 RapidOCR 引擎（首次加载约需数秒）...
[2026-05-21 22:53:52] [INFO] [ShopBot] RapidOCR 引擎就绪（耗时 0.4s）
[2026-05-21 22:53:55] [INFO] [ShopBot] 物品 0 (y=98-192): '货币友情点数诺诺里50可购买1次' → unknown (conf=0.10), 价格 18000, 货币 gold, 购买按钮 @ (1192, 166)
[2026-05-21 22:53:56] [DEBUG] [ShopBot] OCR 分类 '55装备奥利哈钢重甲商人亚彼荷可购买1次' → equipment (conf=0.70)
[2026-05-21 22:53:57] [INFO] [ShopBot] 物品 1 (y=244-337): '55装备奥利哈钢重甲商人亚彼荷可购买1次' → equipment (conf=0.70), 价格 360000, 货币 gold, 购买按钮 @ (1192, 311)
[2026-05-21 22:54:00] [INFO] [ShopBot] 物品 2 (y=390-482): '英雄岩穴狮鹫可购买1次奈汉库伊' → unknown (conf=0.10), 价格 29000, 货币 gold, 购买按钮 @ (1192, 456)
[2026-05-21 22:54:01] [DEBUG] [ShopBot] OCR 分类 '召唤誓约书签诺诺里5可购买1次' → bookmark (conf=0.95)
[2026-05-21 22:54:03] [DEBUG] [ShopBot] 物品已售罄 y=539-626: '0/1'
[2026-05-21 22:54:03] [INFO] [ShopBot] 物品 3 (y=539-626): '召唤誓约书签诺诺里5可购买1次' → bookmark (conf=0.95), 价格 184000, 货币 gold, 已售罄, 购买按钮 @ (1192, 601)
[2026-05-21 22:54:03] [INFO] [ShopBot] 跳过物品: unknown
[2026-05-21 22:54:03] [INFO] [ShopBot] 跳过物品: equipment
[2026-05-21 22:54:03] [INFO] [ShopBot] 跳过物品: unknown
[2026-05-21 22:54:03] [INFO] [ShopBot] 跳过已售罄物品: bookmark
[2026-05-21 22:54:03] [INFO] [ShopBot] 跳过物品: bookmark
[2026-05-21 22:54:03] [INFO] [ShopBot] 货架处理完成，共购买 0 个物品
[2026-05-21 22:54:03] [INFO] [ShopBot] 第 0 次查看，购买 0 个物品
[2026-05-21 22:54:03] [INFO] [ShopBot] 滑动 (640, 400) -> (640, 150), 时长 0.3s
[2026-05-21 22:54:05] [INFO] [ShopBot] 动态检测到 4 个物品行: [(154, 259), (317, 403), (456, 550), (601, 695)]
[2026-05-21 22:54:07] [INFO] [ShopBot] 物品 0 (y=154-259): '英雄岩穴狮鹫奈汉库伊可购买1次' → unknown (conf=0.10), 价格 29000, 货币 gold, 购买按钮 @ (1192, 234)
[2026-05-21 22:54:08] [DEBUG] [ShopBot] OCR 分类 '召唤誓约书签诺诺里5可购买1次' → bookmark (conf=0.95)
[2026-05-21 22:54:09] [DEBUG] [ShopBot] 物品已售罄 y=317-403: '0/1'
[2026-05-21 22:54:10] [INFO] [ShopBot] 物品 1 (y=317-403): '召唤誓约书签诺诺里5可购买1次' → bookmark (conf=0.95), 价格 184000, 货币 gold, 已售罄, 购买按钮 @ (1192, 379)
[2026-05-21 22:54:10] [DEBUG] [ShopBot] OCR 分类 '85装备地狱破灭精髓商人亚彼荷可购买1次' → equipment (conf=0.70)
[2026-05-21 22:54:11] [INFO] [ShopBot] 物品 2 (y=456-550): '85装备地狱破灭精髓商人亚彼荷可购买1次' → equipment (conf=0.70), 价格 540000, 货币 gold, 购买按钮 @ (1192, 524)
[2026-05-21 22:54:11] [DEBUG] [ShopBot] OCR 分类 '70装备蜘蛛君主的胸商人亚彼荷可购买1次' → equipment (conf=0.70)
[2026-05-21 22:54:12] [INFO] [ShopBot] 物品 3 (y=601-695): '70装备蜘蛛君主的胸商人亚彼荷可购买1次' → equipment (conf=0.70), 价格 560000, 货币 gold, 购买按钮 @ (1192, 669)
[2026-05-21 22:54:12] [INFO] [ShopBot] 跳过物品: unknown
[2026-05-21 22:54:12] [INFO] [ShopBot] 跳过已售罄物品: bookmark
[2026-05-21 22:54:12] [INFO] [ShopBot] 跳过物品: bookmark
[2026-05-21 22:54:12] [INFO] [ShopBot] 跳过物品: equipment
[2026-05-21 22:54:12] [INFO] [ShopBot] 跳过物品: equipment
[2026-05-21 22:54:12] [INFO] [ShopBot] 货架处理完成，共购买 0 个物品
[2026-05-21 22:54:12] [INFO] [ShopBot] 第 1 次查看，购买 0 个物品
[2026-05-21 22:54:12] [INFO] [ShopBot] 滑动 (640, 400) -> (640, 150), 时长 0.3s
[2026-05-21 22:54:14] [INFO] [ShopBot] 动态检测到 4 个物品行: [(154, 259), (317, 403), (456, 550), (601, 705)]
[2026-05-21 22:54:16] [INFO] [ShopBot] 物品 0 (y=154-259): '英雄岩穴狮鹫奈汉库伊可购买1次' → unknown (conf=0.10), 价格 29000, 货币 gold, 购买按钮 @ (1192, 234)
[2026-05-21 22:54:17] [DEBUG] [ShopBot] OCR 分类 '召唤誓约书签诺诺里5可购买1次' → bookmark (conf=0.95)
[2026-05-21 22:54:18] [DEBUG] [ShopBot] 物品已售罄 y=317-403: '0/1'
[2026-05-21 22:54:18] [INFO] [ShopBot] 物品 1 (y=317-403): '召唤誓约书签诺诺里5可购买1次' → bookmark (conf=0.95), 价格 184000, 货币 gold, 已售罄, 购买按钮 @ (1192, 379)
[2026-05-21 22:54:18] [DEBUG] [ShopBot] OCR 分类 '85装备地狱破灭精髓商人亚彼荷可购买1次' → equipment (conf=0.70)
[2026-05-21 22:54:19] [INFO] [ShopBot] 物品 2 (y=456-550): '85装备地狱破灭精髓商人亚彼荷可购买1次' → equipment (conf=0.70), 价格 540000, 货币 gold, 购买按钮 @ (1192, 524)
[2026-05-21 22:54:20] [DEBUG] [ShopBot] OCR 分类 '70装备蜘蛛君主的胸商人亚彼荷可购买1次' → equipment (conf=0.70)
[2026-05-21 22:54:21] [INFO] [ShopBot] 物品 3 (y=601-705): '70装备蜘蛛君主的胸商人亚彼荷可购买1次' → equipment (conf=0.70), 价格 560000, 货币 gold, 购买按钮 @ (1192, 669)
[2026-05-21 22:54:21] [INFO] [ShopBot] 已到达货架底部（第 2 次滑动后，识别结果无变化）
[2026-05-21 22:54:21] [INFO] [ShopBot] 寻找刷新按钮（第 1 次）
[2026-05-21 22:54:22] [DEBUG] [ShopBot] 找到刷新按钮 '立即更新' 在 (268, 659)
[2026-05-21 22:54:22] [INFO] [ShopBot] 点击刷新按钮 (268, 659)
[2026-05-21 22:54:22] [INFO] [ShopBot] 点击坐标 (268, 659)
[2026-05-21 22:54:24] [INFO] [ShopBot] 检测到刷新确认弹窗，点击确认 (748, 460)
[2026-05-21 22:54:24] [INFO] [ShopBot] 点击坐标 (748, 460)
[2026-05-21 22:54:24] [INFO] [ShopBot] 等待货架加载...
[2026-05-21 22:54:26] [INFO] [ShopBot] 滑动到货架顶部...
[2026-05-21 22:54:26] [INFO] [ShopBot] 滑动 (640, 150) -> (640, 400), 时长 0.3s
[2026-05-21 22:54:27] [INFO] [ShopBot] 滑动 (640, 150) -> (640, 400), 时长 0.3s
[2026-05-21 22:54:28] [INFO] [ShopBot] 滑动 (640, 150) -> (640, 400), 时长 0.3s
[2026-05-21 22:54:29] [INFO] [ShopBot] 动态检测到 5 个物品行: [(98, 192), (244, 337), (390, 482), (535, 627), (643, 705)]
[2026-05-21 22:54:30] [DEBUG] [ShopBot] OCR 分类 '70装备蜘蛛君主的挂妮萨可购买1次' → equipment (conf=0.70)
[2026-05-21 22:54:31] [INFO] [ShopBot] 物品 0 (y=98-192): '70装备蜘蛛君主的挂妮萨可购买1次' → equipment (conf=0.70), 价格 560000, 货币 gold, 购买按钮 @ (1192, 166)
[2026-05-21 22:54:31] [DEBUG] [ShopBot] OCR 分类 '70装备魔力龙兽面具商人亚彼荷可购买1次' → equipment (conf=0.70)
[2026-05-21 22:54:32] [INFO] [ShopBot] 物品 1 (y=244-337): '70装备魔力龙兽面具商人亚彼荷可购买1次' → equipment (conf=0.70), 价格 560000, 货币 gold, 购买按钮 @ (1193, 311)
[2026-05-21 22:54:34] [INFO] [ShopBot] 物品 2 (y=390-482): '英雄守护龙族士兵可购买1次奈汉库伊' → unknown (conf=0.10), 价格 29000, 货币 gold, 购买按钮 @ (1192, 456)
[2026-05-21 22:54:35] [INFO] [ShopBot] 物品 3 (y=535-627): '英雄绿林狮鹫奈汉库伊可购买1次' → unknown (conf=0.10), 价格 29000, 货币 gold, 购买按钮 @ (1192, 601)
[2026-05-21 22:54:39] [INFO] [ShopBot] 物品 4 (y=643-705): '货币' → unknown (conf=0.10), 价格 0, 货币 gold
[2026-05-21 22:54:39] [INFO] [ShopBot] 跳过物品: equipment
[2026-05-21 22:54:39] [INFO] [ShopBot] 跳过物品: equipment
[2026-05-21 22:54:39] [INFO] [ShopBot] 跳过物品: unknown
[2026-05-21 22:54:39] [INFO] [ShopBot] 跳过物品: unknown
[2026-05-21 22:54:39] [INFO] [ShopBot] 跳过物品: unknown
[2026-05-21 22:54:39] [INFO] [ShopBot] 货架处理完成，共购买 0 个物品
[2026-05-21 22:54:39] [INFO] [ShopBot] 第 0 次查看，购买 0 个物品
[2026-05-21 22:54:39] [INFO] [ShopBot] 滑动 (640, 400) -> (640, 150), 时长 0.3s
[2026-05-21 22:54:41] [INFO] [ShopBot] 动态检测到 5 个物品行: [(80, 123), (154, 268), (321, 413), (465, 559), (610, 705)]
[2026-05-21 22:54:44] [INFO] [ShopBot] 物品 0 (y=80-123): '商人亚彼荷可购买1次' → unknown (conf=0.00), 价格 0, 货币 gold, 购买按钮 @ (1192, 97)
[2026-05-21 22:54:47] [INFO] [ShopBot] 物品 1 (y=154-268): '英雄守护龙族士兵奈汉库伊可购买1次' → unknown (conf=0.10), 价格 29000, 货币 gold, 购买按钮 @ (1193, 242)
[2026-05-21 22:54:48] [INFO] [ShopBot] 物品 2 (y=321-413): '英雄绿林狮鹫奈汉库伊可购买1次' → unknown (conf=0.10), 价格 29000, 货币 gold, 购买按钮 @ (1192, 387)
[2026-05-21 22:54:49] [INFO] [ShopBot] 物品 3 (y=465-559): '货币友情点数诺诺里50可购买1次' → unknown (conf=0.10), 价格 18000, 货币 gold, 购买按钮 @ (1193, 532)
[2026-05-21 22:54:50] [DEBUG] [ShopBot] OCR 分类 '85装备不屈的蜘蛛英商人亚彼荷可购买1次' → equipment (conf=0.70)
[2026-05-21 22:54:51] [INFO] [ShopBot] 物品 4 (y=610-705): '85装备不屈的蜘蛛英商人亚彼荷可购买1次' → equipment (conf=0.70), 价格 810000, 货币 gold, 购买按钮 @ (1192, 677)
[2026-05-21 22:54:51] [INFO] [ShopBot] 跳过物品: unknown
[2026-05-21 22:54:51] [INFO] [ShopBot] 跳过物品: unknown
[2026-05-21 22:54:51] [INFO] [ShopBot] 跳过物品: unknown
[2026-05-21 22:54:51] [INFO] [ShopBot] 跳过物品: unknown
[2026-05-21 22:54:51] [INFO] [ShopBot] 跳过物品: equipment
[2026-05-21 22:54:51] [INFO] [ShopBot] 货架处理完成，共购买 0 个物品
[2026-05-21 22:54:51] [INFO] [ShopBot] 第 1 次查看，购买 0 个物品
[2026-05-21 22:54:51] [INFO] [ShopBot] 滑动 (640, 400) -> (640, 150), 时长 0.3s
[2026-05-21 22:54:53] [INFO] [ShopBot] 动态检测到 4 个物品行: [(154, 259), (313, 405), (456, 550), (601, 705)]
[2026-05-21 22:54:55] [INFO] [ShopBot] 物品 0 (y=154-259): '英雄守护龙族士兵奈汉库伊可购买1次' → unknown (conf=0.10), 价格 29000, 货币 gold, 购买按钮 @ (1192, 234)
[2026-05-21 22:54:57] [INFO] [ShopBot] 物品 1 (y=313-405): '英雄绿林狮鹫奈汉库伊可购买1次' → unknown (conf=0.10), 价格 29000, 货币 gold, 购买按钮 @ (1192, 379)
[2026-05-21 22:54:58] [INFO] [ShopBot] 物品 2 (y=456-550): '货币友情点数诺诺里50可购买1次' → unknown (conf=0.10), 价格 18000, 货币 gold, 购买按钮 @ (1192, 524)
[2026-05-21 22:54:59] [DEBUG] [ShopBot] OCR 分类 '85装备不屈的蜘蛛英商人亚彼荷可购买1次' → equipment (conf=0.70)
[2026-05-21 22:55:00] [INFO] [ShopBot] 物品 3 (y=601-705): '85装备不屈的蜘蛛英商人亚彼荷可购买1次' → equipment (conf=0.70), 价格 810000, 货币 gold, 购买按钮 @ (1192, 669)
[2026-05-21 22:55:00] [INFO] [ShopBot] 跳过物品: unknown
[2026-05-21 22:55:00] [INFO] [ShopBot] 跳过物品: unknown
[2026-05-21 22:55:00] [INFO] [ShopBot] 跳过物品: unknown
[2026-05-21 22:55:00] [INFO] [ShopBot] 跳过物品: equipment
[2026-05-21 22:55:00] [INFO] [ShopBot] 货架处理完成，共购买 0 个物品
[2026-05-21 22:55:00] [INFO] [ShopBot] 第 2 次查看，购买 0 个物品
[2026-05-21 22:55:00] [INFO] [ShopBot] 滑动 (640, 400) -> (640, 150), 时长 0.3s
[2026-05-21 22:55:02] [INFO] [ShopBot] 动态检测到 4 个物品行: [(154, 259), (313, 405), (456, 550), (601, 705)]
[2026-05-21 22:55:03] [INFO] [ShopBot] 物品 0 (y=154-259): '英雄守护龙族士兵奈汉库伊可购买1次' → unknown (conf=0.10), 价格 29000, 货币 gold, 购买按钮 @ (1192, 234)
[2026-05-21 22:55:05] [INFO] [ShopBot] 物品 1 (y=313-405): '英雄绿林狮鹫奈汉库伊可购买1次' → unknown (conf=0.10), 价格 29000, 货币 gold, 购买按钮 @ (1192, 379)
[2026-05-21 22:55:06] [INFO] [ShopBot] 物品 2 (y=456-550): '货币友情点数诺诺里50可购买1次' → unknown (conf=0.10), 价格 18000, 货币 gold, 购买按钮 @ (1192, 524)
[2026-05-21 22:55:07] [DEBUG] [ShopBot] OCR 分类 '85装备不屈的蜘蛛英商人亚彼荷可购买1次' → equipment (conf=0.70)
[2026-05-21 22:55:08] [INFO] [ShopBot] 物品 3 (y=601-705): '85装备不屈的蜘蛛英商人亚彼荷可购买1次' → equipment (conf=0.70), 价格 810000, 货币 gold, 购买按钮 @ (1192, 669)
[2026-05-21 22:55:08] [INFO] [ShopBot] 已到达货架底部（第 3 次滑动后，识别结果无变化）
[2026-05-21 22:55:08] [INFO] [ShopBot] 寻找刷新按钮（第 1 次）
[2026-05-21 22:55:08] [DEBUG] [ShopBot] 找到刷新按钮 '立即更新' 在 (268, 659)
[2026-05-21 22:55:08] [INFO] [ShopBot] 点击刷新按钮 (268, 659)
[2026-05-21 22:55:08] [INFO] [ShopBot] 点击坐标 (268, 659)
[2026-05-21 22:55:10] [INFO] [ShopBot] 检测到刷新确认弹窗，点击确认 (748, 459)
[2026-05-21 22:55:10] [INFO] [ShopBot] 点击坐标 (748, 459)
[2026-05-21 22:55:10] [INFO] [ShopBot] 等待货架加载...
[2026-05-21 22:55:12] [INFO] [ShopBot] ========== 运行统计 ==========
[2026-05-21 22:55:12] [INFO] [ShopBot] 总刷新次数: 2
[2026-05-21 22:55:12] [INFO] [ShopBot] 购买书签: 0
[2026-05-21 22:55:12] [INFO] [ShopBot] 购买神秘奖章: 0
[2026-05-21 22:55:12] [INFO] [ShopBot] 购买装备: 0
[2026-05-21 22:55:12] [INFO] [ShopBot] 天空石消耗: 6
[2026-05-21 22:55:12] [INFO] [ShopBot] 天空石余量: 0
[2026-05-21 22:55:12] [INFO] [ShopBot] ==============================
[2026-05-21 23:03:49] [INFO] [ShopBot] 配置已加载 - 设备: 127.0.0.1:16384, 截图: ADB, 控制: ADB
[2026-05-21 23:03:49] [INFO] [ShopBot] 购买列表 - 书签: True, 神秘奖章: True, 装备: False, 狗粮: False
[2026-05-21 23:03:49] [INFO] [ShopBot] 刷新上限: 200, 天空石阈值: 0, 金币阈值: 0, 书签上限: 不限, 神秘上限: 100, 天空石消耗上限: 不限
[2026-05-21 23:03:49] [INFO] [ShopBot] 正在连接设备 127.0.0.1:16384（第 1/3 次）
[2026-05-21 23:03:49] [INFO] [ShopBot] ShopBot 已启动
[2026-05-21 23:03:49] [INFO] [ShopBot] 设备连接成功: 127.0.0.1:16384
[2026-05-21 23:03:49] [INFO] [ShopBot] 开始导航至秘密商店（超时 30.0s）
[2026-05-21 23:03:50] [DEBUG] [ShopBot] 秘密商店检测: 导航顶部=51 导航中部=216 内容区=57
[2026-05-21 23:03:50] [INFO] [ShopBot] 场景检测: 秘密商店
[2026-05-21 23:03:50] [INFO] [ShopBot] 已到达秘密商店
[2026-05-21 23:03:50] [INFO] [ShopBot] ===== 第 1 轮 =====
[2026-05-21 23:03:50] [INFO] [ShopBot] 滑动到货架顶部...
[2026-05-21 23:03:50] [INFO] [ShopBot] 滑动 (640, 150) -> (640, 400), 时长 0.3s
[2026-05-21 23:03:51] [INFO] [ShopBot] 滑动 (640, 150) -> (640, 400), 时长 0.3s
[2026-05-21 23:03:51] [INFO] [ShopBot] 滑动 (640, 150) -> (640, 400), 时长 0.3s
[2026-05-21 23:03:53] [INFO] [ShopBot] 动态检测到 4 个物品行: [(98, 192), (244, 337), (389, 482), (535, 627)]
[2026-05-21 23:03:53] [INFO] [ShopBot] 初始化 RapidOCR 引擎（首次加载约需数秒）...
[2026-05-21 23:03:53] [INFO] [ShopBot] RapidOCR 引擎就绪（耗时 0.4s）
[2026-05-21 23:03:56] [INFO] [ShopBot] 物品 0 (y=98-192): '货币友情点数诺诺里50可购买1次' → unknown (conf=0.10), 价格 18000, 货币 gold, 购买按钮 @ (1192, 166)
[2026-05-21 23:03:57] [DEBUG] [ShopBot] OCR 分类 '70装备钻石戒指妮萨可购买1次' → equipment (conf=0.70)
[2026-05-21 23:03:58] [INFO] [ShopBot] 物品 1 (y=244-337): '70装备钻石戒指妮萨可购买1次' → equipment (conf=0.70), 价格 560000, 货币 skystone, 购买按钮 @ (1192, 311)
[2026-05-21 23:03:59] [DEBUG] [ShopBot] OCR 分类 '55装备蓝宝石项链妮萨可购买1次' → equipment (conf=0.70)
[2026-05-21 23:04:00] [INFO] [ShopBot] 物品 2 (y=389-482): '55装备蓝宝石项链妮萨可购买1次' → equipment (conf=0.70), 价格 480000, 货币 gold, 购买按钮 @ (1192, 456)
[2026-05-21 23:04:03] [INFO] [ShopBot] 物品 3 (y=535-627): '英雄罗奇斯战斗君奈汉库伊可购买1次' → unknown (conf=0.10), 价格 29000, 货币 gold, 购买按钮 @ (1192, 601)
[2026-05-21 23:04:03] [INFO] [ShopBot] 跳过物品: unknown
[2026-05-21 23:04:03] [INFO] [ShopBot] 跳过天空石物品: equipment
[2026-05-21 23:04:03] [INFO] [ShopBot] 跳过物品: equipment
[2026-05-21 23:04:03] [INFO] [ShopBot] 跳过物品: equipment
[2026-05-21 23:04:03] [INFO] [ShopBot] 跳过物品: unknown
[2026-05-21 23:04:03] [INFO] [ShopBot] 货架处理完成，共购买 0 个物品
[2026-05-21 23:04:03] [INFO] [ShopBot] 第 0 次查看，购买 0 个物品
[2026-05-21 23:04:03] [INFO] [ShopBot] 滑动 (640, 400) -> (640, 150), 时长 0.3s
[2026-05-21 23:04:05] [INFO] [ShopBot] 动态检测到 4 个物品行: [(154, 260), (313, 405), (457, 550), (599, 705)]
[2026-05-21 23:04:06] [DEBUG] [ShopBot] OCR 分类 '55装备蓝宝石项链妮萨可购买1次' → equipment (conf=0.70)
[2026-05-21 23:04:08] [INFO] [ShopBot] 物品 0 (y=154-260): '55装备蓝宝石项链妮萨可购买1次' → equipment (conf=0.70), 价格 480000, 货币 gold, 购买按钮 @ (1192, 234)
[2026-05-21 23:04:09] [INFO] [ShopBot] 物品 1 (y=313-405): '英雄罗奇斯战斗君奈汉库伊可购买1次' → unknown (conf=0.10), 价格 29000, 货币 gold, 购买按钮 @ (1192, 379)
[2026-05-21 23:04:11] [INFO] [ShopBot] 物品 2 (y=457-550): '英雄守望者卡宁奈汉库伊可购买1次' → unknown (conf=0.10), 价格 29000, 货币 gold, 购买按钮 @ (1192, 524)
[2026-05-21 23:04:11] [DEBUG] [ShopBot] OCR 分类 '55装备叫龙兽靴子商人亚彼荷可购买1次' → equipment (conf=0.70)
[2026-05-21 23:04:12] [INFO] [ShopBot] 物品 3 (y=599-705): '55装备叫龙兽靴子商人亚彼荷可购买1次' → equipment (conf=0.70), 价格 240000, 货币 gold, 购买按钮 @ (1193, 669)
[2026-05-21 23:04:12] [INFO] [ShopBot] 跳过物品: equipment
[2026-05-21 23:04:12] [INFO] [ShopBot] 跳过物品: unknown
[2026-05-21 23:04:12] [INFO] [ShopBot] 跳过物品: unknown
[2026-05-21 23:04:12] [INFO] [ShopBot] 跳过物品: equipment
[2026-05-21 23:04:12] [INFO] [ShopBot] 货架处理完成，共购买 0 个物品
[2026-05-21 23:04:12] [INFO] [ShopBot] 第 1 次查看，购买 0 个物品
[2026-05-21 23:04:12] [INFO] [ShopBot] 滑动 (640, 400) -> (640, 150), 时长 0.3s
[2026-05-21 23:04:14] [INFO] [ShopBot] 动态检测到 4 个物品行: [(154, 260), (313, 405), (458, 550), (601, 695)]
[2026-05-21 23:04:15] [DEBUG] [ShopBot] OCR 分类 '55装备蓝宝石项链妮萨可购买1次' → equipment (conf=0.70)
[2026-05-21 23:04:16] [INFO] [ShopBot] 物品 0 (y=154-260): '55装备蓝宝石项链妮萨可购买1次' → equipment (conf=0.70), 价格 480000, 货币 gold, 购买按钮 @ (1192, 234)
[2026-05-21 23:04:18] [INFO] [ShopBot] 物品 1 (y=313-405): '英雄罗奇斯战斗君奈汉库伊可购买1次' → unknown (conf=0.10), 价格 29000, 货币 gold, 购买按钮 @ (1192, 379)
[2026-05-21 23:04:19] [INFO] [ShopBot] 物品 2 (y=458-550): '英雄守望者卡宁奈汉库伊可购买1次' → unknown (conf=0.10), 价格 29000, 货币 gold, 购买按钮 @ (1192, 524)
[2026-05-21 23:04:20] [DEBUG] [ShopBot] OCR 分类 '55装备叫龙兽靴子商人亚彼荷可购买1次' → equipment (conf=0.70)
[2026-05-21 23:04:21] [INFO] [ShopBot] 物品 3 (y=601-695): '55装备叫龙兽靴子商人亚彼荷可购买1次' → equipment (conf=0.70), 价格 240000, 货币 gold, 购买按钮 @ (1192, 669)
[2026-05-21 23:04:21] [INFO] [ShopBot] 已到达货架底部（第 2 次滑动后，识别结果无变化）
[2026-05-21 23:04:21] [INFO] [ShopBot] 寻找刷新按钮（第 1 次）
[2026-05-21 23:04:22] [DEBUG] [ShopBot] 找到刷新按钮 '立即更新' 在 (268, 659)
[2026-05-21 23:04:22] [INFO] [ShopBot] 点击刷新按钮 (268, 659)
[2026-05-21 23:04:22] [INFO] [ShopBot] 点击坐标 (268, 659)
[2026-05-21 23:04:24] [INFO] [ShopBot] 检测到刷新确认弹窗，点击确认 (748, 460)
[2026-05-21 23:04:24] [INFO] [ShopBot] 点击坐标 (748, 460)
[2026-05-21 23:04:24] [INFO] [ShopBot] 等待货架加载...
[2026-05-21 23:04:26] [INFO] [ShopBot] ===== 第 2 轮 =====
[2026-05-21 23:04:26] [INFO] [ShopBot] 滑动到货架顶部...
[2026-05-21 23:04:26] [INFO] [ShopBot] 滑动 (640, 150) -> (640, 400), 时长 0.3s
[2026-05-21 23:04:27] [INFO] [ShopBot] 滑动 (640, 150) -> (640, 400), 时长 0.3s
[2026-05-21 23:04:28] [INFO] [ShopBot] 滑动 (640, 150) -> (640, 400), 时长 0.3s
[2026-05-21 23:04:29] [INFO] [ShopBot] 动态检测到 5 个物品行: [(98, 192), (244, 337), (389, 482), (534, 627), (640, 705)]
[2026-05-21 23:04:30] [DEBUG] [ShopBot] OCR 分类 '55装备叫龙兽靴子商人亚彼荷可购买1次' → equipment (conf=0.70)
[2026-05-21 23:04:31] [INFO] [ShopBot] 物品 0 (y=98-192): '55装备叫龙兽靴子商人亚彼荷可购买1次' → equipment (conf=0.70), 价格 240000, 货币 gold, 购买按钮 @ (1192, 166)
[2026-05-21 23:04:32] [DEBUG] [ShopBot] OCR 分类 '70装备不详的恶魔戒妮萨可购买1次' → equipment (conf=0.70)
[2026-05-21 23:04:32] [INFO] [ShopBot] 物品 1 (y=244-337): '70装备不详的恶魔戒妮萨可购买1次' → equipment (conf=0.70), 价格 380000, 货币 gold, 购买按钮 @ (1192, 311)
[2026-05-21 23:04:33] [DEBUG] [ShopBot] OCR 分类 '70装备泰拉靴子商人亚彼荷可购买1次' → equipment (conf=0.70)
[2026-05-21 23:04:34] [INFO] [ShopBot] 物品 2 (y=389-482): '70装备泰拉靴子商人亚彼荷可购买1次' → equipment (conf=0.70), 价格 380000, 货币 gold, 购买按钮 @ (1192, 456)
[2026-05-21 23:04:34] [DEBUG] [ShopBot] OCR 分类 '装备55精巧的恶魔之商人亚彼荷可购买1次' → equipment (conf=0.70)
[2026-05-21 23:04:35] [INFO] [ShopBot] 物品 3 (y=534-627): '装备55精巧的恶魔之商人亚彼荷可购买1次' → equipment (conf=0.70), 价格 240000, 货币 gold, 购买按钮 @ (1192, 601)
[2026-05-21 23:04:38] [INFO] [ShopBot] 物品 4 (y=640-705): '英雄' → unknown (conf=0.10), 价格 0, 货币 gold
[2026-05-21 23:04:38] [INFO] [ShopBot] 跳过物品: equipment
[2026-05-21 23:04:38] [INFO] [ShopBot] 跳过物品: equipment
[2026-05-21 23:04:38] [INFO] [ShopBot] 跳过物品: equipment
[2026-05-21 23:04:38] [INFO] [ShopBot] 跳过物品: equipment
[2026-05-21 23:04:38] [INFO] [ShopBot] 跳过物品: unknown
[2026-05-21 23:04:38] [INFO] [ShopBot] 货架处理完成，共购买 0 个物品
[2026-05-21 23:04:38] [INFO] [ShopBot] 第 0 次查看，购买 0 个物品
[2026-05-21 23:04:38] [INFO] [ShopBot] 滑动 (640, 400) -> (640, 150), 时长 0.3s
[2026-05-21 23:04:40] [INFO] [ShopBot] 动态检测到 4 个物品行: [(154, 260), (311, 405), (458, 550), (602, 695)]
[2026-05-21 23:04:41] [DEBUG] [ShopBot] OCR 分类 '70装备泰拉靴子商人亚彼荷可购买1次' → equipment (conf=0.70)
[2026-05-21 23:04:42] [INFO] [ShopBot] 物品 0 (y=154-260): '70装备泰拉靴子商人亚彼荷可购买1次' → equipment (conf=0.70), 价格 380000, 货币 gold, 购买按钮 @ (1192, 234)
[2026-05-21 23:04:42] [DEBUG] [ShopBot] OCR 分类 '55装备精巧的恶魔之商人亚彼荷可购买1次' → equipment (conf=0.70)
[2026-05-21 23:04:43] [INFO] [ShopBot] 物品 1 (y=311-405): '55装备精巧的恶魔之商人亚彼荷可购买1次' → equipment (conf=0.70), 价格 240000, 货币 gold, 购买按钮 @ (1192, 379)
[2026-05-21 23:04:45] [INFO] [ShopBot] 物品 2 (y=458-550): '英雄旅行者卡宁奈汉库伊可购买1次' → unknown (conf=0.10), 价格 29000, 货币 gold, 购买按钮 @ (1192, 524)
[2026-05-21 23:04:46] [INFO] [ShopBot] 物品 3 (y=602-695): '英雄暗影龙族士兵奈汉库伊可购买1次' → unknown (conf=0.10), 价格 29000, 货币 gold, 购买按钮 @ (1192, 669)
[2026-05-21 23:04:46] [INFO] [ShopBot] 跳过物品: equipment
[2026-05-21 23:04:46] [INFO] [ShopBot] 跳过物品: equipment
[2026-05-21 23:04:46] [INFO] [ShopBot] 跳过物品: unknown
[2026-05-21 23:04:46] [INFO] [ShopBot] 跳过物品: unknown
[2026-05-21 23:04:46] [INFO] [ShopBot] 货架处理完成，共购买 0 个物品
[2026-05-21 23:04:46] [INFO] [ShopBot] 第 1 次查看，购买 0 个物品
[2026-05-21 23:04:46] [INFO] [ShopBot] 滑动 (640, 400) -> (640, 150), 时长 0.3s
[2026-05-21 23:04:48] [INFO] [ShopBot] 动态检测到 4 个物品行: [(154, 260), (311, 405), (458, 550), (602, 705)]
[2026-05-21 23:04:49] [DEBUG] [ShopBot] OCR 分类 '70装备泰拉靴子商人亚彼荷可购买1次' → equipment (conf=0.70)
[2026-05-21 23:04:50] [INFO] [ShopBot] 物品 0 (y=154-260): '70装备泰拉靴子商人亚彼荷可购买1次' → equipment (conf=0.70), 价格 380000, 货币 gold, 购买按钮 @ (1192, 234)
[2026-05-21 23:04:50] [DEBUG] [ShopBot] OCR 分类 '55装备精巧的恶魔之商人亚彼荷可购买1次' → equipment (conf=0.70)
[2026-05-21 23:04:51] [INFO] [ShopBot] 物品 1 (y=311-405): '55装备精巧的恶魔之商人亚彼荷可购买1次' → equipment (conf=0.70), 价格 240000, 货币 gold, 购买按钮 @ (1192, 379)
[2026-05-21 23:04:53] [INFO] [ShopBot] 物品 2 (y=458-550): '英雄旅行者卡宁奈汉库伊可购买1次' → unknown (conf=0.10), 价格 29000, 货币 gold, 购买按钮 @ (1192, 524)
[2026-05-21 23:04:55] [INFO] [ShopBot] 物品 3 (y=602-705): '英雄暗影龙族士兵奈汉库伊可购买1次' → unknown (conf=0.10), 价格 29000, 货币 gold, 购买按钮 @ (1192, 669)
[2026-05-21 23:04:55] [INFO] [ShopBot] 已到达货架底部（第 2 次滑动后，识别结果无变化）
[2026-05-21 23:04:55] [INFO] [ShopBot] 寻找刷新按钮（第 1 次）
[2026-05-21 23:04:56] [DEBUG] [ShopBot] 找到刷新按钮 '立即更新' 在 (268, 659)
[2026-05-21 23:04:56] [INFO] [ShopBot] 点击刷新按钮 (268, 659)
[2026-05-21 23:04:56] [INFO] [ShopBot] 点击坐标 (268, 659)
[2026-05-21 23:04:57] [INFO] [ShopBot] 检测到刷新确认弹窗，点击确认 (748, 460)
[2026-05-21 23:04:57] [INFO] [ShopBot] 点击坐标 (748, 460)
[2026-05-21 23:04:58] [INFO] [ShopBot] 等待货架加载...
[2026-05-21 23:05:00] [INFO] [ShopBot] ===== 第 3 轮 =====
[2026-05-21 23:05:00] [INFO] [ShopBot] 滑动到货架顶部...
[2026-05-21 23:05:00] [INFO] [ShopBot] 滑动 (640, 150) -> (640, 400), 时长 0.3s
[2026-05-21 23:05:00] [INFO] [ShopBot] 滑动 (640, 150) -> (640, 400), 时长 0.3s
[2026-05-21 23:05:01] [INFO] [ShopBot] 滑动 (640, 150) -> (640, 400), 时长 0.3s
[2026-05-21 23:05:02] [INFO] [ShopBot] 动态检测到 5 个物品行: [(98, 192), (243, 337), (388, 482), (533, 627), (640, 705)]
[2026-05-21 23:05:03] [DEBUG] [ShopBot] OCR 分类 '55装备灿烂精髓长袍商人亚彼荷可购买1次' → equipment (conf=0.70)
[2026-05-21 23:05:04] [INFO] [ShopBot] 物品 0 (y=98-192): '55装备灿烂精髓长袍商人亚彼荷可购买1次' → equipment (conf=0.70), 价格 240000, 货币 gold, 购买按钮 @ (1192, 166)
[2026-05-21 23:05:04] [DEBUG] [ShopBot] OCR 分类 '55装备毒脚爪项链妮萨可购买1次' → equipment (conf=0.70)
[2026-05-21 23:05:05] [INFO] [ShopBot] 物品 1 (y=243-337): '55装备毒脚爪项链妮萨可购买1次' → equipment (conf=0.70), 价格 240000, 货币 gold, 购买按钮 @ (1192, 311)
[2026-05-21 23:05:06] [DEBUG] [ShopBot] OCR 分类 '70装备破灭精髓长袍商人亚彼荷可购买1次' → equipment (conf=0.70)
[2026-05-21 23:05:07] [INFO] [ShopBot] 物品 2 (y=388-482): '70装备破灭精髓长袍商人亚彼荷可购买1次' → equipment (conf=0.70), 价格 380000, 货币 gold, 购买按钮 @ (1192, 456)
[2026-05-21 23:05:07] [DEBUG] [ShopBot] OCR 分类 '装备70泰拉头盔商人亚彼荷可购买1次' → equipment (conf=0.70)
[2026-05-21 23:10:12] [INFO] [ShopBot] 配置已加载 - 设备: 127.0.0.1:16384, 截图: ADB, 控制: ADB
[2026-05-21 23:10:12] [INFO] [ShopBot] 购买列表 - 书签: True, 神秘奖章: True, 装备: False, 狗粮: False
[2026-05-21 23:10:12] [INFO] [ShopBot] 刷新上限: 200, 天空石阈值: 0, 金币阈值: 0, 书签上限: 不限, 神秘上限: 100, 天空石消耗上限: 不限
[2026-05-21 23:10:12] [INFO] [ShopBot] 正在启动 Web UI，监听 localhost:8080 ...
[2026-05-21 23:11:57] [INFO] [ShopBot] 正在连接设备 127.0.0.1:16384（第 1/3 次）
[2026-05-21 23:11:57] [INFO] [ShopBot] ShopBot 已启动
[2026-05-21 23:11:57] [INFO] [ShopBot] 设备连接成功: 127.0.0.1:16384
[2026-05-21 23:11:57] [INFO] [ShopBot] 开始导航至秘密商店（超时 30.0s）
[2026-05-21 23:11:58] [DEBUG] [ShopBot] 秘密商店检测: 导航顶部=51 导航中部=211 内容区=54
[2026-05-21 23:11:58] [INFO] [ShopBot] 场景检测: 秘密商店
[2026-05-21 23:11:58] [INFO] [ShopBot] 已到达秘密商店
[2026-05-21 23:11:58] [INFO] [ShopBot] ===== 第 1 轮 =====
[2026-05-21 23:11:58] [INFO] [ShopBot] 滑动到货架顶部...
[2026-05-21 23:11:58] [INFO] [ShopBot] 滑动 (640, 150) -> (640, 400), 时长 0.3s
[2026-05-21 23:11:59] [INFO] [ShopBot] 滑动 (640, 150) -> (640, 400), 时长 0.3s
[2026-05-21 23:11:59] [INFO] [ShopBot] 滑动 (640, 150) -> (640, 400), 时长 0.3s
[2026-05-21 23:12:01] [INFO] [ShopBot] 动态检测到 5 个物品行: [(98, 192), (244, 337), (389, 482), (534, 627), (629, 705)]
[2026-05-21 23:12:01] [INFO] [ShopBot] 初始化 RapidOCR 引擎（首次加载约需数秒）...
[2026-05-21 23:12:01] [INFO] [ShopBot] RapidOCR 引擎就绪（耗时 0.5s）
[2026-05-21 23:12:03] [DEBUG] [ShopBot] OCR 分类 '55装备灿烂精髓长袍商人亚彼荷可购买1次' → equipment (conf=0.70)
[2026-05-21 23:12:05] [INFO] [ShopBot] 物品 0 (y=98-192): '55装备灿烂精髓长袍商人亚彼荷可购买1次' → equipment (conf=0.70), 价格 240000, 货币 gold, 购买按钮 @ (1192, 166)
[2026-05-21 23:12:05] [DEBUG] [ShopBot] OCR 分类 '55装备毒脚爪项链妮萨可购买1次' → equipment (conf=0.70)
[2026-05-21 23:12:07] [INFO] [ShopBot] 物品 1 (y=244-337): '55装备毒脚爪项链妮萨可购买1次' → equipment (conf=0.70), 价格 240000, 货币 gold, 购买按钮 @ (1192, 311)
[2026-05-21 23:12:07] [DEBUG] [ShopBot] OCR 分类 '70装备破灭精髓长袍商人亚彼荷可购买1次' → equipment (conf=0.70)
[2026-05-21 23:12:08] [INFO] [ShopBot] 物品 2 (y=389-482): '70装备破灭精髓长袍商人亚彼荷可购买1次' → equipment (conf=0.70), 价格 380000, 货币 gold, 购买按钮 @ (1192, 456)
[2026-05-21 23:12:08] [DEBUG] [ShopBot] OCR 分类 '装备70泰拉头盔商人亚彼荷可购买1次' → equipment (conf=0.70)
[2026-05-21 23:12:09] [INFO] [ShopBot] 物品 3 (y=534-627): '装备70泰拉头盔商人亚彼荷可购买1次' → equipment (conf=0.70), 价格 560000, 货币 gold, 购买按钮 @ (1192, 601)
[2026-05-21 23:12:10] [DEBUG] [ShopBot] OCR 分类 '70装备' → equipment (conf=0.70)
[2026-05-21 23:12:12] [INFO] [ShopBot] 物品 4 (y=629-705): '70装备' → equipment (conf=0.70), 价格 0, 货币 gold
[2026-05-21 23:12:12] [INFO] [ShopBot] 跳过物品: equipment
[2026-05-21 23:12:12] [INFO] [ShopBot] 跳过物品: equipment
[2026-05-21 23:12:12] [INFO] [ShopBot] 跳过物品: equipment
[2026-05-21 23:12:12] [INFO] [ShopBot] 跳过物品: equipment
[2026-05-21 23:12:12] [INFO] [ShopBot] 跳过物品: equipment
[2026-05-21 23:12:12] [INFO] [ShopBot] 货架处理完成，共购买 0 个物品
[2026-05-21 23:12:12] [INFO] [ShopBot] 第 0 次查看，购买 0 个物品
[2026-05-21 23:12:12] [INFO] [ShopBot] 滑动 (640, 400) -> (640, 150), 时长 0.3s
[2026-05-21 23:12:14] [INFO] [ShopBot] 动态检测到 4 个物品行: [(154, 260), (311, 405), (456, 550), (602, 705)]
[2026-05-21 23:12:15] [DEBUG] [ShopBot] OCR 分类 '70装备破灭精髓长袍商人亚彼荷可购买1次' → equipment (conf=0.70)
[2026-05-21 23:12:17] [INFO] [ShopBot] 物品 0 (y=154-260): '70装备破灭精髓长袍商人亚彼荷可购买1次' → equipment (conf=0.70), 价格 380000, 货币 gold, 购买按钮 @ (1192, 234)
[2026-05-21 23:12:17] [DEBUG] [ShopBot] OCR 分类 '70装备泰拉头盔商人亚彼荷可购买1次' → equipment (conf=0.70)
[2026-05-21 23:12:18] [INFO] [ShopBot] 物品 1 (y=311-405): '70装备泰拉头盔商人亚彼荷可购买1次' → equipment (conf=0.70), 价格 560000, 货币 gold, 购买按钮 @ (1192, 379)
[2026-05-21 23:12:18] [DEBUG] [ShopBot] OCR 分类 '70装备钻石戒指妮萨可购买1次' → equipment (conf=0.70)
[2026-05-21 23:12:19] [INFO] [ShopBot] 物品 2 (y=456-550): '70装备钻石戒指妮萨可购买1次' → equipment (conf=0.70), 价格 560000, 货币 skystone, 购买按钮 @ (1192, 524)
[2026-05-21 23:12:22] [INFO] [ShopBot] 物品 3 (y=602-705): '英雄野生安卡拉奈汉库伊可购买1次' → unknown (conf=0.10), 价格 29000, 货币 gold, 购买按钮 @ (1192, 669)
[2026-05-21 23:12:22] [INFO] [ShopBot] 跳过物品: equipment
[2026-05-21 23:12:22] [INFO] [ShopBot] 跳过物品: equipment
[2026-05-21 23:12:22] [INFO] [ShopBot] 跳过天空石物品: equipment
[2026-05-21 23:12:22] [INFO] [ShopBot] 跳过物品: equipment
[2026-05-21 23:12:22] [INFO] [ShopBot] 跳过物品: unknown
[2026-05-21 23:12:22] [INFO] [ShopBot] 货架处理完成，共购买 0 个物品
[2026-05-21 23:12:22] [INFO] [ShopBot] 第 1 次查看，购买 0 个物品
[2026-05-21 23:12:22] [INFO] [ShopBot] 滑动 (640, 400) -> (640, 150), 时长 0.3s
[2026-05-21 23:12:24] [INFO] [ShopBot] 动态检测到 4 个物品行: [(154, 260), (311, 405), (456, 550), (602, 705)]
[2026-05-21 23:12:25] [DEBUG] [ShopBot] OCR 分类 '70装备破灭精髓长袍商人亚彼荷可购买1次' → equipment (conf=0.70)
[2026-05-21 23:12:26] [INFO] [ShopBot] 物品 0 (y=154-260): '70装备破灭精髓长袍商人亚彼荷可购买1次' → equipment (conf=0.70), 价格 380000, 货币 gold, 购买按钮 @ (1192, 234)
[2026-05-21 23:12:26] [DEBUG] [ShopBot] OCR 分类 '70装备泰拉头盔商人亚彼荷可购买1次' → equipment (conf=0.70)
[2026-05-21 23:12:27] [INFO] [ShopBot] 物品 1 (y=311-405): '70装备泰拉头盔商人亚彼荷可购买1次' → equipment (conf=0.70), 价格 560000, 货币 gold, 购买按钮 @ (1192, 379)
[2026-05-21 23:12:27] [DEBUG] [ShopBot] OCR 分类 '70装备钻石戒指妮萨可购买1次' → equipment (conf=0.70)
[2026-05-21 23:12:28] [INFO] [ShopBot] 物品 2 (y=456-550): '70装备钻石戒指妮萨可购买1次' → equipment (conf=0.70), 价格 560000, 货币 skystone, 购买按钮 @ (1192, 524)
[2026-05-21 23:12:30] [INFO] [ShopBot] 物品 3 (y=602-705): '英雄野生安卡拉奈汉库伊可购买1次' → unknown (conf=0.10), 价格 29000, 货币 gold, 购买按钮 @ (1192, 669)
[2026-05-21 23:12:30] [INFO] [ShopBot] 已到达货架底部（第 2 次滑动后，识别结果无变化）
[2026-05-21 23:12:30] [INFO] [ShopBot] 寻找刷新按钮（第 1 次）
[2026-05-21 23:12:31] [DEBUG] [ShopBot] 找到刷新按钮 '立即更新' 在 (268, 659)
[2026-05-21 23:12:31] [INFO] [ShopBot] 点击刷新按钮 (268, 659)
[2026-05-21 23:12:31] [INFO] [ShopBot] 点击坐标 (268, 659)
[2026-05-21 23:12:33] [INFO] [ShopBot] 检测到刷新确认弹窗，点击确认 (748, 460)
[2026-05-21 23:12:33] [INFO] [ShopBot] 点击坐标 (748, 460)
[2026-05-21 23:12:34] [INFO] [ShopBot] 等待货架加载...
[2026-05-21 23:12:36] [INFO] [ShopBot] ===== 第 2 轮 =====
[2026-05-21 23:12:36] [INFO] [ShopBot] 滑动到货架顶部...
[2026-05-21 23:12:36] [INFO] [ShopBot] 滑动 (640, 150) -> (640, 400), 时长 0.3s
[2026-05-21 23:12:36] [INFO] [ShopBot] 滑动 (640, 150) -> (640, 400), 时长 0.3s
[2026-05-21 23:12:37] [INFO] [ShopBot] 滑动 (640, 150) -> (640, 400), 时长 0.3s
[2026-05-21 23:12:38] [INFO] [ShopBot] 动态检测到 5 个物品行: [(100, 192), (244, 337), (390, 482), (534, 627), (639, 705)]
[2026-05-21 23:12:41] [INFO] [ShopBot] 物品 0 (y=100-192): '英雄审判狮鹫奈汉库伊可购买1次' → unknown (conf=0.10), 价格 29000, 货币 gold, 购买按钮 @ (1192, 166)
[2026-05-21 23:12:43] [INFO] [ShopBot] 物品 1 (y=244-337): '货币友情点数诺诺里50可购买1次' → unknown (conf=0.10), 价格 18000, 货币 gold, 购买按钮 @ (1192, 311)
[2026-05-21 23:12:45] [INFO] [ShopBot] 物品 2 (y=390-482): '英雄冷血精锐骑士可购买1次奈汉库伊' → unknown (conf=0.10), 价格 29000, 货币 gold, 购买按钮 @ (1192, 456)
[2026-05-21 23:12:45] [DEBUG] [ShopBot] OCR 分类 '装备55奥利哈钢长剑商人亚彼荷可购买1次' → equipment (conf=0.70)
[2026-05-21 23:12:46] [INFO] [ShopBot] 物品 3 (y=534-627): '装备55奥利哈钢长剑商人亚彼荷可购买1次' → equipment (conf=0.70), 价格 360000, 货币 gold, 购买按钮 @ (1192, 601)
[2026-05-21 23:12:49] [INFO] [ShopBot] 物品 4 (y=639-705): '英雄' → unknown (conf=0.10), 价格 0, 货币 gold
[2026-05-21 23:12:49] [INFO] [ShopBot] 跳过物品: unknown
[2026-05-21 23:12:49] [INFO] [ShopBot] 跳过物品: unknown
[2026-05-21 23:12:49] [INFO] [ShopBot] 跳过物品: unknown
[2026-05-21 23:12:49] [INFO] [ShopBot] 跳过物品: equipment
[2026-05-21 23:12:49] [INFO] [ShopBot] 跳过物品: unknown
[2026-05-21 23:12:49] [INFO] [ShopBot] 货架处理完成，共购买 0 个物品
[2026-05-21 23:12:49] [INFO] [ShopBot] 第 0 次查看，购买 0 个物品
[2026-05-21 23:12:49] [INFO] [ShopBot] 滑动 (640, 400) -> (640, 150), 时长 0.3s
[2026-05-21 23:12:52] [INFO] [ShopBot] 动态检测到 4 个物品行: [(154, 262), (314, 408), (460, 552), (599, 705)]
[2026-05-21 23:12:55] [INFO] [ShopBot] 物品 0 (y=154-262): '英雄冷血精锐骑士可购买1次奈汉库伊' → unknown (conf=0.10), 价格 29000, 货币 gold, 购买按钮 @ (1193, 237)
[2026-05-21 23:12:55] [DEBUG] [ShopBot] OCR 分类 '装备55奥利哈钢长剑商人亚彼荷可购买1次' → equipment (conf=0.70)
[2026-05-21 23:12:56] [INFO] [ShopBot] 物品 1 (y=314-408): '装备55奥利哈钢长剑商人亚彼荷可购买1次' → equipment (conf=0.70), 价格 360000, 货币 gold, 购买按钮 @ (1192, 381)
[2026-05-21 23:12:57] [INFO] [ShopBot] 物品 2 (y=460-552): '英雄精锐兵拉宾奈汉库伊可购买1次' → unknown (conf=0.10), 价格 29000, 货币 gold, 购买按钮 @ (1192, 526)
[2026-05-21 23:12:58] [DEBUG] [ShopBot] OCR 分类 '55装备毒脚爪项链妮萨可购买1次' → equipment (conf=0.70)
[2026-05-21 23:12:59] [INFO] [ShopBot] 物品 3 (y=599-705): '55装备毒脚爪项链妮萨可购买1次' → equipment (conf=0.70), 价格 240000, 货币 gold, 购买按钮 @ (1192, 672)
[2026-05-21 23:12:59] [INFO] [ShopBot] 跳过物品: unknown
[2026-05-21 23:12:59] [INFO] [ShopBot] 跳过物品: equipment
[2026-05-21 23:12:59] [INFO] [ShopBot] 跳过物品: unknown
[2026-05-21 23:12:59] [INFO] [ShopBot] 跳过物品: equipment
[2026-05-21 23:12:59] [INFO] [ShopBot] 货架处理完成，共购买 0 个物品
[2026-05-21 23:12:59] [INFO] [ShopBot] 第 1 次查看，购买 0 个物品
[2026-05-21 23:12:59] [INFO] [ShopBot] 滑动 (640, 400) -> (640, 150), 时长 0.3s
[2026-05-21 23:13:01] [INFO] [ShopBot] 动态检测到 4 个物品行: [(154, 259), (311, 405), (458, 550), (601, 695)]
[2026-05-21 23:13:03] [INFO] [ShopBot] 物品 0 (y=154-259): '英雄冷血精锐骑士奈汉库伊可购买1次' → unknown (conf=0.10), 价格 29000, 货币 gold, 购买按钮 @ (1192, 234)
[2026-05-21 23:13:03] [DEBUG] [ShopBot] OCR 分类 '55装备奥利哈钢长剑商人亚彼荷可购买1次' → equipment (conf=0.70)
[2026-05-21 23:13:04] [INFO] [ShopBot] 物品 1 (y=311-405): '55装备奥利哈钢长剑商人亚彼荷可购买1次' → equipment (conf=0.70), 价格 360000, 货币 gold, 购买按钮 @ (1192, 379)
[2026-05-21 23:13:06] [INFO] [ShopBot] 物品 2 (y=458-550): '英雄精锐兵拉宾奈汉库伊可购买1次' → unknown (conf=0.10), 价格 29000, 货币 gold, 购买按钮 @ (1192, 524)
[2026-05-21 23:13:07] [DEBUG] [ShopBot] OCR 分类 '55装备毒脚爪项链妮萨可购买1次' → equipment (conf=0.70)
[2026-05-21 23:13:07] [INFO] [ShopBot] 物品 3 (y=601-695): '55装备毒脚爪项链妮萨可购买1次' → equipment (conf=0.70), 价格 240000, 货币 gold, 购买按钮 @ (1192, 669)
[2026-05-21 23:13:07] [INFO] [ShopBot] 跳过物品: unknown
[2026-05-21 23:13:07] [INFO] [ShopBot] 跳过物品: equipment
[2026-05-21 23:13:07] [INFO] [ShopBot] 跳过物品: unknown
[2026-05-21 23:13:07] [INFO] [ShopBot] 跳过物品: equipment
[2026-05-21 23:13:07] [INFO] [ShopBot] 货架处理完成，共购买 0 个物品
[2026-05-21 23:13:07] [INFO] [ShopBot] 第 2 次查看，购买 0 个物品
[2026-05-21 23:13:07] [INFO] [ShopBot] 滑动 (640, 400) -> (640, 150), 时长 0.3s
[2026-05-21 23:13:10] [INFO] [ShopBot] 动态检测到 4 个物品行: [(154, 259), (311, 405), (458, 550), (601, 705)]
[2026-05-21 23:13:11] [INFO] [ShopBot] 物品 0 (y=154-259): '英雄冷血精锐骑士奈汉库伊可购买1次' → unknown (conf=0.10), 价格 29000, 货币 gold, 购买按钮 @ (1192, 234)
[2026-05-21 23:13:12] [DEBUG] [ShopBot] OCR 分类 '55装备奥利哈钢长剑商人亚彼荷可购买1次' → equipment (conf=0.70)
[2026-05-21 23:13:13] [INFO] [ShopBot] 物品 1 (y=311-405): '55装备奥利哈钢长剑商人亚彼荷可购买1次' → equipment (conf=0.70), 价格 360000, 货币 gold, 购买按钮 @ (1192, 379)
[2026-05-21 23:13:14] [INFO] [ShopBot] 物品 2 (y=458-550): '英雄精锐兵拉宾奈汉库伊可购买1次' → unknown (conf=0.10), 价格 29000, 货币 gold, 购买按钮 @ (1192, 524)
[2026-05-21 23:13:15] [DEBUG] [ShopBot] OCR 分类 '55装备毒脚爪项链妮萨可购买1次' → equipment (conf=0.70)
[2026-05-21 23:13:16] [INFO] [ShopBot] 物品 3 (y=601-705): '55装备毒脚爪项链妮萨可购买1次' → equipment (conf=0.70), 价格 240000, 货币 gold, 购买按钮 @ (1192, 669)
[2026-05-21 23:13:16] [INFO] [ShopBot] 已到达货架底部（第 3 次滑动后，识别结果无变化）
[2026-05-21 23:13:16] [INFO] [ShopBot] 寻找刷新按钮（第 1 次）
[2026-05-21 23:13:17] [DEBUG] [ShopBot] 找到刷新按钮 '立即更新' 在 (268, 659)
[2026-05-21 23:13:17] [INFO] [ShopBot] 点击刷新按钮 (268, 659)
[2026-05-21 23:13:17] [INFO] [ShopBot] 点击坐标 (268, 659)
[2026-05-21 23:13:18] [INFO] [ShopBot] 检测到刷新确认弹窗，点击确认 (748, 460)
[2026-05-21 23:13:18] [INFO] [ShopBot] 点击坐标 (748, 460)
[2026-05-21 23:13:19] [INFO] [ShopBot] 等待货架加载...
[2026-05-21 23:13:21] [INFO] [ShopBot] ===== 第 3 轮 =====
[2026-05-21 23:13:21] [INFO] [ShopBot] 滑动到货架顶部...
[2026-05-21 23:13:21] [INFO] [ShopBot] 滑动 (640, 150) -> (640, 400), 时长 0.3s
[2026-05-21 23:13:22] [INFO] [ShopBot] 滑动 (640, 150) -> (640, 400), 时长 0.3s
[2026-05-21 23:13:23] [INFO] [ShopBot] 滑动 (640, 150) -> (640, 400), 时长 0.3s
[2026-05-21 23:13:24] [INFO] [ShopBot] 动态检测到 5 个物品行: [(98, 192), (244, 336), (389, 481), (534, 627), (640, 705)]
[2026-05-21 23:13:25] [DEBUG] [ShopBot] OCR 分类 '55装备叫龙兽皮甲商人亚彼荷可购买1次' → equipment (conf=0.70)
[2026-05-21 23:13:26] [INFO] [ShopBot] 物品 0 (y=98-192): '55装备叫龙兽皮甲商人亚彼荷可购买1次' → equipment (conf=0.70), 价格 360000, 货币 gold, 购买按钮 @ (1192, 166)
[2026-05-21 23:13:27] [INFO] [ShopBot] 物品 1 (y=244-336): '英雄寒气碎片奈汉库伊可购买1次' → unknown (conf=0.10), 价格 29000, 货币 gold, 购买按钮 @ (1192, 311)
[2026-05-21 23:13:28] [DEBUG] [ShopBot] OCR 分类 '英雄骨头史莱姆可购买1次奈汉库伊' → fodder (conf=0.65)
[2026-05-21 23:13:29] [INFO] [ShopBot] 物品 2 (y=389-481): '英雄骨头史莱姆可购买1次奈汉库伊' → fodder (conf=0.65), 价格 29000, 货币 gold, 购买按钮 @ (1192, 456)
[2026-05-21 23:13:30] [INFO] [ShopBot] 物品 3 (y=534-627): '英雄卡洛斯侦察兵奈汉库伊可购买1次' → unknown (conf=0.10), 价格 29000, 货币 gold, 购买按钮 @ (1192, 601)
[2026-05-21 23:13:33] [INFO] [ShopBot] 物品 4 (y=640-705): '√英雄' → unknown (conf=0.10), 价格 0, 货币 gold
[2026-05-21 23:13:33] [INFO] [ShopBot] 跳过物品: equipment
[2026-05-21 23:13:33] [INFO] [ShopBot] 跳过物品: unknown
[2026-05-21 23:13:33] [INFO] [ShopBot] 跳过物品: fodder
[2026-05-21 23:13:33] [INFO] [ShopBot] 跳过物品: unknown
[2026-05-21 23:13:33] [INFO] [ShopBot] 跳过物品: unknown
[2026-05-21 23:13:33] [INFO] [ShopBot] 货架处理完成，共购买 0 个物品
[2026-05-21 23:13:33] [INFO] [ShopBot] 第 0 次查看，购买 0 个物品
[2026-05-21 23:13:33] [INFO] [ShopBot] 滑动 (640, 400) -> (640, 150), 时长 0.3s
[2026-05-21 23:13:36] [INFO] [ShopBot] 动态检测到 4 个物品行: [(154, 259), (313, 405), (458, 550), (601, 705)]
[2026-05-21 23:13:36] [DEBUG] [ShopBot] OCR 分类 '英雄骨头史莱姆奈汉库伊可购买1次' → fodder (conf=0.65)
[2026-05-21 23:13:37] [INFO] [ShopBot] 物品 0 (y=154-259): '英雄骨头史莱姆奈汉库伊可购买1次' → fodder (conf=0.65), 价格 29000, 货币 gold, 购买按钮 @ (1192, 234)
[2026-05-21 23:13:39] [INFO] [ShopBot] 物品 1 (y=313-405): '英雄卡洛斯侦察兵奈汉库伊可购买1次' → unknown (conf=0.10), 价格 29000, 货币 gold, 购买按钮 @ (1192, 379)
[2026-05-21 23:13:40] [INFO] [ShopBot] 物品 2 (y=458-550): '英雄受苦的龙族士奈汉库伊可购买1次' → unknown (conf=0.10), 价格 29000, 货币 gold, 购买按钮 @ (1192, 524)
[2026-05-21 23:13:42] [INFO] [ShopBot] 物品 3 (y=601-705): '货币友情点数诺诺里50可购买1次' → unknown (conf=0.10), 价格 18000, 货币 gold, 购买按钮 @ (1192, 669)
[2026-05-21 23:13:42] [INFO] [ShopBot] 跳过物品: fodder
[2026-05-21 23:13:42] [INFO] [ShopBot] 跳过物品: unknown
[2026-05-21 23:13:42] [INFO] [ShopBot] 跳过物品: unknown
[2026-05-21 23:13:42] [INFO] [ShopBot] 跳过物品: unknown
[2026-05-21 23:13:42] [INFO] [ShopBot] 货架处理完成，共购买 0 个物品
[2026-05-21 23:13:42] [INFO] [ShopBot] 第 1 次查看，购买 0 个物品
[2026-05-21 23:13:42] [INFO] [ShopBot] 滑动 (640, 400) -> (640, 150), 时长 0.3s
[2026-05-21 23:13:44] [INFO] [ShopBot] 动态检测到 4 个物品行: [(154, 259), (313, 405), (458, 550), (601, 705)]
[2026-05-21 23:13:45] [DEBUG] [ShopBot] OCR 分类 '英雄骨头史莱姆奈汉库伊可购买1次' → fodder (conf=0.65)
[2026-05-21 23:13:46] [INFO] [ShopBot] 物品 0 (y=154-259): '英雄骨头史莱姆奈汉库伊可购买1次' → fodder (conf=0.65), 价格 29000, 货币 gold, 购买按钮 @ (1192, 234)
[2026-05-21 23:13:47] [INFO] [ShopBot] 物品 1 (y=313-405): '英雄卡洛斯侦察兵奈汉库伊可购买1次' → unknown (conf=0.10), 价格 29000, 货币 gold, 购买按钮 @ (1192, 379)
[2026-05-21 23:13:49] [INFO] [ShopBot] 物品 2 (y=458-550): '英雄受苦的龙族士奈汉库伊可购买1次' → unknown (conf=0.10), 价格 29000, 货币 gold, 购买按钮 @ (1192, 524)
[2026-05-21 23:13:50] [INFO] [ShopBot] 物品 3 (y=601-705): '货币友情点数诺诺里50可购买1次' → unknown (conf=0.10), 价格 18000, 货币 gold, 购买按钮 @ (1192, 669)
[2026-05-21 23:13:50] [INFO] [ShopBot] 已到达货架底部（第 2 次滑动后，识别结果无变化）
[2026-05-21 23:13:50] [INFO] [ShopBot] 寻找刷新按钮（第 1 次）
[2026-05-21 23:13:51] [DEBUG] [ShopBot] 找到刷新按钮 '立即更新' 在 (268, 659)
[2026-05-21 23:13:51] [INFO] [ShopBot] 点击刷新按钮 (268, 659)
[2026-05-21 23:13:51] [INFO] [ShopBot] 点击坐标 (268, 659)
[2026-05-21 23:13:52] [INFO] [ShopBot] 检测到刷新确认弹窗，点击确认 (748, 460)
[2026-05-21 23:13:52] [INFO] [ShopBot] 点击坐标 (748, 460)
[2026-05-21 23:13:53] [INFO] [ShopBot] 等待货架加载...
[2026-05-21 23:13:55] [INFO] [ShopBot] ===== 第 4 轮 =====
[2026-05-21 23:13:55] [INFO] [ShopBot] 滑动到货架顶部...
[2026-05-21 23:13:55] [INFO] [ShopBot] 滑动 (640, 150) -> (640, 400), 时长 0.3s
[2026-05-21 23:13:56] [INFO] [ShopBot] 滑动 (640, 150) -> (640, 400), 时长 0.3s
[2026-05-21 23:13:56] [INFO] [ShopBot] 滑动 (640, 150) -> (640, 400), 时长 0.3s
[2026-05-21 23:13:58] [INFO] [ShopBot] 动态检测到 5 个物品行: [(100, 192), (245, 337), (390, 482), (534, 627), (639, 705)]
[2026-05-21 23:14:00] [INFO] [ShopBot] 物品 0 (y=100-192): '英雄寒冰普纽洛奈汉库伊可购买1次' → unknown (conf=0.10), 价格 29000, 货币 gold, 购买按钮 @ (1192, 166)
[2026-05-21 23:14:00] [DEBUG] [ShopBot] OCR 分类 '英雄铁血剑兵奈汉库伊可购买1次' → equipment (conf=0.65)
[2026-05-21 23:14:01] [INFO] [ShopBot] 物品 1 (y=245-337): '英雄铁血剑兵奈汉库伊可购买1次' → equipment (conf=0.65), 价格 29000, 货币 gold, 购买按钮 @ (1192, 311)
[2026-05-21 23:14:03] [INFO] [ShopBot] 物品 2 (y=390-482): '英雄欺瞒纽洛普可购买1次奈汉库伊' → unknown (conf=0.10), 价格 29000, 货币 gold, 购买按钮 @ (1192, 456)
[2026-05-21 23:14:03] [DEBUG] [ShopBot] OCR 分类 '装备70青龙红玉妮萨可购买1次' → equipment (conf=0.70)
[2026-05-21 23:14:04] [INFO] [ShopBot] 物品 3 (y=534-627): '装备70青龙红玉妮萨可购买1次' → equipment (conf=0.70), 价格 380000, 货币 gold, 购买按钮 @ (1192, 601)
[2026-05-21 23:14:06] [INFO] [ShopBot] 物品 4 (y=639-705): '货币' → unknown (conf=0.10), 价格 0, 货币 gold
[2026-05-21 23:14:06] [INFO] [ShopBot] 跳过物品: unknown
[2026-05-21 23:14:06] [INFO] [ShopBot] 跳过物品: equipment
[2026-05-21 23:14:06] [INFO] [ShopBot] 跳过物品: unknown
[2026-05-21 23:14:06] [INFO] [ShopBot] 跳过物品: equipment
[2026-05-21 23:14:06] [INFO] [ShopBot] 跳过物品: unknown
[2026-05-21 23:14:06] [INFO] [ShopBot] 货架处理完成，共购买 0 个物品
[2026-05-21 23:14:06] [INFO] [ShopBot] 第 0 次查看，购买 0 个物品
[2026-05-21 23:14:06] [INFO] [ShopBot] 滑动 (640, 400) -> (640, 150), 时长 0.3s
[2026-05-21 23:14:08] [INFO] [ShopBot] 动态检测到 5 个物品行: [(80, 135), (189, 281), (333, 426), (478, 571), (601, 705)]
[2026-05-21 23:14:09] [DEBUG] [ShopBot] OCR 分类 '铁血剑兵奈汉库伊可购买1次' → equipment (conf=0.65)
[2026-05-21 23:14:11] [INFO] [ShopBot] 物品 0 (y=80-135): '铁血剑兵奈汉库伊可购买1次' → equipment (conf=0.65), 价格 0, 货币 gold, 购买按钮 @ (1192, 110)
[2026-05-21 23:14:13] [INFO] [ShopBot] 物品 1 (y=189-281): '英雄欺瞒纽洛普奈汉库伊可购买1次' → unknown (conf=0.10), 价格 29000, 货币 gold, 购买按钮 @ (1192, 255)
[2026-05-21 23:14:13] [DEBUG] [ShopBot] OCR 分类 '70装备青龙红玉妮萨可购买1次' → equipment (conf=0.70)
[2026-05-21 23:14:14] [INFO] [ShopBot] 物品 2 (y=333-426): '70装备青龙红玉妮萨可购买1次' → equipment (conf=0.70), 价格 380000, 货币 gold, 购买按钮 @ (1192, 400)
[2026-05-21 23:14:15] [INFO] [ShopBot] 物品 3 (y=478-571): '货币友情点数诺诺里50可购买1次' → unknown (conf=0.10), 价格 18000, 货币 gold, 购买按钮 @ (1193, 545)
[2026-05-21 23:14:16] [DEBUG] [ShopBot] OCR 分类 '55装备灿烂精髓长袍购买1次' → equipment (conf=0.70)
[2026-05-21 23:14:17] [INFO] [ShopBot] 物品 4 (y=601-705): '55装备灿烂精髓长袍购买1次' → equipment (conf=0.70), 价格 360000, 货币 gold, 购买按钮 @ (1192, 690)
[2026-05-21 23:14:17] [INFO] [ShopBot] 跳过物品: equipment
[2026-05-21 23:14:17] [INFO] [ShopBot] 跳过物品: unknown
[2026-05-21 23:14:17] [INFO] [ShopBot] 跳过物品: equipment
[2026-05-21 23:14:17] [INFO] [ShopBot] 跳过物品: unknown
[2026-05-21 23:14:17] [INFO] [ShopBot] 跳过物品: equipment
[2026-05-21 23:14:17] [INFO] [ShopBot] 货架处理完成，共购买 0 个物品
[2026-05-21 23:14:17] [INFO] [ShopBot] 第 1 次查看，购买 0 个物品
[2026-05-21 23:14:17] [INFO] [ShopBot] 滑动 (640, 400) -> (640, 150), 时长 0.3s
[2026-05-21 23:14:19] [INFO] [ShopBot] 动态检测到 4 个物品行: [(154, 259), (311, 405), (456, 550), (601, 705)]
[2026-05-21 23:14:21] [INFO] [ShopBot] 物品 0 (y=154-259): '英雄欺瞒纽洛普奈汉库伊可购买1次' → unknown (conf=0.10), 价格 29000, 货币 gold, 购买按钮 @ (1192, 234)
[2026-05-21 23:14:21] [DEBUG] [ShopBot] OCR 分类 '70装备青龙红玉妮萨可购买1次' → equipment (conf=0.70)
[2026-05-21 23:14:22] [INFO] [ShopBot] 物品 1 (y=311-405): '70装备青龙红玉妮萨可购买1次' → equipment (conf=0.70), 价格 380000, 货币 gold, 购买按钮 @ (1192, 379)
[2026-05-21 23:14:24] [INFO] [ShopBot] 物品 2 (y=456-550): '货币友情点数诺诺里50可购买1次' → unknown (conf=0.10), 价格 18000, 货币 gold, 购买按钮 @ (1192, 524)
[2026-05-21 23:14:24] [DEBUG] [ShopBot] OCR 分类 '55装备灿烂精髓长袍商人亚彼荷可购买1次' → equipment (conf=0.70)
[2026-05-21 23:14:25] [INFO] [ShopBot] 物品 3 (y=601-705): '55装备灿烂精髓长袍商人亚彼荷可购买1次' → equipment (conf=0.70), 价格 360000, 货币 gold, 购买按钮 @ (1192, 669)
[2026-05-21 23:14:25] [INFO] [ShopBot] 跳过物品: unknown
[2026-05-21 23:14:25] [INFO] [ShopBot] 跳过物品: equipment
[2026-05-21 23:14:25] [INFO] [ShopBot] 跳过物品: unknown
[2026-05-21 23:14:25] [INFO] [ShopBot] 跳过物品: equipment
[2026-05-21 23:14:25] [INFO] [ShopBot] 货架处理完成，共购买 0 个物品
[2026-05-21 23:14:25] [INFO] [ShopBot] 第 2 次查看，购买 0 个物品
[2026-05-21 23:14:25] [INFO] [ShopBot] 滑动 (640, 400) -> (640, 150), 时长 0.3s
[2026-05-21 23:14:27] [INFO] [ShopBot] 动态检测到 4 个物品行: [(154, 259), (311, 405), (456, 550), (597, 705)]
[2026-05-21 23:14:29] [INFO] [ShopBot] 物品 0 (y=154-259): '英雄欺瞒纽洛普奈汉库伊可购买1次' → unknown (conf=0.10), 价格 29000, 货币 gold, 购买按钮 @ (1192, 234)
[2026-05-21 23:14:30] [DEBUG] [ShopBot] OCR 分类 '70装备青龙红玉妮萨可购买1次' → equipment (conf=0.70)
[2026-05-21 23:14:30] [INFO] [ShopBot] 物品 1 (y=311-405): '70装备青龙红玉妮萨可购买1次' → equipment (conf=0.70), 价格 380000, 货币 gold, 购买按钮 @ (1192, 379)
[2026-05-21 23:14:32] [INFO] [ShopBot] 物品 2 (y=456-550): '货币友情点数诺诺里50可购买1次' → unknown (conf=0.10), 价格 18000, 货币 gold, 购买按钮 @ (1192, 524)
[2026-05-21 23:14:32] [DEBUG] [ShopBot] OCR 分类 '55装备灿烂精髓长袍商人亚彼荷可购买1次' → equipment (conf=0.70)
[2026-05-21 23:14:33] [INFO] [ShopBot] 物品 3 (y=597-705): '55装备灿烂精髓长袍商人亚彼荷可购买1次' → equipment (conf=0.70), 价格 360000, 货币 gold, 购买按钮 @ (1192, 669)
[2026-05-21 23:14:33] [INFO] [ShopBot] 已到达货架底部（第 3 次滑动后，识别结果无变化）
[2026-05-21 23:14:33] [INFO] [ShopBot] 寻找刷新按钮（第 1 次）
[2026-05-21 23:14:34] [DEBUG] [ShopBot] 找到刷新按钮 '立即更新' 在 (268, 659)
[2026-05-21 23:14:34] [INFO] [ShopBot] 点击刷新按钮 (268, 659)
[2026-05-21 23:14:34] [INFO] [ShopBot] 点击坐标 (268, 659)
[2026-05-21 23:14:35] [INFO] [ShopBot] 检测到刷新确认弹窗，点击确认 (748, 459)
[2026-05-21 23:14:35] [INFO] [ShopBot] 点击坐标 (748, 459)
[2026-05-21 23:14:36] [INFO] [ShopBot] 等待货架加载...
[2026-05-21 23:14:38] [INFO] [ShopBot] ===== 第 5 轮 =====
[2026-05-21 23:14:38] [INFO] [ShopBot] 滑动到货架顶部...
[2026-05-21 23:14:38] [INFO] [ShopBot] 滑动 (640, 150) -> (640, 400), 时长 0.3s
[2026-05-21 23:14:39] [INFO] [ShopBot] 滑动 (640, 150) -> (640, 400), 时长 0.3s
[2026-05-21 23:14:40] [INFO] [ShopBot] 滑动 (640, 150) -> (640, 400), 时长 0.3s
[2026-05-21 23:14:41] [INFO] [ShopBot] 动态检测到 5 个物品行: [(99, 192), (244, 337), (389, 482), (534, 628), (639, 705)]
[2026-05-21 23:14:41] [DEBUG] [ShopBot] OCR 分类 '55装备精巧的恶魔项妮萨可购买1次' → equipment (conf=0.70)
[2026-05-21 23:14:43] [INFO] [ShopBot] 物品 0 (y=99-192): '55装备精巧的恶魔项妮萨可购买1次' → equipment (conf=0.70), 价格 360000, 货币 gold, 购买按钮 @ (1192, 166)
[2026-05-21 23:14:43] [DEBUG] [ShopBot] OCR 分类 '70装备泰拉的心脏妮萨可购买1次' → equipment (conf=0.70)
[2026-05-21 23:14:44] [INFO] [ShopBot] 物品 1 (y=244-337): '70装备泰拉的心脏妮萨可购买1次' → equipment (conf=0.70), 价格 380000, 货币 gold, 购买按钮 @ (1192, 311)
[2026-05-21 23:14:46] [INFO] [ShopBot] 物品 2 (y=389-482): '货币友情点数可购买1次诺诺里50' → unknown (conf=0.10), 价格 18000, 货币 gold, 购买按钮 @ (1193, 456)
[2026-05-21 23:14:46] [DEBUG] [ShopBot] OCR 分类 '装备55勇士的背甲头商人亚彼荷可购买1次' → equipment (conf=0.70)
[2026-05-21 23:14:47] [INFO] [ShopBot] 物品 3 (y=534-628): '装备55勇士的背甲头商人亚彼荷可购买1次' → equipment (conf=0.70), 价格 360000, 货币 gold, 购买按钮 @ (1192, 601)
[2026-05-21 23:14:48] [DEBUG] [ShopBot] OCR 分类 '55装备' → equipment (conf=0.70)
[2026-05-21 23:14:49] [INFO] [ShopBot] 物品 4 (y=639-705): '55装备' → equipment (conf=0.70), 价格 0, 货币 gold
[2026-05-21 23:14:49] [INFO] [ShopBot] 跳过物品: equipment
[2026-05-21 23:14:49] [INFO] [ShopBot] 跳过物品: equipment
[2026-05-21 23:14:49] [INFO] [ShopBot] 跳过物品: unknown
[2026-05-21 23:14:49] [INFO] [ShopBot] 跳过物品: equipment
[2026-05-21 23:14:49] [INFO] [ShopBot] 跳过物品: equipment
[2026-05-21 23:14:49] [INFO] [ShopBot] 货架处理完成，共购买 0 个物品
[2026-05-21 23:14:49] [INFO] [ShopBot] 第 0 次查看，购买 0 个物品
[2026-05-21 23:14:49] [INFO] [ShopBot] 滑动 (640, 400) -> (640, 150), 时长 0.3s
[2026-05-21 23:14:51] [INFO] [ShopBot] 动态检测到 5 个物品行: [(80, 126), (154, 272), (323, 417), (468, 562), (605, 705)]
[2026-05-21 23:14:54] [INFO] [ShopBot] 物品 0 (y=80-126): 'TIMAIGOTKO妮萨可购买1次' → unknown (conf=0.00), 价格 0, 货币 gold, 购买按钮 @ (1192, 101)
[2026-05-21 23:14:56] [INFO] [ShopBot] 物品 1 (y=154-272): '货币友情点数诺诺里50可购买1次' → unknown (conf=0.10), 价格 18000, 货币 gold, 购买按钮 @ (1193, 246)
[2026-05-21 23:14:57] [DEBUG] [ShopBot] OCR 分类 '55装备勇士的背甲头商人亚彼荷可购买1次' → equipment (conf=0.70)
[2026-05-21 23:14:58] [INFO] [ShopBot] 物品 2 (y=323-417): '55装备勇士的背甲头商人亚彼荷可购买1次' → equipment (conf=0.70), 价格 360000, 货币 gold, 购买按钮 @ (1192, 391)
[2026-05-21 23:14:58] [DEBUG] [ShopBot] OCR 分类 '55装备奥利哈钢重甲商人亚彼荷可购买1次' → equipment (conf=0.70)
[2026-05-21 23:14:59] [INFO] [ShopBot] 物品 3 (y=468-562): '55装备奥利哈钢重甲商人亚彼荷可购买1次' → equipment (conf=0.70), 价格 240000, 货币 gold, 购买按钮 @ (1192, 536)
[2026-05-21 23:15:00] [DEBUG] [ShopBot] OCR 分类 '装备70不祥的恶魔之商人亚彼荷可购买1次' → equipment (conf=0.70)
[2026-05-21 23:15:01] [INFO] [ShopBot] 物品 4 (y=605-705): '装备70不祥的恶魔之商人亚彼荷可购买1次' → equipment (conf=0.70), 价格 560000, 货币 gold, 购买按钮 @ (1193, 681)
[2026-05-21 23:15:01] [INFO] [ShopBot] 跳过物品: unknown
[2026-05-21 23:15:01] [INFO] [ShopBot] 跳过物品: unknown
[2026-05-21 23:15:01] [INFO] [ShopBot] 跳过物品: equipment
[2026-05-21 23:15:01] [INFO] [ShopBot] 跳过物品: equipment
[2026-05-21 23:15:01] [INFO] [ShopBot] 跳过物品: equipment
[2026-05-21 23:15:01] [INFO] [ShopBot] 货架处理完成，共购买 0 个物品
[2026-05-21 23:15:01] [INFO] [ShopBot] 第 1 次查看，购买 0 个物品
[2026-05-21 23:15:01] [INFO] [ShopBot] 滑动 (640, 400) -> (640, 150), 时长 0.3s
[2026-05-21 23:15:03] [INFO] [ShopBot] 动态检测到 4 个物品行: [(154, 260), (311, 405), (456, 550), (601, 695)]
[2026-05-21 23:15:05] [INFO] [ShopBot] 物品 0 (y=154-260): '货币友情点数诺诺里50可购买1次' → unknown (conf=0.10), 价格 18000, 货币 gold, 购买按钮 @ (1192, 234)
[2026-05-21 23:15:06] [DEBUG] [ShopBot] OCR 分类 '55装备勇士的背甲头商人亚彼荷可购买1次' → equipment (conf=0.70)
[2026-05-21 23:15:07] [INFO] [ShopBot] 物品 1 (y=311-405): '55装备勇士的背甲头商人亚彼荷可购买1次' → equipment (conf=0.70), 价格 360000, 货币 gold, 购买按钮 @ (1192, 379)
[2026-05-21 23:15:07] [DEBUG] [ShopBot] OCR 分类 '55装备奥利哈钢重甲商人亚彼荷可购买1次' → equipment (conf=0.70)
[2026-05-21 23:15:08] [INFO] [ShopBot] 物品 2 (y=456-550): '55装备奥利哈钢重甲商人亚彼荷可购买1次' → equipment (conf=0.70), 价格 240000, 货币 gold, 购买按钮 @ (1192, 524)
[2026-05-21 23:15:08] [DEBUG] [ShopBot] OCR 分类 '70装备不祥的恶魔之商人亚彼荷1可购买1次' → equipment (conf=0.70)
[2026-05-21 23:15:09] [INFO] [ShopBot] 物品 3 (y=601-695): '70装备不祥的恶魔之商人亚彼荷1可购买1次' → equipment (conf=0.70), 价格 560000, 货币 gold, 购买按钮 @ (1192, 669)
[2026-05-21 23:15:09] [INFO] [ShopBot] 跳过物品: unknown
[2026-05-21 23:15:09] [INFO] [ShopBot] 跳过物品: equipment
[2026-05-21 23:15:09] [INFO] [ShopBot] 跳过物品: equipment
[2026-05-21 23:15:09] [INFO] [ShopBot] 跳过物品: equipment
[2026-05-21 23:15:09] [INFO] [ShopBot] 货架处理完成，共购买 0 个物品
[2026-05-21 23:15:09] [INFO] [ShopBot] 第 2 次查看，购买 0 个物品
[2026-05-21 23:15:09] [INFO] [ShopBot] 滑动 (640, 400) -> (640, 150), 时长 0.3s
[2026-05-21 23:15:11] [INFO] [ShopBot] 动态检测到 4 个物品行: [(154, 260), (311, 405), (456, 550), (601, 695)]
[2026-05-21 23:15:13] [INFO] [ShopBot] 物品 0 (y=154-260): '货币友情点数诺诺里50可购买1次' → unknown (conf=0.10), 价格 18000, 货币 gold, 购买按钮 @ (1192, 234)
[2026-05-21 23:15:14] [DEBUG] [ShopBot] OCR 分类 '55装备勇士的背甲头商人亚彼荷可购买1次' → equipment (conf=0.70)
[2026-05-21 23:15:14] [INFO] [ShopBot] 物品 1 (y=311-405): '55装备勇士的背甲头商人亚彼荷可购买1次' → equipment (conf=0.70), 价格 360000, 货币 gold, 购买按钮 @ (1192, 379)
[2026-05-21 23:15:15] [DEBUG] [ShopBot] OCR 分类 '55装备奥利哈钢重甲商人亚彼荷可购买1次' → equipment (conf=0.70)
[2026-05-21 23:15:16] [INFO] [ShopBot] 物品 2 (y=456-550): '55装备奥利哈钢重甲商人亚彼荷可购买1次' → equipment (conf=0.70), 价格 240000, 货币 gold, 购买按钮 @ (1192, 524)
[2026-05-21 23:15:16] [DEBUG] [ShopBot] OCR 分类 '70装备不祥的恶魔之商人亚彼荷1可购买1次' → equipment (conf=0.70)
[2026-05-21 23:15:17] [INFO] [ShopBot] 物品 3 (y=601-695): '70装备不祥的恶魔之商人亚彼荷1可购买1次' → equipment (conf=0.70), 价格 560000, 货币 gold, 购买按钮 @ (1192, 669)
[2026-05-21 23:15:17] [INFO] [ShopBot] 已到达货架底部（第 3 次滑动后，识别结果无变化）
[2026-05-21 23:15:17] [INFO] [ShopBot] 寻找刷新按钮（第 1 次）
[2026-05-21 23:15:18] [DEBUG] [ShopBot] 找到刷新按钮 '立即更新' 在 (268, 659)
[2026-05-21 23:15:18] [INFO] [ShopBot] 点击刷新按钮 (268, 659)
[2026-05-21 23:15:18] [INFO] [ShopBot] 点击坐标 (268, 659)
[2026-05-21 23:15:19] [INFO] [ShopBot] 检测到刷新确认弹窗，点击确认 (748, 460)
[2026-05-21 23:15:19] [INFO] [ShopBot] 点击坐标 (748, 460)
[2026-05-21 23:15:20] [INFO] [ShopBot] 等待货架加载...
[2026-05-21 23:15:22] [INFO] [ShopBot] ===== 第 6 轮 =====
[2026-05-21 23:15:22] [INFO] [ShopBot] 滑动到货架顶部...
[2026-05-21 23:15:22] [INFO] [ShopBot] 滑动 (640, 150) -> (640, 400), 时长 0.3s
[2026-05-21 23:15:23] [INFO] [ShopBot] 滑动 (640, 150) -> (640, 400), 时长 0.3s
[2026-05-21 23:15:23] [INFO] [ShopBot] 滑动 (640, 150) -> (640, 400), 时长 0.3s
[2026-05-21 23:15:25] [INFO] [ShopBot] 动态检测到 5 个物品行: [(98, 192), (244, 337), (390, 482), (534, 627), (640, 705)]
[2026-05-21 23:15:25] [DEBUG] [ShopBot] OCR 分类 '70装备泰拉重甲商人亚彼荷可购买1次' → equipment (conf=0.70)
[2026-05-21 23:15:26] [INFO] [ShopBot] 物品 0 (y=98-192): '70装备泰拉重甲商人亚彼荷可购买1次' → equipment (conf=0.70), 价格 380000, 货币 gold, 购买按钮 @ (1192, 166)
[2026-05-21 23:15:28] [INFO] [ShopBot] 物品 1 (y=244-337): '货币友情点数诺诺里50可购买1次' → unknown (conf=0.10), 价格 18000, 货币 gold, 购买按钮 @ (1192, 311)
[2026-05-21 23:15:29] [INFO] [ShopBot] 物品 2 (y=390-482): '英雄大海鲍特可购买1次奈汉库伊' → unknown (conf=0.10), 价格 29000, 货币 gold, 购买按钮 @ (1192, 456)
[2026-05-21 23:15:30] [DEBUG] [ShopBot] OCR 分类 '装备55-叫龙兽面具商人亚彼荷可购买1次' → equipment (conf=0.70)
[2026-05-21 23:15:31] [INFO] [ShopBot] 物品 3 (y=534-627): '装备55-叫龙兽面具商人亚彼荷可购买1次' → equipment (conf=0.70), 价格 360000, 货币 gold, 购买按钮 @ (1192, 601)
[2026-05-21 23:15:31] [DEBUG] [ShopBot] OCR 分类 '85装备' → equipment (conf=0.70)
[2026-05-21 23:15:32] [INFO] [ShopBot] 物品 4 (y=640-705): '85装备' → equipment (conf=0.70), 价格 0, 货币 gold
[2026-05-21 23:15:32] [INFO] [ShopBot] 跳过物品: equipment
[2026-05-21 23:15:32] [INFO] [ShopBot] 跳过物品: unknown
[2026-05-21 23:15:32] [INFO] [ShopBot] 跳过物品: unknown
[2026-05-21 23:15:32] [INFO] [ShopBot] 跳过物品: equipment
[2026-05-21 23:15:32] [INFO] [ShopBot] 跳过物品: equipment
[2026-05-21 23:15:32] [INFO] [ShopBot] 货架处理完成，共购买 0 个物品
[2026-05-21 23:15:32] [INFO] [ShopBot] 第 0 次查看，购买 0 个物品
[2026-05-21 23:15:32] [INFO] [ShopBot] 滑动 (640, 400) -> (640, 150), 时长 0.3s
[2026-05-21 23:15:34] [INFO] [ShopBot] 动态检测到 5 个物品行: [(80, 124), (154, 269), (321, 415), (466, 560), (607, 705)]
[2026-05-21 23:15:37] [INFO] [ShopBot] 物品 0 (y=80-124): '诺诺里50可购买1次' → unknown (conf=0.00), 价格 0, 货币 gold, 购买按钮 @ (1192, 98)
[2026-05-21 23:15:39] [INFO] [ShopBot] 物品 1 (y=154-269): '英雄大海鲍特奈汉库伊可购买1次' → unknown (conf=0.10), 价格 29000, 货币 gold, 购买按钮 @ (1192, 243)
[2026-05-21 23:15:39] [DEBUG] [ShopBot] OCR 分类 '55-装备叫龙兽面具商人亚彼荷可购买1次' → equipment (conf=0.70)
[2026-05-21 23:15:40] [INFO] [ShopBot] 物品 2 (y=321-415): '55-装备叫龙兽面具商人亚彼荷可购买1次' → equipment (conf=0.70), 价格 360000, 货币 gold, 购买按钮 @ (1192, 388)
[2026-05-21 23:15:41] [DEBUG] [ShopBot] OCR 分类 '85装备地狱破灭精髓商人亚彼荷可购买1次' → equipment (conf=0.70)
[2026-05-21 23:15:41] [INFO] [ShopBot] 物品 3 (y=466-560): '85装备地狱破灭精髓商人亚彼荷可购买1次' → equipment (conf=0.70), 价格 540000, 货币 gold, 购买按钮 @ (1192, 533)
[2026-05-21 23:15:44] [INFO] [ShopBot] 物品 4 (y=607-705): '英雄爆裂的龙族士奈汉库伊可购买1次' → unknown (conf=0.10), 价格 29000, 货币 gold, 购买按钮 @ (1192, 678)
[2026-05-21 23:15:44] [INFO] [ShopBot] 跳过物品: unknown
[2026-05-21 23:15:44] [INFO] [ShopBot] 跳过物品: unknown
[2026-05-21 23:15:44] [INFO] [ShopBot] 跳过物品: equipment
[2026-05-21 23:15:44] [INFO] [ShopBot] 跳过物品: equipment
[2026-05-21 23:15:44] [INFO] [ShopBot] 跳过物品: unknown
[2026-05-21 23:15:44] [INFO] [ShopBot] 货架处理完成，共购买 0 个物品
[2026-05-21 23:15:44] [INFO] [ShopBot] 第 1 次查看，购买 0 个物品
[2026-05-21 23:15:44] [INFO] [ShopBot] 滑动 (640, 400) -> (640, 150), 时长 0.3s
[2026-05-21 23:15:46] [INFO] [ShopBot] 动态检测到 4 个物品行: [(154, 259), (311, 405), (456, 550), (602, 705)]
[2026-05-21 23:15:48] [INFO] [ShopBot] 物品 0 (y=154-259): '英雄大海鲍特奈汉库伊可购买1次' → unknown (conf=0.10), 价格 29000, 货币 gold, 购买按钮 @ (1192, 234)
[2026-05-21 23:15:48] [DEBUG] [ShopBot] OCR 分类 '55-装备叫龙兽面具商人亚彼荷可购买1次' → equipment (conf=0.70)
[2026-05-21 23:15:49] [INFO] [ShopBot] 物品 1 (y=311-405): '55-装备叫龙兽面具商人亚彼荷可购买1次' → equipment (conf=0.70), 价格 360000, 货币 gold, 购买按钮 @ (1192, 379)
[2026-05-21 23:15:50] [DEBUG] [ShopBot] OCR 分类 '85装备地狱破灭精髓商人亚彼荷可购买1次' → equipment (conf=0.70)
[2026-05-21 23:15:50] [INFO] [ShopBot] 物品 2 (y=456-550): '85装备地狱破灭精髓商人亚彼荷可购买1次' → equipment (conf=0.70), 价格 540000, 货币 gold, 购买按钮 @ (1192, 524)
[2026-05-21 23:15:52] [INFO] [ShopBot] 物品 3 (y=602-705): '英雄爆裂的龙族士奈汉库伊可购买1次' → unknown (conf=0.10), 价格 29000, 货币 gold, 购买按钮 @ (1192, 669)
[2026-05-21 23:15:52] [INFO] [ShopBot] 跳过物品: unknown
[2026-05-21 23:15:52] [INFO] [ShopBot] 跳过物品: equipment
[2026-05-21 23:15:52] [INFO] [ShopBot] 跳过物品: equipment
[2026-05-21 23:15:52] [INFO] [ShopBot] 跳过物品: unknown
[2026-05-21 23:15:52] [INFO] [ShopBot] 货架处理完成，共购买 0 个物品
[2026-05-21 23:15:52] [INFO] [ShopBot] 第 2 次查看，购买 0 个物品
[2026-05-21 23:15:52] [INFO] [ShopBot] 滑动 (640, 400) -> (640, 150), 时长 0.3s
[2026-05-21 23:15:54] [INFO] [ShopBot] 动态检测到 4 个物品行: [(154, 259), (311, 405), (456, 550), (602, 705)]
[2026-05-21 23:15:56] [INFO] [ShopBot] 物品 0 (y=154-259): '英雄大海鲍特奈汉库伊可购买1次' → unknown (conf=0.10), 价格 29000, 货币 gold, 购买按钮 @ (1192, 234)
[2026-05-21 23:15:56] [DEBUG] [ShopBot] OCR 分类 '55-装备叫龙兽面具商人亚彼荷可购买1次' → equipment (conf=0.70)
[2026-05-21 23:15:57] [INFO] [ShopBot] 物品 1 (y=311-405): '55-装备叫龙兽面具商人亚彼荷可购买1次' → equipment (conf=0.70), 价格 360000, 货币 gold, 购买按钮 @ (1192, 379)
[2026-05-21 23:15:57] [DEBUG] [ShopBot] OCR 分类 '85装备地狱破灭精髓商人亚彼荷可购买1次' → equipment (conf=0.70)
[2026-05-21 23:15:58] [INFO] [ShopBot] 物品 2 (y=456-550): '85装备地狱破灭精髓商人亚彼荷可购买1次' → equipment (conf=0.70), 价格 540000, 货币 gold, 购买按钮 @ (1192, 524)
[2026-05-21 23:16:00] [INFO] [ShopBot] 物品 3 (y=602-705): '英雄爆裂的龙族士奈汉库伊可购买1次' → unknown (conf=0.10), 价格 29000, 货币 gold, 购买按钮 @ (1192, 669)
[2026-05-21 23:16:00] [INFO] [ShopBot] 已到达货架底部（第 3 次滑动后，识别结果无变化）
[2026-05-21 23:16:00] [INFO] [ShopBot] 寻找刷新按钮（第 1 次）
[2026-05-21 23:16:00] [DEBUG] [ShopBot] 找到刷新按钮 '立即更新' 在 (268, 659)
[2026-05-21 23:16:00] [INFO] [ShopBot] 点击刷新按钮 (268, 659)
[2026-05-21 23:16:00] [INFO] [ShopBot] 点击坐标 (268, 659)
[2026-05-21 23:16:02] [INFO] [ShopBot] 检测到刷新确认弹窗，点击确认 (748, 460)
[2026-05-21 23:16:02] [INFO] [ShopBot] 点击坐标 (748, 460)
[2026-05-21 23:16:02] [INFO] [ShopBot] 等待货架加载...
[2026-05-21 23:16:04] [INFO] [ShopBot] ===== 第 7 轮 =====
[2026-05-21 23:16:04] [INFO] [ShopBot] 滑动到货架顶部...
[2026-05-21 23:16:04] [INFO] [ShopBot] 滑动 (640, 150) -> (640, 400), 时长 0.3s
[2026-05-21 23:16:05] [INFO] [ShopBot] 滑动 (640, 150) -> (640, 400), 时长 0.3s
[2026-05-21 23:16:06] [INFO] [ShopBot] 滑动 (640, 150) -> (640, 400), 时长 0.3s
[2026-05-21 23:16:07] [INFO] [ShopBot] 动态检测到 5 个物品行: [(98, 192), (245, 337), (390, 482), (534, 627), (639, 705)]
[2026-05-21 23:16:09] [INFO] [ShopBot] 物品 0 (y=98-192): '货币友情点数诺诺里50可购买1次' → unknown (conf=0.10), 价格 18000, 货币 gold, 购买按钮 @ (1192, 166)
[2026-05-21 23:16:09] [DEBUG] [ShopBot] OCR 分类 '英雄铁血矛兵奈汉库伊可购买1次' → equipment (conf=0.65)
[2026-05-21 23:16:10] [INFO] [ShopBot] 物品 1 (y=245-337): '英雄铁血矛兵奈汉库伊可购买1次' → equipment (conf=0.65), 价格 29000, 货币 gold, 购买按钮 @ (1192, 311)
[2026-05-21 23:16:12] [INFO] [ShopBot] 物品 2 (y=390-482): '英雄侦察兵玛伊堤可购买1次奈汉库伊' → unknown (conf=0.10), 价格 29000, 货币 gold, 购买按钮 @ (1192, 456)
[2026-05-21 23:16:12] [DEBUG] [ShopBot] OCR 分类 '装备55精巧的恶魔头商人亚彼荷可购买1次' → equipment (conf=0.70)
[2026-05-21 23:16:13] [INFO] [ShopBot] 物品 3 (y=534-627): '装备55精巧的恶魔头商人亚彼荷可购买1次' → equipment (conf=0.70), 价格 240000, 货币 gold, 购买按钮 @ (1192, 601)
[2026-05-21 23:16:14] [DEBUG] [ShopBot] OCR 分类 '70装备' → equipment (conf=0.70)
[2026-05-21 23:16:15] [INFO] [ShopBot] 物品 4 (y=639-705): '70装备' → equipment (conf=0.70), 价格 0, 货币 gold
[2026-05-21 23:16:15] [INFO] [ShopBot] 跳过物品: unknown
[2026-05-21 23:16:15] [INFO] [ShopBot] 跳过物品: equipment
[2026-05-21 23:16:15] [INFO] [ShopBot] 跳过物品: unknown
[2026-05-21 23:16:15] [INFO] [ShopBot] 跳过物品: equipment
[2026-05-21 23:16:15] [INFO] [ShopBot] 跳过物品: equipment
[2026-05-21 23:16:15] [INFO] [ShopBot] 货架处理完成，共购买 0 个物品
[2026-05-21 23:16:15] [INFO] [ShopBot] 第 0 次查看，购买 0 个物品
[2026-05-21 23:16:15] [INFO] [ShopBot] 滑动 (640, 400) -> (640, 150), 时长 0.3s
[2026-05-21 23:16:17] [INFO] [ShopBot] 动态检测到 4 个物品行: [(154, 261), (313, 406), (458, 551), (603, 705)]
[2026-05-21 23:16:19] [INFO] [ShopBot] 物品 0 (y=154-261): '英雄侦察兵玛伊堤奈汉库伊可购买1次' → unknown (conf=0.10), 价格 29000, 货币 gold, 购买按钮 @ (1192, 235)
[2026-05-21 23:16:19] [DEBUG] [ShopBot] OCR 分类 '55装备精巧的恶魔头商人亚彼荷可购买1次' → equipment (conf=0.70)
[2026-05-21 23:16:20] [INFO] [ShopBot] 物品 1 (y=313-406): '55装备精巧的恶魔头商人亚彼荷可购买1次' → equipment (conf=0.70), 价格 240000, 货币 gold, 购买按钮 @ (1192, 380)
[2026-05-21 23:16:20] [DEBUG] [ShopBot] OCR 分类 '70装备不详的恶魔戒妮萨可购买1次' → equipment (conf=0.70)
[2026-05-21 23:16:21] [INFO] [ShopBot] 物品 2 (y=458-551): '70装备不详的恶魔戒妮萨可购买1次' → equipment (conf=0.70), 价格 380000, 货币 gold, 购买按钮 @ (1192, 525)
[2026-05-21 23:16:23] [INFO] [ShopBot] 物品 3 (y=603-705): '英雄雷逢朵斯寒气奈汉库伊可购买1次' → unknown (conf=0.10), 价格 29000, 货币 gold, 购买按钮 @ (1193, 670)
[2026-05-21 23:16:23] [INFO] [ShopBot] 跳过物品: unknown
[2026-05-21 23:16:23] [INFO] [ShopBot] 跳过物品: equipment
[2026-05-21 23:16:23] [INFO] [ShopBot] 跳过物品: equipment
[2026-05-21 23:16:23] [INFO] [ShopBot] 跳过物品: unknown
[2026-05-21 23:16:23] [INFO] [ShopBot] 货架处理完成，共购买 0 个物品
[2026-05-21 23:16:23] [INFO] [ShopBot] 第 1 次查看，购买 0 个物品
[2026-05-21 23:16:23] [INFO] [ShopBot] 滑动 (640, 400) -> (640, 150), 时长 0.3s
[2026-05-21 23:16:25] [INFO] [ShopBot] 动态检测到 4 个物品行: [(154, 259), (311, 405), (456, 550), (602, 705)]
[2026-05-21 23:16:27] [INFO] [ShopBot] 物品 0 (y=154-259): '英雄侦察兵玛伊堤奈汉库伊可购买1次' → unknown (conf=0.10), 价格 29000, 货币 gold, 购买按钮 @ (1192, 234)
[2026-05-21 23:16:27] [DEBUG] [ShopBot] OCR 分类 '55装备精巧的恶魔头商人亚彼荷可购买1次' → equipment (conf=0.70)
[2026-05-21 23:16:28] [INFO] [ShopBot] 物品 1 (y=311-405): '55装备精巧的恶魔头商人亚彼荷可购买1次' → equipment (conf=0.70), 价格 240000, 货币 gold, 购买按钮 @ (1192, 379)
[2026-05-21 23:16:28] [DEBUG] [ShopBot] OCR 分类 '70装备不详的恶魔戒妮萨可购买1次' → equipment (conf=0.70)
[2026-05-21 23:16:29] [INFO] [ShopBot] 物品 2 (y=456-550): '70装备不详的恶魔戒妮萨可购买1次' → equipment (conf=0.70), 价格 380000, 货币 gold, 购买按钮 @ (1192, 524)
[2026-05-21 23:16:31] [INFO] [ShopBot] 物品 3 (y=602-705): '英雄雷逢朵斯寒气奈汉库伊可购买1次' → unknown (conf=0.10), 价格 29000, 货币 gold, 购买按钮 @ (1192, 669)
[2026-05-21 23:16:31] [INFO] [ShopBot] 已到达货架底部（第 2 次滑动后，识别结果无变化）
[2026-05-21 23:16:31] [INFO] [ShopBot] 寻找刷新按钮（第 1 次）
[2026-05-21 23:16:31] [DEBUG] [ShopBot] 找到刷新按钮 '立即更新' 在 (268, 659)
[2026-05-21 23:16:31] [INFO] [ShopBot] 点击刷新按钮 (268, 659)
[2026-05-21 23:16:31] [INFO] [ShopBot] 点击坐标 (268, 659)
[2026-05-21 23:16:33] [INFO] [ShopBot] 检测到刷新确认弹窗，点击确认 (748, 460)
[2026-05-21 23:16:33] [INFO] [ShopBot] 点击坐标 (748, 460)
[2026-05-21 23:16:33] [INFO] [ShopBot] 等待货架加载...
[2026-05-21 23:16:35] [INFO] [ShopBot] ===== 第 8 轮 =====
[2026-05-21 23:16:35] [INFO] [ShopBot] 滑动到货架顶部...
[2026-05-21 23:16:35] [INFO] [ShopBot] 滑动 (640, 150) -> (640, 400), 时长 0.3s
[2026-05-21 23:16:36] [INFO] [ShopBot] 滑动 (640, 150) -> (640, 400), 时长 0.3s
[2026-05-21 23:16:37] [INFO] [ShopBot] 滑动 (640, 150) -> (640, 400), 时长 0.3s
[2026-05-21 23:16:38] [INFO] [ShopBot] 动态检测到 5 个物品行: [(98, 192), (244, 337), (389, 482), (535, 627), (640, 705)]
[2026-05-21 23:16:40] [INFO] [ShopBot] 物品 0 (y=98-192): '货币友情点数诺诺里50可购买1次' → unknown (conf=0.10), 价格 18000, 货币 gold, 购买按钮 @ (1192, 166)
[2026-05-21 23:16:40] [DEBUG] [ShopBot] OCR 分类 '55装备蓝宝石戒指妮萨可购买1次' → equipment (conf=0.70)
[2026-05-21 23:16:41] [INFO] [ShopBot] 物品 1 (y=244-337): '55装备蓝宝石戒指妮萨可购买1次' → equipment (conf=0.70), 价格 240000, 货币 gold, 购买按钮 @ (1192, 311)
[2026-05-21 23:16:42] [DEBUG] [ShopBot] OCR 分类 '55装备勇士的背甲胸商人亚彼荷可购买1次' → equipment (conf=0.70)
[2026-05-21 23:16:42] [INFO] [ShopBot] 物品 2 (y=389-482): '55装备勇士的背甲胸商人亚彼荷可购买1次' → equipment (conf=0.70), 价格 240000, 货币 gold, 购买按钮 @ (1192, 456)
[2026-05-21 23:16:44] [INFO] [ShopBot] 物品 3 (y=535-627): '英雄黑暗碎片奈汉库伊可购买1次' → unknown (conf=0.10), 价格 29000, 货币 gold, 购买按钮 @ (1192, 601)
[2026-05-21 23:16:44] [DEBUG] [ShopBot] OCR 分类 '55-装备' → equipment (conf=0.70)
[2026-05-21 23:16:45] [INFO] [ShopBot] 物品 4 (y=640-705): '55-装备' → equipment (conf=0.70), 价格 360000, 货币 gold
[2026-05-21 23:16:45] [INFO] [ShopBot] 跳过物品: unknown
[2026-05-21 23:16:45] [INFO] [ShopBot] 跳过物品: equipment
[2026-05-21 23:16:45] [INFO] [ShopBot] 跳过物品: equipment
[2026-05-21 23:16:45] [INFO] [ShopBot] 跳过物品: unknown
[2026-05-21 23:16:45] [INFO] [ShopBot] 跳过物品: equipment
[2026-05-21 23:16:45] [INFO] [ShopBot] 货架处理完成，共购买 0 个物品
[2026-05-21 23:16:45] [INFO] [ShopBot] 第 0 次查看，购买 0 个物品
[2026-05-21 23:16:45] [INFO] [ShopBot] 滑动 (640, 400) -> (640, 150), 时长 0.3s
[2026-05-21 23:16:47] [INFO] [ShopBot] 动态检测到 5 个物品行: [(80, 133), (185, 279), (331, 423), (475, 569), (620, 705)]
[2026-05-21 23:16:48] [DEBUG] [ShopBot] OCR 分类 '监玉石戒指妮萨可购买1次' → equipment (conf=0.70)
[2026-05-21 23:16:49] [INFO] [ShopBot] 物品 0 (y=80-133): '监玉石戒指妮萨可购买1次' → equipment (conf=0.70), 价格 0, 货币 gold, 购买按钮 @ (1192, 107)
[2026-05-21 23:16:50] [DEBUG] [ShopBot] OCR 分类 '55装备勇士的背甲胸商人亚彼荷可购买1次' → equipment (conf=0.70)
[2026-05-21 23:16:50] [INFO] [ShopBot] 物品 1 (y=185-279): '55装备勇士的背甲胸商人亚彼荷可购买1次' → equipment (conf=0.70), 价格 240000, 货币 gold, 购买按钮 @ (1192, 252)
[2026-05-21 23:16:52] [INFO] [ShopBot] 物品 2 (y=331-423): '英雄黑暗碎片奈汉库伊可购买1次' → unknown (conf=0.10), 价格 29000, 货币 gold, 购买按钮 @ (1192, 397)
[2026-05-21 23:16:52] [DEBUG] [ShopBot] OCR 分类 '装备55-叫龙兽面具商人亚彼荷可购买1次' → equipment (conf=0.70)
[2026-05-21 23:16:53] [INFO] [ShopBot] 物品 3 (y=475-569): '装备55-叫龙兽面具商人亚彼荷可购买1次' → equipment (conf=0.70), 价格 360000, 货币 gold, 购买按钮 @ (1192, 542)
[2026-05-21 23:16:54] [DEBUG] [ShopBot] OCR 分类 '55装备勇士的背甲戒可购买1次' → equipment (conf=0.70)
[2026-05-21 23:16:55] [INFO] [ShopBot] 物品 4 (y=620-705): '55装备勇士的背甲戒可购买1次' → equipment (conf=0.70), 价格 240000, 货币 gold, 购买按钮 @ (1192, 688)
[2026-05-21 23:16:55] [INFO] [ShopBot] 跳过物品: equipment
[2026-05-21 23:16:55] [INFO] [ShopBot] 跳过物品: equipment
[2026-05-21 23:16:55] [INFO] [ShopBot] 跳过物品: unknown
[2026-05-21 23:16:55] [INFO] [ShopBot] 跳过物品: equipment
[2026-05-21 23:16:55] [INFO] [ShopBot] 跳过物品: equipment
[2026-05-21 23:16:55] [INFO] [ShopBot] 货架处理完成，共购买 0 个物品
[2026-05-21 23:16:55] [INFO] [ShopBot] 第 1 次查看，购买 0 个物品
[2026-05-21 23:16:55] [INFO] [ShopBot] 滑动 (640, 400) -> (640, 150), 时长 0.3s
[2026-05-21 23:16:58] [INFO] [ShopBot] 动态检测到 4 个物品行: [(154, 260), (313, 405), (456, 550), (601, 695)]
[2026-05-21 23:16:58] [DEBUG] [ShopBot] OCR 分类 '55装备勇士的背甲胸商人亚彼荷可购买1次' → equipment (conf=0.70)
[2026-05-21 23:16:59] [INFO] [ShopBot] 物品 0 (y=154-260): '55装备勇士的背甲胸商人亚彼荷可购买1次' → equipment (conf=0.70), 价格 240000, 货币 gold, 购买按钮 @ (1192, 234)
[2026-05-21 23:17:01] [INFO] [ShopBot] 物品 1 (y=313-405): '英雄黑暗碎片奈汉库伊可购买1次' → unknown (conf=0.10), 价格 29000, 货币 gold, 购买按钮 @ (1192, 379)
[2026-05-21 23:17:01] [DEBUG] [ShopBot] OCR 分类 '55-装备叫龙兽面具商人亚彼荷可购买1次' → equipment (conf=0.70)
[2026-05-21 23:17:02] [INFO] [ShopBot] 物品 2 (y=456-550): '55-装备叫龙兽面具商人亚彼荷可购买1次' → equipment (conf=0.70), 价格 360000, 货币 gold, 购买按钮 @ (1192, 524)
[2026-05-21 23:17:02] [DEBUG] [ShopBot] OCR 分类 '55装备勇士的背甲戒妮萨可购买1次' → equipment (conf=0.70)
[2026-05-21 23:17:03] [INFO] [ShopBot] 物品 3 (y=601-695): '55装备勇士的背甲戒妮萨可购买1次' → equipment (conf=0.70), 价格 240000, 货币 gold, 购买按钮 @ (1192, 669)
[2026-05-21 23:17:03] [INFO] [ShopBot] 跳过物品: equipment
[2026-05-21 23:17:03] [INFO] [ShopBot] 跳过物品: unknown
[2026-05-21 23:17:03] [INFO] [ShopBot] 跳过物品: equipment
[2026-05-21 23:17:03] [INFO] [ShopBot] 跳过物品: equipment
[2026-05-21 23:17:03] [INFO] [ShopBot] 货架处理完成，共购买 0 个物品
[2026-05-21 23:17:03] [INFO] [ShopBot] 第 2 次查看，购买 0 个物品
[2026-05-21 23:17:03] [INFO] [ShopBot] 滑动 (640, 400) -> (640, 150), 时长 0.3s
[2026-05-21 23:17:06] [INFO] [ShopBot] 动态检测到 4 个物品行: [(154, 260), (313, 405), (456, 550), (596, 705)]
[2026-05-21 23:17:06] [DEBUG] [ShopBot] OCR 分类 '55装备勇士的背甲胸商人亚彼荷可购买1次' → equipment (conf=0.70)
[2026-05-21 23:17:07] [INFO] [ShopBot] 物品 0 (y=154-260): '55装备勇士的背甲胸商人亚彼荷可购买1次' → equipment (conf=0.70), 价格 240000, 货币 gold, 购买按钮 @ (1192, 234)
[2026-05-21 23:17:08] [INFO] [ShopBot] 物品 1 (y=313-405): '英雄黑暗碎片奈汉库伊可购买1次' → unknown (conf=0.10), 价格 29000, 货币 gold, 购买按钮 @ (1192, 379)
[2026-05-21 23:17:09] [DEBUG] [ShopBot] OCR 分类 '55-装备叫龙兽面具商人亚彼荷可购买1次' → equipment (conf=0.70)
[2026-05-21 23:17:10] [INFO] [ShopBot] 物品 2 (y=456-550): '55-装备叫龙兽面具商人亚彼荷可购买1次' → equipment (conf=0.70), 价格 360000, 货币 gold, 购买按钮 @ (1192, 524)
[2026-05-21 23:17:10] [DEBUG] [ShopBot] OCR 分类 '55装备勇士的背甲戒妮萨可购买1次' → equipment (conf=0.70)
[2026-05-21 23:17:11] [INFO] [ShopBot] 物品 3 (y=596-705): '55装备勇士的背甲戒妮萨可购买1次' → equipment (conf=0.70), 价格 240000, 货币 gold, 购买按钮 @ (1192, 669)
[2026-05-21 23:17:11] [INFO] [ShopBot] 已到达货架底部（第 3 次滑动后，识别结果无变化）
[2026-05-21 23:17:11] [INFO] [ShopBot] 寻找刷新按钮（第 1 次）
[2026-05-21 23:17:12] [DEBUG] [ShopBot] 找到刷新按钮 '立即更新' 在 (268, 659)
[2026-05-21 23:17:12] [INFO] [ShopBot] 点击刷新按钮 (268, 659)
[2026-05-21 23:17:12] [INFO] [ShopBot] 点击坐标 (268, 659)
[2026-05-21 23:17:13] [INFO] [ShopBot] 检测到刷新确认弹窗，点击确认 (748, 460)
[2026-05-21 23:17:13] [INFO] [ShopBot] 点击坐标 (748, 460)
[2026-05-21 23:17:14] [INFO] [ShopBot] 等待货架加载...
[2026-05-21 23:17:16] [INFO] [ShopBot] ===== 第 9 轮 =====
[2026-05-21 23:17:16] [INFO] [ShopBot] 滑动到货架顶部...
[2026-05-21 23:17:16] [INFO] [ShopBot] 滑动 (640, 150) -> (640, 400), 时长 0.3s
[2026-05-21 23:17:17] [INFO] [ShopBot] 滑动 (640, 150) -> (640, 400), 时长 0.3s
[2026-05-21 23:17:18] [INFO] [ShopBot] 滑动 (640, 150) -> (640, 400), 时长 0.3s
[2026-05-21 23:17:19] [INFO] [ShopBot] 动态检测到 5 个物品行: [(98, 192), (243, 337), (388, 482), (534, 627), (639, 705)]
[2026-05-21 23:17:19] [DEBUG] [ShopBot] OCR 分类 '55-装备叫龙兽面具商人亚彼荷可购买1次' → equipment (conf=0.70)
[2026-05-21 23:17:20] [INFO] [ShopBot] 物品 0 (y=98-192): '55-装备叫龙兽面具商人亚彼荷可购买1次' → equipment (conf=0.70), 价格 360000, 货币 gold, 购买按钮 @ (1192, 166)
[2026-05-21 23:17:21] [DEBUG] [ShopBot] OCR 分类 '55装备精巧的恶魔之商人亚彼荷可购买1次' → equipment (conf=0.70)
[2026-05-21 23:17:22] [INFO] [ShopBot] 物品 1 (y=243-337): '55装备精巧的恶魔之商人亚彼荷可购买1次' → equipment (conf=0.70), 价格 360000, 货币 gold, 购买按钮 @ (1192, 311)
[2026-05-21 23:17:23] [INFO] [ShopBot] 物品 2 (y=388-482): '货币友情点数诺诺里可购买1次50' → unknown (conf=0.10), 价格 18000, 货币 gold, 购买按钮 @ (1192, 456)
[2026-05-21 23:17:25] [INFO] [ShopBot] 物品 3 (y=534-627): '英雄守护龙族士兵奈汉库伊可购买1次' → unknown (conf=0.10), 价格 29000, 货币 gold, 购买按钮 @ (1192, 601)
[2026-05-21 23:17:25] [DEBUG] [ShopBot] OCR 分类 '70装备' → equipment (conf=0.70)
[2026-05-21 23:17:27] [INFO] [ShopBot] 物品 4 (y=639-705): '70装备' → equipment (conf=0.70), 价格 0, 货币 gold
[2026-05-21 23:17:27] [INFO] [ShopBot] 跳过物品: equipment
[2026-05-21 23:17:27] [INFO] [ShopBot] 跳过物品: equipment
[2026-05-21 23:17:27] [INFO] [ShopBot] 跳过物品: unknown
[2026-05-21 23:17:27] [INFO] [ShopBot] 跳过物品: unknown
[2026-05-21 23:17:27] [INFO] [ShopBot] 跳过物品: equipment
[2026-05-21 23:17:27] [INFO] [ShopBot] 货架处理完成，共购买 0 个物品
[2026-05-21 23:17:27] [INFO] [ShopBot] 第 0 次查看，购买 0 个物品
[2026-05-21 23:17:27] [INFO] [ShopBot] 滑动 (640, 400) -> (640, 150), 时长 0.3s
[2026-05-21 23:17:29] [INFO] [ShopBot] 动态检测到 4 个物品行: [(154, 260), (313, 405), (456, 550), (602, 705)]
[2026-05-21 23:17:31] [INFO] [ShopBot] 物品 0 (y=154-260): '货币友情点数诺诺里50可购买1次' → unknown (conf=0.10), 价格 18000, 货币 gold, 购买按钮 @ (1192, 234)
[2026-05-21 23:17:33] [INFO] [ShopBot] 物品 1 (y=313-405): '英雄守护龙族士兵奈汉库伊可购买1次' → unknown (conf=0.10), 价格 29000, 货币 gold, 购买按钮 @ (1192, 379)
[2026-05-21 23:17:33] [DEBUG] [ShopBot] OCR 分类 '70装备不祥的恶魔高商人亚彼荷可购买1次' → equipment (conf=0.70)
[2026-05-21 23:17:34] [INFO] [ShopBot] 物品 2 (y=456-550): '70装备不祥的恶魔高商人亚彼荷可购买1次' → equipment (conf=0.70), 价格 380000, 货币 gold, 购买按钮 @ (1192, 524)
[2026-05-21 23:17:35] [INFO] [ShopBot] 物品 3 (y=602-705): '英雄仿徨席尔巴奈汉库伊可购买1次' → unknown (conf=0.10), 价格 29000, 货币 gold, 购买按钮 @ (1192, 669)
[2026-05-21 23:17:35] [INFO] [ShopBot] 跳过物品: unknown
[2026-05-21 23:17:35] [INFO] [ShopBot] 跳过物品: unknown
[2026-05-21 23:17:35] [INFO] [ShopBot] 跳过物品: equipment
[2026-05-21 23:17:35] [INFO] [ShopBot] 跳过物品: unknown
[2026-05-21 23:17:35] [INFO] [ShopBot] 货架处理完成，共购买 0 个物品
[2026-05-21 23:17:35] [INFO] [ShopBot] 第 1 次查看，购买 0 个物品
[2026-05-21 23:17:35] [INFO] [ShopBot] 滑动 (640, 400) -> (640, 150), 时长 0.3s
[2026-05-21 23:17:38] [INFO] [ShopBot] 动态检测到 4 个物品行: [(154, 260), (313, 405), (456, 550), (596, 705)]
[2026-05-21 23:17:40] [INFO] [ShopBot] 物品 0 (y=154-260): '货币友情点数诺诺里50可购买1次' → unknown (conf=0.10), 价格 18000, 货币 gold, 购买按钮 @ (1192, 234)
[2026-05-21 23:17:41] [INFO] [ShopBot] 物品 1 (y=313-405): '英雄守护龙族士兵奈汉库伊可购买1次' → unknown (conf=0.10), 价格 29000, 货币 gold, 购买按钮 @ (1192, 379)
[2026-05-21 23:17:42] [DEBUG] [ShopBot] OCR 分类 '70装备不祥的恶魔高商人亚彼荷可购买1次' → equipment (conf=0.70)
[2026-05-21 23:17:42] [INFO] [ShopBot] 物品 2 (y=456-550): '70装备不祥的恶魔高商人亚彼荷可购买1次' → equipment (conf=0.70), 价格 380000, 货币 gold, 购买按钮 @ (1192, 524)
[2026-05-21 23:17:44] [INFO] [ShopBot] 物品 3 (y=596-705): '英雄仿徨席尔巴奈汉库伊可购买1次' → unknown (conf=0.10), 价格 29000, 货币 gold, 购买按钮 @ (1193, 669)
[2026-05-21 23:17:44] [INFO] [ShopBot] 已到达货架底部（第 2 次滑动后，识别结果无变化）
[2026-05-21 23:17:44] [INFO] [ShopBot] 寻找刷新按钮（第 1 次）
[2026-05-21 23:17:44] [DEBUG] [ShopBot] 找到刷新按钮 '立即更新' 在 (268, 659)
[2026-05-21 23:17:44] [INFO] [ShopBot] 点击刷新按钮 (268, 659)
[2026-05-21 23:17:44] [INFO] [ShopBot] 点击坐标 (268, 659)
[2026-05-21 23:17:46] [INFO] [ShopBot] 检测到刷新确认弹窗，点击确认 (748, 460)
[2026-05-21 23:17:46] [INFO] [ShopBot] 点击坐标 (748, 460)
[2026-05-21 23:17:47] [INFO] [ShopBot] 等待货架加载...
[2026-05-21 23:17:49] [INFO] [ShopBot] ===== 第 10 轮 =====
[2026-05-21 23:17:49] [INFO] [ShopBot] 滑动到货架顶部...
[2026-05-21 23:17:49] [INFO] [ShopBot] 滑动 (640, 150) -> (640, 400), 时长 0.3s
[2026-05-21 23:17:50] [INFO] [ShopBot] 滑动 (640, 150) -> (640, 400), 时长 0.3s
[2026-05-21 23:17:50] [INFO] [ShopBot] 滑动 (640, 150) -> (640, 400), 时长 0.3s
[2026-05-21 23:17:52] [INFO] [ShopBot] 动态检测到 5 个物品行: [(98, 192), (243, 337), (390, 482), (533, 627), (639, 705)]
[2026-05-21 23:17:52] [DEBUG] [ShopBot] OCR 分类 '55装备灿烂精髓鞋子商人亚彼荷可购买1次' → equipment (conf=0.70)
[2026-05-21 23:17:53] [INFO] [ShopBot] 物品 0 (y=98-192): '55装备灿烂精髓鞋子商人亚彼荷可购买1次' → equipment (conf=0.70), 价格 360000, 货币 gold, 购买按钮 @ (1192, 166)
[2026-05-21 23:17:54] [DEBUG] [ShopBot] OCR 分类 '55装备勇士的背甲项妮萨可购买1次' → equipment (conf=0.70)
[2026-05-21 23:17:55] [INFO] [ShopBot] 物品 1 (y=243-337): '55装备勇士的背甲项妮萨可购买1次' → equipment (conf=0.70), 价格 360000, 货币 gold, 购买按钮 @ (1192, 311)
[2026-05-21 23:17:56] [INFO] [ShopBot] 物品 2 (y=390-482): '英雄冷血神射手可购买1次奈汉库伊' → unknown (conf=0.10), 价格 29000, 货币 gold, 购买按钮 @ (1192, 456)
[2026-05-21 23:17:57] [DEBUG] [ShopBot] OCR 分类 '装备70不祥的恶魔厚商人亚彼荷可购买1次' → equipment (conf=0.70)
[2026-05-21 23:17:58] [INFO] [ShopBot] 物品 3 (y=533-627): '装备70不祥的恶魔厚商人亚彼荷可购买1次' → equipment (conf=0.70), 价格 380000, 货币 gold, 购买按钮 @ (1192, 601)
[2026-05-21 23:18:00] [INFO] [ShopBot] 物品 4 (y=639-705): '货币' → unknown (conf=0.10), 价格 0, 货币 gold
[2026-05-21 23:18:00] [INFO] [ShopBot] 跳过物品: equipment
[2026-05-21 23:18:00] [INFO] [ShopBot] 跳过物品: equipment
[2026-05-21 23:18:00] [INFO] [ShopBot] 跳过物品: unknown
[2026-05-21 23:18:00] [INFO] [ShopBot] 跳过物品: equipment
[2026-05-21 23:18:00] [INFO] [ShopBot] 跳过物品: unknown
[2026-05-21 23:18:00] [INFO] [ShopBot] 货架处理完成，共购买 0 个物品
[2026-05-21 23:18:00] [INFO] [ShopBot] 第 0 次查看，购买 0 个物品
[2026-05-21 23:18:00] [INFO] [ShopBot] 滑动 (640, 400) -> (640, 150), 时长 0.3s
[2026-05-21 23:18:02] [INFO] [ShopBot] 动态检测到 4 个物品行: [(154, 259), (311, 405), (456, 550), (602, 705)]
[2026-05-21 23:18:04] [INFO] [ShopBot] 物品 0 (y=154-259): '英雄冷血神射手奈汉库伊可购买1次' → unknown (conf=0.10), 价格 29000, 货币 gold, 购买按钮 @ (1192, 234)
[2026-05-21 23:18:04] [DEBUG] [ShopBot] OCR 分类 '70装备不祥的恶魔厚商人亚彼荷可购买1次' → equipment (conf=0.70)
[2026-05-21 23:18:05] [INFO] [ShopBot] 物品 1 (y=311-405): '70装备不祥的恶魔厚商人亚彼荷可购买1次' → equipment (conf=0.70), 价格 380000, 货币 gold, 购买按钮 @ (1192, 379)
[2026-05-21 23:18:06] [INFO] [ShopBot] 物品 2 (y=456-550): '货币友情点数诺诺里50可购买1次' → unknown (conf=0.10), 价格 18000, 货币 gold, 购买按钮 @ (1192, 524)
[2026-05-21 23:18:08] [INFO] [ShopBot] 物品 3 (y=602-705): '英雄卡洛斯战斗兵奈汉库伊可购买1次' → unknown (conf=0.10), 价格 29000, 货币 gold, 购买按钮 @ (1192, 669)
[2026-05-21 23:18:08] [INFO] [ShopBot] 跳过物品: unknown
[2026-05-21 23:18:08] [INFO] [ShopBot] 跳过物品: equipment
[2026-05-21 23:18:08] [INFO] [ShopBot] 跳过物品: unknown
[2026-05-21 23:18:08] [INFO] [ShopBot] 跳过物品: unknown
[2026-05-21 23:18:08] [INFO] [ShopBot] 货架处理完成，共购买 0 个物品
[2026-05-21 23:18:08] [INFO] [ShopBot] 第 1 次查看，购买 0 个物品
[2026-05-21 23:18:08] [INFO] [ShopBot] 滑动 (640, 400) -> (640, 150), 时长 0.3s
[2026-05-21 23:18:10] [INFO] [ShopBot] 动态检测到 4 个物品行: [(154, 259), (311, 405), (456, 550), (602, 705)]
[2026-05-21 23:18:12] [INFO] [ShopBot] 物品 0 (y=154-259): '英雄冷血神射手奈汉库伊可购买1次' → unknown (conf=0.10), 价格 29000, 货币 gold, 购买按钮 @ (1192, 234)
[2026-05-21 23:18:12] [DEBUG] [ShopBot] OCR 分类 '70装备不祥的恶魔厚商人亚彼荷可购买1次' → equipment (conf=0.70)
[2026-05-21 23:18:13] [INFO] [ShopBot] 物品 1 (y=311-405): '70装备不祥的恶魔厚商人亚彼荷可购买1次' → equipment (conf=0.70), 价格 380000, 货币 gold, 购买按钮 @ (1192, 379)
[2026-05-21 23:18:15] [INFO] [ShopBot] 物品 2 (y=456-550): '货币友情点数诺诺里50可购买1次' → unknown (conf=0.10), 价格 18000, 货币 gold, 购买按钮 @ (1192, 524)
[2026-05-21 23:18:16] [INFO] [ShopBot] 物品 3 (y=602-705): '英雄卡洛斯战斗兵奈汉库伊可购买1次' → unknown (conf=0.10), 价格 29000, 货币 gold, 购买按钮 @ (1192, 669)
[2026-05-21 23:18:16] [INFO] [ShopBot] 已到达货架底部（第 2 次滑动后，识别结果无变化）
[2026-05-21 23:18:16] [INFO] [ShopBot] 寻找刷新按钮（第 1 次）
[2026-05-21 23:18:17] [DEBUG] [ShopBot] 找到刷新按钮 '立即更新' 在 (268, 659)
[2026-05-21 23:18:17] [INFO] [ShopBot] 点击刷新按钮 (268, 659)
[2026-05-21 23:18:17] [INFO] [ShopBot] 点击坐标 (268, 659)
[2026-05-21 23:18:19] [INFO] [ShopBot] 检测到刷新确认弹窗，点击确认 (748, 459)
[2026-05-21 23:18:19] [INFO] [ShopBot] 点击坐标 (748, 459)
[2026-05-21 23:18:19] [INFO] [ShopBot] 等待货架加载...
[2026-05-21 23:18:21] [INFO] [ShopBot] ===== 第 11 轮 =====
[2026-05-21 23:18:21] [INFO] [ShopBot] 滑动到货架顶部...
[2026-05-21 23:18:21] [INFO] [ShopBot] 滑动 (640, 150) -> (640, 400), 时长 0.3s
[2026-05-21 23:18:22] [INFO] [ShopBot] 滑动 (640, 150) -> (640, 400), 时长 0.3s
[2026-05-21 23:18:23] [INFO] [ShopBot] 滑动 (640, 150) -> (640, 400), 时长 0.3s
[2026-05-21 23:18:24] [INFO] [ShopBot] 动态检测到 5 个物品行: [(100, 192), (245, 337), (389, 482), (534, 627), (637, 678)]
[2026-05-21 23:18:26] [INFO] [ShopBot] 物品 0 (y=100-192): '英雄泰拉纳德特务奈汉库伊可购买1次' → unknown (conf=0.10), 价格 29000, 货币 gold, 购买按钮 @ (1192, 166)
[2026-05-21 23:18:27] [DEBUG] [ShopBot] OCR 分类 '英雄冷血剑兵奈汉库伊可购买1次' → equipment (conf=0.65)
[2026-05-21 23:18:28] [INFO] [ShopBot] 物品 1 (y=245-337): '英雄冷血剑兵奈汉库伊可购买1次' → equipment (conf=0.65), 价格 29000, 货币 gold, 购买按钮 @ (1192, 311)
[2026-05-21 23:18:28] [DEBUG] [ShopBot] OCR 分类 '70装备蜘蛛君主的头商人亚彼荷可购买1次' → equipment (conf=0.70)
[2026-05-21 23:18:29] [INFO] [ShopBot] 物品 2 (y=389-482): '70装备蜘蛛君主的头商人亚彼荷可购买1次' → equipment (conf=0.70), 价格 560000, 货币 gold, 购买按钮 @ (1193, 456)
[2026-05-21 23:18:29] [DEBUG] [ShopBot] OCR 分类 '装备55精巧的恶魔头商人亚彼荷可购买1次' → equipment (conf=0.70)
[2026-05-21 23:18:30] [INFO] [ShopBot] 物品 3 (y=534-627): '装备55精巧的恶魔头商人亚彼荷可购买1次' → equipment (conf=0.70), 价格 240000, 货币 gold, 购买按钮 @ (1192, 601)
[2026-05-21 23:18:33] [INFO] [ShopBot] 物品 4 (y=637-678): '' → unknown (conf=0.00), 价格 0, 货币 gold
[2026-05-21 23:18:33] [INFO] [ShopBot] 跳过物品: unknown
[2026-05-21 23:18:33] [INFO] [ShopBot] 跳过物品: equipment
[2026-05-21 23:18:33] [INFO] [ShopBot] 跳过物品: equipment
[2026-05-21 23:18:33] [INFO] [ShopBot] 跳过物品: equipment
[2026-05-21 23:18:33] [INFO] [ShopBot] 跳过物品: unknown
[2026-05-21 23:18:33] [INFO] [ShopBot] 货架处理完成，共购买 0 个物品
[2026-05-21 23:18:33] [INFO] [ShopBot] 第 0 次查看，购买 0 个物品
[2026-05-21 23:18:33] [INFO] [ShopBot] 滑动 (640, 400) -> (640, 150), 时长 0.3s
[2026-05-21 23:18:35] [INFO] [ShopBot] 动态检测到 4 个物品行: [(154, 260), (311, 405), (456, 550), (596, 705)]
[2026-05-21 23:18:35] [DEBUG] [ShopBot] OCR 分类 '70装备蜘蛛君主的头商人亚彼荷可购买1次' → equipment (conf=0.70)
[2026-05-21 23:18:36] [INFO] [ShopBot] 物品 0 (y=154-260): '70装备蜘蛛君主的头商人亚彼荷可购买1次' → equipment (conf=0.70), 价格 560000, 货币 gold, 购买按钮 @ (1192, 234)
[2026-05-21 23:18:37] [DEBUG] [ShopBot] OCR 分类 '55装备精巧的恶魔头商人亚彼荷可购买1次' → equipment (conf=0.70)
[2026-05-21 23:18:38] [INFO] [ShopBot] 物品 1 (y=311-405): '55装备精巧的恶魔头商人亚彼荷可购买1次' → equipment (conf=0.70), 价格 240000, 货币 gold, 购买按钮 @ (1192, 379)
[2026-05-21 23:18:38] [DEBUG] [ShopBot] OCR 分类 '55装备灿烂精髓鞋子商人亚彼荷可购买1次' → equipment (conf=0.70)
[2026-05-21 23:18:39] [INFO] [ShopBot] 物品 2 (y=456-550): '55装备灿烂精髓鞋子商人亚彼荷可购买1次' → equipment (conf=0.70), 价格 240000, 货币 gold, 购买按钮 @ (1192, 524)
[2026-05-21 23:18:40] [INFO] [ShopBot] 物品 3 (y=596-705): '货币友情点数诺诺里50可购买1次' → unknown (conf=0.10), 价格 18000, 货币 gold, 购买按钮 @ (1193, 669)
[2026-05-21 23:18:40] [INFO] [ShopBot] 跳过物品: equipment
[2026-05-21 23:18:40] [INFO] [ShopBot] 跳过物品: equipment
[2026-05-21 23:18:40] [INFO] [ShopBot] 跳过物品: equipment
[2026-05-21 23:18:40] [INFO] [ShopBot] 跳过物品: unknown
[2026-05-21 23:18:40] [INFO] [ShopBot] 货架处理完成，共购买 0 个物品
[2026-05-21 23:18:40] [INFO] [ShopBot] 第 1 次查看，购买 0 个物品
[2026-05-21 23:18:40] [INFO] [ShopBot] 滑动 (640, 400) -> (640, 150), 时长 0.3s
[2026-05-21 23:18:43] [INFO] [ShopBot] 动态检测到 4 个物品行: [(154, 260), (311, 405), (456, 550), (601, 705)]
[2026-05-21 23:18:43] [DEBUG] [ShopBot] OCR 分类 '70装备蜘蛛君主的头商人亚彼荷可购买1次' → equipment (conf=0.70)
[2026-05-21 23:18:44] [INFO] [ShopBot] 物品 0 (y=154-260): '70装备蜘蛛君主的头商人亚彼荷可购买1次' → equipment (conf=0.70), 价格 560000, 货币 gold, 购买按钮 @ (1192, 234)
[2026-05-21 23:18:45] [DEBUG] [ShopBot] OCR 分类 '55装备精巧的恶魔头商人亚彼荷可购买1次' → equipment (conf=0.70)
[2026-05-21 23:18:46] [INFO] [ShopBot] 物品 1 (y=311-405): '55装备精巧的恶魔头商人亚彼荷可购买1次' → equipment (conf=0.70), 价格 240000, 货币 gold, 购买按钮 @ (1192, 379)
[2026-05-21 23:18:46] [DEBUG] [ShopBot] OCR 分类 '55装备灿烂精髓鞋子商人亚彼荷可购买1次' → equipment (conf=0.70)
[2026-05-21 23:18:47] [INFO] [ShopBot] 物品 2 (y=456-550): '55装备灿烂精髓鞋子商人亚彼荷可购买1次' → equipment (conf=0.70), 价格 240000, 货币 gold, 购买按钮 @ (1192, 524)
[2026-05-21 23:18:48] [INFO] [ShopBot] 物品 3 (y=601-705): '货币友情点数诺诺里50可购买1次' → unknown (conf=0.10), 价格 18000, 货币 gold, 购买按钮 @ (1192, 669)
[2026-05-21 23:18:48] [INFO] [ShopBot] 已到达货架底部（第 2 次滑动后，识别结果无变化）
[2026-05-21 23:18:48] [INFO] [ShopBot] 寻找刷新按钮（第 1 次）
[2026-05-21 23:18:49] [DEBUG] [ShopBot] 找到刷新按钮 '立即更新' 在 (268, 659)
[2026-05-21 23:18:49] [INFO] [ShopBot] 点击刷新按钮 (268, 659)
[2026-05-21 23:18:49] [INFO] [ShopBot] 点击坐标 (268, 659)
[2026-05-21 23:18:50] [INFO] [ShopBot] 检测到刷新确认弹窗，点击确认 (748, 460)
[2026-05-21 23:18:50] [INFO] [ShopBot] 点击坐标 (748, 460)
[2026-05-21 23:18:51] [INFO] [ShopBot] 等待货架加载...
[2026-05-21 23:18:53] [INFO] [ShopBot] ===== 第 12 轮 =====
[2026-05-21 23:18:53] [INFO] [ShopBot] 滑动到货架顶部...
[2026-05-21 23:18:53] [INFO] [ShopBot] 滑动 (640, 150) -> (640, 400), 时长 0.3s
[2026-05-21 23:18:54] [INFO] [ShopBot] 滑动 (640, 150) -> (640, 400), 时长 0.3s
[2026-05-21 23:18:55] [INFO] [ShopBot] 滑动 (640, 150) -> (640, 400), 时长 0.3s
[2026-05-21 23:18:56] [INFO] [ShopBot] 动态检测到 5 个物品行: [(98, 192), (243, 337), (390, 481), (533, 627), (640, 705)]
[2026-05-21 23:18:57] [DEBUG] [ShopBot] OCR 分类 '70装备蜘蛛君主的戒妮萨可购买1次' → equipment (conf=0.70)
[2026-05-21 23:18:58] [INFO] [ShopBot] 物品 0 (y=98-192): '70装备蜘蛛君主的戒妮萨可购买1次' → equipment (conf=0.70), 价格 380000, 货币 gold, 购买按钮 @ (1192, 166)
[2026-05-21 23:18:58] [DEBUG] [ShopBot] OCR 分类 '70装备泰拉剑商人亚彼荷可购买1次' → equipment (conf=0.70)
[2026-05-21 23:18:59] [INFO] [ShopBot] 物品 1 (y=243-337): '70装备泰拉剑商人亚彼荷可购买1次' → equipment (conf=0.70), 价格 560000, 货币 gold, 购买按钮 @ (1192, 311)
[2026-05-21 23:19:01] [INFO] [ShopBot] 物品 2 (y=390-481): '英雄寒气碎片可购买1次奈汉库伊' → unknown (conf=0.10), 价格 29000, 货币 gold, 购买按钮 @ (1192, 455)
[2026-05-21 23:19:01] [DEBUG] [ShopBot] OCR 分类 '装备70泰拉靴子商人亚彼荷可购买1次' → equipment (conf=0.70)
[2026-05-21 23:19:02] [INFO] [ShopBot] 物品 3 (y=533-627): '装备70泰拉靴子商人亚彼荷可购买1次' → equipment (conf=0.70), 价格 380000, 货币 gold, 购买按钮 @ (1192, 601)
[2026-05-21 23:19:03] [DEBUG] [ShopBot] OCR 分类 '55装备' → equipment (conf=0.70)
[2026-05-21 23:19:04] [INFO] [ShopBot] 物品 4 (y=640-705): '55装备' → equipment (conf=0.70), 价格 0, 货币 gold
[2026-05-21 23:19:04] [INFO] [ShopBot] 跳过物品: equipment
[2026-05-21 23:19:04] [INFO] [ShopBot] 跳过物品: equipment
[2026-05-21 23:19:04] [INFO] [ShopBot] 跳过物品: unknown
[2026-05-21 23:19:04] [INFO] [ShopBot] 跳过物品: equipment
[2026-05-21 23:19:04] [INFO] [ShopBot] 跳过物品: equipment
[2026-05-21 23:19:04] [INFO] [ShopBot] 货架处理完成，共购买 0 个物品
[2026-05-21 23:19:04] [INFO] [ShopBot] 第 0 次查看，购买 0 个物品
[2026-05-21 23:19:04] [INFO] [ShopBot] 滑动 (640, 400) -> (640, 150), 时长 0.3s
[2026-05-21 23:19:06] [INFO] [ShopBot] 动态检测到 5 个物品行: [(80, 120), (154, 266), (318, 411), (463, 556), (602, 705)]
[2026-05-21 23:19:09] [INFO] [ShopBot] 物品 0 (y=80-120): '商人亚彼荷可购买1次' → unknown (conf=0.00), 价格 0, 货币 gold, 购买按钮 @ (1192, 95)
[2026-05-21 23:19:11] [INFO] [ShopBot] 物品 1 (y=154-266): '英雄寒气碎片奈汉库伊可购买1次' → unknown (conf=0.10), 价格 29000, 货币 gold, 购买按钮 @ (1192, 240)
[2026-05-21 23:19:11] [DEBUG] [ShopBot] OCR 分类 '70装备泰拉靴子商人亚彼荷可购买1次' → equipment (conf=0.70)
[2026-05-21 23:19:12] [INFO] [ShopBot] 物品 2 (y=318-411): '70装备泰拉靴子商人亚彼荷可购买1次' → equipment (conf=0.70), 价格 380000, 货币 gold, 购买按钮 @ (1192, 385)
[2026-05-21 23:19:12] [DEBUG] [ShopBot] OCR 分类 '55装备精巧的恶魔项妮萨可购买1次' → equipment (conf=0.70)
[2026-05-21 23:19:13] [INFO] [ShopBot] 物品 3 (y=463-556): '55装备精巧的恶魔项妮萨可购买1次' → equipment (conf=0.70), 价格 240000, 货币 gold, 购买按钮 @ (1192, 530)
[2026-05-21 23:19:13] [DEBUG] [ShopBot] OCR 分类 '70装备蜘蛛君主的流商人亚彼荷可购买1次' → equipment (conf=0.70)
[2026-05-21 23:19:14] [INFO] [ShopBot] 物品 4 (y=602-705): '70装备蜘蛛君主的流商人亚彼荷可购买1次' → equipment (conf=0.70), 价格 750000, 货币 gold, 购买按钮 @ (1192, 675)
[2026-05-21 23:19:14] [INFO] [ShopBot] 跳过物品: unknown
[2026-05-21 23:19:14] [INFO] [ShopBot] 跳过物品: unknown
[2026-05-21 23:19:14] [INFO] [ShopBot] 跳过物品: equipment
[2026-05-21 23:19:14] [INFO] [ShopBot] 跳过物品: equipment
[2026-05-21 23:19:14] [INFO] [ShopBot] 跳过物品: equipment
[2026-05-21 23:19:14] [INFO] [ShopBot] 货架处理完成，共购买 0 个物品
[2026-05-21 23:19:14] [INFO] [ShopBot] 第 1 次查看，购买 0 个物品
[2026-05-21 23:19:14] [INFO] [ShopBot] 滑动 (640, 400) -> (640, 150), 时长 0.3s
[2026-05-21 23:19:16] [INFO] [ShopBot] 动态检测到 4 个物品行: [(154, 259), (311, 405), (456, 550), (601, 705)]
[2026-05-21 23:19:18] [INFO] [ShopBot] 物品 0 (y=154-259): '英雄寒气碎片奈汉库伊可购买1次' → unknown (conf=0.10), 价格 29000, 货币 gold, 购买按钮 @ (1192, 234)
[2026-05-21 23:19:18] [DEBUG] [ShopBot] OCR 分类 '70装备泰拉靴子商人亚彼荷可购买1次' → equipment (conf=0.70)
[2026-05-21 23:19:19] [INFO] [ShopBot] 物品 1 (y=311-405): '70装备泰拉靴子商人亚彼荷可购买1次' → equipment (conf=0.70), 价格 380000, 货币 gold, 购买按钮 @ (1192, 379)
[2026-05-21 23:19:20] [DEBUG] [ShopBot] OCR 分类 '55装备精巧的恶魔项妮萨可购买1次' → equipment (conf=0.70)
[2026-05-21 23:19:21] [INFO] [ShopBot] 物品 2 (y=456-550): '55装备精巧的恶魔项妮萨可购买1次' → equipment (conf=0.70), 价格 240000, 货币 gold, 购买按钮 @ (1192, 524)
[2026-05-21 23:19:21] [DEBUG] [ShopBot] OCR 分类 '70装备蜘蛛君主的流商人亚彼荷可购买1次' → equipment (conf=0.70)
[2026-05-21 23:19:22] [INFO] [ShopBot] 物品 3 (y=601-705): '70装备蜘蛛君主的流商人亚彼荷可购买1次' → equipment (conf=0.70), 价格 750000, 货币 gold, 购买按钮 @ (1192, 669)
[2026-05-21 23:19:22] [INFO] [ShopBot] 跳过物品: unknown
[2026-05-21 23:19:22] [INFO] [ShopBot] 跳过物品: equipment
[2026-05-21 23:19:22] [INFO] [ShopBot] 跳过物品: equipment
[2026-05-21 23:19:22] [INFO] [ShopBot] 跳过物品: equipment
[2026-05-21 23:19:22] [INFO] [ShopBot] 货架处理完成，共购买 0 个物品
[2026-05-21 23:19:22] [INFO] [ShopBot] 第 2 次查看，购买 0 个物品
[2026-05-21 23:19:22] [INFO] [ShopBot] 滑动 (640, 400) -> (640, 150), 时长 0.3s
[2026-05-21 23:19:24] [INFO] [ShopBot] 动态检测到 4 个物品行: [(154, 259), (311, 405), (456, 550), (601, 695)]
[2026-05-21 23:19:26] [INFO] [ShopBot] 物品 0 (y=154-259): '英雄寒气碎片奈汉库伊可购买1次' → unknown (conf=0.10), 价格 29000, 货币 gold, 购买按钮 @ (1192, 234)
[2026-05-21 23:19:26] [DEBUG] [ShopBot] OCR 分类 '70装备泰拉靴子商人亚彼荷可购买1次' → equipment (conf=0.70)
[2026-05-21 23:19:27] [INFO] [ShopBot] 物品 1 (y=311-405): '70装备泰拉靴子商人亚彼荷可购买1次' → equipment (conf=0.70), 价格 380000, 货币 gold, 购买按钮 @ (1192, 379)
[2026-05-21 23:19:27] [DEBUG] [ShopBot] OCR 分类 '55装备精巧的恶魔项妮萨可购买1次' → equipment (conf=0.70)
[2026-05-21 23:19:28] [INFO] [ShopBot] 物品 2 (y=456-550): '55装备精巧的恶魔项妮萨可购买1次' → equipment (conf=0.70), 价格 240000, 货币 gold, 购买按钮 @ (1192, 524)
[2026-05-21 23:19:28] [DEBUG] [ShopBot] OCR 分类 '70装备蜘蛛君主的流商人亚彼荷可购买1次' → equipment (conf=0.70)
[2026-05-21 23:19:29] [INFO] [ShopBot] 物品 3 (y=601-695): '70装备蜘蛛君主的流商人亚彼荷可购买1次' → equipment (conf=0.70), 价格 750000, 货币 gold, 购买按钮 @ (1192, 669)
[2026-05-21 23:19:29] [INFO] [ShopBot] 已到达货架底部（第 3 次滑动后，识别结果无变化）
[2026-05-21 23:19:29] [INFO] [ShopBot] 寻找刷新按钮（第 1 次）
[2026-05-21 23:19:30] [DEBUG] [ShopBot] 找到刷新按钮 '立即更新' 在 (268, 659)
[2026-05-21 23:19:30] [INFO] [ShopBot] 点击刷新按钮 (268, 659)
[2026-05-21 23:19:30] [INFO] [ShopBot] 点击坐标 (268, 659)
[2026-05-21 23:19:31] [INFO] [ShopBot] 检测到刷新确认弹窗，点击确认 (748, 460)
[2026-05-21 23:19:31] [INFO] [ShopBot] 点击坐标 (748, 460)
[2026-05-21 23:19:32] [INFO] [ShopBot] 等待货架加载...
[2026-05-21 23:19:34] [INFO] [ShopBot] ===== 第 13 轮 =====
[2026-05-21 23:19:34] [INFO] [ShopBot] 滑动到货架顶部...
[2026-05-21 23:19:34] [INFO] [ShopBot] 滑动 (640, 150) -> (640, 400), 时长 0.3s
[2026-05-21 23:19:35] [INFO] [ShopBot] 滑动 (640, 150) -> (640, 400), 时长 0.3s
[2026-05-21 23:19:36] [INFO] [ShopBot] 滑动 (640, 150) -> (640, 400), 时长 0.3s
[2026-05-21 23:19:37] [INFO] [ShopBot] 动态检测到 5 个物品行: [(98, 192), (245, 337), (389, 482), (534, 627), (637, 678)]
[2026-05-21 23:19:37] [DEBUG] [ShopBot] OCR 分类 '55装备奥利哈钢靴子商人亚彼荷可购买1次' → equipment (conf=0.70)
[2026-05-21 23:19:39] [INFO] [ShopBot] 物品 0 (y=98-192): '55装备奥利哈钢靴子商人亚彼荷可购买1次' → equipment (conf=0.70), 价格 240000, 货币 gold, 购买按钮 @ (1192, 166)
[2026-05-21 23:19:40] [INFO] [ShopBot] 物品 1 (y=245-337): '英雄精锐兵拉宾奈汉库伊可购买1次' → unknown (conf=0.10), 价格 29000, 货币 gold, 购买按钮 @ (1192, 311)
[2026-05-21 23:19:40] [DEBUG] [ShopBot] OCR 分类 '55装备叫龙兽皮甲商人亚彼荷可购买1次' → equipment (conf=0.70)
[2026-05-21 23:19:41] [INFO] [ShopBot] 物品 2 (y=389-482): '55装备叫龙兽皮甲商人亚彼荷可购买1次' → equipment (conf=0.70), 价格 240000, 货币 gold, 购买按钮 @ (1192, 456)
[2026-05-21 23:19:43] [INFO] [ShopBot] 物品 3 (y=534-627): '英雄阴沉的魔物奈汉库伊可购买1次' → unknown (conf=0.10), 价格 29000, 货币 gold, 购买按钮 @ (1192, 601)
[2026-05-21 23:19:44] [INFO] [ShopBot] 物品 4 (y=637-678): '' → unknown (conf=0.00), 价格 0, 货币 gold
[2026-05-21 23:19:44] [INFO] [ShopBot] 跳过物品: equipment
[2026-05-21 23:19:44] [INFO] [ShopBot] 跳过物品: unknown
[2026-05-21 23:19:44] [INFO] [ShopBot] 跳过物品: equipment
[2026-05-21 23:19:44] [INFO] [ShopBot] 跳过物品: unknown
[2026-05-21 23:19:44] [INFO] [ShopBot] 跳过物品: unknown
[2026-05-21 23:19:44] [INFO] [ShopBot] 货架处理完成，共购买 0 个物品
[2026-05-21 23:19:44] [INFO] [ShopBot] 第 0 次查看，购买 0 个物品
[2026-05-21 23:19:44] [INFO] [ShopBot] 滑动 (640, 400) -> (640, 150), 时长 0.3s
[2026-05-21 23:19:46] [INFO] [ShopBot] 动态检测到 5 个物品行: [(80, 129), (182, 275), (328, 420), (472, 565), (618, 705)]
[2026-05-21 23:19:48] [INFO] [ShopBot] 物品 0 (y=80-129): '精坑兴拉兵奈汉库伊可购买1次' → unknown (conf=0.00), 价格 0, 货币 gold, 购买按钮 @ (1192, 104)
[2026-05-21 23:19:49] [DEBUG] [ShopBot] OCR 分类 '55装备叫龙兽皮甲商人亚彼荷可购买1次' → equipment (conf=0.70)
[2026-05-21 23:19:50] [INFO] [ShopBot] 物品 1 (y=182-275): '55装备叫龙兽皮甲商人亚彼荷可购买1次' → equipment (conf=0.70), 价格 240000, 货币 gold, 购买按钮 @ (1192, 249)
[2026-05-21 23:19:51] [INFO] [ShopBot] 物品 2 (y=328-420): '英雄阴沉的魔物奈汉库伊可购买1次' → unknown (conf=0.10), 价格 29000, 货币 gold, 购买按钮 @ (1192, 395)
[2026-05-21 23:19:52] [INFO] [ShopBot] 物品 3 (y=472-565): '货币友情点数诺诺里50可购买1次' → unknown (conf=0.10), 价格 18000, 货币 gold, 购买按钮 @ (1193, 539)
[2026-05-21 23:19:53] [DEBUG] [ShopBot] OCR 分类 '英雄圣剑骑士团弓又库任可购买1次' → equipment (conf=0.65)
[2026-05-21 23:19:54] [INFO] [ShopBot] 物品 4 (y=618-705): '英雄圣剑骑士团弓又库任可购买1次' → equipment (conf=0.65), 价格 29000, 货币 gold, 购买按钮 @ (1193, 684)
[2026-05-21 23:19:54] [INFO] [ShopBot] 跳过物品: unknown
[2026-05-21 23:19:54] [INFO] [ShopBot] 跳过物品: equipment
[2026-05-21 23:19:54] [INFO] [ShopBot] 跳过物品: unknown
[2026-05-21 23:19:54] [INFO] [ShopBot] 跳过物品: unknown
[2026-05-21 23:19:54] [INFO] [ShopBot] 跳过物品: equipment
[2026-05-21 23:19:54] [INFO] [ShopBot] 货架处理完成，共购买 0 个物品
[2026-05-21 23:19:54] [INFO] [ShopBot] 第 1 次查看，购买 0 个物品
[2026-05-21 23:19:54] [INFO] [ShopBot] 滑动 (640, 400) -> (640, 150), 时长 0.3s
[2026-05-21 23:19:56] [INFO] [ShopBot] 动态检测到 4 个物品行: [(154, 260), (313, 405), (456, 550), (602, 695)]
[2026-05-21 23:19:57] [DEBUG] [ShopBot] OCR 分类 '55装备叫龙兽皮甲商人亚彼荷可购买1次' → equipment (conf=0.70)
[2026-05-21 23:20:00] [INFO] [ShopBot] 配置已加载 - 设备: 127.0.0.1:16384, 截图: ADB, 控制: ADB
[2026-05-21 23:20:00] [INFO] [ShopBot] 购买列表 - 书签: True, 神秘奖章: True, 装备: False, 狗粮: False
[2026-05-21 23:20:00] [INFO] [ShopBot] 刷新上限: 200, 天空石阈值: 0, 金币阈值: 0, 书签上限: 不限, 神秘上限: 100, 天空石消耗上限: 不限
[2026-05-21 23:20:01] [INFO] [ShopBot] 正在启动 Web UI，监听 localhost:8080 ...
[2026-05-21 23:20:09] [INFO] [ShopBot] 正在连接设备 127.0.0.1:16384（第 1/3 次）
[2026-05-21 23:20:09] [INFO] [ShopBot] ShopBot 已启动
[2026-05-21 23:20:09] [INFO] [ShopBot] 设备连接成功: 127.0.0.1:16384
[2026-05-21 23:20:09] [INFO] [ShopBot] 开始导航至秘密商店（超时 30.0s）
[2026-05-21 23:20:10] [DEBUG] [ShopBot] 秘密商店检测: 导航顶部=51 导航中部=213 内容区=64
[2026-05-21 23:20:10] [INFO] [ShopBot] 场景检测: 秘密商店
[2026-05-21 23:20:10] [INFO] [ShopBot] 已到达秘密商店
[2026-05-21 23:20:10] [INFO] [ShopBot] ===== 第 1 轮 =====
[2026-05-21 23:20:10] [INFO] [ShopBot] 滑动到货架顶部...
[2026-05-21 23:20:10] [INFO] [ShopBot] 滑动 (640, 150) -> (640, 400), 时长 0.3s
[2026-05-21 23:20:10] [INFO] [ShopBot] 滑动 (640, 150) -> (640, 400), 时长 0.3s
[2026-05-21 23:20:11] [INFO] [ShopBot] 滑动 (640, 150) -> (640, 400), 时长 0.3s
[2026-05-21 23:20:12] [INFO] [ShopBot] 动态检测到 4 个物品行: [(98, 192), (245, 337), (389, 482), (535, 669)]
[2026-05-21 23:20:13] [INFO] [ShopBot] 初始化 RapidOCR 引擎（首次加载约需数秒）...
[2026-05-21 23:20:13] [INFO] [ShopBot] RapidOCR 引擎就绪（耗时 0.4s）
[2026-05-21 23:20:14] [INFO] [ShopBot] 物品 0 (y=98-192): '55装备奥利哈钢靴子商人亚彼荷可购买1次' → equipment (conf=0.70), 价格 240000, 货币 gold
[2026-05-21 23:20:15] [INFO] [ShopBot] 物品 1 (y=245-337): '英雄精锐兵拉宾奈汉库伊可购买1次' → unknown (conf=0.00), 价格 29000, 货币 gold
[2026-05-21 23:20:16] [INFO] [ShopBot] 物品 2 (y=389-482): '55装备啤叫龙兽皮甲商人亚彼荷可购买1次' → equipment (conf=0.70), 价格 240000, 货币 gold
[2026-05-21 23:20:17] [INFO] [ShopBot] 物品 3 (y=535-669): '英雄阴沉的魔物奈汉库伊可购买1次' → unknown (conf=0.00), 价格 29000, 货币 gold
[2026-05-21 23:20:17] [INFO] [ShopBot] 跳过物品: equipment
[2026-05-21 23:20:17] [INFO] [ShopBot] 跳过物品: unknown
[2026-05-21 23:20:17] [INFO] [ShopBot] 跳过物品: equipment
[2026-05-21 23:20:17] [INFO] [ShopBot] 跳过物品: unknown
[2026-05-21 23:20:17] [INFO] [ShopBot] 货架处理完成，共购买 0 个物品
[2026-05-21 23:20:17] [INFO] [ShopBot] 第 0 次查看，购买 0 个物品
[2026-05-21 23:20:17] [INFO] [ShopBot] 滑动 (640, 400) -> (640, 150), 时长 0.3s
[2026-05-21 23:20:18] [INFO] [ShopBot] 动态检测到 4 个物品行: [(154, 260), (313, 405), (456, 550), (602, 705)]
[2026-05-21 23:20:19] [INFO] [ShopBot] 物品 0 (y=154-260): '55装备啤叫龙兽皮甲商人亚彼荷可购买1次' → equipment (conf=0.70), 价格 240000, 货币 gold
[2026-05-21 23:20:20] [INFO] [ShopBot] 物品 1 (y=313-405): '英雄阴沉的魔物奈汉库伊可购买1次' → unknown (conf=0.00), 价格 29000, 货币 gold
[2026-05-21 23:20:20] [INFO] [ShopBot] 物品 2 (y=456-550): '货币友情点数诺诺里50可购买1次' → unknown (conf=0.00), 价格 18000, 货币 gold
[2026-05-21 23:20:20] [INFO] [ShopBot] 物品 3 (y=602-705): '英雄圣剑骑士团弓兵奈汉库伊可购买1次' → equipment (conf=0.65), 价格 29000, 货币 gold
[2026-05-21 23:20:20] [INFO] [ShopBot] 跳过物品: equipment
[2026-05-21 23:20:20] [INFO] [ShopBot] 跳过物品: unknown
[2026-05-21 23:20:20] [INFO] [ShopBot] 跳过物品: unknown
[2026-05-21 23:20:20] [INFO] [ShopBot] 跳过物品: equipment
[2026-05-21 23:20:20] [INFO] [ShopBot] 货架处理完成，共购买 0 个物品
[2026-05-21 23:20:20] [INFO] [ShopBot] 第 1 次查看，购买 0 个物品
[2026-05-21 23:20:20] [INFO] [ShopBot] 滑动 (640, 400) -> (640, 150), 时长 0.3s
[2026-05-21 23:20:22] [INFO] [ShopBot] 动态检测到 4 个物品行: [(154, 260), (313, 405), (456, 550), (602, 705)]
[2026-05-21 23:20:23] [INFO] [ShopBot] 物品 0 (y=154-260): '55装备啤叫龙兽皮甲商人亚彼荷可购买1次' → equipment (conf=0.70), 价格 240000, 货币 gold
[2026-05-21 23:20:23] [INFO] [ShopBot] 物品 1 (y=313-405): '英雄阴沉的魔物奈汉库伊可购买1次' → unknown (conf=0.00), 价格 29000, 货币 gold
[2026-05-21 23:20:23] [INFO] [ShopBot] 物品 2 (y=456-550): '货币友情点数诺诺里50可购买1次' → unknown (conf=0.00), 价格 18000, 货币 gold
[2026-05-21 23:20:24] [INFO] [ShopBot] 物品 3 (y=602-705): '英雄圣剑骑士团弓兵奈汉库伊可购买1次' → equipment (conf=0.65), 价格 29000, 货币 gold
[2026-05-21 23:20:24] [INFO] [ShopBot] 已到达货架底部（第 2 次滑动后，识别结果无变化）
[2026-05-21 23:20:24] [INFO] [ShopBot] 寻找刷新按钮（第 1 次）
[2026-05-21 23:20:25] [DEBUG] [ShopBot] 找到刷新按钮 '立即更新' 在 (268, 659)
[2026-05-21 23:20:25] [INFO] [ShopBot] 点击刷新按钮 (268, 659)
[2026-05-21 23:20:25] [INFO] [ShopBot] 点击坐标 (268, 659)
[2026-05-21 23:20:27] [INFO] [ShopBot] 检测到刷新确认弹窗，点击确认 (748, 459)
[2026-05-21 23:20:27] [INFO] [ShopBot] 点击坐标 (748, 459)
[2026-05-21 23:20:28] [INFO] [ShopBot] 等待货架加载...
[2026-05-21 23:20:29] [INFO] [ShopBot] ===== 第 2 轮 =====
[2026-05-21 23:20:29] [INFO] [ShopBot] 滑动到货架顶部...
[2026-05-21 23:20:29] [INFO] [ShopBot] 滑动 (640, 150) -> (640, 400), 时长 0.3s
[2026-05-21 23:20:30] [INFO] [ShopBot] 滑动 (640, 150) -> (640, 400), 时长 0.3s
[2026-05-21 23:20:31] [INFO] [ShopBot] 滑动 (640, 150) -> (640, 400), 时长 0.3s
[2026-05-21 23:20:32] [INFO] [ShopBot] 动态检测到 4 个物品行: [(98, 191), (244, 336), (389, 481), (534, 662)]
[2026-05-21 23:20:33] [INFO] [ShopBot] 物品 0 (y=98-191): '英雄提雷尔矛兵奈汉库伊可购买1次' → equipment (conf=0.65), 价格 29000, 货币 gold
[2026-05-21 23:20:33] [INFO] [ShopBot] 物品 1 (y=244-336): '英雄霸王史莱姆奈汉库伊可购买1次' → fodder (conf=0.65), 价格 29000, 货币 gold
[2026-05-21 23:20:33] [INFO] [ShopBot] 物品 2 (y=389-481): '英雄卡洛斯精锐兵可购买1次奈汉库伊' → unknown (conf=0.00), 价格 29000, 货币 gold
[2026-05-21 23:20:35] [INFO] [ShopBot] 物品 3 (y=534-662): '英雄猎人卡宁奈汉库伊可购买1次' → unknown (conf=0.00), 价格 29000, 货币 gold
[2026-05-21 23:20:35] [INFO] [ShopBot] 跳过物品: equipment
[2026-05-21 23:20:35] [INFO] [ShopBot] 跳过物品: fodder
[2026-05-21 23:20:35] [INFO] [ShopBot] 跳过物品: unknown
[2026-05-21 23:20:35] [INFO] [ShopBot] 跳过物品: unknown
[2026-05-21 23:20:35] [INFO] [ShopBot] 货架处理完成，共购买 0 个物品
[2026-05-21 23:20:35] [INFO] [ShopBot] 第 0 次查看，购买 0 个物品
[2026-05-21 23:20:35] [INFO] [ShopBot] 滑动 (640, 400) -> (640, 150), 时长 0.3s
[2026-05-21 23:20:36] [INFO] [ShopBot] 动态检测到 4 个物品行: [(154, 259), (313, 405), (456, 550), (601, 705)]
[2026-05-21 23:20:37] [INFO] [ShopBot] 物品 0 (y=154-259): '英雄卡洛斯精锐兵奈汉库伊可购买1次' → unknown (conf=0.00), 价格 29000, 货币 gold
[2026-05-21 23:20:37] [INFO] [ShopBot] 物品 1 (y=313-405): '英雄猎人卡宁奈汉库伊可购买1次' → unknown (conf=0.00), 价格 29000, 货币 gold
[2026-05-21 23:20:38] [INFO] [ShopBot] 物品 2 (y=456-550): '货币友情点数诺诺里50可购买1次' → unknown (conf=0.00), 价格 18000, 货币 gold
[2026-05-21 23:20:38] [INFO] [ShopBot] 物品 3 (y=601-705): '55装备蓝宝石项链妮萨可购买1次' → equipment (conf=0.70), 价格 480000, 货币 gold
[2026-05-21 23:20:38] [INFO] [ShopBot] 跳过物品: unknown
[2026-05-21 23:20:38] [INFO] [ShopBot] 跳过物品: unknown
[2026-05-21 23:20:38] [INFO] [ShopBot] 跳过物品: unknown
[2026-05-21 23:20:38] [INFO] [ShopBot] 跳过物品: equipment
[2026-05-21 23:20:38] [INFO] [ShopBot] 货架处理完成，共购买 0 个物品
[2026-05-21 23:20:38] [INFO] [ShopBot] 第 1 次查看，购买 0 个物品
[2026-05-21 23:20:38] [INFO] [ShopBot] 滑动 (640, 400) -> (640, 150), 时长 0.3s
[2026-05-21 23:20:40] [INFO] [ShopBot] 动态检测到 4 个物品行: [(154, 259), (313, 405), (456, 550), (601, 705)]
[2026-05-21 23:20:40] [INFO] [ShopBot] 物品 0 (y=154-259): '英雄卡洛斯精锐兵奈汉库伊可购买1次' → unknown (conf=0.00), 价格 29000, 货币 gold
[2026-05-21 23:20:41] [INFO] [ShopBot] 物品 1 (y=313-405): '英雄猎人卡宁奈汉库伊可购买1次' → unknown (conf=0.00), 价格 29000, 货币 gold
[2026-05-21 23:20:41] [INFO] [ShopBot] 物品 2 (y=456-550): '货币友情点数诺诺里50可购买1次' → unknown (conf=0.00), 价格 18000, 货币 gold
[2026-05-21 23:20:42] [INFO] [ShopBot] 物品 3 (y=601-705): '55装备蓝宝石项链妮萨可购买1次' → equipment (conf=0.70), 价格 480000, 货币 gold
[2026-05-21 23:20:42] [INFO] [ShopBot] 已到达货架底部（第 2 次滑动后，识别结果无变化）
[2026-05-21 23:20:42] [INFO] [ShopBot] 寻找刷新按钮（第 1 次）
[2026-05-21 23:20:42] [DEBUG] [ShopBot] 找到刷新按钮 '立即更新' 在 (268, 659)
[2026-05-21 23:20:42] [INFO] [ShopBot] 点击刷新按钮 (268, 659)
[2026-05-21 23:20:42] [INFO] [ShopBot] 点击坐标 (268, 659)
[2026-05-21 23:20:44] [INFO] [ShopBot] 检测到刷新确认弹窗，点击确认 (748, 459)
[2026-05-21 23:20:44] [INFO] [ShopBot] 点击坐标 (748, 459)
[2026-05-21 23:20:45] [INFO] [ShopBot] 等待货架加载...
[2026-05-21 23:20:46] [INFO] [ShopBot] ===== 第 3 轮 =====
[2026-05-21 23:20:46] [INFO] [ShopBot] 滑动到货架顶部...
[2026-05-21 23:20:46] [INFO] [ShopBot] 滑动 (640, 150) -> (640, 400), 时长 0.3s
[2026-05-21 23:20:46] [INFO] [ShopBot] 滑动 (640, 150) -> (640, 400), 时长 0.3s
[2026-05-21 23:20:47] [INFO] [ShopBot] 滑动 (640, 150) -> (640, 400), 时长 0.3s
[2026-05-21 23:20:48] [INFO] [ShopBot] 动态检测到 4 个物品行: [(98, 192), (243, 337), (390, 482), (533, 662)]
[2026-05-21 23:20:49] [INFO] [ShopBot] 物品 0 (y=98-192): '55-装备啤叫龙兽面具商人亚彼荷可购买1次' → equipment (conf=0.70), 价格 480000, 货币 gold
[2026-05-21 23:20:50] [INFO] [ShopBot] 物品 1 (y=243-337): '货币友情点数诺诺里50可购买1次' → unknown (conf=0.00), 价格 18000, 货币 gold
[2026-05-21 23:20:50] [INFO] [ShopBot] 物品 2 (y=390-482): '英雄冷血精锐骑士可购买1次奈汉库伊' → unknown (conf=0.00), 价格 29000, 货币 gold
[2026-05-21 23:20:51] [INFO] [ShopBot] 物品 3 (y=533-662): '装备55奥利哈钢靴子商人亚彼荷可购买1次' → equipment (conf=0.70), 价格 360000, 货币 gold
[2026-05-21 23:20:51] [INFO] [ShopBot] 跳过物品: equipment
[2026-05-21 23:20:51] [INFO] [ShopBot] 跳过物品: unknown
[2026-05-21 23:20:51] [INFO] [ShopBot] 跳过物品: unknown
[2026-05-21 23:20:51] [INFO] [ShopBot] 跳过物品: equipment
[2026-05-21 23:20:51] [INFO] [ShopBot] 货架处理完成，共购买 0 个物品
[2026-05-21 23:20:51] [INFO] [ShopBot] 第 0 次查看，购买 0 个物品
[2026-05-21 23:20:51] [INFO] [ShopBot] 滑动 (640, 400) -> (640, 150), 时长 0.3s
[2026-05-21 23:20:53] [INFO] [ShopBot] 动态检测到 4 个物品行: [(154, 259), (311, 405), (456, 550), (601, 705)]
[2026-05-21 23:20:54] [INFO] [ShopBot] 物品 0 (y=154-259): '英雄冷血精锐骑士奈汉库伊可购买1次' → unknown (conf=0.00), 价格 29000, 货币 gold
[2026-05-21 23:20:54] [INFO] [ShopBot] 物品 1 (y=311-405): '55装备奥利哈钢靴子商人亚彼荷可购买1次' → equipment (conf=0.70), 价格 360000, 货币 gold
[2026-05-21 23:20:54] [INFO] [ShopBot] 物品 2 (y=456-550): '55装备啤叫龙兽面具商人亚彼荷可购买1次' → equipment (conf=0.70), 价格 240000, 货币 gold
[2026-05-21 23:20:55] [INFO] [ShopBot] 物品 3 (y=601-705): '70装备冰霜脚爪项链妮萨可购买1次' → equipment (conf=0.70), 价格 560000, 货币 gold
[2026-05-21 23:20:55] [INFO] [ShopBot] 跳过物品: unknown
[2026-05-21 23:20:55] [INFO] [ShopBot] 跳过物品: equipment
[2026-05-21 23:20:55] [INFO] [ShopBot] 跳过物品: equipment
[2026-05-21 23:20:55] [INFO] [ShopBot] 跳过物品: equipment
[2026-05-21 23:20:55] [INFO] [ShopBot] 货架处理完成，共购买 0 个物品
[2026-05-21 23:20:55] [INFO] [ShopBot] 第 1 次查看，购买 0 个物品
[2026-05-21 23:20:55] [INFO] [ShopBot] 滑动 (640, 400) -> (640, 150), 时长 0.3s
[2026-05-21 23:20:56] [INFO] [ShopBot] 动态检测到 4 个物品行: [(154, 259), (311, 405), (456, 550), (601, 705)]
[2026-05-21 23:20:57] [INFO] [ShopBot] 物品 0 (y=154-259): '英雄冷血精锐骑士奈汉库伊可购买1次' → unknown (conf=0.00), 价格 29000, 货币 gold
[2026-05-21 23:20:58] [INFO] [ShopBot] 物品 1 (y=311-405): '55装备奥利哈钢靴子商人亚彼荷可购买1次' → equipment (conf=0.70), 价格 360000, 货币 gold
[2026-05-21 23:20:58] [INFO] [ShopBot] 物品 2 (y=456-550): '55装备啤叫龙兽面具商人亚彼荷可购买1次' → equipment (conf=0.70), 价格 240000, 货币 gold
[2026-05-21 23:20:59] [INFO] [ShopBot] 物品 3 (y=601-705): '70装备冰霜脚爪项链妮萨可购买1次' → equipment (conf=0.70), 价格 560000, 货币 gold
[2026-05-21 23:20:59] [INFO] [ShopBot] 已到达货架底部（第 2 次滑动后，识别结果无变化）
[2026-05-21 23:20:59] [INFO] [ShopBot] 寻找刷新按钮（第 1 次）
[2026-05-21 23:20:59] [DEBUG] [ShopBot] 找到刷新按钮 '立即更新' 在 (268, 659)
[2026-05-21 23:20:59] [INFO] [ShopBot] 点击刷新按钮 (268, 659)
[2026-05-21 23:20:59] [INFO] [ShopBot] 点击坐标 (268, 659)
[2026-05-21 23:21:01] [INFO] [ShopBot] 检测到刷新确认弹窗，点击确认 (748, 460)
[2026-05-21 23:21:01] [INFO] [ShopBot] 点击坐标 (748, 460)
[2026-05-21 23:21:01] [INFO] [ShopBot] 等待货架加载...
[2026-05-21 23:21:02] [INFO] [ShopBot] ===== 第 4 轮 =====
[2026-05-21 23:21:02] [INFO] [ShopBot] 滑动到货架顶部...
[2026-05-21 23:21:02] [INFO] [ShopBot] 滑动 (640, 150) -> (640, 400), 时长 0.3s
[2026-05-21 23:21:03] [INFO] [ShopBot] 滑动 (640, 150) -> (640, 400), 时长 0.3s
[2026-05-21 23:21:04] [INFO] [ShopBot] 滑动 (640, 150) -> (640, 400), 时长 0.3s
[2026-05-21 23:21:05] [INFO] [ShopBot] 动态检测到 4 个物品行: [(100, 192), (244, 337), (390, 482), (534, 662)]
[2026-05-21 23:21:06] [INFO] [ShopBot] 物品 0 (y=100-192): '英雄史嘉雷小恶魔奈汉库伊可购买1次' → unknown (conf=0.00), 价格 29000, 货币 gold
[2026-05-21 23:21:06] [INFO] [ShopBot] 物品 1 (y=244-337): '55装备灿烂精髓长袍商人亚彼荷可购买1次' → equipment (conf=0.70), 价格 360000, 货币 gold
[2026-05-21 23:21:07] [INFO] [ShopBot] 物品 2 (y=390-482): '英雄霜风席尔巴可购买1次奈汉库伊' → unknown (conf=0.00), 价格 29000, 货币 gold
[2026-05-21 23:21:07] [INFO] [ShopBot] 物品 3 (y=534-662): '装备55灿烂精髓长袍商人亚彼荷可购买1次' → equipment (conf=0.70), 价格 240000, 货币 gold
[2026-05-21 23:21:07] [INFO] [ShopBot] 跳过物品: unknown
[2026-05-21 23:21:07] [INFO] [ShopBot] 跳过物品: equipment
[2026-05-21 23:21:07] [INFO] [ShopBot] 跳过物品: unknown
[2026-05-21 23:21:07] [INFO] [ShopBot] 跳过物品: equipment
[2026-05-21 23:21:07] [INFO] [ShopBot] 货架处理完成，共购买 0 个物品
[2026-05-21 23:21:07] [INFO] [ShopBot] 第 0 次查看，购买 0 个物品
[2026-05-21 23:21:07] [INFO] [ShopBot] 滑动 (640, 400) -> (640, 150), 时长 0.3s
[2026-05-21 23:21:09] [INFO] [ShopBot] 动态检测到 5 个物品行: [(80, 128), (181, 273), (325, 419), (471, 563), (608, 705)]
[2026-05-21 23:21:10] [INFO] [ShopBot] 物品 0 (y=80-128): '灿烂精腿伙柜商人亚彼荷可购买1次' → unknown (conf=0.00), 价格 0, 货币 gold
[2026-05-21 23:21:10] [INFO] [ShopBot] 物品 1 (y=181-273): '英雄霜风席尔巴奈汉库伊可购买1次' → unknown (conf=0.00), 价格 29000, 货币 gold
[2026-05-21 23:21:11] [INFO] [ShopBot] 物品 2 (y=325-419): '55装备灿烂精髓长袍商人亚彼荷可购买1次' → equipment (conf=0.70), 价格 240000, 货币 gold
[2026-05-21 23:21:11] [INFO] [ShopBot] 物品 3 (y=471-563): '英雄蔷薇使徒会祭司奈汉库伊可购买1次' → unknown (conf=0.00), 价格 29000, 货币 gold
[2026-05-21 23:21:11] [INFO] [ShopBot] 物品 4 (y=608-705): '装备55暗龙红玉妮萨可购买1次' → equipment (conf=0.70), 价格 240000, 货币 gold
[2026-05-21 23:21:11] [INFO] [ShopBot] 跳过物品: unknown
[2026-05-21 23:21:11] [INFO] [ShopBot] 跳过物品: unknown
[2026-05-21 23:21:11] [INFO] [ShopBot] 跳过物品: equipment
[2026-05-21 23:21:11] [INFO] [ShopBot] 跳过物品: unknown
[2026-05-21 23:21:11] [INFO] [ShopBot] 跳过物品: equipment
[2026-05-21 23:21:11] [INFO] [ShopBot] 货架处理完成，共购买 0 个物品
[2026-05-21 23:21:11] [INFO] [ShopBot] 第 1 次查看，购买 0 个物品
[2026-05-21 23:21:11] [INFO] [ShopBot] 滑动 (640, 400) -> (640, 150), 时长 0.3s
[2026-05-21 23:21:13] [INFO] [ShopBot] 动态检测到 4 个物品行: [(154, 259), (311, 405), (457, 550), (601, 705)]
[2026-05-21 23:21:14] [INFO] [ShopBot] 物品 0 (y=154-259): '英雄霜风席尔巴奈汉库伊可购买1次' → unknown (conf=0.00), 价格 29000, 货币 gold
[2026-05-21 23:21:14] [INFO] [ShopBot] 物品 1 (y=311-405): '55装备灿烂精髓长袍商人亚彼荷可购买1次' → equipment (conf=0.70), 价格 240000, 货币 gold
[2026-05-21 23:21:14] [INFO] [ShopBot] 物品 2 (y=457-550): '英雄蔷薇使徒会祭司奈汉库伊可购买1次' → unknown (conf=0.00), 价格 29000, 货币 gold
[2026-05-21 23:21:15] [INFO] [ShopBot] 物品 3 (y=601-705): '55装备暗龙红玉妮萨可购买1次' → equipment (conf=0.70), 价格 240000, 货币 gold
[2026-05-21 23:21:15] [INFO] [ShopBot] 跳过物品: unknown
[2026-05-21 23:21:15] [INFO] [ShopBot] 跳过物品: equipment
[2026-05-21 23:21:15] [INFO] [ShopBot] 跳过物品: unknown
[2026-05-21 23:21:15] [INFO] [ShopBot] 跳过物品: equipment
[2026-05-21 23:21:15] [INFO] [ShopBot] 货架处理完成，共购买 0 个物品
[2026-05-21 23:21:15] [INFO] [ShopBot] 第 2 次查看，购买 0 个物品
[2026-05-21 23:21:15] [INFO] [ShopBot] 滑动 (640, 400) -> (640, 150), 时长 0.3s
[2026-05-21 23:21:16] [INFO] [ShopBot] 动态检测到 4 个物品行: [(154, 259), (311, 405), (457, 550), (600, 705)]
[2026-05-21 23:21:17] [INFO] [ShopBot] 物品 0 (y=154-259): '英雄霜风席尔巴奈汉库伊可购买1次' → unknown (conf=0.00), 价格 29000, 货币 gold
[2026-05-21 23:21:17] [INFO] [ShopBot] 物品 1 (y=311-405): '55装备灿烂精髓长袍商人亚彼荷可购买1次' → equipment (conf=0.70), 价格 240000, 货币 gold
[2026-05-21 23:21:18] [INFO] [ShopBot] 物品 2 (y=457-550): '英雄蔷薇使徒会祭司奈汉库伊可购买1次' → unknown (conf=0.00), 价格 29000, 货币 gold
[2026-05-21 23:21:18] [INFO] [ShopBot] 物品 3 (y=600-705): '55装备暗龙红玉妮萨可购买1次' → equipment (conf=0.70), 价格 240000, 货币 gold
[2026-05-21 23:21:18] [INFO] [ShopBot] 已到达货架底部（第 3 次滑动后，识别结果无变化）
[2026-05-21 23:21:18] [INFO] [ShopBot] 寻找刷新按钮（第 1 次）
[2026-05-21 23:21:19] [DEBUG] [ShopBot] 找到刷新按钮 '立即更新' 在 (268, 659)
[2026-05-21 23:21:19] [INFO] [ShopBot] 点击刷新按钮 (268, 659)
[2026-05-21 23:21:19] [INFO] [ShopBot] 点击坐标 (268, 659)
[2026-05-21 23:21:20] [INFO] [ShopBot] 检测到刷新确认弹窗，点击确认 (748, 460)
[2026-05-21 23:21:20] [INFO] [ShopBot] 点击坐标 (748, 460)
[2026-05-21 23:21:21] [INFO] [ShopBot] 等待货架加载...
[2026-05-21 23:21:22] [INFO] [ShopBot] ===== 第 5 轮 =====
[2026-05-21 23:21:22] [INFO] [ShopBot] 滑动到货架顶部...
[2026-05-21 23:21:22] [INFO] [ShopBot] 滑动 (640, 150) -> (640, 400), 时长 0.3s
[2026-05-21 23:21:23] [INFO] [ShopBot] 滑动 (640, 150) -> (640, 400), 时长 0.3s
[2026-05-21 23:21:24] [INFO] [ShopBot] 滑动 (640, 150) -> (640, 400), 时长 0.3s
[2026-05-21 23:21:25] [INFO] [ShopBot] 动态检测到 4 个物品行: [(100, 191), (245, 337), (389, 482), (534, 662)]
[2026-05-21 23:21:26] [INFO] [ShopBot] 物品 0 (y=100-191): '英雄铁血剑兵奈汉库伊可购买1次' → equipment (conf=0.65), 价格 29000, 货币 gold
[2026-05-21 23:21:26] [INFO] [ShopBot] 物品 1 (y=245-337): '英雄辅助型忠犬奈汉库伊可购买1次' → unknown (conf=0.00), 价格 29000, 货币 gold
[2026-05-21 23:21:26] [INFO] [ShopBot] 物品 2 (y=389-482): '55装备蓝宝石项链妮萨可购买1次' → equipment (conf=0.70), 价格 240000, 货币 gold
[2026-05-21 23:21:27] [INFO] [ShopBot] 物品 3 (y=534-662): '货币友情点数诺诺里50可购买1次' → unknown (conf=0.00), 价格 18000, 货币 gold
[2026-05-21 23:21:27] [INFO] [ShopBot] 跳过物品: equipment
[2026-05-21 23:21:27] [INFO] [ShopBot] 跳过物品: unknown
[2026-05-21 23:21:27] [INFO] [ShopBot] 跳过物品: equipment
[2026-05-21 23:21:27] [INFO] [ShopBot] 跳过物品: unknown
[2026-05-21 23:21:27] [INFO] [ShopBot] 货架处理完成，共购买 0 个物品
[2026-05-21 23:21:27] [INFO] [ShopBot] 第 0 次查看，购买 0 个物品
[2026-05-21 23:21:27] [INFO] [ShopBot] 滑动 (640, 400) -> (640, 150), 时长 0.3s
[2026-05-21 23:21:29] [INFO] [ShopBot] 动态检测到 5 个物品行: [(80, 127), (179, 273), (324, 418), (469, 563), (614, 705)]
[2026-05-21 23:21:30] [INFO] [ShopBot] 物品 0 (y=80-127): '抽功至心人奈汉库伊可购买1次' → unknown (conf=0.00), 价格 0, 货币 gold
[2026-05-21 23:21:30] [INFO] [ShopBot] 物品 1 (y=179-273): '55装备蓝宝石项链妮萨可购买1次' → equipment (conf=0.70), 价格 240000, 货币 gold
[2026-05-21 23:21:30] [INFO] [ShopBot] 物品 2 (y=324-418): '货币友情点数诺诺里50可购买1次' → unknown (conf=0.00), 价格 18000, 货币 gold
[2026-05-21 23:21:31] [INFO] [ShopBot] 物品 3 (y=469-563): '55装备勇士的背甲胸部护具商人亚彼荷可购买1次' → equipment (conf=0.70), 价格 240000, 货币 gold
[2026-05-21 23:21:31] [INFO] [ShopBot] 物品 4 (y=614-705): '装备70魔力龙兽面具商人亚彼荷可购买1次' → equipment (conf=0.70), 价格 380000, 货币 gold
[2026-05-21 23:21:31] [INFO] [ShopBot] 跳过物品: unknown
[2026-05-21 23:21:31] [INFO] [ShopBot] 跳过物品: equipment
[2026-05-21 23:21:31] [INFO] [ShopBot] 跳过物品: unknown
[2026-05-21 23:21:31] [INFO] [ShopBot] 跳过物品: equipment
[2026-05-21 23:21:31] [INFO] [ShopBot] 跳过物品: equipment
[2026-05-21 23:21:31] [INFO] [ShopBot] 货架处理完成，共购买 0 个物品
[2026-05-21 23:21:31] [INFO] [ShopBot] 第 1 次查看，购买 0 个物品
[2026-05-21 23:21:31] [INFO] [ShopBot] 滑动 (640, 400) -> (640, 150), 时长 0.3s
[2026-05-21 23:21:33] [INFO] [ShopBot] 动态检测到 4 个物品行: [(154, 260), (311, 405), (456, 550), (601, 705)]
[2026-05-21 23:21:34] [INFO] [ShopBot] 物品 0 (y=154-260): '55装备蓝宝石项链妮萨可购买1次' → equipment (conf=0.70), 价格 240000, 货币 gold
[2026-05-21 23:21:34] [INFO] [ShopBot] 物品 1 (y=311-405): '货币友情点数诺诺里50可购买1次' → unknown (conf=0.00), 价格 18000, 货币 gold
[2026-05-21 23:21:35] [INFO] [ShopBot] 物品 2 (y=456-550): '55装备勇士的背甲胸部护具商人亚彼荷可购买1次' → equipment (conf=0.70), 价格 240000, 货币 gold
[2026-05-21 23:21:35] [INFO] [ShopBot] 物品 3 (y=601-705): '70装备魔力龙兽面具商人亚彼荷可购买1次' → equipment (conf=0.70), 价格 380000, 货币 gold
[2026-05-21 23:21:35] [INFO] [ShopBot] 跳过物品: equipment
[2026-05-21 23:21:35] [INFO] [ShopBot] 跳过物品: unknown
[2026-05-21 23:21:35] [INFO] [ShopBot] 跳过物品: equipment
[2026-05-21 23:21:35] [INFO] [ShopBot] 跳过物品: equipment
[2026-05-21 23:21:35] [INFO] [ShopBot] 货架处理完成，共购买 0 个物品
[2026-05-21 23:21:35] [INFO] [ShopBot] 第 2 次查看，购买 0 个物品
[2026-05-21 23:21:35] [INFO] [ShopBot] 滑动 (640, 400) -> (640, 150), 时长 0.3s
[2026-05-21 23:21:37] [INFO] [ShopBot] 动态检测到 4 个物品行: [(154, 260), (311, 405), (456, 550), (601, 695)]
[2026-05-21 23:21:37] [INFO] [ShopBot] 物品 0 (y=154-260): '55装备蓝宝石项链妮萨可购买1次' → equipment (conf=0.70), 价格 240000, 货币 gold
[2026-05-21 23:21:38] [INFO] [ShopBot] 物品 1 (y=311-405): '货币友情点数诺诺里50可购买1次' → unknown (conf=0.00), 价格 18000, 货币 gold
[2026-05-21 23:21:38] [INFO] [ShopBot] 物品 2 (y=456-550): '55装备勇士的背甲胸部护具商人亚彼荷可购买1次' → equipment (conf=0.70), 价格 240000, 货币 gold
[2026-05-21 23:21:39] [INFO] [ShopBot] 物品 3 (y=601-695): '70装备魔力龙兽面具商人亚彼荷可购买1次' → equipment (conf=0.70), 价格 380000, 货币 gold
[2026-05-21 23:21:39] [INFO] [ShopBot] 已到达货架底部（第 3 次滑动后，识别结果无变化）
[2026-05-21 23:21:39] [INFO] [ShopBot] 寻找刷新按钮（第 1 次）
[2026-05-21 23:21:39] [DEBUG] [ShopBot] 找到刷新按钮 '立即更新' 在 (268, 659)
[2026-05-21 23:21:39] [INFO] [ShopBot] 点击刷新按钮 (268, 659)
[2026-05-21 23:21:39] [INFO] [ShopBot] 点击坐标 (268, 659)
[2026-05-21 23:21:41] [INFO] [ShopBot] 检测到刷新确认弹窗，点击确认 (748, 460)
[2026-05-21 23:21:41] [INFO] [ShopBot] 点击坐标 (748, 460)
[2026-05-21 23:21:41] [INFO] [ShopBot] 等待货架加载...
[2026-05-21 23:21:42] [INFO] [ShopBot] ===== 第 6 轮 =====
[2026-05-21 23:21:42] [INFO] [ShopBot] 滑动到货架顶部...
[2026-05-21 23:21:42] [INFO] [ShopBot] 滑动 (640, 150) -> (640, 400), 时长 0.3s
[2026-05-21 23:21:43] [INFO] [ShopBot] 滑动 (640, 150) -> (640, 400), 时长 0.3s
[2026-05-21 23:21:44] [INFO] [ShopBot] 滑动 (640, 150) -> (640, 400), 时长 0.3s
[2026-05-21 23:21:45] [INFO] [ShopBot] 动态检测到 4 个物品行: [(100, 192), (244, 337), (389, 482), (534, 662)]
[2026-05-21 23:21:46] [INFO] [ShopBot] 物品 0 (y=100-192): '英雄寒气结晶体奈汉库伊可购买1次' → unknown (conf=0.00), 价格 29000, 货币 gold
[2026-05-21 23:21:46] [INFO] [ShopBot] 物品 1 (y=244-337): '70装备蜘蛛君主的挂饰妮萨可购买1次' → equipment (conf=0.70), 价格 560000, 货币 gold
[2026-05-21 23:21:47] [INFO] [ShopBot] 物品 2 (y=389-482): '货币友情点数可购买1次诺诺里50' → unknown (conf=0.00), 价格 18000, 货币 gold
[2026-05-21 23:21:47] [INFO] [ShopBot] 物品 3 (y=534-662): '装备55啤叫龙兽靴子商人亚彼荷可购买1次' → equipment (conf=0.70), 价格 240000, 货币 gold
[2026-05-21 23:21:47] [INFO] [ShopBot] 跳过物品: unknown
[2026-05-21 23:21:47] [INFO] [ShopBot] 跳过物品: equipment
[2026-05-21 23:21:47] [INFO] [ShopBot] 跳过物品: unknown
[2026-05-21 23:21:47] [INFO] [ShopBot] 跳过物品: equipment
[2026-05-21 23:21:47] [INFO] [ShopBot] 货架处理完成，共购买 0 个物品
[2026-05-21 23:21:47] [INFO] [ShopBot] 第 0 次查看，购买 0 个物品
[2026-05-21 23:21:47] [INFO] [ShopBot] 滑动 (640, 400) -> (640, 150), 时长 0.3s
[2026-05-21 23:21:49] [INFO] [ShopBot] 动态检测到 4 个物品行: [(154, 260), (311, 405), (456, 550), (601, 695)]
[2026-05-21 23:21:50] [INFO] [ShopBot] 物品 0 (y=154-260): '货币友情点数诺诺里50可购买1次' → unknown (conf=0.00), 价格 18000, 货币 gold
[2026-05-21 23:21:50] [INFO] [ShopBot] 物品 1 (y=311-405): '55装备啤叫龙兽靴子商人亚彼荷可购买1次' → equipment (conf=0.70), 价格 240000, 货币 gold
[2026-05-21 23:21:51] [INFO] [ShopBot] 物品 2 (y=456-550): '55装备灿烂精髓王冠商人亚彼荷可购买1次' → equipment (conf=0.70), 价格 240000, 货币 gold
[2026-05-21 23:21:51] [INFO] [ShopBot] 物品 3 (y=601-695): '55装备灿烂精髓鞋子商人亚彼荷可购买1次' → equipment (conf=0.70), 价格 240000, 货币 gold
[2026-05-21 23:21:51] [INFO] [ShopBot] 跳过物品: unknown
[2026-05-21 23:21:51] [INFO] [ShopBot] 跳过物品: equipment
[2026-05-21 23:21:51] [INFO] [ShopBot] 跳过物品: equipment
[2026-05-21 23:21:51] [INFO] [ShopBot] 跳过物品: equipment
[2026-05-21 23:21:51] [INFO] [ShopBot] 货架处理完成，共购买 0 个物品
[2026-05-21 23:21:51] [INFO] [ShopBot] 第 1 次查看，购买 0 个物品
[2026-05-21 23:21:51] [INFO] [ShopBot] 滑动 (640, 400) -> (640, 150), 时长 0.3s
[2026-05-21 23:21:53] [INFO] [ShopBot] 动态检测到 4 个物品行: [(154, 260), (311, 405), (456, 550), (601, 705)]
[2026-05-21 23:21:53] [INFO] [ShopBot] 物品 0 (y=154-260): '货币友情点数诺诺里50可购买1次' → unknown (conf=0.00), 价格 18000, 货币 gold
[2026-05-21 23:21:54] [INFO] [ShopBot] 物品 1 (y=311-405): '55装备啤叫龙兽靴子商人亚彼荷可购买1次' → equipment (conf=0.70), 价格 240000, 货币 gold
[2026-05-21 23:21:54] [INFO] [ShopBot] 物品 2 (y=456-550): '55装备灿烂精髓王冠商人亚彼荷可购买1次' → equipment (conf=0.70), 价格 240000, 货币 gold
[2026-05-21 23:21:55] [INFO] [ShopBot] 物品 3 (y=601-705): '55装备灿烂精髓鞋子商人亚彼荷可购买1次' → equipment (conf=0.70), 价格 240000, 货币 gold
[2026-05-21 23:21:55] [INFO] [ShopBot] 已到达货架底部（第 2 次滑动后，识别结果无变化）
[2026-05-21 23:21:55] [INFO] [ShopBot] 寻找刷新按钮（第 1 次）
[2026-05-21 23:21:55] [DEBUG] [ShopBot] 找到刷新按钮 '立即更新' 在 (268, 659)
[2026-05-21 23:21:55] [INFO] [ShopBot] 点击刷新按钮 (268, 659)
[2026-05-21 23:21:55] [INFO] [ShopBot] 点击坐标 (268, 659)
[2026-05-21 23:21:57] [INFO] [ShopBot] 检测到刷新确认弹窗，点击确认 (748, 460)
[2026-05-21 23:21:57] [INFO] [ShopBot] 点击坐标 (748, 460)
[2026-05-21 23:21:57] [INFO] [ShopBot] 等待货架加载...
[2026-05-21 23:21:58] [INFO] [ShopBot] ===== 第 7 轮 =====
[2026-05-21 23:21:58] [INFO] [ShopBot] 滑动到货架顶部...
[2026-05-21 23:21:58] [INFO] [ShopBot] 滑动 (640, 150) -> (640, 400), 时长 0.3s
[2026-05-21 23:21:59] [INFO] [ShopBot] 滑动 (640, 150) -> (640, 400), 时长 0.3s
[2026-05-21 23:22:00] [INFO] [ShopBot] 滑动 (640, 150) -> (640, 400), 时长 0.3s
[2026-05-21 23:22:01] [INFO] [ShopBot] 动态检测到 4 个物品行: [(98, 191), (243, 337), (388, 482), (533, 660)]
[2026-05-21 23:22:02] [INFO] [ShopBot] 物品 0 (y=98-191): '55装备啤叫龙兽骨刃剑商人亚彼荷可购买1次' → equipment (conf=0.70), 价格 240000, 货币 gold
[2026-05-21 23:22:02] [INFO] [ShopBot] 物品 1 (y=243-337): '货币友情点数诺诺里50可购买1次' → unknown (conf=0.00), 价格 18000, 货币 gold
[2026-05-21 23:22:03] [INFO] [ShopBot] 物品 2 (y=388-482): '55装备勇士的背甲戒指妮萨可购买1次' → equipment (conf=0.70), 价格 240000, 货币 gold
[2026-05-21 23:22:04] [INFO] [ShopBot] 物品 3 (y=533-660): '装备55灿烂精髓长袍商人亚彼荷可购买1次' → equipment (conf=0.70), 价格 360000, 货币 gold
[2026-05-21 23:22:04] [INFO] [ShopBot] 跳过物品: equipment
[2026-05-21 23:22:04] [INFO] [ShopBot] 跳过物品: unknown
[2026-05-21 23:22:04] [INFO] [ShopBot] 跳过物品: equipment
[2026-05-21 23:22:04] [INFO] [ShopBot] 跳过物品: equipment
[2026-05-21 23:22:04] [INFO] [ShopBot] 货架处理完成，共购买 0 个物品
[2026-05-21 23:22:04] [INFO] [ShopBot] 第 0 次查看，购买 0 个物品
[2026-05-21 23:22:04] [INFO] [ShopBot] 滑动 (640, 400) -> (640, 150), 时长 0.3s
[2026-05-21 23:22:06] [INFO] [ShopBot] 动态检测到 4 个物品行: [(154, 260), (311, 405), (456, 550), (601, 705)]
[2026-05-21 23:22:06] [INFO] [ShopBot] 物品 0 (y=154-260): '55装备勇士的背甲戒指妮萨可购买1次' → equipment (conf=0.70), 价格 240000, 货币 gold
[2026-05-21 23:22:07] [INFO] [ShopBot] 物品 1 (y=311-405): '55装备灿烂精髓长袍商人亚彼荷可购买1次' → equipment (conf=0.70), 价格 360000, 货币 gold
[2026-05-21 23:22:07] [INFO] [ShopBot] 物品 2 (y=456-550): '70装备泰拉头盔商人亚彼荷可购买1次' → equipment (conf=0.70), 价格 560000, 货币 gold
[2026-05-21 23:22:08] [INFO] [ShopBot] 物品 3 (y=601-705): '85装备黑曜石戒指妮萨可购买1次' → equipment (conf=0.70), 价格 540000, 货币 gold
[2026-05-21 23:22:08] [INFO] [ShopBot] 跳过物品: equipment
[2026-05-21 23:22:08] [INFO] [ShopBot] 跳过物品: equipment
[2026-05-21 23:22:08] [INFO] [ShopBot] 跳过物品: equipment
[2026-05-21 23:22:08] [INFO] [ShopBot] 跳过物品: equipment
[2026-05-21 23:22:08] [INFO] [ShopBot] 货架处理完成，共购买 0 个物品
[2026-05-21 23:22:08] [INFO] [ShopBot] 第 1 次查看，购买 0 个物品
[2026-05-21 23:22:08] [INFO] [ShopBot] 滑动 (640, 400) -> (640, 150), 时长 0.3s
[2026-05-21 23:22:09] [INFO] [ShopBot] 动态检测到 4 个物品行: [(154, 260), (311, 405), (456, 550), (601, 705)]
[2026-05-21 23:22:10] [INFO] [ShopBot] 物品 0 (y=154-260): '55装备勇士的背甲戒指妮萨可购买1次' → equipment (conf=0.70), 价格 240000, 货币 gold
[2026-05-21 23:22:10] [INFO] [ShopBot] 物品 1 (y=311-405): '55装备灿烂精髓长袍商人亚彼荷可购买1次' → equipment (conf=0.70), 价格 360000, 货币 gold
[2026-05-21 23:22:11] [INFO] [ShopBot] 物品 2 (y=456-550): '70装备泰拉头盔商人亚彼荷可购买1次' → equipment (conf=0.70), 价格 560000, 货币 gold
[2026-05-21 23:22:11] [INFO] [ShopBot] 物品 3 (y=601-705): '85装备黑曜石戒指妮萨可购买1次' → equipment (conf=0.70), 价格 540000, 货币 gold
[2026-05-21 23:22:11] [INFO] [ShopBot] 已到达货架底部（第 2 次滑动后，识别结果无变化）
[2026-05-21 23:22:11] [INFO] [ShopBot] 寻找刷新按钮（第 1 次）
[2026-05-21 23:22:12] [DEBUG] [ShopBot] 找到刷新按钮 '立即更新' 在 (268, 659)
[2026-05-21 23:22:12] [INFO] [ShopBot] 点击刷新按钮 (268, 659)
[2026-05-21 23:22:12] [INFO] [ShopBot] 点击坐标 (268, 659)
[2026-05-21 23:22:13] [INFO] [ShopBot] 检测到刷新确认弹窗，点击确认 (748, 460)
[2026-05-21 23:22:13] [INFO] [ShopBot] 点击坐标 (748, 460)
[2026-05-21 23:22:14] [INFO] [ShopBot] 等待货架加载...
[2026-05-21 23:22:15] [INFO] [ShopBot] ===== 第 8 轮 =====
[2026-05-21 23:22:15] [INFO] [ShopBot] 滑动到货架顶部...
[2026-05-21 23:22:15] [INFO] [ShopBot] 滑动 (640, 150) -> (640, 400), 时长 0.3s
[2026-05-21 23:22:16] [INFO] [ShopBot] 滑动 (640, 150) -> (640, 400), 时长 0.3s
[2026-05-21 23:22:17] [INFO] [ShopBot] 滑动 (640, 150) -> (640, 400), 时长 0.3s
[2026-05-21 23:22:18] [INFO] [ShopBot] 动态检测到 4 个物品行: [(100, 192), (244, 337), (389, 482), (535, 660)]
[2026-05-21 23:22:18] [INFO] [ShopBot] 物品 0 (y=100-192): '英雄泰拉纳德巡逻兵奈汉库伊可购买1次' → unknown (conf=0.00), 价格 29000, 货币 gold
[2026-05-21 23:22:19] [INFO] [ShopBot] 物品 1 (y=244-337): '70装备不详的恶魔戒指妮萨可购买1次' → equipment (conf=0.70), 价格 380000, 货币 gold
[2026-05-21 23:22:19] [INFO] [ShopBot] 物品 2 (y=389-482): '55装备精巧的恶魔靴子商人亚彼荷可购买1次' → equipment (conf=0.70), 价格 240000, 货币 gold
[2026-05-21 23:22:20] [INFO] [ShopBot] 物品 3 (y=535-660): '英雄骑士玛伊堤奈汉库伊可购买1次' → unknown (conf=0.00), 价格 29000, 货币 gold
[2026-05-21 23:22:20] [INFO] [ShopBot] 跳过物品: unknown
[2026-05-21 23:22:20] [INFO] [ShopBot] 跳过物品: equipment
[2026-05-21 23:22:20] [INFO] [ShopBot] 跳过物品: equipment
[2026-05-21 23:22:20] [INFO] [ShopBot] 跳过物品: unknown
[2026-05-21 23:22:20] [INFO] [ShopBot] 货架处理完成，共购买 0 个物品
[2026-05-21 23:22:20] [INFO] [ShopBot] 第 0 次查看，购买 0 个物品
[2026-05-21 23:22:20] [INFO] [ShopBot] 滑动 (640, 400) -> (640, 150), 时长 0.3s
[2026-05-21 23:22:22] [INFO] [ShopBot] 动态检测到 4 个物品行: [(154, 260), (313, 405), (456, 550), (602, 705)]
[2026-05-21 23:22:23] [INFO] [ShopBot] 物品 0 (y=154-260): '55装备精巧的恶魔靴子商人亚彼荷可购买1次' → equipment (conf=0.70), 价格 240000, 货币 gold
[2026-05-21 23:22:23] [INFO] [ShopBot] 物品 1 (y=313-405): '英雄骑士玛伊堤奈汉库伊可购买1次' → unknown (conf=0.00), 价格 29000, 货币 gold
[2026-05-21 23:22:24] [INFO] [ShopBot] 物品 2 (y=456-550): '85装备黑曜石戒指妮萨可购买1次' → equipment (conf=0.70), 价格 540000, 货币 gold
[2026-05-21 23:22:24] [INFO] [ShopBot] 物品 3 (y=602-705): '英雄熔岩陆龟奈汉库伊可购买1次' → unknown (conf=0.00), 价格 29000, 货币 gold
[2026-05-21 23:22:24] [INFO] [ShopBot] 跳过物品: equipment
[2026-05-21 23:22:24] [INFO] [ShopBot] 跳过物品: unknown
[2026-05-21 23:22:24] [INFO] [ShopBot] 跳过物品: equipment
[2026-05-21 23:22:24] [INFO] [ShopBot] 跳过物品: unknown
[2026-05-21 23:22:24] [INFO] [ShopBot] 货架处理完成，共购买 0 个物品
[2026-05-21 23:22:24] [INFO] [ShopBot] 第 1 次查看，购买 0 个物品
[2026-05-21 23:22:24] [INFO] [ShopBot] 滑动 (640, 400) -> (640, 150), 时长 0.3s
[2026-05-21 23:22:26] [INFO] [ShopBot] 动态检测到 4 个物品行: [(154, 260), (313, 405), (456, 550), (602, 705)]
[2026-05-21 23:22:27] [INFO] [ShopBot] 物品 0 (y=154-260): '55装备精巧的恶魔靴子商人亚彼荷可购买1次' → equipment (conf=0.70), 价格 240000, 货币 gold
[2026-05-21 23:22:27] [INFO] [ShopBot] 物品 1 (y=313-405): '英雄骑士玛伊堤奈汉库伊可购买1次' → unknown (conf=0.00), 价格 29000, 货币 gold
[2026-05-21 23:22:28] [INFO] [ShopBot] 物品 2 (y=456-550): '85装备黑曜石戒指妮萨可购买1次' → equipment (conf=0.70), 价格 540000, 货币 gold
[2026-05-21 23:22:28] [INFO] [ShopBot] 物品 3 (y=602-705): '英雄熔岩陆龟奈汉库伊可购买1次' → unknown (conf=0.00), 价格 29000, 货币 gold
[2026-05-21 23:22:28] [INFO] [ShopBot] 已到达货架底部（第 2 次滑动后，识别结果无变化）
[2026-05-21 23:22:28] [INFO] [ShopBot] 寻找刷新按钮（第 1 次）
[2026-05-21 23:22:29] [DEBUG] [ShopBot] 找到刷新按钮 '立即更新' 在 (268, 659)
[2026-05-21 23:22:29] [INFO] [ShopBot] 点击刷新按钮 (268, 659)
[2026-05-21 23:22:29] [INFO] [ShopBot] 点击坐标 (268, 659)
[2026-05-21 23:22:30] [INFO] [ShopBot] 检测到刷新确认弹窗，点击确认 (748, 460)
[2026-05-21 23:22:30] [INFO] [ShopBot] 点击坐标 (748, 460)
[2026-05-21 23:22:31] [INFO] [ShopBot] 等待货架加载...
[2026-05-21 23:22:32] [INFO] [ShopBot] ===== 第 9 轮 =====
[2026-05-21 23:22:32] [INFO] [ShopBot] 滑动到货架顶部...
[2026-05-21 23:22:32] [INFO] [ShopBot] 滑动 (640, 150) -> (640, 400), 时长 0.3s
[2026-05-21 23:22:33] [INFO] [ShopBot] 滑动 (640, 150) -> (640, 400), 时长 0.3s
[2026-05-21 23:22:33] [INFO] [ShopBot] 滑动 (640, 150) -> (640, 400), 时长 0.3s
[2026-05-21 23:22:35] [INFO] [ShopBot] 动态检测到 4 个物品行: [(98, 191), (245, 336), (390, 481), (534, 660)]
[2026-05-21 23:22:35] [INFO] [ShopBot] 物品 0 (y=98-191): '英雄盾牌骑士团矛兵奈汉库伊可购买1次' → equipment (conf=0.70), 价格 29000, 货币 gold
[2026-05-21 23:22:36] [INFO] [ShopBot] 物品 1 (y=245-336): '英雄怪异的魔物奈汉库伊可购买1次' → unknown (conf=0.00), 价格 29000, 货币 gold
[2026-05-21 23:22:36] [INFO] [ShopBot] 物品 2 (y=390-481): '英雄黑暗结晶体可购买1次奈汉库伊' → unknown (conf=0.00), 价格 29000, 货币 gold
[2026-05-21 23:22:38] [INFO] [ShopBot] 物品 3 (y=534-660): '英雄精锐兵玛伊堤奈汉库伊可购买1次' → unknown (conf=0.00), 价格 29000, 货币 gold
[2026-05-21 23:22:38] [INFO] [ShopBot] 跳过物品: equipment
[2026-05-21 23:22:38] [INFO] [ShopBot] 跳过物品: unknown
[2026-05-21 23:22:38] [INFO] [ShopBot] 跳过物品: unknown
[2026-05-21 23:22:38] [INFO] [ShopBot] 跳过物品: unknown
[2026-05-21 23:22:38] [INFO] [ShopBot] 货架处理完成，共购买 0 个物品
[2026-05-21 23:22:38] [INFO] [ShopBot] 第 0 次查看，购买 0 个物品
[2026-05-21 23:22:38] [INFO] [ShopBot] 滑动 (640, 400) -> (640, 150), 时长 0.3s
[2026-05-21 23:22:39] [INFO] [ShopBot] 动态检测到 4 个物品行: [(154, 259), (313, 405), (458, 550), (602, 705)]
[2026-05-21 23:22:40] [INFO] [ShopBot] 物品 0 (y=154-259): '英雄黑暗结晶体奈汉库伊可购买1次' → unknown (conf=0.00), 价格 29000, 货币 gold
[2026-05-21 23:22:40] [INFO] [ShopBot] 物品 1 (y=313-405): '英雄精锐兵玛伊堤奈汉库伊可购买1次' → unknown (conf=0.00), 价格 29000, 货币 gold
[2026-05-21 23:22:41] [INFO] [ShopBot] 物品 2 (y=458-550): '英雄卡洛斯冲锋兵奈汉库伊可购买1次' → unknown (conf=0.00), 价格 29000, 货币 gold
[2026-05-21 23:22:41] [INFO] [ShopBot] 物品 3 (y=602-705): '英雄救护型军犬奈汉库伊可购买1次' → unknown (conf=0.00), 价格 29000, 货币 gold
[2026-05-21 23:22:41] [INFO] [ShopBot] 跳过物品: unknown
[2026-05-21 23:22:41] [INFO] [ShopBot] 跳过物品: unknown
[2026-05-21 23:22:41] [INFO] [ShopBot] 跳过物品: unknown
[2026-05-21 23:22:41] [INFO] [ShopBot] 跳过物品: unknown
[2026-05-21 23:22:41] [INFO] [ShopBot] 货架处理完成，共购买 0 个物品
[2026-05-21 23:22:41] [INFO] [ShopBot] 第 1 次查看，购买 0 个物品
[2026-05-21 23:22:41] [INFO] [ShopBot] 滑动 (640, 400) -> (640, 150), 时长 0.3s
[2026-05-21 23:22:43] [INFO] [ShopBot] 动态检测到 4 个物品行: [(154, 259), (313, 405), (457, 550), (602, 705)]
[2026-05-21 23:22:44] [INFO] [ShopBot] 物品 0 (y=154-259): '英雄黑暗结晶体奈汉库伊可购买1次' → unknown (conf=0.00), 价格 29000, 货币 gold
[2026-05-21 23:22:44] [INFO] [ShopBot] 物品 1 (y=313-405): '英雄精锐兵玛伊堤奈汉库伊可购买1次' → unknown (conf=0.00), 价格 29000, 货币 gold
[2026-05-21 23:22:44] [INFO] [ShopBot] 物品 2 (y=457-550): '英雄卡洛斯冲锋兵奈汉库伊可购买1次' → unknown (conf=0.00), 价格 29000, 货币 gold
[2026-05-21 23:22:45] [INFO] [ShopBot] 物品 3 (y=602-705): '英雄救护型军犬奈汉库伊可购买1次' → unknown (conf=0.00), 价格 29000, 货币 gold
[2026-05-21 23:22:45] [INFO] [ShopBot] 已到达货架底部（第 2 次滑动后，识别结果无变化）
[2026-05-21 23:22:45] [INFO] [ShopBot] 寻找刷新按钮（第 1 次）
[2026-05-21 23:22:45] [DEBUG] [ShopBot] 找到刷新按钮 '立即更新' 在 (268, 659)
[2026-05-21 23:22:45] [INFO] [ShopBot] 点击刷新按钮 (268, 659)
[2026-05-21 23:22:45] [INFO] [ShopBot] 点击坐标 (268, 659)
[2026-05-21 23:22:47] [INFO] [ShopBot] 检测到刷新确认弹窗，点击确认 (748, 460)
[2026-05-21 23:22:47] [INFO] [ShopBot] 点击坐标 (748, 460)
[2026-05-21 23:22:47] [INFO] [ShopBot] 等待货架加载...
[2026-05-21 23:22:48] [INFO] [ShopBot] ===== 第 10 轮 =====
[2026-05-21 23:22:48] [INFO] [ShopBot] 滑动到货架顶部...
[2026-05-21 23:22:48] [INFO] [ShopBot] 滑动 (640, 150) -> (640, 400), 时长 0.3s
[2026-05-21 23:22:49] [INFO] [ShopBot] 滑动 (640, 150) -> (640, 400), 时长 0.3s
[2026-05-21 23:22:50] [INFO] [ShopBot] 滑动 (640, 150) -> (640, 400), 时长 0.3s
[2026-05-21 23:22:51] [INFO] [ShopBot] 动态检测到 4 个物品行: [(98, 191), (243, 337), (389, 481), (533, 662)]
[2026-05-21 23:22:52] [INFO] [ShopBot] 物品 0 (y=98-191): '55装备灿烂精髓王冠商人亚彼荷可购买1次' → equipment (conf=0.70), 价格 480000, 货币 gold
[2026-05-21 23:22:52] [INFO] [ShopBot] 物品 1 (y=243-337): '55装备勇士的背甲戒指妮萨可购买1次' → equipment (conf=0.70), 价格 240000, 货币 gold
[2026-05-21 23:22:53] [INFO] [ShopBot] 物品 2 (y=389-481): '英雄追踪队枪炮可购买1次奈汉库伊' → unknown (conf=0.00), 价格 29000, 货币 gold
[2026-05-21 23:22:53] [INFO] [ShopBot] 物品 3 (y=533-662): '货币友情点数诺诺里50可购买1次' → unknown (conf=0.00), 价格 18000, 货币 gold
[2026-05-21 23:22:53] [INFO] [ShopBot] 跳过物品: equipment
[2026-05-21 23:22:53] [INFO] [ShopBot] 跳过物品: equipment
[2026-05-21 23:22:53] [INFO] [ShopBot] 跳过物品: unknown
[2026-05-21 23:22:53] [INFO] [ShopBot] 跳过物品: unknown
[2026-05-21 23:22:53] [INFO] [ShopBot] 货架处理完成，共购买 0 个物品
[2026-05-21 23:22:53] [INFO] [ShopBot] 第 0 次查看，购买 0 个物品
[2026-05-21 23:22:53] [INFO] [ShopBot] 滑动 (640, 400) -> (640, 150), 时长 0.3s
[2026-05-21 23:22:55] [INFO] [ShopBot] 动态检测到 5 个物品行: [(80, 125), (154, 271), (323, 416), (469, 561), (613, 705)]
[2026-05-21 23:22:56] [INFO] [ShopBot] 物品 0 (y=80-125): '妮萨可购买1次' → unknown (conf=0.00), 价格 0, 货币 gold
[2026-05-21 23:22:58] [INFO] [ShopBot] 物品 1 (y=154-271): '英雄追踪队枪炮奈汉库伊可购买1次' → unknown (conf=0.00), 价格 29000, 货币 gold
[2026-05-21 23:22:58] [INFO] [ShopBot] 物品 2 (y=323-416): '货币友情点数诺诺里50可购买1次' → unknown (conf=0.00), 价格 18000, 货币 gold
[2026-05-21 23:22:58] [INFO] [ShopBot] 物品 3 (y=469-561): '英雄草绿种子奈汉库伊可购买1次' → unknown (conf=0.00), 价格 29000, 货币 gold
[2026-05-21 23:22:59] [INFO] [ShopBot] 物品 4 (y=613-705): '装备55奥利哈钢头盔商人亚彼荷可购买1次' → equipment (conf=0.70), 价格 240000, 货币 gold
[2026-05-21 23:22:59] [INFO] [ShopBot] 跳过物品: unknown
[2026-05-21 23:22:59] [INFO] [ShopBot] 跳过物品: unknown
[2026-05-21 23:22:59] [INFO] [ShopBot] 跳过物品: unknown
[2026-05-21 23:22:59] [INFO] [ShopBot] 跳过物品: unknown
[2026-05-21 23:22:59] [INFO] [ShopBot] 跳过物品: equipment
[2026-05-21 23:22:59] [INFO] [ShopBot] 货架处理完成，共购买 0 个物品
[2026-05-21 23:22:59] [INFO] [ShopBot] 第 1 次查看，购买 0 个物品
[2026-05-21 23:22:59] [INFO] [ShopBot] 滑动 (640, 400) -> (640, 150), 时长 0.3s
[2026-05-21 23:23:00] [INFO] [ShopBot] 动态检测到 4 个物品行: [(154, 259), (311, 405), (458, 550), (601, 695)]
[2026-05-21 23:23:01] [INFO] [ShopBot] 物品 0 (y=154-259): '英雄追踪队枪炮奈汉库伊可购买1次' → unknown (conf=0.00), 价格 29000, 货币 gold
[2026-05-21 23:23:01] [INFO] [ShopBot] 物品 1 (y=311-405): '货币友情点数诺诺里50可购买1次' → unknown (conf=0.00), 价格 18000, 货币 gold
[2026-05-21 23:23:02] [INFO] [ShopBot] 物品 2 (y=458-550): '英雄草绿种子奈汉库伊可购买1次' → unknown (conf=0.00), 价格 29000, 货币 gold
[2026-05-21 23:23:02] [INFO] [ShopBot] 物品 3 (y=601-695): '55装备奥利哈钢头盔商人亚彼荷可购买1次' → equipment (conf=0.70), 价格 240000, 货币 gold
[2026-05-21 23:23:02] [INFO] [ShopBot] 跳过物品: unknown
[2026-05-21 23:23:02] [INFO] [ShopBot] 跳过物品: unknown
[2026-05-21 23:23:02] [INFO] [ShopBot] 跳过物品: unknown
[2026-05-21 23:23:02] [INFO] [ShopBot] 跳过物品: equipment
[2026-05-21 23:23:02] [INFO] [ShopBot] 货架处理完成，共购买 0 个物品
[2026-05-21 23:23:02] [INFO] [ShopBot] 第 2 次查看，购买 0 个物品
[2026-05-21 23:23:02] [INFO] [ShopBot] 滑动 (640, 400) -> (640, 150), 时长 0.3s
[2026-05-21 23:23:04] [INFO] [ShopBot] 动态检测到 4 个物品行: [(154, 259), (311, 405), (458, 550), (601, 695)]
[2026-05-21 23:23:04] [INFO] [ShopBot] 物品 0 (y=154-259): '英雄追踪队枪炮奈汉库伊可购买1次' → unknown (conf=0.00), 价格 29000, 货币 gold
[2026-05-21 23:23:05] [INFO] [ShopBot] 物品 1 (y=311-405): '货币友情点数诺诺里50可购买1次' → unknown (conf=0.00), 价格 18000, 货币 gold
[2026-05-21 23:23:05] [INFO] [ShopBot] 物品 2 (y=458-550): '英雄草绿种子奈汉库伊可购买1次' → unknown (conf=0.00), 价格 29000, 货币 gold
[2026-05-21 23:23:06] [INFO] [ShopBot] 物品 3 (y=601-695): '55装备奥利哈钢头盔商人亚彼荷可购买1次' → equipment (conf=0.70), 价格 240000, 货币 gold
[2026-05-21 23:23:06] [INFO] [ShopBot] 已到达货架底部（第 3 次滑动后，识别结果无变化）
[2026-05-21 23:23:06] [INFO] [ShopBot] 寻找刷新按钮（第 1 次）
[2026-05-21 23:23:06] [DEBUG] [ShopBot] 找到刷新按钮 '立即更新' 在 (268, 659)
[2026-05-21 23:23:06] [INFO] [ShopBot] 点击刷新按钮 (268, 659)
[2026-05-21 23:23:06] [INFO] [ShopBot] 点击坐标 (268, 659)
[2026-05-21 23:23:08] [INFO] [ShopBot] 检测到刷新确认弹窗，点击确认 (748, 460)
[2026-05-21 23:23:08] [INFO] [ShopBot] 点击坐标 (748, 460)
[2026-05-21 23:23:08] [INFO] [ShopBot] 等待货架加载...
[2026-05-21 23:23:09] [INFO] [ShopBot] ===== 第 11 轮 =====
[2026-05-21 23:23:09] [INFO] [ShopBot] 滑动到货架顶部...
[2026-05-21 23:23:09] [INFO] [ShopBot] 滑动 (640, 150) -> (640, 400), 时长 0.3s
[2026-05-21 23:23:10] [INFO] [ShopBot] 滑动 (640, 150) -> (640, 400), 时长 0.3s
[2026-05-21 23:23:11] [INFO] [ShopBot] 滑动 (640, 150) -> (640, 400), 时长 0.3s
[2026-05-21 23:23:12] [INFO] [ShopBot] 动态检测到 4 个物品行: [(98, 192), (243, 337), (388, 482), (533, 662)]
[2026-05-21 23:23:13] [INFO] [ShopBot] 物品 0 (y=98-192): '70装备不祥的恶魔高级靴子商人亚彼荷可购买1次' → equipment (conf=0.70), 价格 380000, 货币 gold
[2026-05-21 23:23:13] [INFO] [ShopBot] 物品 1 (y=243-337): '货币友情点数诺诺里50可购买1次' → unknown (conf=0.00), 价格 18000, 货币 gold
[2026-05-21 23:23:14] [INFO] [ShopBot] 物品 2 (y=388-482): '55装备灿烂精髓宝珠商人亚彼荷可购买1次' → equipment (conf=0.70), 价格 240000, 货币 gold
[2026-05-21 23:23:15] [INFO] [ShopBot] 物品 3 (y=533-662): '装备55勇士的背甲胸部护具商人亚彼荷可购买1次' → equipment (conf=0.70), 价格 360000, 货币 gold
[2026-05-21 23:23:15] [INFO] [ShopBot] 跳过物品: equipment
[2026-05-21 23:23:15] [INFO] [ShopBot] 跳过物品: unknown
[2026-05-21 23:23:15] [INFO] [ShopBot] 跳过物品: equipment
[2026-05-21 23:23:15] [INFO] [ShopBot] 跳过物品: equipment
[2026-05-21 23:23:15] [INFO] [ShopBot] 货架处理完成，共购买 0 个物品
[2026-05-21 23:23:15] [INFO] [ShopBot] 第 0 次查看，购买 0 个物品
[2026-05-21 23:23:15] [INFO] [ShopBot] 滑动 (640, 400) -> (640, 150), 时长 0.3s
[2026-05-21 23:23:16] [INFO] [ShopBot] 动态检测到 4 个物品行: [(154, 260), (311, 405), (456, 550), (601, 695)]
[2026-05-21 23:23:17] [INFO] [ShopBot] 物品 0 (y=154-260): '55装备灿烂精髓宝珠商人亚彼荷可购买1次' → equipment (conf=0.70), 价格 240000, 货币 gold
[2026-05-21 23:23:17] [INFO] [ShopBot] 物品 1 (y=311-405): '55装备勇士的背甲胸部护具商人亚彼荷可购买1次' → equipment (conf=0.70), 价格 360000, 货币 gold
[2026-05-21 23:23:17] [INFO] [ShopBot] 物品 2 (y=456-550): '70装备泰拉剑商人亚彼荷可购买1次' → equipment (conf=0.70), 价格 560000, 货币 gold
[2026-05-21 23:23:18] [INFO] [ShopBot] 物品 3 (y=601-695): '70装备不祥的恶魔高级靴子商人亚彼荷可购买1次' → equipment (conf=0.70), 价格 560000, 货币 gold
[2026-05-21 23:23:18] [INFO] [ShopBot] 跳过物品: equipment
[2026-05-21 23:23:18] [INFO] [ShopBot] 跳过物品: equipment
[2026-05-21 23:23:18] [INFO] [ShopBot] 跳过物品: equipment
[2026-05-21 23:23:18] [INFO] [ShopBot] 跳过物品: equipment
[2026-05-21 23:23:18] [INFO] [ShopBot] 货架处理完成，共购买 0 个物品
[2026-05-21 23:23:18] [INFO] [ShopBot] 第 1 次查看，购买 0 个物品
[2026-05-21 23:23:18] [INFO] [ShopBot] 滑动 (640, 400) -> (640, 150), 时长 0.3s
[2026-05-21 23:23:19] [INFO] [ShopBot] 动态检测到 4 个物品行: [(154, 260), (311, 405), (456, 550), (601, 705)]
[2026-05-21 23:23:20] [INFO] [ShopBot] 物品 0 (y=154-260): '55装备灿烂精髓宝珠商人亚彼荷可购买1次' → equipment (conf=0.70), 价格 240000, 货币 gold
[2026-05-21 23:23:21] [INFO] [ShopBot] 物品 1 (y=311-405): '55装备勇士的背甲胸部护具商人亚彼荷可购买1次' → equipment (conf=0.70), 价格 360000, 货币 gold
[2026-05-21 23:23:21] [INFO] [ShopBot] 物品 2 (y=456-550): '70装备泰拉剑商人亚彼荷可购买1次' → equipment (conf=0.70), 价格 560000, 货币 gold
[2026-05-21 23:23:21] [INFO] [ShopBot] 物品 3 (y=601-705): '70装备不祥的恶魔高级靴子商人亚彼荷可购买1次' → equipment (conf=0.70), 价格 560000, 货币 gold
[2026-05-21 23:23:21] [INFO] [ShopBot] 已到达货架底部（第 2 次滑动后，识别结果无变化）
[2026-05-21 23:23:21] [INFO] [ShopBot] 寻找刷新按钮（第 1 次）
[2026-05-21 23:23:22] [DEBUG] [ShopBot] 找到刷新按钮 '立即更新' 在 (268, 659)
[2026-05-21 23:23:22] [INFO] [ShopBot] 点击刷新按钮 (268, 659)
[2026-05-21 23:23:22] [INFO] [ShopBot] 点击坐标 (268, 659)
[2026-05-21 23:23:23] [INFO] [ShopBot] 检测到刷新确认弹窗，点击确认 (748, 460)
[2026-05-21 23:23:23] [INFO] [ShopBot] 点击坐标 (748, 460)
[2026-05-21 23:23:24] [INFO] [ShopBot] 等待货架加载...
[2026-05-21 23:23:25] [INFO] [ShopBot] ===== 第 12 轮 =====
[2026-05-21 23:23:25] [INFO] [ShopBot] 滑动到货架顶部...
[2026-05-21 23:23:25] [INFO] [ShopBot] 滑动 (640, 150) -> (640, 400), 时长 0.3s
[2026-05-21 23:23:26] [INFO] [ShopBot] 滑动 (640, 150) -> (640, 400), 时长 0.3s
[2026-05-21 23:23:27] [INFO] [ShopBot] 滑动 (640, 150) -> (640, 400), 时长 0.3s
[2026-05-21 23:23:28] [INFO] [ShopBot] 动态检测到 4 个物品行: [(100, 192), (244, 337), (389, 482), (534, 662)]
[2026-05-21 23:23:28] [INFO] [ShopBot] 物品 0 (y=100-192): '英雄冷血剑兵奈汉库伊可购买1次' → equipment (conf=0.65), 价格 29000, 货币 gold
[2026-05-21 23:23:29] [INFO] [ShopBot] 物品 1 (y=244-337): '55装备毒脚爪项链妮萨可购买1次' → equipment (conf=0.70), 价格 360000, 货币 gold
[2026-05-21 23:23:29] [INFO] [ShopBot] 物品 2 (y=389-482): '55装备奥利哈钢靴子商人亚彼荷可购买1次' → equipment (conf=0.70), 价格 240000, 货币 gold
[2026-05-21 23:23:30] [INFO] [ShopBot] 物品 3 (y=534-662): '装备55灿烂精髓王冠商人亚彼荷可购买1次' → equipment (conf=0.70), 价格 360000, 货币 gold
[2026-05-21 23:23:30] [INFO] [ShopBot] 跳过物品: equipment
[2026-05-21 23:23:30] [INFO] [ShopBot] 跳过物品: equipment
[2026-05-21 23:23:30] [INFO] [ShopBot] 跳过物品: equipment
[2026-05-21 23:23:30] [INFO] [ShopBot] 跳过物品: equipment
[2026-05-21 23:23:30] [INFO] [ShopBot] 货架处理完成，共购买 0 个物品
[2026-05-21 23:23:30] [INFO] [ShopBot] 第 0 次查看，购买 0 个物品
[2026-05-21 23:23:30] [INFO] [ShopBot] 滑动 (640, 400) -> (640, 150), 时长 0.3s
[2026-05-21 23:23:31] [INFO] [ShopBot] 动态检测到 4 个物品行: [(154, 260), (311, 405), (456, 550), (601, 695)]
[2026-05-21 23:23:32] [INFO] [ShopBot] 物品 0 (y=154-260): '55装备奥利哈钢靴子商人亚彼荷可购买1次' → equipment (conf=0.70), 价格 240000, 货币 gold
[2026-05-21 23:23:33] [INFO] [ShopBot] 物品 1 (y=311-405): '55装备灿烂精髓王冠商人亚彼荷可购买1次' → equipment (conf=0.70), 价格 360000, 货币 gold
[2026-05-21 23:23:33] [INFO] [ShopBot] 物品 2 (y=456-550): '货币友情点数诺诺里50可购买1次' → unknown (conf=0.00), 价格 18000, 货币 gold
[2026-05-21 23:23:33] [INFO] [ShopBot] 物品 3 (y=601-695): '55装备奥利哈钢脖围妮萨可购买1次' → equipment (conf=0.70), 价格 360000, 货币 gold
[2026-05-21 23:23:33] [INFO] [ShopBot] 跳过物品: equipment
[2026-05-21 23:23:33] [INFO] [ShopBot] 跳过物品: equipment
[2026-05-21 23:23:33] [INFO] [ShopBot] 跳过物品: unknown
[2026-05-21 23:23:33] [INFO] [ShopBot] 跳过物品: equipment
[2026-05-21 23:23:33] [INFO] [ShopBot] 货架处理完成，共购买 0 个物品
[2026-05-21 23:23:33] [INFO] [ShopBot] 第 1 次查看，购买 0 个物品
[2026-05-21 23:23:33] [INFO] [ShopBot] 滑动 (640, 400) -> (640, 150), 时长 0.3s
[2026-05-21 23:23:35] [INFO] [ShopBot] 动态检测到 4 个物品行: [(154, 260), (311, 405), (456, 550), (601, 695)]
[2026-05-21 23:23:36] [INFO] [ShopBot] 物品 0 (y=154-260): '55装备奥利哈钢靴子商人亚彼荷可购买1次' → equipment (conf=0.70), 价格 240000, 货币 gold
[2026-05-21 23:23:36] [INFO] [ShopBot] 物品 1 (y=311-405): '55装备灿烂精髓王冠商人亚彼荷可购买1次' → equipment (conf=0.70), 价格 360000, 货币 gold
[2026-05-21 23:23:37] [INFO] [ShopBot] 物品 2 (y=456-550): '货币友情点数诺诺里50可购买1次' → unknown (conf=0.00), 价格 18000, 货币 gold
[2026-05-21 23:23:37] [INFO] [ShopBot] 物品 3 (y=601-695): '55装备奥利哈钢脖围妮萨可购买1次' → equipment (conf=0.70), 价格 360000, 货币 gold
[2026-05-21 23:23:37] [INFO] [ShopBot] 已到达货架底部（第 2 次滑动后，识别结果无变化）
[2026-05-21 23:23:37] [INFO] [ShopBot] 寻找刷新按钮（第 1 次）
[2026-05-21 23:23:38] [DEBUG] [ShopBot] 找到刷新按钮 '立即更新' 在 (268, 659)
[2026-05-21 23:23:38] [INFO] [ShopBot] 点击刷新按钮 (268, 659)
[2026-05-21 23:23:38] [INFO] [ShopBot] 点击坐标 (268, 659)
[2026-05-21 23:23:39] [INFO] [ShopBot] 检测到刷新确认弹窗，点击确认 (748, 459)
[2026-05-21 23:23:39] [INFO] [ShopBot] 点击坐标 (748, 459)
[2026-05-21 23:23:40] [INFO] [ShopBot] 等待货架加载...
[2026-05-21 23:23:41] [INFO] [ShopBot] ===== 第 13 轮 =====
[2026-05-21 23:23:41] [INFO] [ShopBot] 滑动到货架顶部...
[2026-05-21 23:23:41] [INFO] [ShopBot] 滑动 (640, 150) -> (640, 400), 时长 0.3s
[2026-05-21 23:23:41] [INFO] [ShopBot] 滑动 (640, 150) -> (640, 400), 时长 0.3s
[2026-05-21 23:23:42] [INFO] [ShopBot] 滑动 (640, 150) -> (640, 400), 时长 0.3s
[2026-05-21 23:23:43] [INFO] [ShopBot] 动态检测到 4 个物品行: [(98, 192), (244, 337), (390, 482), (534, 660)]
[2026-05-21 23:23:44] [INFO] [ShopBot] 物品 0 (y=98-192): '货币友情点数诺诺里50可购买1次' → unknown (conf=0.00), 价格 18000, 货币 gold
[2026-05-21 23:23:44] [INFO] [ShopBot] 物品 1 (y=244-337): '70装备魔力龙兽靴子商人亚彼荷可购买1次' → equipment (conf=0.70), 价格 560000, 货币 gold
[2026-05-21 23:23:45] [INFO] [ShopBot] 物品 2 (y=390-482): '英雄防御型忠犬可购买1次奈汉库伊' → unknown (conf=0.00), 价格 29000, 货币 gold
[2026-05-21 23:23:45] [INFO] [ShopBot] 物品 3 (y=534-660): '装备55勇士的背甲项链妮萨可购买1次' → equipment (conf=0.70), 价格 240000, 货币 gold
[2026-05-21 23:23:45] [INFO] [ShopBot] 跳过物品: unknown
[2026-05-21 23:23:45] [INFO] [ShopBot] 跳过物品: equipment
[2026-05-21 23:23:45] [INFO] [ShopBot] 跳过物品: unknown
[2026-05-21 23:23:45] [INFO] [ShopBot] 跳过物品: equipment
[2026-05-21 23:23:45] [INFO] [ShopBot] 货架处理完成，共购买 0 个物品
[2026-05-21 23:23:45] [INFO] [ShopBot] 第 0 次查看，购买 0 个物品
[2026-05-21 23:23:45] [INFO] [ShopBot] 滑动 (640, 400) -> (640, 150), 时长 0.3s
[2026-05-21 23:23:47] [INFO] [ShopBot] 动态检测到 4 个物品行: [(154, 261), (313, 407), (458, 552), (604, 705)]
[2026-05-21 23:23:48] [INFO] [ShopBot] 物品 0 (y=154-261): '英雄防御型忠犬可购买1次奈汉库伊' → unknown (conf=0.00), 价格 29000, 货币 gold
[2026-05-21 23:23:48] [INFO] [ShopBot] 物品 1 (y=313-407): '装备55勇士的背甲项链妮萨可购买1次' → equipment (conf=0.70), 价格 240000, 货币 gold
[2026-05-21 23:23:49] [INFO] [ShopBot] 物品 2 (y=458-552): '85装备深渊刀刃项链妮萨可购买1次' → equipment (conf=0.70), 价格 810000, 货币 gold
[2026-05-21 23:23:49] [INFO] [ShopBot] 物品 3 (y=604-705): '英雄守护龙族士兵奈汉库伊可购买1次' → unknown (conf=0.00), 价格 29000, 货币 gold
[2026-05-21 23:23:49] [INFO] [ShopBot] 跳过物品: unknown
[2026-05-21 23:23:49] [INFO] [ShopBot] 跳过物品: equipment
[2026-05-21 23:23:49] [INFO] [ShopBot] 跳过物品: equipment
[2026-05-21 23:23:49] [INFO] [ShopBot] 跳过物品: unknown
[2026-05-21 23:23:49] [INFO] [ShopBot] 货架处理完成，共购买 0 个物品
[2026-05-21 23:23:49] [INFO] [ShopBot] 第 1 次查看，购买 0 个物品
[2026-05-21 23:23:49] [INFO] [ShopBot] 滑动 (640, 400) -> (640, 150), 时长 0.3s
[2026-05-21 23:23:51] [INFO] [ShopBot] 动态检测到 4 个物品行: [(154, 259), (311, 405), (456, 550), (602, 705)]
[2026-05-21 23:23:51] [INFO] [ShopBot] 物品 0 (y=154-259): '英雄防御型忠犬奈汉库伊可购买1次' → unknown (conf=0.00), 价格 29000, 货币 gold
[2026-05-21 23:23:52] [INFO] [ShopBot] 物品 1 (y=311-405): '55装备勇士的背甲项链妮萨可购买1次' → equipment (conf=0.70), 价格 240000, 货币 gold
[2026-05-21 23:23:52] [INFO] [ShopBot] 物品 2 (y=456-550): '85装备深渊刀刃项链妮萨可购买1次' → equipment (conf=0.70), 价格 810000, 货币 gold
[2026-05-21 23:23:53] [INFO] [ShopBot] 物品 3 (y=602-705): '英雄守护龙族士兵奈汉库伊可购买1次' → unknown (conf=0.00), 价格 29000, 货币 gold
[2026-05-21 23:23:53] [INFO] [ShopBot] 跳过物品: unknown
[2026-05-21 23:23:53] [INFO] [ShopBot] 跳过物品: equipment
[2026-05-21 23:23:53] [INFO] [ShopBot] 跳过物品: equipment
[2026-05-21 23:23:53] [INFO] [ShopBot] 跳过物品: unknown
[2026-05-21 23:23:53] [INFO] [ShopBot] 货架处理完成，共购买 0 个物品
[2026-05-21 23:23:53] [INFO] [ShopBot] 第 2 次查看，购买 0 个物品
[2026-05-21 23:23:53] [INFO] [ShopBot] 滑动 (640, 400) -> (640, 150), 时长 0.3s
[2026-05-21 23:23:54] [INFO] [ShopBot] 动态检测到 4 个物品行: [(154, 259), (311, 405), (456, 550), (602, 705)]
[2026-05-21 23:23:55] [INFO] [ShopBot] 物品 0 (y=154-259): '英雄防御型忠犬奈汉库伊可购买1次' → unknown (conf=0.00), 价格 29000, 货币 gold
[2026-05-21 23:23:55] [INFO] [ShopBot] 物品 1 (y=311-405): '55装备勇士的背甲项链妮萨可购买1次' → equipment (conf=0.70), 价格 240000, 货币 gold
[2026-05-21 23:23:56] [INFO] [ShopBot] 物品 2 (y=456-550): '85装备深渊刀刃项链妮萨可购买1次' → equipment (conf=0.70), 价格 810000, 货币 gold
[2026-05-21 23:23:56] [INFO] [ShopBot] 物品 3 (y=602-705): '英雄守护龙族士兵奈汉库伊可购买1次' → unknown (conf=0.00), 价格 29000, 货币 gold
[2026-05-21 23:23:56] [INFO] [ShopBot] 已到达货架底部（第 3 次滑动后，识别结果无变化）
[2026-05-21 23:23:56] [INFO] [ShopBot] 寻找刷新按钮（第 1 次）
[2026-05-21 23:23:57] [DEBUG] [ShopBot] 找到刷新按钮 '立即更新' 在 (268, 659)
[2026-05-21 23:23:57] [INFO] [ShopBot] 点击刷新按钮 (268, 659)
[2026-05-21 23:23:57] [INFO] [ShopBot] 点击坐标 (268, 659)
[2026-05-21 23:23:58] [INFO] [ShopBot] 检测到刷新确认弹窗，点击确认 (748, 459)
[2026-05-21 23:23:58] [INFO] [ShopBot] 点击坐标 (748, 459)
[2026-05-21 23:23:59] [INFO] [ShopBot] 等待货架加载...
[2026-05-21 23:24:00] [INFO] [ShopBot] ===== 第 14 轮 =====
[2026-05-21 23:24:00] [INFO] [ShopBot] 滑动到货架顶部...
[2026-05-21 23:24:00] [INFO] [ShopBot] 滑动 (640, 150) -> (640, 400), 时长 0.3s
[2026-05-21 23:24:01] [INFO] [ShopBot] 滑动 (640, 150) -> (640, 400), 时长 0.3s
[2026-05-21 23:24:02] [INFO] [ShopBot] 滑动 (640, 150) -> (640, 400), 时长 0.3s
[2026-05-21 23:24:03] [INFO] [ShopBot] 动态检测到 4 个物品行: [(100, 192), (244, 337), (390, 482), (534, 660)]
[2026-05-21 23:24:03] [INFO] [ShopBot] 物品 0 (y=100-192): '英雄罗奇斯战斗君主奈汉库伊可购买1次' → unknown (conf=0.00), 价格 29000, 货币 gold
[2026-05-21 23:24:04] [INFO] [ShopBot] 物品 1 (y=244-337): '55装备勇士的背甲靴子商人亚彼荷可购买1次' → equipment (conf=0.70), 价格 240000, 货币 gold
[2026-05-21 23:24:04] [INFO] [ShopBot] 物品 2 (y=390-482): '英雄泥巴普鲁兹可购买1次奈汉库伊' → unknown (conf=0.00), 价格 29000, 货币 gold
[2026-05-21 23:24:05] [INFO] [ShopBot] 物品 3 (y=534-660): '货币友情点数诺诺里50可购买1次' → unknown (conf=0.00), 价格 18000, 货币 gold
[2026-05-21 23:24:05] [INFO] [ShopBot] 跳过物品: unknown
[2026-05-21 23:24:05] [INFO] [ShopBot] 跳过物品: equipment
[2026-05-21 23:24:05] [INFO] [ShopBot] 跳过物品: unknown
[2026-05-21 23:24:05] [INFO] [ShopBot] 跳过物品: unknown
[2026-05-21 23:24:05] [INFO] [ShopBot] 货架处理完成，共购买 0 个物品
[2026-05-21 23:24:05] [INFO] [ShopBot] 第 0 次查看，购买 0 个物品
[2026-05-21 23:24:05] [INFO] [ShopBot] 滑动 (640, 400) -> (640, 150), 时长 0.3s
[2026-05-21 23:24:07] [INFO] [ShopBot] 动态检测到 5 个物品行: [(80, 123), (154, 269), (321, 415), (466, 560), (612, 705)]
[2026-05-21 23:24:08] [INFO] [ShopBot] 物品 0 (y=80-123): 'SLUJRT+IU商人亚彼荷可购买1次' → unknown (conf=0.00), 价格 0, 货币 gold
[2026-05-21 23:24:09] [INFO] [ShopBot] 物品 1 (y=154-269): '英雄泥巴普鲁兹奈汉库伊可购买1次' → unknown (conf=0.00), 价格 29000, 货币 gold
[2026-05-21 23:24:10] [INFO] [ShopBot] 物品 2 (y=321-415): '货币友情点数诺诺里50可购买1次' → unknown (conf=0.00), 价格 18000, 货币 gold
[2026-05-21 23:24:10] [INFO] [ShopBot] 物品 3 (y=466-560): '70装备蜘蛛君主的流星锤商人亚彼荷可购买1次' → equipment (conf=0.70), 价格 750000, 货币 gold
[2026-05-21 23:24:10] [INFO] [ShopBot] 物品 4 (y=612-705): '英雄战士玛伊堤奈汉库伊可购买1次' → unknown (conf=0.00), 价格 29000, 货币 gold
[2026-05-21 23:24:10] [INFO] [ShopBot] 跳过物品: unknown
[2026-05-21 23:24:10] [INFO] [ShopBot] 跳过物品: unknown
[2026-05-21 23:24:10] [INFO] [ShopBot] 跳过物品: unknown
[2026-05-21 23:24:10] [INFO] [ShopBot] 跳过物品: equipment
[2026-05-21 23:24:10] [INFO] [ShopBot] 跳过物品: unknown
[2026-05-21 23:24:10] [INFO] [ShopBot] 货架处理完成，共购买 0 个物品
[2026-05-21 23:24:10] [INFO] [ShopBot] 第 1 次查看，购买 0 个物品
[2026-05-21 23:24:10] [INFO] [ShopBot] 滑动 (640, 400) -> (640, 150), 时长 0.3s
[2026-05-21 23:24:12] [INFO] [ShopBot] 动态检测到 4 个物品行: [(154, 259), (311, 405), (456, 550), (602, 695)]
[2026-05-21 23:24:13] [INFO] [ShopBot] 物品 0 (y=154-259): '英雄泥巴普鲁兹奈汉库伊可购买1次' → unknown (conf=0.00), 价格 29000, 货币 gold
[2026-05-21 23:24:13] [INFO] [ShopBot] 物品 1 (y=311-405): '货币友情点数诺诺里50可购买1次' → unknown (conf=0.00), 价格 18000, 货币 gold
[2026-05-21 23:24:14] [INFO] [ShopBot] 物品 2 (y=456-550): '70装备蜘蛛君主的流星锤商人亚彼荷可购买1次' → equipment (conf=0.70), 价格 750000, 货币 gold
[2026-05-21 23:24:14] [INFO] [ShopBot] 物品 3 (y=602-695): '英雄战士玛伊堤奈汉库伊可购买1次' → unknown (conf=0.00), 价格 29000, 货币 gold
[2026-05-21 23:24:14] [INFO] [ShopBot] 跳过物品: unknown
[2026-05-21 23:24:14] [INFO] [ShopBot] 跳过物品: unknown
[2026-05-21 23:24:14] [INFO] [ShopBot] 跳过物品: equipment
[2026-05-21 23:24:14] [INFO] [ShopBot] 跳过物品: unknown
[2026-05-21 23:24:14] [INFO] [ShopBot] 货架处理完成，共购买 0 个物品
[2026-05-21 23:24:14] [INFO] [ShopBot] 第 2 次查看，购买 0 个物品
[2026-05-21 23:24:14] [INFO] [ShopBot] 滑动 (640, 400) -> (640, 150), 时长 0.3s
[2026-05-21 23:24:16] [INFO] [ShopBot] 动态检测到 4 个物品行: [(154, 259), (311, 405), (456, 550), (602, 705)]
[2026-05-21 23:24:16] [INFO] [ShopBot] 物品 0 (y=154-259): '英雄泥巴普鲁兹奈汉库伊可购买1次' → unknown (conf=0.00), 价格 29000, 货币 gold
[2026-05-21 23:24:17] [INFO] [ShopBot] 物品 1 (y=311-405): '货币友情点数诺诺里50可购买1次' → unknown (conf=0.00), 价格 18000, 货币 gold
[2026-05-21 23:24:17] [INFO] [ShopBot] 物品 2 (y=456-550): '70装备蜘蛛君主的流星锤商人亚彼荷可购买1次' → equipment (conf=0.70), 价格 750000, 货币 gold
[2026-05-21 23:24:18] [INFO] [ShopBot] 物品 3 (y=602-705): '英雄战士玛伊堤奈汉库伊可购买1次' → unknown (conf=0.00), 价格 29000, 货币 gold
[2026-05-21 23:24:18] [INFO] [ShopBot] 已到达货架底部（第 3 次滑动后，识别结果无变化）
[2026-05-21 23:24:18] [INFO] [ShopBot] 寻找刷新按钮（第 1 次）
[2026-05-21 23:24:18] [DEBUG] [ShopBot] 找到刷新按钮 '立即更新' 在 (268, 659)
[2026-05-21 23:24:18] [INFO] [ShopBot] 点击刷新按钮 (268, 659)
[2026-05-21 23:24:18] [INFO] [ShopBot] 点击坐标 (268, 659)
[2026-05-21 23:24:20] [INFO] [ShopBot] 检测到刷新确认弹窗，点击确认 (748, 460)
[2026-05-21 23:24:20] [INFO] [ShopBot] 点击坐标 (748, 460)
[2026-05-21 23:24:20] [INFO] [ShopBot] 等待货架加载...
[2026-05-21 23:24:21] [INFO] [ShopBot] ===== 第 15 轮 =====
[2026-05-21 23:24:21] [INFO] [ShopBot] 滑动到货架顶部...
[2026-05-21 23:24:21] [INFO] [ShopBot] 滑动 (640, 150) -> (640, 400), 时长 0.3s
[2026-05-21 23:24:22] [INFO] [ShopBot] 滑动 (640, 150) -> (640, 400), 时长 0.3s
[2026-05-21 23:24:23] [INFO] [ShopBot] 滑动 (640, 150) -> (640, 400), 时长 0.3s
[2026-05-21 23:24:24] [INFO] [ShopBot] 动态检测到 4 个物品行: [(100, 192), (244, 337), (389, 482), (534, 662)]
[2026-05-21 23:24:25] [INFO] [ShopBot] 物品 0 (y=100-192): '英雄组织下级魔法师奈汉库伊可购买1次' → unknown (conf=0.00), 价格 29000, 货币 gold
[2026-05-21 23:24:25] [INFO] [ShopBot] 物品 1 (y=244-337): '货币友情点数诺诺里50可购买1次' → unknown (conf=0.00), 价格 18000, 货币 gold
[2026-05-21 23:24:25] [INFO] [ShopBot] 物品 2 (y=389-482): '55装备灿烂精髓鞋子可购买1次商人亚彼荷' → equipment (conf=0.70), 价格 240000, 货币 gold
[2026-05-21 23:24:26] [INFO] [ShopBot] 物品 3 (y=534-662): '装备70不祥的恶魔厚实重甲商人亚彼荷可购买1次' → equipment (conf=0.70), 价格 380000, 货币 gold
[2026-05-21 23:24:26] [INFO] [ShopBot] 跳过物品: unknown
[2026-05-21 23:24:26] [INFO] [ShopBot] 跳过物品: unknown
[2026-05-21 23:24:26] [INFO] [ShopBot] 跳过物品: equipment
[2026-05-21 23:24:26] [INFO] [ShopBot] 跳过物品: equipment
[2026-05-21 23:24:26] [INFO] [ShopBot] 货架处理完成，共购买 0 个物品
[2026-05-21 23:24:26] [INFO] [ShopBot] 第 0 次查看，购买 0 个物品
[2026-05-21 23:24:26] [INFO] [ShopBot] 滑动 (640, 400) -> (640, 150), 时长 0.3s
[2026-05-21 23:24:28] [INFO] [ShopBot] 动态检测到 4 个物品行: [(154, 260), (311, 405), (456, 550), (601, 695)]
[2026-05-21 23:24:28] [INFO] [ShopBot] 物品 0 (y=154-260): '55装备灿烂精髓鞋子商人亚彼荷可购买1次' → equipment (conf=0.70), 价格 240000, 货币 gold
[2026-05-21 23:24:29] [INFO] [ShopBot] 物品 1 (y=311-405): '70装备不祥的恶魔厚实重甲商人亚彼荷可购买1次' → equipment (conf=0.70), 价格 380000, 货币 gold
[2026-05-21 23:24:29] [INFO] [ShopBot] 物品 2 (y=456-550): '55装备蓝宝石项链妮萨可购买1次' → equipment (conf=0.70), 价格 600000, 货币 gold
[2026-05-21 23:24:30] [INFO] [ShopBot] 物品 3 (y=601-695): '55装备奥利哈钢重甲商人亚彼荷可购买1次' → equipment (conf=0.70), 价格 240000, 货币 gold
[2026-05-21 23:24:30] [INFO] [ShopBot] 跳过物品: equipment
[2026-05-21 23:24:30] [INFO] [ShopBot] 跳过物品: equipment
[2026-05-21 23:24:30] [INFO] [ShopBot] 跳过物品: equipment
[2026-05-21 23:24:30] [INFO] [ShopBot] 跳过物品: equipment
[2026-05-21 23:24:30] [INFO] [ShopBot] 货架处理完成，共购买 0 个物品
[2026-05-21 23:24:30] [INFO] [ShopBot] 第 1 次查看，购买 0 个物品
[2026-05-21 23:24:30] [INFO] [ShopBot] 滑动 (640, 400) -> (640, 150), 时长 0.3s
[2026-05-21 23:24:31] [INFO] [ShopBot] 动态检测到 4 个物品行: [(154, 260), (311, 405), (456, 550), (601, 695)]
[2026-05-21 23:24:32] [INFO] [ShopBot] 物品 0 (y=154-260): '55装备灿烂精髓鞋子商人亚彼荷可购买1次' → equipment (conf=0.70), 价格 240000, 货币 gold
[2026-05-21 23:24:32] [INFO] [ShopBot] 物品 1 (y=311-405): '70装备不祥的恶魔厚实重甲商人亚彼荷可购买1次' → equipment (conf=0.70), 价格 380000, 货币 gold
[2026-05-21 23:24:33] [INFO] [ShopBot] 物品 2 (y=456-550): '55装备蓝宝石项链妮萨可购买1次' → equipment (conf=0.70), 价格 600000, 货币 gold
[2026-05-21 23:24:33] [INFO] [ShopBot] 物品 3 (y=601-695): '55装备奥利哈钢重甲商人亚彼荷可购买1次' → equipment (conf=0.70), 价格 240000, 货币 gold
[2026-05-21 23:24:33] [INFO] [ShopBot] 已到达货架底部（第 2 次滑动后，识别结果无变化）
[2026-05-21 23:24:33] [INFO] [ShopBot] 寻找刷新按钮（第 1 次）
[2026-05-21 23:24:34] [DEBUG] [ShopBot] 找到刷新按钮 '立即更新' 在 (268, 659)
[2026-05-21 23:24:34] [INFO] [ShopBot] 点击刷新按钮 (268, 659)
[2026-05-21 23:24:34] [INFO] [ShopBot] 点击坐标 (268, 659)
[2026-05-21 23:24:37] [INFO] [ShopBot] 配置已加载 - 设备: 127.0.0.1:16384, 截图: ADB, 控制: ADB
[2026-05-21 23:24:37] [INFO] [ShopBot] 购买列表 - 书签: True, 神秘奖章: True, 装备: False, 狗粮: False
[2026-05-21 23:24:37] [INFO] [ShopBot] 刷新上限: 200, 天空石阈值: 0, 金币阈值: 0, 书签上限: 不限, 神秘上限: 100, 天空石消耗上限: 不限
[2026-05-21 23:24:37] [INFO] [ShopBot] 正在启动 Web UI，监听 localhost:8080 ...
[2026-05-21 23:24:47] [INFO] [ShopBot] 正在连接设备 127.0.0.1:16384（第 1/3 次）
[2026-05-21 23:24:47] [INFO] [ShopBot] ShopBot 已启动
[2026-05-21 23:24:47] [INFO] [ShopBot] 设备连接成功: 127.0.0.1:16384
[2026-05-21 23:24:47] [INFO] [ShopBot] 开始导航至秘密商店（超时 30.0s）
[2026-05-21 23:24:48] [DEBUG] [ShopBot] 秘密商店检测: 导航顶部=51 导航中部=207 内容区=56
[2026-05-21 23:24:48] [INFO] [ShopBot] 场景检测: 秘密商店
[2026-05-21 23:24:48] [INFO] [ShopBot] 已到达秘密商店
[2026-05-21 23:24:48] [INFO] [ShopBot] ===== 第 1 轮 =====
[2026-05-21 23:24:48] [INFO] [ShopBot] 滑动到货架顶部...
[2026-05-21 23:24:48] [INFO] [ShopBot] 滑动 (640, 150) -> (640, 400), 时长 0.3s
[2026-05-21 23:24:49] [INFO] [ShopBot] 初始化 RapidOCR 引擎（首次加载约需数秒）...
[2026-05-21 23:24:49] [INFO] [ShopBot] RapidOCR 引擎就绪（耗时 0.4s）
[2026-05-21 23:24:50] [DEBUG] [ShopBot] 整区 OCR 检测到 33 个文字块，5 行
[2026-05-21 23:24:50] [INFO] [ShopBot] 物品 0 (y=80-178): '英雄组织下级魔法师奈汉库伊可购买1次' → unknown (conf=0.00), 价格 29000, 货币 gold
[2026-05-21 23:24:50] [INFO] [ShopBot] 物品 1 (y=230-323): '货币友情点数诺诺里50可购买1次' → unknown (conf=0.00), 价格 18000, 货币 gold
[2026-05-21 23:24:50] [INFO] [ShopBot] 物品 2 (y=375-468): '装备55灿烂精髓鞋子商人亚彼荷可购买1次' → equipment (conf=0.70), 价格 240000, 货币 gold
[2026-05-21 23:24:50] [INFO] [ShopBot] 物品 3 (y=520-614): '装备不祥的恶魔厚实重甲商人亚彼荷可购买1次' → equipment (conf=0.70), 价格 380000, 货币 gold
[2026-05-21 23:24:50] [INFO] [ShopBot] 物品 4 (y=641-705): '55装备' → equipment (conf=0.70), 价格 600000, 货币 gold
[2026-05-21 23:24:50] [INFO] [ShopBot] 跳过物品: unknown
[2026-05-21 23:24:50] [INFO] [ShopBot] 跳过物品: unknown
[2026-05-21 23:24:50] [INFO] [ShopBot] 跳过物品: equipment
[2026-05-21 23:24:50] [INFO] [ShopBot] 跳过物品: equipment
[2026-05-21 23:24:50] [INFO] [ShopBot] 跳过物品: equipment
[2026-05-21 23:24:50] [INFO] [ShopBot] 货架处理完成，共购买 0 个物品
[2026-05-21 23:24:50] [INFO] [ShopBot] 第 0 次查看，购买 0 个物品
[2026-05-21 23:24:50] [INFO] [ShopBot] 滑动 (640, 400) -> (640, 150), 时长 0.3s
[2026-05-21 23:24:53] [DEBUG] [ShopBot] 整区 OCR 检测到 30 个文字块，4 行
[2026-05-21 23:24:53] [INFO] [ShopBot] 物品 0 (y=154-260): '55装备灿烂精髓鞋子商人亚彼荷可购买1次' → equipment (conf=0.70), 价格 240000, 货币 gold
[2026-05-21 23:24:53] [INFO] [ShopBot] 物品 1 (y=311-405): '装备不祥的恶魔厚实重甲商人亚彼荷可购买1次' → equipment (conf=0.70), 价格 380000, 货币 gold
[2026-05-21 23:24:53] [INFO] [ShopBot] 物品 2 (y=456-550): '55装备蓝宝石项链可购买1次' → equipment (conf=0.70), 价格 600000, 货币 gold
[2026-05-21 23:24:53] [INFO] [ShopBot] 物品 3 (y=601-705): '55装备奥利哈钢重甲商人亚彼荷可购买1次' → equipment (conf=0.70), 价格 240000, 货币 gold
[2026-05-21 23:24:53] [INFO] [ShopBot] 跳过物品: equipment
[2026-05-21 23:24:53] [INFO] [ShopBot] 跳过物品: equipment
[2026-05-21 23:24:53] [INFO] [ShopBot] 跳过物品: equipment
[2026-05-21 23:24:53] [INFO] [ShopBot] 跳过物品: equipment
[2026-05-21 23:24:53] [INFO] [ShopBot] 货架处理完成，共购买 0 个物品
[2026-05-21 23:24:53] [INFO] [ShopBot] 第 1 次查看，购买 0 个物品
[2026-05-21 23:24:53] [INFO] [ShopBot] 滑动 (640, 400) -> (640, 150), 时长 0.3s
[2026-05-21 23:24:55] [DEBUG] [ShopBot] 整区 OCR 检测到 30 个文字块，4 行
[2026-05-21 23:24:55] [INFO] [ShopBot] 物品 0 (y=154-260): '55装备灿烂精髓鞋子商人亚彼荷可购买1次' → equipment (conf=0.70), 价格 240000, 货币 gold
[2026-05-21 23:24:55] [INFO] [ShopBot] 物品 1 (y=311-405): '装备不祥的恶魔厚实重甲商人亚彼荷可购买1次' → equipment (conf=0.70), 价格 380000, 货币 gold
[2026-05-21 23:24:55] [INFO] [ShopBot] 物品 2 (y=456-550): '55装备蓝宝石项链可购买1次' → equipment (conf=0.70), 价格 600000, 货币 gold
[2026-05-21 23:24:55] [INFO] [ShopBot] 物品 3 (y=601-705): '55装备奥利哈钢重甲商人亚彼荷可购买1次' → equipment (conf=0.70), 价格 240000, 货币 gold
[2026-05-21 23:24:55] [INFO] [ShopBot] 已到达货架底部（第 2 次滑动后，识别结果无变化）
[2026-05-21 23:24:55] [INFO] [ShopBot] 寻找刷新按钮（第 1 次）
[2026-05-21 23:24:57] [DEBUG] [ShopBot] 找到刷新按钮 '立即更新' 在 (268, 659)
[2026-05-21 23:24:57] [INFO] [ShopBot] 点击刷新按钮 (268, 659)
[2026-05-21 23:24:57] [INFO] [ShopBot] 点击坐标 (268, 659)
[2026-05-21 23:24:59] [INFO] [ShopBot] 检测到刷新确认弹窗，点击确认 (748, 460)
[2026-05-21 23:24:59] [INFO] [ShopBot] 点击坐标 (748, 460)
[2026-05-21 23:24:59] [INFO] [ShopBot] 等待货架加载...
[2026-05-21 23:25:00] [INFO] [ShopBot] ===== 第 2 轮 =====
[2026-05-21 23:25:00] [INFO] [ShopBot] 滑动到货架顶部...
[2026-05-21 23:25:00] [INFO] [ShopBot] 滑动 (640, 150) -> (640, 400), 时长 0.3s
[2026-05-21 23:25:03] [DEBUG] [ShopBot] 整区 OCR 检测到 38 个文字块，4 行
[2026-05-21 23:25:03] [INFO] [ShopBot] 物品 0 (y=121-215): '装不样的商人亚彼荷' → unknown (conf=0.00), 价格 380000, 货币 gold
[2026-05-21 23:25:03] [INFO] [ShopBot] 物品 1 (y=266-376): '55装务生命值防御分噻叫龙兽皮甲商人亚彼荷可购买1次装备分数' → equipment (conf=0.70), 价格 240000, 货币 gold
[2026-05-21 23:25:03] [INFO] [ShopBot] 物品 2 (y=403-504): '伤口套装中叠伤害量降低目标最奈汉库伊可收击时2%）。' → unknown (conf=0.00), 价格 29000, 货币 gold
[2026-05-21 23:25:03] [INFO] [ShopBot] 物品 3 (y=556-682): '装备55精巧的恶魔之剑商人亚彼荷可购买1次' → equipment (conf=0.70), 价格 360000, 货币 gold
[2026-05-21 23:25:03] [INFO] [ShopBot] 跳过物品: unknown
[2026-05-21 23:25:03] [INFO] [ShopBot] 跳过物品: equipment
[2026-05-21 23:25:03] [INFO] [ShopBot] 跳过物品: unknown
[2026-05-21 23:25:03] [INFO] [ShopBot] 跳过物品: equipment
[2026-05-21 23:25:03] [INFO] [ShopBot] 货架处理完成，共购买 0 个物品
[2026-05-21 23:25:03] [INFO] [ShopBot] 第 0 次查看，购买 0 个物品
[2026-05-21 23:25:03] [INFO] [ShopBot] 滑动 (640, 400) -> (640, 150), 时长 0.3s
[2026-05-21 23:25:05] [DEBUG] [ShopBot] 整区 OCR 检测到 31 个文字块，4 行
[2026-05-21 23:25:05] [INFO] [ShopBot] 物品 0 (y=154-259): '英雄泥巴普鲁兹奈汉库伊可购买1次' → unknown (conf=0.00), 价格 29000, 货币 gold
[2026-05-21 23:25:05] [INFO] [ShopBot] 物品 1 (y=311-405): '55装备精巧的恶魔之剑商人亚彼荷可购买1次' → equipment (conf=0.70), 价格 360000, 货币 gold
[2026-05-21 23:25:05] [INFO] [ShopBot] 物品 2 (y=456-550): '55-装备啤叫龙兽面具商人亚彼荷可购买1次' → equipment (conf=0.70), 价格 360000, 货币 gold
[2026-05-21 23:25:05] [INFO] [ShopBot] 物品 3 (y=601-695): '70装备钻石项链妮萨可购买1次' → equipment (conf=0.70), 价格 560000, 货币 gold
[2026-05-21 23:25:05] [INFO] [ShopBot] 跳过物品: unknown
[2026-05-21 23:25:05] [INFO] [ShopBot] 跳过物品: equipment
[2026-05-21 23:25:05] [INFO] [ShopBot] 跳过物品: equipment
[2026-05-21 23:25:05] [INFO] [ShopBot] 跳过物品: equipment
[2026-05-21 23:25:05] [INFO] [ShopBot] 货架处理完成，共购买 0 个物品
[2026-05-21 23:25:05] [INFO] [ShopBot] 第 1 次查看，购买 0 个物品
[2026-05-21 23:25:05] [INFO] [ShopBot] 滑动 (640, 400) -> (640, 150), 时长 0.3s
[2026-05-21 23:25:08] [DEBUG] [ShopBot] 整区 OCR 检测到 31 个文字块，4 行
[2026-05-21 23:25:08] [INFO] [ShopBot] 物品 0 (y=154-259): '英雄泥巴普鲁兹奈汉库伊可购买1次' → unknown (conf=0.00), 价格 29000, 货币 gold
[2026-05-21 23:25:08] [INFO] [ShopBot] 物品 1 (y=311-405): '55装备精巧的恶魔之剑商人亚彼荷可购买1次' → equipment (conf=0.70), 价格 360000, 货币 gold
[2026-05-21 23:25:08] [INFO] [ShopBot] 物品 2 (y=456-550): '55-装备啤叫龙兽面具商人亚彼荷可购买1次' → equipment (conf=0.70), 价格 360000, 货币 gold
[2026-05-21 23:25:08] [INFO] [ShopBot] 物品 3 (y=601-695): '70装备钻石项链妮萨可购买1次' → equipment (conf=0.70), 价格 560000, 货币 gold
[2026-05-21 23:25:08] [INFO] [ShopBot] 已到达货架底部（第 2 次滑动后，识别结果无变化）
[2026-05-21 23:25:08] [INFO] [ShopBot] 寻找刷新按钮（第 1 次）
[2026-05-21 23:25:08] [DEBUG] [ShopBot] 找到刷新按钮 '立即更新' 在 (268, 659)
[2026-05-21 23:25:08] [INFO] [ShopBot] 点击刷新按钮 (268, 659)
[2026-05-21 23:25:08] [INFO] [ShopBot] 点击坐标 (268, 659)
[2026-05-21 23:25:10] [INFO] [ShopBot] 检测到刷新确认弹窗，点击确认 (748, 460)
[2026-05-21 23:25:10] [INFO] [ShopBot] 点击坐标 (748, 460)
[2026-05-21 23:25:10] [INFO] [ShopBot] 等待货架加载...
[2026-05-21 23:25:11] [INFO] [ShopBot] ===== 第 3 轮 =====
[2026-05-21 23:25:11] [INFO] [ShopBot] 滑动到货架顶部...
[2026-05-21 23:25:11] [INFO] [ShopBot] 滑动 (640, 150) -> (640, 400), 时长 0.3s
[2026-05-21 23:25:14] [DEBUG] [ShopBot] 整区 OCR 检测到 38 个文字块，4 行
[2026-05-21 23:25:14] [INFO] [ShopBot] 物品 0 (y=117-210): '70不的西魔项链妮萨' → equipment (conf=0.70), 价格 380000, 货币 gold
[2026-05-21 23:25:14] [INFO] [ShopBot] 物品 1 (y=262-356): '55装务生命值暗龙红玉妮萨可购买1次' → unknown (conf=0.00), 价格 240000, 货币 gold
[2026-05-21 23:25:14] [INFO] [ShopBot] 物品 2 (y=403-500): '55憎恨套装爆烂精髓长饱每失去1%的生商人亚彼荷可购买1次命值，额外提并0.5%。' → fodder (conf=0.70), 价格 360000, 货币 gold
[2026-05-21 23:25:14] [INFO] [ShopBot] 物品 3 (y=552-705): '55装备毒脚爪项链妮萨可购买1次' → equipment (conf=0.70), 价格 240000, 货币 gold
[2026-05-21 23:25:14] [INFO] [ShopBot] 跳过物品: equipment
[2026-05-21 23:25:14] [INFO] [ShopBot] 跳过物品: unknown
[2026-05-21 23:25:14] [INFO] [ShopBot] 跳过物品: fodder
[2026-05-21 23:25:14] [INFO] [ShopBot] 跳过物品: equipment
[2026-05-21 23:25:14] [INFO] [ShopBot] 货架处理完成，共购买 0 个物品
[2026-05-21 23:25:14] [INFO] [ShopBot] 第 0 次查看，购买 0 个物品
[2026-05-21 23:25:14] [INFO] [ShopBot] 滑动 (640, 400) -> (640, 150), 时长 0.3s
[2026-05-21 23:25:16] [DEBUG] [ShopBot] 整区 OCR 检测到 33 个文字块，5 行
[2026-05-21 23:25:16] [INFO] [ShopBot] 物品 0 (y=80-123): '可购买1次' → unknown (conf=0.00), 价格 0, 货币 gold
[2026-05-21 23:25:16] [INFO] [ShopBot] 物品 1 (y=154-269): '装备55灿烂精髓长袍商人亚彼荷可购买1次' → equipment (conf=0.70), 价格 360000, 货币 gold
[2026-05-21 23:25:16] [INFO] [ShopBot] 物品 2 (y=321-415): '55装备毒脚爪项链妮萨可购买1次' → equipment (conf=0.70), 价格 240000, 货币 gold
[2026-05-21 23:25:16] [INFO] [ShopBot] 物品 3 (y=466-560): '货币友情点数诺诺里50可购买1次' → unknown (conf=0.00), 价格 18000, 货币 gold
[2026-05-21 23:25:16] [INFO] [ShopBot] 物品 4 (y=610-704): '装备奥利哈钢手镯可购买1次' → equipment (conf=0.70), 价格 240000, 货币 gold
[2026-05-21 23:25:16] [INFO] [ShopBot] 跳过物品: unknown
[2026-05-21 23:25:16] [INFO] [ShopBot] 跳过物品: equipment
[2026-05-21 23:25:16] [INFO] [ShopBot] 跳过物品: equipment
[2026-05-21 23:25:16] [INFO] [ShopBot] 跳过物品: unknown
[2026-05-21 23:25:16] [INFO] [ShopBot] 跳过物品: equipment
[2026-05-21 23:25:16] [INFO] [ShopBot] 货架处理完成，共购买 0 个物品
[2026-05-21 23:25:16] [INFO] [ShopBot] 第 1 次查看，购买 0 个物品
[2026-05-21 23:25:16] [INFO] [ShopBot] 滑动 (640, 400) -> (640, 150), 时长 0.3s
[2026-05-21 23:25:18] [DEBUG] [ShopBot] 整区 OCR 检测到 30 个文字块，4 行
[2026-05-21 23:25:18] [INFO] [ShopBot] 物品 0 (y=154-260): '55装备灿烂精髓长袍商人亚彼荷可购买1次' → equipment (conf=0.70), 价格 360000, 货币 gold
[2026-05-21 23:25:18] [INFO] [ShopBot] 物品 1 (y=311-405): '55装备毒脚爪项链可购买1次' → equipment (conf=0.70), 价格 240000, 货币 gold
[2026-05-21 23:25:18] [INFO] [ShopBot] 物品 2 (y=456-550): '货币友情点数诺诺里50可购买1次' → unknown (conf=0.00), 价格 18000, 货币 gold
[2026-05-21 23:25:18] [INFO] [ShopBot] 物品 3 (y=596-705): '55装备奥利哈钢手镯可购买1次' → equipment (conf=0.70), 价格 240000, 货币 gold
[2026-05-21 23:25:18] [INFO] [ShopBot] 跳过物品: equipment
[2026-05-21 23:25:18] [INFO] [ShopBot] 跳过物品: equipment
[2026-05-21 23:25:18] [INFO] [ShopBot] 跳过物品: unknown
[2026-05-21 23:25:18] [INFO] [ShopBot] 跳过物品: equipment
[2026-05-21 23:25:18] [INFO] [ShopBot] 货架处理完成，共购买 0 个物品
[2026-05-21 23:25:18] [INFO] [ShopBot] 第 2 次查看，购买 0 个物品
[2026-05-21 23:25:18] [INFO] [ShopBot] 滑动 (640, 400) -> (640, 150), 时长 0.3s
[2026-05-21 23:25:20] [DEBUG] [ShopBot] 整区 OCR 检测到 31 个文字块，4 行
[2026-05-21 23:25:20] [INFO] [ShopBot] 物品 0 (y=154-260): '55装备灿烂精髓长袍商人亚彼荷可购买1次' → equipment (conf=0.70), 价格 360000, 货币 gold
[2026-05-21 23:25:20] [INFO] [ShopBot] 物品 1 (y=311-405): '55装备毒脚爪项链可购买1次' → equipment (conf=0.70), 价格 240000, 货币 gold
[2026-05-21 23:25:20] [INFO] [ShopBot] 物品 2 (y=456-550): '货币友情点数诺诺里50可购买1次' → unknown (conf=0.00), 价格 18000, 货币 gold
[2026-05-21 23:25:20] [INFO] [ShopBot] 物品 3 (y=601-705): '55装备奥利哈钢手镯妮萨可购买1次' → equipment (conf=0.70), 价格 240000, 货币 gold
[2026-05-21 23:25:20] [INFO] [ShopBot] 跳过物品: equipment
[2026-05-21 23:25:20] [INFO] [ShopBot] 跳过物品: equipment
[2026-05-21 23:25:20] [INFO] [ShopBot] 跳过物品: unknown
[2026-05-21 23:25:20] [INFO] [ShopBot] 跳过物品: equipment
[2026-05-21 23:25:20] [INFO] [ShopBot] 货架处理完成，共购买 0 个物品
[2026-05-21 23:25:20] [INFO] [ShopBot] 第 3 次查看，购买 0 个物品
[2026-05-21 23:25:20] [INFO] [ShopBot] 滑动 (640, 400) -> (640, 150), 时长 0.3s
[2026-05-21 23:25:23] [DEBUG] [ShopBot] 整区 OCR 检测到 31 个文字块，4 行
[2026-05-21 23:25:23] [INFO] [ShopBot] 物品 0 (y=154-260): '55装备灿烂精髓长袍商人亚彼荷可购买1次' → equipment (conf=0.70), 价格 360000, 货币 gold
[2026-05-21 23:25:23] [INFO] [ShopBot] 物品 1 (y=311-405): '55装备毒脚爪项链可购买1次' → equipment (conf=0.70), 价格 240000, 货币 gold
[2026-05-21 23:25:23] [INFO] [ShopBot] 物品 2 (y=456-550): '货币友情点数诺诺里50可购买1次' → unknown (conf=0.00), 价格 18000, 货币 gold
[2026-05-21 23:25:23] [INFO] [ShopBot] 物品 3 (y=601-705): '55装备奥利哈钢手镯妮萨可购买1次' → equipment (conf=0.70), 价格 240000, 货币 gold
[2026-05-21 23:25:23] [INFO] [ShopBot] 已到达货架底部（第 4 次滑动后，识别结果无变化）
[2026-05-21 23:25:23] [INFO] [ShopBot] 寻找刷新按钮（第 1 次）
[2026-05-21 23:25:23] [DEBUG] [ShopBot] 找到刷新按钮 '立即更新' 在 (268, 659)
[2026-05-21 23:25:23] [INFO] [ShopBot] 点击刷新按钮 (268, 659)
[2026-05-21 23:25:23] [INFO] [ShopBot] 点击坐标 (268, 659)
[2026-05-21 23:25:25] [INFO] [ShopBot] 检测到刷新确认弹窗，点击确认 (748, 459)
[2026-05-21 23:25:25] [INFO] [ShopBot] 点击坐标 (748, 459)
[2026-05-21 23:25:25] [INFO] [ShopBot] 等待货架加载...
[2026-05-21 23:25:26] [INFO] [ShopBot] ===== 第 4 轮 =====
[2026-05-21 23:25:26] [INFO] [ShopBot] 滑动到货架顶部...
[2026-05-21 23:25:26] [INFO] [ShopBot] 滑动 (640, 150) -> (640, 400), 时长 0.3s
[2026-05-21 23:25:28] [DEBUG] [ShopBot] 整区 OCR 检测到 39 个文字块，4 行
[2026-05-21 23:25:28] [INFO] [ShopBot] 物品 0 (y=117-216): '55装备暗龙红' → equipment (conf=0.70), 价格 360000, 货币 gold
[2026-05-21 23:25:28] [INFO] [ShopBot] 物品 1 (y=268-362): '70装防御力泰靴子速度买1次商人亚彼荷' → equipment (conf=0.70), 价格 380000, 货币 gold
[2026-05-21 23:25:28] [INFO] [ShopBot] 物品 2 (y=413-507): '70命中套装不详的恶魔项链效巢品中提异20%。妮萨可购买1次' → equipment (conf=0.70), 价格 560000, 货币 gold
[2026-05-21 23:25:28] [INFO] [ShopBot] 物品 3 (y=559-682): '英雄寒冰洛普拉奈汉库伊可购买1次' → unknown (conf=0.00), 价格 29000, 货币 gold
[2026-05-21 23:25:28] [INFO] [ShopBot] 跳过物品: equipment
[2026-05-21 23:25:28] [INFO] [ShopBot] 跳过物品: equipment
[2026-05-21 23:25:28] [INFO] [ShopBot] 跳过物品: equipment
[2026-05-21 23:25:28] [INFO] [ShopBot] 跳过物品: unknown
[2026-05-21 23:25:28] [INFO] [ShopBot] 货架处理完成，共购买 0 个物品
[2026-05-21 23:25:28] [INFO] [ShopBot] 第 0 次查看，购买 0 个物品
[2026-05-21 23:25:28] [INFO] [ShopBot] 滑动 (640, 400) -> (640, 150), 时长 0.3s
[2026-05-21 23:25:31] [DEBUG] [ShopBot] 整区 OCR 检测到 30 个文字块，4 行
[2026-05-21 23:25:31] [INFO] [ShopBot] 物品 0 (y=154-260): '装备不详的恶魔项链妮障可购买1次' → equipment (conf=0.70), 价格 560000, 货币 gold
[2026-05-21 23:25:31] [INFO] [ShopBot] 物品 1 (y=313-405): '英雄寒冰洛普拉奈汉库伊可购买1次' → unknown (conf=0.00), 价格 29000, 货币 gold
[2026-05-21 23:25:31] [INFO] [ShopBot] 物品 2 (y=456-550): '货币友情点数诺诺里50可购买1次' → unknown (conf=0.00), 价格 18000, 货币 gold
[2026-05-21 23:25:31] [INFO] [ShopBot] 物品 3 (y=601-695): '55装备啤叫龙兽面具商人亚彼荷可购买1次' → equipment (conf=0.70), 价格 600000, 货币 gold
[2026-05-21 23:25:31] [INFO] [ShopBot] 跳过物品: equipment
[2026-05-21 23:25:31] [INFO] [ShopBot] 跳过物品: unknown
[2026-05-21 23:25:31] [INFO] [ShopBot] 跳过物品: unknown
[2026-05-21 23:25:31] [INFO] [ShopBot] 跳过物品: equipment
[2026-05-21 23:25:31] [INFO] [ShopBot] 货架处理完成，共购买 0 个物品
[2026-05-21 23:25:31] [INFO] [ShopBot] 第 1 次查看，购买 0 个物品
[2026-05-21 23:25:31] [INFO] [ShopBot] 滑动 (640, 400) -> (640, 150), 时长 0.3s
[2026-05-21 23:25:33] [DEBUG] [ShopBot] 整区 OCR 检测到 30 个文字块，4 行
[2026-05-21 23:25:33] [INFO] [ShopBot] 物品 0 (y=154-260): '装备不详的恶魔项链妮萨可购买1次' → equipment (conf=0.70), 价格 560000, 货币 gold
[2026-05-21 23:25:33] [INFO] [ShopBot] 物品 1 (y=313-405): '英雄寒冰洛普拉奈汉库伊可购买1次' → unknown (conf=0.00), 价格 29000, 货币 gold
[2026-05-21 23:25:33] [INFO] [ShopBot] 物品 2 (y=456-550): '货币友情点数诺诺里50可购买1次' → unknown (conf=0.00), 价格 18000, 货币 gold
[2026-05-21 23:25:33] [INFO] [ShopBot] 物品 3 (y=598-705): '55装备啤叫龙兽面具商人亚彼荷可购买1次' → equipment (conf=0.70), 价格 600000, 货币 gold
[2026-05-21 23:25:33] [INFO] [ShopBot] 跳过物品: equipment
[2026-05-21 23:25:33] [INFO] [ShopBot] 跳过物品: unknown
[2026-05-21 23:25:33] [INFO] [ShopBot] 跳过物品: unknown
[2026-05-21 23:25:33] [INFO] [ShopBot] 跳过物品: equipment
[2026-05-21 23:25:33] [INFO] [ShopBot] 货架处理完成，共购买 0 个物品
[2026-05-21 23:25:33] [INFO] [ShopBot] 第 2 次查看，购买 0 个物品
[2026-05-21 23:25:33] [INFO] [ShopBot] 滑动 (640, 400) -> (640, 150), 时长 0.3s
[2026-05-21 23:25:35] [DEBUG] [ShopBot] 整区 OCR 检测到 30 个文字块，4 行
[2026-05-21 23:25:35] [INFO] [ShopBot] 物品 0 (y=154-260): '装备不详的恶魔项链妮萨可购买1次' → equipment (conf=0.70), 价格 560000, 货币 gold
[2026-05-21 23:25:35] [INFO] [ShopBot] 物品 1 (y=313-405): '英雄寒冰洛普拉奈汉库伊可购买1次' → unknown (conf=0.00), 价格 29000, 货币 gold
[2026-05-21 23:25:35] [INFO] [ShopBot] 物品 2 (y=456-550): '货币友情点数诺诺里50可购买1次' → unknown (conf=0.00), 价格 18000, 货币 gold
[2026-05-21 23:25:35] [INFO] [ShopBot] 物品 3 (y=601-705): '55装备啤叫龙兽面具商人亚彼荷可购买1次' → equipment (conf=0.70), 价格 600000, 货币 gold
[2026-05-21 23:25:35] [INFO] [ShopBot] 已到达货架底部（第 3 次滑动后，识别结果无变化）
[2026-05-21 23:25:35] [INFO] [ShopBot] 寻找刷新按钮（第 1 次）
[2026-05-21 23:25:36] [DEBUG] [ShopBot] 找到刷新按钮 '立即更新' 在 (268, 659)
[2026-05-21 23:25:36] [INFO] [ShopBot] 点击刷新按钮 (268, 659)
[2026-05-21 23:25:36] [INFO] [ShopBot] 点击坐标 (268, 659)
[2026-05-21 23:25:37] [INFO] [ShopBot] 检测到刷新确认弹窗，点击确认 (748, 459)
[2026-05-21 23:25:37] [INFO] [ShopBot] 点击坐标 (748, 459)
[2026-05-21 23:25:38] [INFO] [ShopBot] 等待货架加载...
[2026-05-21 23:25:39] [INFO] [ShopBot] ===== 第 5 轮 =====
[2026-05-21 23:25:39] [INFO] [ShopBot] 滑动到货架顶部...
[2026-05-21 23:25:39] [INFO] [ShopBot] 滑动 (640, 150) -> (640, 400), 时长 0.3s
[2026-05-21 23:25:41] [DEBUG] [ShopBot] 整区 OCR 检测到 31 个文字块，4 行
[2026-05-21 23:25:41] [INFO] [ShopBot] 物品 0 (y=124-215): '英雄草绿种子奈汉库伊可购买1次' → unknown (conf=0.00), 价格 29000, 货币 gold
[2026-05-21 23:25:41] [INFO] [ShopBot] 物品 1 (y=267-361): '70装备破灭精髓王冠商人亚彼荷可购买1次' → equipment (conf=0.70), 价格 380000, 货币 gold
[2026-05-21 23:25:41] [INFO] [ShopBot] 物品 2 (y=412-506): '70装备不祥的恶魔高级靴子商人亚彼荷可购买1次' → equipment (conf=0.70), 价格 560000, 货币 gold
[2026-05-21 23:25:41] [INFO] [ShopBot] 物品 3 (y=557-670): '装备55奥利哈钢重甲商人亚彼荷可购买1次' → equipment (conf=0.70), 价格 240000, 货币 gold
[2026-05-21 23:25:41] [INFO] [ShopBot] 跳过物品: unknown
[2026-05-21 23:25:41] [INFO] [ShopBot] 跳过物品: equipment
[2026-05-21 23:25:41] [INFO] [ShopBot] 跳过物品: equipment
[2026-05-21 23:25:41] [INFO] [ShopBot] 跳过物品: equipment
[2026-05-21 23:25:41] [INFO] [ShopBot] 货架处理完成，共购买 0 个物品
[2026-05-21 23:25:41] [INFO] [ShopBot] 第 0 次查看，购买 0 个物品
[2026-05-21 23:25:41] [INFO] [ShopBot] 滑动 (640, 400) -> (640, 150), 时长 0.3s
[2026-05-21 23:25:43] [DEBUG] [ShopBot] 整区 OCR 检测到 30 个文字块，4 行
[2026-05-21 23:25:43] [INFO] [ShopBot] 物品 0 (y=154-260): '装备不祥的恶魔高级靴子商人亚彼荷可购买1次' → equipment (conf=0.70), 价格 560000, 货币 gold
[2026-05-21 23:25:43] [INFO] [ShopBot] 物品 1 (y=311-405): '55装备奥利哈钢重甲商人亚彼荷可购买1次' → equipment (conf=0.70), 价格 240000, 货币 gold
[2026-05-21 23:25:43] [INFO] [ShopBot] 物品 2 (y=458-550): '英雄普林特小恶魔奈汉库伊可购买1次' → unknown (conf=0.00), 价格 29000, 货币 gold
[2026-05-21 23:25:43] [INFO] [ShopBot] 物品 3 (y=601-695): '85装备不屈的蜘蛛英雄挂饰妮萨可购买1次' → equipment (conf=0.70), 价格 810000, 货币 gold
[2026-05-21 23:25:43] [INFO] [ShopBot] 跳过物品: equipment
[2026-05-21 23:25:43] [INFO] [ShopBot] 跳过物品: equipment
[2026-05-21 23:25:43] [INFO] [ShopBot] 跳过物品: unknown
[2026-05-21 23:25:43] [INFO] [ShopBot] 跳过物品: equipment
[2026-05-21 23:25:43] [INFO] [ShopBot] 货架处理完成，共购买 0 个物品
[2026-05-21 23:25:43] [INFO] [ShopBot] 第 1 次查看，购买 0 个物品
[2026-05-21 23:25:43] [INFO] [ShopBot] 滑动 (640, 400) -> (640, 150), 时长 0.3s
[2026-05-21 23:25:46] [DEBUG] [ShopBot] 整区 OCR 检测到 29 个文字块，4 行
[2026-05-21 23:25:46] [INFO] [ShopBot] 物品 0 (y=154-260): '70装备不祥的恶魔高级靴子商人亚彼荷可购买1次' → equipment (conf=0.70), 价格 560000, 货币 gold
[2026-05-21 23:25:46] [INFO] [ShopBot] 物品 1 (y=311-405): '55装备奥利哈钢重甲商人亚彼荷可购买1次' → equipment (conf=0.70), 价格 240000, 货币 gold
[2026-05-21 23:25:46] [INFO] [ShopBot] 物品 2 (y=458-550): '英雄普林特小恶魔奈汉库伊可购买1次' → unknown (conf=0.00), 价格 29000, 货币 gold
[2026-05-21 23:25:46] [INFO] [ShopBot] 物品 3 (y=596-705): '装备不屈的蜘蛛英雄挂饰可购买1次' → equipment (conf=0.70), 价格 810000, 货币 gold
[2026-05-21 23:25:46] [INFO] [ShopBot] 跳过物品: equipment
[2026-05-21 23:25:46] [INFO] [ShopBot] 跳过物品: equipment
[2026-05-21 23:25:46] [INFO] [ShopBot] 跳过物品: unknown
[2026-05-21 23:25:46] [INFO] [ShopBot] 跳过物品: equipment
[2026-05-21 23:25:46] [INFO] [ShopBot] 货架处理完成，共购买 0 个物品
[2026-05-21 23:25:46] [INFO] [ShopBot] 第 2 次查看，购买 0 个物品
[2026-05-21 23:25:46] [INFO] [ShopBot] 滑动 (640, 400) -> (640, 150), 时长 0.3s
[2026-05-21 23:25:48] [DEBUG] [ShopBot] 整区 OCR 检测到 30 个文字块，4 行
[2026-05-21 23:25:48] [INFO] [ShopBot] 物品 0 (y=154-260): '70装备不祥的恶魔高级靴子商人亚彼荷可购买1次' → equipment (conf=0.70), 价格 560000, 货币 gold
[2026-05-21 23:25:48] [INFO] [ShopBot] 物品 1 (y=311-405): '55装备奥利哈钢重甲商人亚彼荷可购买1次' → equipment (conf=0.70), 价格 240000, 货币 gold
[2026-05-21 23:25:48] [INFO] [ShopBot] 物品 2 (y=457-550): '英雄普林特小恶魔奈汉库伊可购买1次' → unknown (conf=0.00), 价格 29000, 货币 gold
[2026-05-21 23:25:48] [INFO] [ShopBot] 物品 3 (y=601-705): '装备不屈的蜘蛛英雄挂饰妮萨可购买1次' → equipment (conf=0.70), 价格 810000, 货币 gold
[2026-05-21 23:25:48] [INFO] [ShopBot] 跳过物品: equipment
[2026-05-21 23:25:48] [INFO] [ShopBot] 跳过物品: equipment
[2026-05-21 23:25:48] [INFO] [ShopBot] 跳过物品: unknown
[2026-05-21 23:25:48] [INFO] [ShopBot] 跳过物品: equipment
[2026-05-21 23:25:48] [INFO] [ShopBot] 货架处理完成，共购买 0 个物品
[2026-05-21 23:25:48] [INFO] [ShopBot] 第 3 次查看，购买 0 个物品
[2026-05-21 23:25:48] [INFO] [ShopBot] 滑动 (640, 400) -> (640, 150), 时长 0.3s
[2026-05-21 23:25:50] [DEBUG] [ShopBot] 整区 OCR 检测到 30 个文字块，4 行
[2026-05-21 23:25:50] [INFO] [ShopBot] 物品 0 (y=154-260): '70装备不祥的恶魔高级靴子商人亚彼荷可购买1次' → equipment (conf=0.70), 价格 560000, 货币 gold
[2026-05-21 23:25:50] [INFO] [ShopBot] 物品 1 (y=311-405): '55装备奥利哈钢重甲商人亚彼荷可购买1次' → equipment (conf=0.70), 价格 240000, 货币 gold
[2026-05-21 23:25:50] [INFO] [ShopBot] 物品 2 (y=457-550): '英雄普林特小恶魔奈汉库伊可购买1次' → unknown (conf=0.00), 价格 29000, 货币 gold
[2026-05-21 23:25:50] [INFO] [ShopBot] 物品 3 (y=601-705): '装备不屈的蜘蛛英雄挂饰妮萨可购买1次' → equipment (conf=0.70), 价格 810000, 货币 gold
[2026-05-21 23:25:50] [INFO] [ShopBot] 已到达货架底部（第 4 次滑动后，识别结果无变化）
[2026-05-21 23:25:50] [INFO] [ShopBot] 寻找刷新按钮（第 1 次）
[2026-05-21 23:25:51] [DEBUG] [ShopBot] 找到刷新按钮 '立即更新' 在 (268, 659)
[2026-05-21 23:25:51] [INFO] [ShopBot] 点击刷新按钮 (268, 659)
[2026-05-21 23:25:51] [INFO] [ShopBot] 点击坐标 (268, 659)
[2026-05-21 23:25:53] [INFO] [ShopBot] 检测到刷新确认弹窗，点击确认 (748, 460)
[2026-05-21 23:25:53] [INFO] [ShopBot] 点击坐标 (748, 460)
[2026-05-21 23:25:53] [INFO] [ShopBot] 等待货架加载...
[2026-05-21 23:25:54] [INFO] [ShopBot] ===== 第 6 轮 =====
[2026-05-21 23:25:54] [INFO] [ShopBot] 滑动到货架顶部...
[2026-05-21 23:25:54] [INFO] [ShopBot] 滑动 (640, 150) -> (640, 400), 时长 0.3s
[2026-05-21 23:25:56] [DEBUG] [ShopBot] 整区 OCR 检测到 33 个文字块，5 行
[2026-05-21 23:25:56] [INFO] [ShopBot] 物品 0 (y=116-210): '货友情点数诺诺里50' → unknown (conf=0.00), 价格 18000, 货币 gold
[2026-05-21 23:25:56] [INFO] [ShopBot] 物品 1 (y=261-353): '英雄大海鲍特奈汉库伊可购买1次' → unknown (conf=0.00), 价格 29000, 货币 gold
[2026-05-21 23:25:56] [INFO] [ShopBot] 物品 2 (y=405-499): '55装备啤叫龙兽靴子商人亚彼荷可购买1次' → equipment (conf=0.70), 价格 360000, 货币 gold
[2026-05-21 23:25:56] [INFO] [ShopBot] 物品 3 (y=551-644): '英雄精锐兵拉宾奈汉库伊可购买1次' → unknown (conf=0.00), 价格 29000, 货币 gold
[2026-05-21 23:25:56] [INFO] [ShopBot] 物品 4 (y=645-705): '' → unknown (conf=0.00), 价格 0, 货币 gold
[2026-05-21 23:25:56] [INFO] [ShopBot] 跳过物品: unknown
[2026-05-21 23:25:56] [INFO] [ShopBot] 跳过物品: unknown
[2026-05-21 23:25:56] [INFO] [ShopBot] 跳过物品: equipment
[2026-05-21 23:25:56] [INFO] [ShopBot] 跳过物品: unknown
[2026-05-21 23:25:56] [INFO] [ShopBot] 跳过物品: unknown
[2026-05-21 23:25:56] [INFO] [ShopBot] 货架处理完成，共购买 0 个物品
[2026-05-21 23:25:56] [INFO] [ShopBot] 第 0 次查看，购买 0 个物品
[2026-05-21 23:25:56] [INFO] [ShopBot] 滑动 (640, 400) -> (640, 150), 时长 0.3s
[2026-05-21 23:25:59] [DEBUG] [ShopBot] 整区 OCR 检测到 30 个文字块，4 行
[2026-05-21 23:25:59] [INFO] [ShopBot] 物品 0 (y=154-260): '55装备啤叫龙兽靴子商人亚彼荷可购买1次' → equipment (conf=0.70), 价格 360000, 货币 gold
[2026-05-21 23:25:59] [INFO] [ShopBot] 物品 1 (y=313-405): '英雄精锐兵拉宾奈汉库伊可购买1次' → unknown (conf=0.00), 价格 29000, 货币 gold
[2026-05-21 23:25:59] [INFO] [ShopBot] 物品 2 (y=456-550): '召唤誓约书签诺诺里可购买1次' → bookmark (conf=0.95), 价格 184000, 货币 gold
[2026-05-21 23:25:59] [INFO] [ShopBot] 物品 3 (y=601-695): '55装备奥利哈钢手镯妮萨可购买1次' → equipment (conf=0.70), 价格 240000, 货币 gold
[2026-05-21 23:25:59] [INFO] [ShopBot] 跳过物品: equipment
[2026-05-21 23:25:59] [INFO] [ShopBot] 跳过物品: unknown
[2026-05-21 23:25:59] [INFO] [ShopBot] 开始购买: bookmark, 价格: 184000
[2026-05-21 23:25:59] [INFO] [ShopBot] 未检测到购买按钮，点击行中央 (600, 503)
[2026-05-21 23:25:59] [INFO] [ShopBot] 点击坐标 (600, 503)
[2026-05-21 23:26:01] [DEBUG] [ShopBot] 找到按钮 '购买' 在 (736, 552)
[2026-05-21 23:26:04] [DEBUG] [ShopBot] 找到按钮 '购买' 在 (736, 552)
[2026-05-21 23:26:05] [WARNING] [ShopBot] 确认弹窗未出现，重试点击: bookmark
[2026-05-21 23:26:05] [INFO] [ShopBot] 点击坐标 (600, 503)
[2026-05-21 23:26:08] [DEBUG] [ShopBot] 找到按钮 '购买' 在 (736, 552)
[2026-05-21 23:26:08] [WARNING] [ShopBot] 购买失败 - bookmark: 确认弹窗未出现
[2026-05-21 23:26:08] [INFO] [ShopBot] 购买结果 - bookmark: 失败 (确认弹窗未出现)
[2026-05-21 23:26:09] [INFO] [ShopBot] 跳过物品: equipment
[2026-05-21 23:26:09] [INFO] [ShopBot] 货架处理完成，共购买 1 个物品
[2026-05-21 23:26:09] [INFO] [ShopBot] 第 1 次查看，购买 1 个物品
[2026-05-21 23:26:09] [INFO] [ShopBot] 滑动 (640, 400) -> (640, 150), 时长 0.3s
[2026-05-21 23:26:11] [DEBUG] [ShopBot] 整区 OCR 检测到 30 个文字块，4 行
[2026-05-21 23:26:11] [INFO] [ShopBot] 物品 0 (y=154-260): '55装备啤叫龙兽靴子商人亚彼荷可购买1次' → equipment (conf=0.70), 价格 360000, 货币 gold
[2026-05-21 23:26:11] [INFO] [ShopBot] 物品 1 (y=313-405): '英雄精锐兵拉宾奈汉库伊可购买1次' → unknown (conf=0.00), 价格 29000, 货币 gold
[2026-05-21 23:26:11] [INFO] [ShopBot] 物品 2 (y=456-550): '召唤誓约书签诺诺里可购买1次' → bookmark (conf=0.95), 价格 184000, 货币 gold
[2026-05-21 23:26:11] [INFO] [ShopBot] 物品 3 (y=601-705): '55装备奥利哈钢手镯妮萨可购买1次' → equipment (conf=0.70), 价格 240000, 货币 gold
[2026-05-21 23:26:11] [INFO] [ShopBot] 已到达货架底部（第 2 次滑动后，识别结果无变化）
[2026-05-21 23:26:11] [INFO] [ShopBot] 寻找刷新按钮（第 1 次）
[2026-05-21 23:26:12] [DEBUG] [ShopBot] 找到刷新按钮 '立即更新' 在 (268, 659)
[2026-05-21 23:26:12] [INFO] [ShopBot] 点击刷新按钮 (268, 659)
[2026-05-21 23:26:12] [INFO] [ShopBot] 点击坐标 (268, 659)
[2026-05-21 23:26:13] [INFO] [ShopBot] 检测到刷新确认弹窗，点击确认 (748, 460)
[2026-05-21 23:26:13] [INFO] [ShopBot] 点击坐标 (748, 460)
[2026-05-21 23:26:14] [INFO] [ShopBot] 等待货架加载...
[2026-05-21 23:26:15] [INFO] [ShopBot] ===== 第 7 轮 =====
[2026-05-21 23:26:15] [INFO] [ShopBot] 滑动到货架顶部...
[2026-05-21 23:26:15] [INFO] [ShopBot] 滑动 (640, 150) -> (640, 400), 时长 0.3s
[2026-05-21 23:26:17] [DEBUG] [ShopBot] 整区 OCR 检测到 34 个文字块，5 行
[2026-05-21 23:26:17] [INFO] [ShopBot] 物品 0 (y=114-208): '55商人亚彼荷' → unknown (conf=0.00), 价格 240000, 货币 gold
[2026-05-21 23:26:17] [INFO] [ShopBot] 物品 1 (y=253-356): '装备攻击力55奥利哈钢靴子商人亚彼荷装备分数' → equipment (conf=0.70), 价格 480000, 货币 gold
[2026-05-21 23:26:17] [INFO] [ShopBot] 物品 2 (y=405-497): '寒冰纽洛普奈汉库伊可购买1次' → unknown (conf=0.00), 价格 29000, 货币 gold
[2026-05-21 23:26:17] [INFO] [ShopBot] 物品 3 (y=549-643): '货币友情点数可购买1次诺诺里50' → unknown (conf=0.00), 价格 18000, 货币 gold
[2026-05-21 23:26:17] [INFO] [ShopBot] 物品 4 (y=644-705): '' → unknown (conf=0.00), 价格 0, 货币 gold
[2026-05-21 23:26:17] [INFO] [ShopBot] 跳过物品: unknown
[2026-05-21 23:26:17] [INFO] [ShopBot] 跳过物品: equipment
[2026-05-21 23:26:17] [INFO] [ShopBot] 跳过物品: unknown
[2026-05-21 23:26:17] [INFO] [ShopBot] 跳过物品: unknown
[2026-05-21 23:26:17] [INFO] [ShopBot] 跳过物品: unknown
[2026-05-21 23:26:17] [INFO] [ShopBot] 货架处理完成，共购买 0 个物品
[2026-05-21 23:26:17] [INFO] [ShopBot] 第 0 次查看，购买 0 个物品
[2026-05-21 23:26:17] [INFO] [ShopBot] 滑动 (640, 400) -> (640, 150), 时长 0.3s
[2026-05-21 23:26:19] [DEBUG] [ShopBot] 整区 OCR 检测到 30 个文字块，4 行
[2026-05-21 23:26:19] [INFO] [ShopBot] 物品 0 (y=154-259): '英雄寒冰纽洛普奈汉库伊可购买1次' → unknown (conf=0.00), 价格 29000, 货币 gold
[2026-05-21 23:26:19] [INFO] [ShopBot] 物品 1 (y=311-405): '货币友情点数诺诺里50可购买1次' → unknown (conf=0.00), 价格 18000, 货币 gold
[2026-05-21 23:26:19] [INFO] [ShopBot] 物品 2 (y=458-550): '英雄暗影安卡拉奈汉库伊可购买1次' → unknown (conf=0.00), 价格 29000, 货币 gold
[2026-05-21 23:26:19] [INFO] [ShopBot] 物品 3 (y=601-695): '70装备冰霜脚爪项链妮萨可购买1次' → equipment (conf=0.70), 价格 560000, 货币 gold
[2026-05-21 23:26:19] [INFO] [ShopBot] 跳过物品: unknown
[2026-05-21 23:26:19] [INFO] [ShopBot] 跳过物品: unknown
[2026-05-21 23:26:19] [INFO] [ShopBot] 跳过物品: unknown
[2026-05-21 23:26:19] [INFO] [ShopBot] 跳过物品: equipment
[2026-05-21 23:26:19] [INFO] [ShopBot] 货架处理完成，共购买 0 个物品
[2026-05-21 23:26:19] [INFO] [ShopBot] 第 1 次查看，购买 0 个物品
[2026-05-21 23:26:19] [INFO] [ShopBot] 滑动 (640, 400) -> (640, 150), 时长 0.3s
[2026-05-21 23:26:21] [INFO] [ShopBot] ShopBot 收到停止请求，将在当前循环结束后停止
[2026-05-21 23:26:22] [DEBUG] [ShopBot] 整区 OCR 检测到 29 个文字块，4 行
[2026-05-21 23:26:22] [INFO] [ShopBot] 物品 0 (y=154-259): '英雄寒冰纽洛普奈汉库伊可购买1次' → unknown (conf=0.00), 价格 29000, 货币 gold
[2026-05-21 23:26:22] [INFO] [ShopBot] 物品 1 (y=311-405): '货币友情点数诺诺里50可购买1次' → unknown (conf=0.00), 价格 18000, 货币 gold
[2026-05-21 23:26:22] [INFO] [ShopBot] 物品 2 (y=457-550): '英雄暗影安卡拉奈汉库伊可购买1次' → unknown (conf=0.00), 价格 29000, 货币 gold
[2026-05-21 23:26:22] [INFO] [ShopBot] 物品 3 (y=597-705): '70装备冰霜脚爪项链可购买1次' → equipment (conf=0.70), 价格 560000, 货币 gold
[2026-05-21 23:26:22] [INFO] [ShopBot] 跳过物品: unknown
[2026-05-21 23:26:22] [INFO] [ShopBot] 跳过物品: unknown
[2026-05-21 23:26:22] [INFO] [ShopBot] 跳过物品: unknown
[2026-05-21 23:26:22] [INFO] [ShopBot] 跳过物品: equipment
[2026-05-21 23:26:22] [INFO] [ShopBot] 货架处理完成，共购买 0 个物品
[2026-05-21 23:26:22] [INFO] [ShopBot] 第 2 次查看，购买 0 个物品
[2026-05-21 23:26:22] [INFO] [ShopBot] ========== 运行统计 ==========
[2026-05-21 23:26:22] [INFO] [ShopBot] 总刷新次数: 6
[2026-05-21 23:26:22] [INFO] [ShopBot] 购买书签: 0
[2026-05-21 23:26:22] [INFO] [ShopBot] 购买神秘奖章: 0
[2026-05-21 23:26:22] [INFO] [ShopBot] 购买装备: 0
[2026-05-21 23:26:22] [INFO] [ShopBot] 天空石消耗: 18
[2026-05-21 23:26:22] [INFO] [ShopBot] 天空石余量: 0
[2026-05-21 23:26:22] [INFO] [ShopBot] ==============================
[2026-05-21 23:26:22] [INFO] [ShopBot] ShopBot 已停止
[2026-05-21 23:27:50] [INFO] [ShopBot] 配置已加载 - 设备: 127.0.0.1:16384, 截图: ADB, 控制: ADB
[2026-05-21 23:27:50] [INFO] [ShopBot] 购买列表 - 书签: True, 神秘奖章: True, 装备: False, 狗粮: False
[2026-05-21 23:27:50] [INFO] [ShopBot] 刷新上限: 200, 天空石阈值: 0, 金币阈值: 0, 书签上限: 不限, 神秘上限: 100, 天空石消耗上限: 不限
[2026-05-21 23:27:50] [INFO] [ShopBot] 正在启动 Web UI，监听 localhost:8080 ...
[2026-05-21 23:28:02] [INFO] [ShopBot] 正在连接设备 127.0.0.1:16384（第 1/3 次）
[2026-05-21 23:28:02] [INFO] [ShopBot] ShopBot 已启动
[2026-05-21 23:28:03] [INFO] [ShopBot] 设备连接成功: 127.0.0.1:16384
[2026-05-21 23:28:03] [INFO] [ShopBot] 开始导航至秘密商店（超时 30.0s）
[2026-05-21 23:28:03] [DEBUG] [ShopBot] 秘密商店检测: 导航顶部=51 导航中部=218 内容区=57
[2026-05-21 23:28:03] [INFO] [ShopBot] 场景检测: 秘密商店
[2026-05-21 23:28:03] [INFO] [ShopBot] 已到达秘密商店
[2026-05-21 23:28:03] [INFO] [ShopBot] ===== 第 1 轮 =====
[2026-05-21 23:28:03] [INFO] [ShopBot] 滑动到货架顶部...
[2026-05-21 23:28:03] [INFO] [ShopBot] 滑动 (640, 150) -> (640, 400), 时长 0.3s
[2026-05-21 23:28:04] [INFO] [ShopBot] 初始化 RapidOCR 引擎（首次加载约需数秒）...
[2026-05-21 23:28:04] [INFO] [ShopBot] RapidOCR 引擎就绪（耗时 0.4s）
[2026-05-21 23:28:06] [DEBUG] [ShopBot] 整区 OCR 检测到 31 个文字块，4 行
[2026-05-21 23:28:06] [INFO] [ShopBot] 物品 0 (y=80-187): '装备55啤叫龙兽靴子商人亚彼荷可购买1次' → equipment (conf=0.70), 价格 240000, 货币 gold, 购买按钮 @ (1192, 133)
[2026-05-21 23:28:06] [INFO] [ShopBot] 物品 1 (y=239-332): '55装备奥利哈钢靴子商人亚彼荷可购买1次' → equipment (conf=0.70), 价格 480000, 货币 gold, 购买按钮 @ (1192, 285)
[2026-05-21 23:28:06] [INFO] [ShopBot] 物品 2 (y=385-477): '英雄寒冰纽洛普奈汉库伊可购买1次' → unknown (conf=0.00), 价格 29000, 货币 gold, 购买按钮 @ (1192, 431)
[2026-05-21 23:28:06] [INFO] [ShopBot] 物品 3 (y=529-660): '货币友情点数可购买1次诺诺里50' → unknown (conf=0.00), 价格 18000, 货币 gold, 购买按钮 @ (1192, 594)
[2026-05-21 23:28:06] [INFO] [ShopBot] 跳过物品: equipment
[2026-05-21 23:28:06] [INFO] [ShopBot] 跳过物品: equipment
[2026-05-21 23:28:06] [INFO] [ShopBot] 跳过物品: unknown
[2026-05-21 23:28:06] [INFO] [ShopBot] 跳过物品: unknown
[2026-05-21 23:28:06] [INFO] [ShopBot] 货架处理完成，共购买 0 个物品
[2026-05-21 23:28:06] [INFO] [ShopBot] 第 0 次查看，购买 0 个物品
[2026-05-21 23:28:06] [INFO] [ShopBot] 滑动 (640, 400) -> (640, 150), 时长 0.3s
[2026-05-21 23:28:08] [DEBUG] [ShopBot] 整区 OCR 检测到 34 个文字块，5 行
[2026-05-21 23:28:08] [INFO] [ShopBot] 物品 0 (y=80-120): '商人亚彼荷可购买1次' → unknown (conf=0.00), 价格 0, 货币 gold, 购买按钮 @ (1192, 100)
[2026-05-21 23:28:08] [INFO] [ShopBot] 物品 1 (y=154-266): '英雄寒冰纽洛普奈汉库伊可购买1次' → unknown (conf=0.00), 价格 29000, 货币 gold, 购买按钮 @ (1192, 210)
[2026-05-21 23:28:08] [INFO] [ShopBot] 物品 2 (y=318-411): '货币友情点数若诺里50可购买1次' → unknown (conf=0.00), 价格 18000, 货币 gold, 购买按钮 @ (1192, 364)
[2026-05-21 23:28:08] [INFO] [ShopBot] 物品 3 (y=464-556): '英雄暗影安卡拉奈汉库伊可购买1次' → unknown (conf=0.00), 价格 29000, 货币 gold, 购买按钮 @ (1192, 510)
[2026-05-21 23:28:08] [INFO] [ShopBot] 物品 4 (y=604-701): '70装备冰霜脚爪项链妮萨可购买1次' → equipment (conf=0.70), 价格 560000, 货币 gold, 购买按钮 @ (1192, 652)
[2026-05-21 23:28:08] [INFO] [ShopBot] 跳过物品: unknown
[2026-05-21 23:28:08] [INFO] [ShopBot] 跳过物品: unknown
[2026-05-21 23:28:08] [INFO] [ShopBot] 跳过物品: unknown
[2026-05-21 23:28:08] [INFO] [ShopBot] 跳过物品: unknown
[2026-05-21 23:28:08] [INFO] [ShopBot] 跳过物品: equipment
[2026-05-21 23:28:08] [INFO] [ShopBot] 货架处理完成，共购买 0 个物品
[2026-05-21 23:28:08] [INFO] [ShopBot] 第 1 次查看，购买 0 个物品
[2026-05-21 23:28:08] [INFO] [ShopBot] 滑动 (640, 400) -> (640, 150), 时长 0.3s
[2026-05-21 23:28:11] [DEBUG] [ShopBot] 整区 OCR 检测到 29 个文字块，4 行
[2026-05-21 23:28:11] [INFO] [ShopBot] 物品 0 (y=154-259): '英雄寒冰纽洛普奈汉库伊可购买1次' → unknown (conf=0.00), 价格 29000, 货币 gold, 购买按钮 @ (1192, 206)
[2026-05-21 23:28:11] [INFO] [ShopBot] 物品 1 (y=311-405): '货币友情点数诺诺里50可购买1次' → unknown (conf=0.00), 价格 18000, 货币 gold, 购买按钮 @ (1192, 358)
[2026-05-21 23:28:11] [INFO] [ShopBot] 物品 2 (y=458-550): '英雄暗影安卡拉奈汉库伊可购买1次' → unknown (conf=0.00), 价格 29000, 货币 gold, 购买按钮 @ (1192, 504)
[2026-05-21 23:28:11] [INFO] [ShopBot] 物品 3 (y=601-705): '70装备冰霜脚爪项链可购买1次' → equipment (conf=0.70), 价格 560000, 货币 gold, 购买按钮 @ (1192, 653)
[2026-05-21 23:28:11] [INFO] [ShopBot] 跳过物品: unknown
[2026-05-21 23:28:11] [INFO] [ShopBot] 跳过物品: unknown
[2026-05-21 23:28:11] [INFO] [ShopBot] 跳过物品: unknown
[2026-05-21 23:28:11] [INFO] [ShopBot] 跳过物品: equipment
[2026-05-21 23:28:11] [INFO] [ShopBot] 货架处理完成，共购买 0 个物品
[2026-05-21 23:28:11] [INFO] [ShopBot] 第 2 次查看，购买 0 个物品
[2026-05-21 23:28:11] [INFO] [ShopBot] 滑动 (640, 400) -> (640, 150), 时长 0.3s
[2026-05-21 23:28:13] [DEBUG] [ShopBot] 整区 OCR 检测到 29 个文字块，4 行
[2026-05-21 23:28:13] [INFO] [ShopBot] 物品 0 (y=154-259): '英雄寒冰纽洛普奈汉库伊可购买1次' → unknown (conf=0.00), 价格 29000, 货币 gold, 购买按钮 @ (1192, 206)
[2026-05-21 23:28:13] [INFO] [ShopBot] 物品 1 (y=311-405): '货币友情点数诺诺里50可购买1次' → unknown (conf=0.00), 价格 18000, 货币 gold, 购买按钮 @ (1192, 358)
[2026-05-21 23:28:13] [INFO] [ShopBot] 物品 2 (y=458-550): '英雄暗影安卡拉奈汉库伊可购买1次' → unknown (conf=0.00), 价格 29000, 货币 gold, 购买按钮 @ (1192, 504)
[2026-05-21 23:28:13] [INFO] [ShopBot] 物品 3 (y=596-705): '70装备冰霜脚爪项链可购买1次' → equipment (conf=0.70), 价格 560000, 货币 gold, 购买按钮 @ (1192, 650)
[2026-05-21 23:28:13] [INFO] [ShopBot] 已到达货架底部（第 3 次滑动后，识别结果无变化）
[2026-05-21 23:28:13] [INFO] [ShopBot] 寻找刷新按钮（第 1 次）
[2026-05-21 23:28:14] [DEBUG] [ShopBot] 找到刷新按钮 '立即更新' 在 (268, 659)
[2026-05-21 23:28:14] [INFO] [ShopBot] 点击刷新按钮 (268, 659)
[2026-05-21 23:28:14] [INFO] [ShopBot] 点击坐标 (268, 659)
[2026-05-21 23:28:16] [INFO] [ShopBot] 检测到刷新确认弹窗，点击确认 (748, 460)
[2026-05-21 23:28:16] [INFO] [ShopBot] 点击坐标 (748, 460)
[2026-05-21 23:28:17] [INFO] [ShopBot] 等待货架加载...
[2026-05-21 23:28:18] [INFO] [ShopBot] ===== 第 2 轮 =====
[2026-05-21 23:28:18] [INFO] [ShopBot] 滑动到货架顶部...
[2026-05-21 23:28:18] [INFO] [ShopBot] 滑动 (640, 150) -> (640, 400), 时长 0.3s
[2026-05-21 23:28:20] [DEBUG] [ShopBot] 整区 OCR 检测到 36 个文字块，4 行
[2026-05-21 23:28:20] [INFO] [ShopBot] 物品 0 (y=122-215): '55装备啤靴子商人亚彼荷' → equipment (conf=0.70), 价格 240000, 货币 gold, 购买按钮 @ (1192, 168)
[2026-05-21 23:28:20] [INFO] [ShopBot] 物品 1 (y=253-361): '攻击力85装备深澜宠兽面具商人亚彼荷装备分数' → equipment (conf=0.70), 价格 810000, 货币 gold, 购买按钮 @ (1192, 307)
[2026-05-21 23:28:20] [INFO] [ShopBot] 物品 2 (y=413-505): '度提升25%雪原安卡拉奈汉库伊可购买1次' → unknown (conf=0.00), 价格 29000, 货币 gold, 购买按钮 @ (1192, 459)
[2026-05-21 23:28:20] [INFO] [ShopBot] 物品 3 (y=557-670): '货币友情点数诺诺里50可购买1次' → unknown (conf=0.00), 价格 18000, 货币 gold, 购买按钮 @ (1192, 613)
[2026-05-21 23:28:20] [INFO] [ShopBot] 跳过物品: equipment
[2026-05-21 23:28:20] [INFO] [ShopBot] 跳过物品: equipment
[2026-05-21 23:28:20] [INFO] [ShopBot] 跳过物品: unknown
[2026-05-21 23:28:20] [INFO] [ShopBot] 跳过物品: unknown
[2026-05-21 23:28:20] [INFO] [ShopBot] 货架处理完成，共购买 0 个物品
[2026-05-21 23:28:20] [INFO] [ShopBot] 第 0 次查看，购买 0 个物品
[2026-05-21 23:28:20] [INFO] [ShopBot] 滑动 (640, 400) -> (640, 150), 时长 0.3s
[2026-05-21 23:28:22] [DEBUG] [ShopBot] 整区 OCR 检测到 30 个文字块，4 行
[2026-05-21 23:28:22] [INFO] [ShopBot] 物品 0 (y=154-265): '英雄雪原安卡拉奈汉库伊可购买1次' → unknown (conf=0.00), 价格 29000, 货币 gold, 购买按钮 @ (1192, 209)
[2026-05-21 23:28:22] [INFO] [ShopBot] 物品 1 (y=317-410): '货币友情点数诺诺里50可购买1次' → unknown (conf=0.00), 价格 18000, 货币 gold, 购买按钮 @ (1192, 363)
[2026-05-21 23:28:22] [INFO] [ShopBot] 物品 2 (y=462-555): '装备破灭精髓鞋子商人亚彼荷可购买1次' → equipment (conf=0.70), 价格 750000, 货币 gold, 购买按钮 @ (1192, 508)
[2026-05-21 23:28:22] [INFO] [ShopBot] 物品 3 (y=607-700): '70装备泰拉靴子商人亚彼荷可购买1次' → equipment (conf=0.70), 价格 380000, 货币 gold, 购买按钮 @ (1192, 653)
[2026-05-21 23:28:22] [INFO] [ShopBot] 跳过物品: unknown
[2026-05-21 23:28:22] [INFO] [ShopBot] 跳过物品: unknown
[2026-05-21 23:28:22] [INFO] [ShopBot] 跳过物品: equipment
[2026-05-21 23:28:22] [INFO] [ShopBot] 跳过物品: equipment
[2026-05-21 23:28:22] [INFO] [ShopBot] 货架处理完成，共购买 0 个物品
[2026-05-21 23:28:22] [INFO] [ShopBot] 第 1 次查看，购买 0 个物品
[2026-05-21 23:28:22] [INFO] [ShopBot] 滑动 (640, 400) -> (640, 150), 时长 0.3s
[2026-05-21 23:28:25] [DEBUG] [ShopBot] 整区 OCR 检测到 30 个文字块，4 行
[2026-05-21 23:28:25] [INFO] [ShopBot] 物品 0 (y=154-259): '英雄雪原安卡拉奈汉库伊可购买1次' → unknown (conf=0.00), 价格 29000, 货币 gold, 购买按钮 @ (1192, 206)
[2026-05-21 23:28:25] [INFO] [ShopBot] 物品 1 (y=311-405): '货币友情点数诺诺里50可购买1次' → unknown (conf=0.00), 价格 18000, 货币 gold, 购买按钮 @ (1192, 358)
[2026-05-21 23:28:25] [INFO] [ShopBot] 物品 2 (y=456-550): '装备破灭精髓鞋子商人亚彼荷可购买1次' → equipment (conf=0.70), 价格 750000, 货币 gold, 购买按钮 @ (1192, 503)
[2026-05-21 23:28:25] [INFO] [ShopBot] 物品 3 (y=600-705): '70装备泰拉靴子商人亚彼荷可购买1次' → equipment (conf=0.70), 价格 380000, 货币 gold, 购买按钮 @ (1192, 652)
[2026-05-21 23:28:25] [INFO] [ShopBot] 已到达货架底部（第 2 次滑动后，识别结果无变化）
[2026-05-21 23:28:25] [INFO] [ShopBot] 寻找刷新按钮（第 1 次）
[2026-05-21 23:28:25] [DEBUG] [ShopBot] 找到刷新按钮 '立即更新' 在 (268, 659)
[2026-05-21 23:28:25] [INFO] [ShopBot] 点击刷新按钮 (268, 659)
[2026-05-21 23:28:25] [INFO] [ShopBot] 点击坐标 (268, 659)
[2026-05-21 23:28:27] [INFO] [ShopBot] 检测到刷新确认弹窗，点击确认 (748, 460)
[2026-05-21 23:28:27] [INFO] [ShopBot] 点击坐标 (748, 460)
[2026-05-21 23:28:27] [INFO] [ShopBot] 等待货架加载...
[2026-05-21 23:28:28] [INFO] [ShopBot] ===== 第 3 轮 =====
[2026-05-21 23:28:28] [INFO] [ShopBot] 滑动到货架顶部...
[2026-05-21 23:28:28] [INFO] [ShopBot] 滑动 (640, 150) -> (640, 400), 时长 0.3s
[2026-05-21 23:28:31] [DEBUG] [ShopBot] 整区 OCR 检测到 38 个文字块，4 行
[2026-05-21 23:28:31] [INFO] [ShopBot] 物品 0 (y=117-212): '55装色暗龙红妮萨' → unknown (conf=0.00), 价格 240000, 货币 gold, 购买按钮 @ (1192, 164)
[2026-05-21 23:28:31] [INFO] [ShopBot] 物品 1 (y=264-358): '装备攻击力蜘蛛君主的挂饰防御力妮萨可购买1次' → equipment (conf=0.70), 价格 560000, 货币 gold, 购买按钮 @ (1192, 311)
[2026-05-21 23:28:31] [INFO] [ShopBot] 物品 2 (y=403-503): '速度套装使情愚数5%可购买1次诺诺里50' → unknown (conf=0.00), 价格 18000, 货币 gold, 购买按钮 @ (1192, 453)
[2026-05-21 23:28:31] [INFO] [ShopBot] 物品 3 (y=555-682): '英雄蔷薇使徒会祭司奈汉库伊可购买1次' → unknown (conf=0.00), 价格 29000, 货币 gold, 购买按钮 @ (1192, 618)
[2026-05-21 23:28:31] [INFO] [ShopBot] 跳过物品: unknown
[2026-05-21 23:28:31] [INFO] [ShopBot] 跳过物品: equipment
[2026-05-21 23:28:31] [INFO] [ShopBot] 跳过物品: unknown
[2026-05-21 23:28:31] [INFO] [ShopBot] 跳过物品: unknown
[2026-05-21 23:28:31] [INFO] [ShopBot] 货架处理完成，共购买 0 个物品
[2026-05-21 23:28:31] [INFO] [ShopBot] 第 0 次查看，购买 0 个物品
[2026-05-21 23:28:31] [INFO] [ShopBot] 滑动 (640, 400) -> (640, 150), 时长 0.3s
[2026-05-21 23:28:33] [DEBUG] [ShopBot] 整区 OCR 检测到 31 个文字块，4 行
[2026-05-21 23:28:33] [INFO] [ShopBot] 物品 0 (y=154-260): '货币友情点数诺诺里可购买1次50' → unknown (conf=0.00), 价格 18000, 货币 gold, 购买按钮 @ (1192, 207)
[2026-05-21 23:28:33] [INFO] [ShopBot] 物品 1 (y=313-405): '英雄蔷薇使徒会祭司奈汉库伊可购买1次' → unknown (conf=0.00), 价格 29000, 货币 gold, 购买按钮 @ (1192, 359)
[2026-05-21 23:28:33] [INFO] [ShopBot] 物品 2 (y=456-550): '55装备奥利哈钢头盔商人亚彼荷可购买1次' → equipment (conf=0.70), 价格 240000, 货币 gold, 购买按钮 @ (1192, 503)
[2026-05-21 23:28:33] [INFO] [ShopBot] 物品 3 (y=601-695): '85装备暗黑钢铁拳套妮萨可购买1次' → equipment (conf=0.70), 价格 810000, 货币 gold, 购买按钮 @ (1192, 648)
[2026-05-21 23:28:33] [INFO] [ShopBot] 跳过物品: unknown
[2026-05-21 23:28:33] [INFO] [ShopBot] 跳过物品: unknown
[2026-05-21 23:28:33] [INFO] [ShopBot] 跳过物品: equipment
[2026-05-21 23:28:33] [INFO] [ShopBot] 跳过物品: equipment
[2026-05-21 23:28:33] [INFO] [ShopBot] 货架处理完成，共购买 0 个物品
[2026-05-21 23:28:33] [INFO] [ShopBot] 第 1 次查看，购买 0 个物品
[2026-05-21 23:28:33] [INFO] [ShopBot] 滑动 (640, 400) -> (640, 150), 时长 0.3s
[2026-05-21 23:28:36] [DEBUG] [ShopBot] 整区 OCR 检测到 31 个文字块，4 行
[2026-05-21 23:28:36] [INFO] [ShopBot] 物品 0 (y=154-260): '货币友情点数诺诺里可购买1次50' → unknown (conf=0.00), 价格 18000, 货币 gold, 购买按钮 @ (1192, 207)
[2026-05-21 23:28:36] [INFO] [ShopBot] 物品 1 (y=313-405): '英雄蔷薇使徒会祭司奈汉库伊可购买1次' → unknown (conf=0.00), 价格 29000, 货币 gold, 购买按钮 @ (1192, 359)
[2026-05-21 23:28:36] [INFO] [ShopBot] 物品 2 (y=456-550): '55装备奥利哈钢头盔商人亚彼荷可购买1次' → equipment (conf=0.70), 价格 240000, 货币 gold, 购买按钮 @ (1192, 503)
[2026-05-21 23:28:36] [INFO] [ShopBot] 物品 3 (y=601-695): '85装备暗黑钢铁拳套妮萨可购买1次' → equipment (conf=0.70), 价格 810000, 货币 gold, 购买按钮 @ (1192, 648)
[2026-05-21 23:28:36] [INFO] [ShopBot] 已到达货架底部（第 2 次滑动后，识别结果无变化）
[2026-05-21 23:28:36] [INFO] [ShopBot] 寻找刷新按钮（第 1 次）
[2026-05-21 23:28:36] [DEBUG] [ShopBot] 找到刷新按钮 '立即更新' 在 (268, 659)
[2026-05-21 23:28:36] [INFO] [ShopBot] 点击刷新按钮 (268, 659)
[2026-05-21 23:28:36] [INFO] [ShopBot] 点击坐标 (268, 659)
[2026-05-21 23:28:38] [INFO] [ShopBot] 检测到刷新确认弹窗，点击确认 (748, 460)
[2026-05-21 23:28:38] [INFO] [ShopBot] 点击坐标 (748, 460)
[2026-05-21 23:28:38] [INFO] [ShopBot] 等待货架加载...
[2026-05-21 23:28:39] [INFO] [ShopBot] ===== 第 4 轮 =====
[2026-05-21 23:28:39] [INFO] [ShopBot] 滑动到货架顶部...
[2026-05-21 23:28:39] [INFO] [ShopBot] 滑动 (640, 150) -> (640, 400), 时长 0.3s
[2026-05-21 23:28:41] [DEBUG] [ShopBot] 整区 OCR 检测到 38 个文字块，4 行
[2026-05-21 23:28:41] [INFO] [ShopBot] 物品 0 (y=123-216): '55装备灿烟精宝珠商人亚彼荷购璃物物的宝珠' → equipment (conf=0.70), 价格 240000, 货币 gold, 购买按钮 @ (1192, 169)
[2026-05-21 23:28:41] [INFO] [ShopBot] 物品 1 (y=253-361): '攻击力70装备魔宠兽骨刃剑商人亚彼荷装备分数' → equipment (conf=0.70), 价格 380000, 货币 gold, 购买按钮 @ (1192, 307)
[2026-05-21 23:28:41] [INFO] [ShopBot] 物品 2 (y=413-506): '伤害提升60%。友情点数诺诺里50可购买1次' → unknown (conf=0.00), 价格 18000, 货币 gold, 购买按钮 @ (1192, 459)
[2026-05-21 23:28:41] [INFO] [ShopBot] 物品 3 (y=558-705): '70装备蜘蛛君主的头盔商人亚彼荷可购买1次' → equipment (conf=0.70), 价格 560000, 货币 gold, 购买按钮 @ (1192, 631)
[2026-05-21 23:28:41] [INFO] [ShopBot] 跳过物品: equipment
[2026-05-21 23:28:41] [INFO] [ShopBot] 跳过物品: equipment
[2026-05-21 23:28:41] [INFO] [ShopBot] 跳过物品: unknown
[2026-05-21 23:28:41] [INFO] [ShopBot] 跳过物品: equipment
[2026-05-21 23:28:41] [INFO] [ShopBot] 货架处理完成，共购买 0 个物品
[2026-05-21 23:28:41] [INFO] [ShopBot] 第 0 次查看，购买 0 个物品
[2026-05-21 23:28:41] [INFO] [ShopBot] 滑动 (640, 400) -> (640, 150), 时长 0.3s
[2026-05-21 23:28:43] [DEBUG] [ShopBot] 整区 OCR 检测到 31 个文字块，4 行
[2026-05-21 23:28:43] [INFO] [ShopBot] 物品 0 (y=154-260): '货币友情点数诺诺里可购买1次50' → unknown (conf=0.00), 价格 18000, 货币 gold, 购买按钮 @ (1192, 207)
[2026-05-21 23:28:43] [INFO] [ShopBot] 物品 1 (y=311-405): '70装备蜘蛛君主的头盔商人亚彼荷可购买1次' → equipment (conf=0.70), 价格 560000, 货币 gold, 购买按钮 @ (1192, 358)
[2026-05-21 23:28:43] [INFO] [ShopBot] 物品 2 (y=456-550): '55装备啤叫龙兽面具商人亚彼荷可购买1次' → equipment (conf=0.70), 价格 240000, 货币 gold, 购买按钮 @ (1192, 503)
[2026-05-21 23:28:43] [INFO] [ShopBot] 物品 3 (y=597-705): '70装备钻石项链可购买1次' → equipment (conf=0.70), 价格 380000, 货币 gold, 购买按钮 @ (1192, 651)
[2026-05-21 23:28:43] [INFO] [ShopBot] 跳过物品: unknown
[2026-05-21 23:28:43] [INFO] [ShopBot] 跳过物品: equipment
[2026-05-21 23:28:43] [INFO] [ShopBot] 跳过物品: equipment
[2026-05-21 23:28:43] [INFO] [ShopBot] 跳过物品: equipment
[2026-05-21 23:28:43] [INFO] [ShopBot] 货架处理完成，共购买 0 个物品
[2026-05-21 23:28:43] [INFO] [ShopBot] 第 1 次查看，购买 0 个物品
[2026-05-21 23:28:43] [INFO] [ShopBot] 滑动 (640, 400) -> (640, 150), 时长 0.3s
[2026-05-21 23:28:45] [DEBUG] [ShopBot] 整区 OCR 检测到 32 个文字块，4 行
[2026-05-21 23:28:45] [INFO] [ShopBot] 物品 0 (y=154-260): '货币友情点数诺诺里可购买1次50' → unknown (conf=0.00), 价格 18000, 货币 gold, 购买按钮 @ (1192, 207)
[2026-05-21 23:28:45] [INFO] [ShopBot] 物品 1 (y=311-405): '70装备蜘蛛君主的头盔商人亚彼荷可购买1次' → equipment (conf=0.70), 价格 560000, 货币 gold, 购买按钮 @ (1192, 358)
[2026-05-21 23:28:45] [INFO] [ShopBot] 物品 2 (y=456-550): '55装备啤叫龙兽面具商人亚彼荷可购买1次' → equipment (conf=0.70), 价格 240000, 货币 gold, 购买按钮 @ (1192, 503)
[2026-05-21 23:28:45] [INFO] [ShopBot] 物品 3 (y=601-705): '70装备钻石项链妮萨可购买1次' → equipment (conf=0.70), 价格 380000, 货币 gold, 购买按钮 @ (1192, 653)
[2026-05-21 23:28:45] [INFO] [ShopBot] 跳过物品: unknown
[2026-05-21 23:28:45] [INFO] [ShopBot] 跳过物品: equipment
[2026-05-21 23:28:45] [INFO] [ShopBot] 跳过物品: equipment
[2026-05-21 23:28:45] [INFO] [ShopBot] 跳过物品: equipment
[2026-05-21 23:28:45] [INFO] [ShopBot] 货架处理完成，共购买 0 个物品
[2026-05-21 23:28:45] [INFO] [ShopBot] 第 2 次查看，购买 0 个物品
[2026-05-21 23:28:45] [INFO] [ShopBot] 滑动 (640, 400) -> (640, 150), 时长 0.3s
[2026-05-21 23:28:48] [DEBUG] [ShopBot] 整区 OCR 检测到 32 个文字块，4 行
[2026-05-21 23:28:48] [INFO] [ShopBot] 物品 0 (y=154-260): '货币友情点数诺诺里可购买1次50' → unknown (conf=0.00), 价格 18000, 货币 gold, 购买按钮 @ (1192, 207)
[2026-05-21 23:28:48] [INFO] [ShopBot] 物品 1 (y=311-405): '70装备蜘蛛君主的头盔商人亚彼荷可购买1次' → equipment (conf=0.70), 价格 560000, 货币 gold, 购买按钮 @ (1192, 358)
[2026-05-21 23:28:48] [INFO] [ShopBot] 物品 2 (y=456-550): '55装备啤叫龙兽面具商人亚彼荷可购买1次' → equipment (conf=0.70), 价格 240000, 货币 gold, 购买按钮 @ (1192, 503)
[2026-05-21 23:28:48] [INFO] [ShopBot] 物品 3 (y=601-705): '70装备钻石项链妮萨可购买1次' → equipment (conf=0.70), 价格 380000, 货币 gold, 购买按钮 @ (1192, 653)
[2026-05-21 23:28:48] [INFO] [ShopBot] 已到达货架底部（第 3 次滑动后，识别结果无变化）
[2026-05-21 23:28:48] [INFO] [ShopBot] 寻找刷新按钮（第 1 次）
[2026-05-21 23:28:48] [DEBUG] [ShopBot] 找到刷新按钮 '立即更新' 在 (268, 659)
[2026-05-21 23:28:48] [INFO] [ShopBot] 点击刷新按钮 (268, 659)
[2026-05-21 23:28:48] [INFO] [ShopBot] 点击坐标 (268, 659)
[2026-05-21 23:28:50] [INFO] [ShopBot] 检测到刷新确认弹窗，点击确认 (748, 460)
[2026-05-21 23:28:50] [INFO] [ShopBot] 点击坐标 (748, 460)
[2026-05-21 23:28:50] [INFO] [ShopBot] 等待货架加载...
[2026-05-21 23:28:51] [INFO] [ShopBot] ===== 第 5 轮 =====
[2026-05-21 23:28:51] [INFO] [ShopBot] 滑动到货架顶部...
[2026-05-21 23:28:51] [INFO] [ShopBot] 滑动 (640, 150) -> (640, 400), 时长 0.3s
[2026-05-21 23:28:53] [DEBUG] [ShopBot] 整区 OCR 检测到 38 个文字块，4 行
[2026-05-21 23:28:53] [INFO] [ShopBot] 物品 0 (y=111-211): '55山火长袍商人亚彼荷懈器精的长袍' → unknown (conf=0.00), 价格 240000, 货币 gold, 购买按钮 @ (1192, 161)
[2026-05-21 23:28:53] [INFO] [ShopBot] 物品 1 (y=253-357): '防御力55装备奥利馆钢重甲商人亚彼荷装备分数' → equipment (conf=0.70), 价格 360000, 货币 gold, 购买按钮 @ (1192, 305)
[2026-05-21 23:28:53] [INFO] [ShopBot] 物品 2 (y=409-501): '募伤害提升60%阴谋普纽洛可购买1次奈汉库伊' → unknown (conf=0.00), 价格 29000, 货币 gold, 购买按钮 @ (1192, 455)
[2026-05-21 23:28:53] [INFO] [ShopBot] 物品 3 (y=553-670): '装备55勇士的背甲头部护具商人亚彼荷可购买1次' → equipment (conf=0.70), 价格 360000, 货币 gold, 购买按钮 @ (1192, 611)
[2026-05-21 23:28:53] [INFO] [ShopBot] 跳过物品: unknown
[2026-05-21 23:28:53] [INFO] [ShopBot] 跳过物品: equipment
[2026-05-21 23:28:53] [INFO] [ShopBot] 跳过物品: unknown
[2026-05-21 23:28:53] [INFO] [ShopBot] 跳过物品: equipment
[2026-05-21 23:28:53] [INFO] [ShopBot] 货架处理完成，共购买 0 个物品
[2026-05-21 23:28:53] [INFO] [ShopBot] 第 0 次查看，购买 0 个物品
[2026-05-21 23:28:53] [INFO] [ShopBot] 滑动 (640, 400) -> (640, 150), 时长 0.3s
[2026-05-21 23:28:55] [DEBUG] [ShopBot] 整区 OCR 检测到 35 个文字块，5 行
[2026-05-21 23:28:55] [INFO] [ShopBot] 物品 0 (y=80-123): '商人亚彼荷可购买1次' → unknown (conf=0.00), 价格 0, 货币 gold, 购买按钮 @ (1192, 101)
[2026-05-21 23:28:55] [INFO] [ShopBot] 物品 1 (y=154-269): '英雄阴谋普纽洛奈汉库伊可购买1次' → unknown (conf=0.00), 价格 29000, 货币 gold, 购买按钮 @ (1192, 211)
[2026-05-21 23:28:55] [INFO] [ShopBot] 物品 2 (y=321-415): '55装备勇士的背甲头部护具商人亚彼荷可购买1次' → equipment (conf=0.70), 价格 360000, 货币 gold, 购买按钮 @ (1192, 368)
[2026-05-21 23:28:55] [INFO] [ShopBot] 物品 3 (y=466-560): '55装备灿烂精髓宝珠商人亚彼荷可购买1次' → equipment (conf=0.70), 价格 240000, 货币 gold, 购买按钮 @ (1192, 513)
[2026-05-21 23:28:55] [INFO] [ShopBot] 物品 4 (y=601-705): '55装备蓝宝石项链妮萨可购买1次' → equipment (conf=0.70), 价格 240000, 货币 gold, 购买按钮 @ (1192, 653)
[2026-05-21 23:28:55] [INFO] [ShopBot] 跳过物品: unknown
[2026-05-21 23:28:55] [INFO] [ShopBot] 跳过物品: unknown
[2026-05-21 23:28:55] [INFO] [ShopBot] 跳过物品: equipment
[2026-05-21 23:28:55] [INFO] [ShopBot] 跳过物品: equipment
[2026-05-21 23:28:55] [INFO] [ShopBot] 跳过物品: equipment
[2026-05-21 23:28:55] [INFO] [ShopBot] 货架处理完成，共购买 0 个物品
[2026-05-21 23:28:55] [INFO] [ShopBot] 第 1 次查看，购买 0 个物品
[2026-05-21 23:28:55] [INFO] [ShopBot] 滑动 (640, 400) -> (640, 150), 时长 0.3s
[2026-05-21 23:28:58] [DEBUG] [ShopBot] 整区 OCR 检测到 31 个文字块，4 行
[2026-05-21 23:28:58] [INFO] [ShopBot] 物品 0 (y=154-259): '英雄阴谋普纽洛奈汉库伊可购买1次' → unknown (conf=0.00), 价格 29000, 货币 gold, 购买按钮 @ (1192, 206)
[2026-05-21 23:28:58] [INFO] [ShopBot] 物品 1 (y=311-405): '55装备勇士的背甲头部护具商人亚彼荷可购买1次' → equipment (conf=0.70), 价格 360000, 货币 gold, 购买按钮 @ (1192, 358)
[2026-05-21 23:28:58] [INFO] [ShopBot] 物品 2 (y=456-550): '55装备灿烂精髓宝珠商人亚彼荷可购买1次' → equipment (conf=0.70), 价格 240000, 货币 gold, 购买按钮 @ (1192, 503)
[2026-05-21 23:28:58] [INFO] [ShopBot] 物品 3 (y=601-705): '55装备蓝宝石项链妮萨可购买1次' → equipment (conf=0.70), 价格 240000, 货币 gold, 购买按钮 @ (1192, 653)
[2026-05-21 23:28:58] [INFO] [ShopBot] 跳过物品: unknown
[2026-05-21 23:28:58] [INFO] [ShopBot] 跳过物品: equipment
[2026-05-21 23:28:58] [INFO] [ShopBot] 跳过物品: equipment
[2026-05-21 23:28:58] [INFO] [ShopBot] 跳过物品: equipment
[2026-05-21 23:28:58] [INFO] [ShopBot] 货架处理完成，共购买 0 个物品
[2026-05-21 23:28:58] [INFO] [ShopBot] 第 2 次查看，购买 0 个物品
[2026-05-21 23:28:58] [INFO] [ShopBot] 滑动 (640, 400) -> (640, 150), 时长 0.3s
[2026-05-21 23:29:00] [DEBUG] [ShopBot] 整区 OCR 检测到 31 个文字块，4 行
[2026-05-21 23:29:00] [INFO] [ShopBot] 物品 0 (y=154-259): '英雄阴谋普纽洛奈汉库伊可购买1次' → unknown (conf=0.00), 价格 29000, 货币 gold, 购买按钮 @ (1192, 206)
[2026-05-21 23:29:00] [INFO] [ShopBot] 物品 1 (y=311-405): '55装备勇士的背甲头部护具商人亚彼荷可购买1次' → equipment (conf=0.70), 价格 360000, 货币 gold, 购买按钮 @ (1192, 358)
[2026-05-21 23:29:00] [INFO] [ShopBot] 物品 2 (y=456-550): '55装备灿烂精髓宝珠商人亚彼荷可购买1次' → equipment (conf=0.70), 价格 240000, 货币 gold, 购买按钮 @ (1192, 503)
[2026-05-21 23:29:00] [INFO] [ShopBot] 物品 3 (y=601-705): '55装备蓝宝石项链妮萨可购买1次' → equipment (conf=0.70), 价格 240000, 货币 gold, 购买按钮 @ (1192, 653)
[2026-05-21 23:29:00] [INFO] [ShopBot] 已到达货架底部（第 3 次滑动后，识别结果无变化）
[2026-05-21 23:29:00] [INFO] [ShopBot] 寻找刷新按钮（第 1 次）
[2026-05-21 23:29:01] [DEBUG] [ShopBot] 找到刷新按钮 '立即更新' 在 (268, 659)
[2026-05-21 23:29:01] [INFO] [ShopBot] 点击刷新按钮 (268, 659)
[2026-05-21 23:29:01] [INFO] [ShopBot] 点击坐标 (268, 659)
[2026-05-21 23:29:02] [INFO] [ShopBot] 检测到刷新确认弹窗，点击确认 (748, 460)
[2026-05-21 23:29:02] [INFO] [ShopBot] 点击坐标 (748, 460)
[2026-05-21 23:29:03] [INFO] [ShopBot] 等待货架加载...
[2026-05-21 23:29:04] [INFO] [ShopBot] ===== 第 6 轮 =====
[2026-05-21 23:29:04] [INFO] [ShopBot] 滑动到货架顶部...
[2026-05-21 23:29:04] [INFO] [ShopBot] 滑动 (640, 150) -> (640, 400), 时长 0.3s
[2026-05-21 23:29:05] [DEBUG] [ShopBot] 整区 OCR 检测到 32 个文字块，4 行
[2026-05-21 23:29:05] [INFO] [ShopBot] 物品 0 (y=120-212): '召唤神秘奖牌诺诺里50可购买1次' → mystic_medal (conf=0.90), 价格 280000, 货币 gold, 购买按钮 @ (1192, 166)
[2026-05-21 23:29:05] [INFO] [ShopBot] 物品 1 (y=264-357): '70装备冰霜脚爪项链妮萨可购买1次' → equipment (conf=0.70), 价格 380000, 货币 gold, 购买按钮 @ (1192, 310)
[2026-05-21 23:29:05] [INFO] [ShopBot] 物品 2 (y=409-502): '55装备啤叫龙兽面具商人亚彼荷可购买1次' → equipment (conf=0.70), 价格 360000, 货币 gold, 购买按钮 @ (1192, 455)
[2026-05-21 23:29:05] [INFO] [ShopBot] 物品 3 (y=554-705): '装备85深渊龙兽靴子商人亚彼荷可购买1次' → equipment (conf=0.70), 价格 810000, 货币 gold, 购买按钮 @ (1192, 629)
[2026-05-21 23:29:05] [INFO] [ShopBot] 开始购买: mystic_medal, 价格: 280000
[2026-05-21 23:29:05] [INFO] [ShopBot] 点击购买按钮 @ (1192, 166)
[2026-05-21 23:29:05] [INFO] [ShopBot] 点击坐标 (1192, 166)
[2026-05-21 23:29:08] [DEBUG] [ShopBot] 找到按钮 '购买' 在 (736, 479)
[2026-05-21 23:29:08] [WARNING] [ShopBot] 确认弹窗未出现，重试点击: mystic_medal
[2026-05-21 23:29:08] [INFO] [ShopBot] 点击坐标 (1192, 166)
[2026-05-21 23:29:10] [DEBUG] [ShopBot] 找到按钮 '取消' 在 (481, 524)
[2026-05-21 23:29:11] [DEBUG] [ShopBot] 找到按钮 '购买' 在 (818, 524)
[2026-05-21 23:29:12] [INFO] [ShopBot] 重试后检测到确认弹窗
[2026-05-21 23:29:12] [DEBUG] [ShopBot] 找到按钮 '购买' 在 (818, 524)
[2026-05-21 23:29:12] [INFO] [ShopBot] 点击按钮 '购买' 在 (817, 524)
[2026-05-21 23:29:12] [INFO] [ShopBot] 点击坐标 (817, 524)
[2026-05-21 23:29:15] [DEBUG] [ShopBot] 找到按钮 '购买' 在 (736, 480)
[2026-05-21 23:29:15] [INFO] [ShopBot] 购买成功: mystic_medal
[2026-05-21 23:29:15] [INFO] [ShopBot] 购买结果 - mystic_medal: 成功
[2026-05-21 23:29:16] [INFO] [ShopBot] 跳过物品: equipment
[2026-05-21 23:29:16] [INFO] [ShopBot] 跳过物品: equipment
[2026-05-21 23:29:16] [INFO] [ShopBot] 跳过物品: equipment
[2026-05-21 23:29:16] [INFO] [ShopBot] 货架处理完成，共购买 1 个物品
[2026-05-21 23:29:16] [INFO] [ShopBot] 第 0 次查看，购买 1 个物品
[2026-05-21 23:29:16] [INFO] [ShopBot] 滑动 (640, 400) -> (640, 150), 时长 0.3s
[2026-05-21 23:29:19] [DEBUG] [ShopBot] 整区 OCR 检测到 37 个文字块，5 行
[2026-05-21 23:29:19] [INFO] [ShopBot] 物品 0 (y=80-128): '冰箱脚爪项链妮萨可购买1次' → equipment (conf=0.70), 价格 0, 货币 gold, 购买按钮 @ (1192, 104)
[2026-05-21 23:29:19] [INFO] [ShopBot] 物品 1 (y=181-274): '55装备啤叫龙兽面具商人亚彼荷可购买1次' → equipment (conf=0.70), 价格 360000, 货币 gold, 购买按钮 @ (1192, 227)
[2026-05-21 23:29:19] [INFO] [ShopBot] 物品 2 (y=326-420): '85装备深渊龙兽靴子商人亚彼荷可购买1次' → equipment (conf=0.70), 价格 810000, 货币 gold, 购买按钮 @ (1192, 373)
[2026-05-21 23:29:19] [INFO] [ShopBot] 物品 3 (y=471-565): '货币友情点数诺诺里50可购买1次' → unknown (conf=0.00), 价格 18000, 货币 gold, 购买按钮 @ (1192, 518)
[2026-05-21 23:29:19] [INFO] [ShopBot] 物品 4 (y=608-705): '85装备不屈的蜘蛛英雄流星锤商人亚彼荷可购买1次' → equipment (conf=0.70), 价格 1100000, 货币 gold, 购买按钮 @ (1192, 656)
[2026-05-21 23:29:19] [INFO] [ShopBot] 跳过物品: equipment
[2026-05-21 23:29:19] [INFO] [ShopBot] 跳过物品: equipment
[2026-05-21 23:29:19] [INFO] [ShopBot] 跳过物品: equipment
[2026-05-21 23:29:19] [INFO] [ShopBot] 跳过物品: unknown
[2026-05-21 23:29:19] [INFO] [ShopBot] 跳过物品: equipment
[2026-05-21 23:29:19] [INFO] [ShopBot] 货架处理完成，共购买 0 个物品
[2026-05-21 23:29:19] [INFO] [ShopBot] 第 1 次查看，购买 0 个物品
[2026-05-21 23:29:19] [INFO] [ShopBot] 滑动 (640, 400) -> (640, 150), 时长 0.3s
[2026-05-21 23:29:21] [DEBUG] [ShopBot] 整区 OCR 检测到 31 个文字块，4 行
[2026-05-21 23:29:21] [INFO] [ShopBot] 物品 0 (y=154-260): '55-装备啤叫龙兽面具商人亚彼荷可购买1次' → equipment (conf=0.70), 价格 360000, 货币 gold, 购买按钮 @ (1192, 207)
[2026-05-21 23:29:21] [INFO] [ShopBot] 物品 1 (y=311-405): '85装备深渊龙兽靴子商人亚彼荷可购买1次' → equipment (conf=0.70), 价格 810000, 货币 gold, 购买按钮 @ (1192, 358)
[2026-05-21 23:29:21] [INFO] [ShopBot] 物品 2 (y=456-550): '货币友情点数诺诺里50可购买1次' → unknown (conf=0.00), 价格 18000, 货币 gold, 购买按钮 @ (1192, 503)
[2026-05-21 23:29:21] [INFO] [ShopBot] 物品 3 (y=601-705): '装备不屈的蜘蛛英雄流星锤商人亚彼荷可购买1次' → equipment (conf=0.70), 价格 1100000, 货币 gold, 购买按钮 @ (1192, 653)
[2026-05-21 23:29:21] [INFO] [ShopBot] 跳过物品: equipment
[2026-05-21 23:29:21] [INFO] [ShopBot] 跳过物品: equipment
[2026-05-21 23:29:21] [INFO] [ShopBot] 跳过物品: unknown
[2026-05-21 23:29:21] [INFO] [ShopBot] 跳过物品: equipment
[2026-05-21 23:29:21] [INFO] [ShopBot] 货架处理完成，共购买 0 个物品
[2026-05-21 23:29:21] [INFO] [ShopBot] 第 2 次查看，购买 0 个物品
[2026-05-21 23:29:21] [INFO] [ShopBot] 滑动 (640, 400) -> (640, 150), 时长 0.3s
[2026-05-21 23:29:23] [DEBUG] [ShopBot] 整区 OCR 检测到 31 个文字块，4 行
[2026-05-21 23:29:23] [INFO] [ShopBot] 物品 0 (y=154-260): '55-装备啤叫龙兽面具商人亚彼荷可购买1次' → equipment (conf=0.70), 价格 360000, 货币 gold, 购买按钮 @ (1192, 207)
[2026-05-21 23:29:23] [INFO] [ShopBot] 物品 1 (y=311-405): '85装备深渊龙兽靴子商人亚彼荷可购买1次' → equipment (conf=0.70), 价格 810000, 货币 gold, 购买按钮 @ (1192, 358)
[2026-05-21 23:29:23] [INFO] [ShopBot] 物品 2 (y=456-550): '货币友情点数诺诺里50可购买1次' → unknown (conf=0.00), 价格 18000, 货币 gold, 购买按钮 @ (1192, 503)
[2026-05-21 23:29:23] [INFO] [ShopBot] 物品 3 (y=601-705): '装备不屈的蜘蛛英雄流星锤商人亚彼荷可购买1次' → equipment (conf=0.70), 价格 1100000, 货币 gold, 购买按钮 @ (1192, 653)
[2026-05-21 23:29:23] [INFO] [ShopBot] 已到达货架底部（第 3 次滑动后，识别结果无变化）
[2026-05-21 23:29:23] [INFO] [ShopBot] 寻找刷新按钮（第 1 次）
[2026-05-21 23:29:24] [DEBUG] [ShopBot] 找到刷新按钮 '立即更新' 在 (268, 659)
[2026-05-21 23:29:24] [INFO] [ShopBot] 点击刷新按钮 (268, 659)
[2026-05-21 23:29:24] [INFO] [ShopBot] 点击坐标 (268, 659)
[2026-05-21 23:29:26] [INFO] [ShopBot] 检测到刷新确认弹窗，点击确认 (748, 459)
[2026-05-21 23:29:26] [INFO] [ShopBot] 点击坐标 (748, 459)
[2026-05-21 23:29:26] [INFO] [ShopBot] 等待货架加载...
[2026-05-21 23:29:27] [INFO] [ShopBot] ===== 第 7 轮 =====
[2026-05-21 23:29:27] [INFO] [ShopBot] 滑动到货架顶部...
[2026-05-21 23:29:27] [INFO] [ShopBot] 滑动 (640, 150) -> (640, 400), 时长 0.3s
[2026-05-21 23:29:29] [DEBUG] [ShopBot] 整区 OCR 检测到 39 个文字块，4 行
[2026-05-21 23:29:29] [INFO] [ShopBot] 物品 0 (y=123-215): '85被诅贺饰舞饰头盔商人亚彼荷' → equipment (conf=0.70), 价格 540000, 货币 gold, 购买按钮 @ (1192, 169)
[2026-05-21 23:29:29] [INFO] [ShopBot] 物品 1 (y=267-376): '55装备生命值设窑力精巧的恶魔戒指妮萨可购买1次装备分数' → equipment (conf=0.70), 价格 360000, 货币 gold, 购买按钮 @ (1192, 321)
[2026-05-21 23:29:29] [INFO] [ShopBot] 物品 2 (y=403-505): '穿透套装携查犬对目标造成15%的防御力穿透。奈汉库伊效果重复叠加。' → unknown (conf=0.00), 价格 29000, 货币 gold, 购买按钮 @ (1192, 454)
[2026-05-21 23:29:29] [INFO] [ShopBot] 物品 3 (y=557-705): '装备85深渊龙兽骨刃剑商人亚彼荷可购买1次' → equipment (conf=0.70), 价格 540000, 货币 gold, 购买按钮 @ (1192, 631)
[2026-05-21 23:29:29] [INFO] [ShopBot] 跳过物品: equipment
[2026-05-21 23:29:29] [INFO] [ShopBot] 跳过物品: equipment
[2026-05-21 23:29:29] [INFO] [ShopBot] 跳过物品: unknown
[2026-05-21 23:29:29] [INFO] [ShopBot] 跳过物品: equipment
[2026-05-21 23:29:29] [INFO] [ShopBot] 货架处理完成，共购买 0 个物品
[2026-05-21 23:29:29] [INFO] [ShopBot] 第 0 次查看，购买 0 个物品
[2026-05-21 23:29:29] [INFO] [ShopBot] 滑动 (640, 400) -> (640, 150), 时长 0.3s
[2026-05-21 23:29:32] [DEBUG] [ShopBot] 整区 OCR 检测到 31 个文字块，4 行
[2026-05-21 23:29:32] [INFO] [ShopBot] 物品 0 (y=154-259): '英雄搜查型军犬奈汉库伊可购买1次' → unknown (conf=0.00), 价格 29000, 货币 gold, 购买按钮 @ (1192, 206)
[2026-05-21 23:29:32] [INFO] [ShopBot] 物品 1 (y=311-405): '85装备深渊龙兽骨刃剑商人亚彼荷可购买1次' → equipment (conf=0.70), 价格 540000, 货币 gold, 购买按钮 @ (1192, 358)
[2026-05-21 23:29:32] [INFO] [ShopBot] 物品 2 (y=456-550): '70装备蜘蛛君主的头盔商人亚彼荷可购买1次' → equipment (conf=0.70), 价格 380000, 货币 gold, 购买按钮 @ (1192, 503)
[2026-05-21 23:29:32] [INFO] [ShopBot] 物品 3 (y=601-695): '70装备魔力龙兽面具商人亚彼荷可购买1次' → equipment (conf=0.70), 价格 380000, 货币 gold, 购买按钮 @ (1192, 648)
[2026-05-21 23:29:32] [INFO] [ShopBot] 跳过物品: unknown
[2026-05-21 23:29:32] [INFO] [ShopBot] 跳过物品: equipment
[2026-05-21 23:29:32] [INFO] [ShopBot] 跳过物品: equipment
[2026-05-21 23:29:32] [INFO] [ShopBot] 跳过物品: equipment
[2026-05-21 23:29:32] [INFO] [ShopBot] 货架处理完成，共购买 0 个物品
[2026-05-21 23:29:32] [INFO] [ShopBot] 第 1 次查看，购买 0 个物品
[2026-05-21 23:29:32] [INFO] [ShopBot] 滑动 (640, 400) -> (640, 150), 时长 0.3s
[2026-05-21 23:29:34] [DEBUG] [ShopBot] 整区 OCR 检测到 31 个文字块，4 行
[2026-05-21 23:29:34] [INFO] [ShopBot] 物品 0 (y=154-259): '英雄搜查型军犬奈汉库伊可购买1次' → unknown (conf=0.00), 价格 29000, 货币 gold, 购买按钮 @ (1192, 206)
[2026-05-21 23:29:34] [INFO] [ShopBot] 物品 1 (y=311-405): '85装备深渊龙兽骨刃剑商人亚彼荷可购买1次' → equipment (conf=0.70), 价格 540000, 货币 gold, 购买按钮 @ (1192, 358)
[2026-05-21 23:29:34] [INFO] [ShopBot] 物品 2 (y=456-550): '70装备蜘蛛君主的头盔商人亚彼荷可购买1次' → equipment (conf=0.70), 价格 380000, 货币 gold, 购买按钮 @ (1192, 503)
[2026-05-21 23:29:34] [INFO] [ShopBot] 物品 3 (y=598-705): '70装备魔力龙兽面具商人亚彼荷可购买1次' → equipment (conf=0.70), 价格 380000, 货币 gold, 购买按钮 @ (1192, 651)
[2026-05-21 23:29:34] [INFO] [ShopBot] 已到达货架底部（第 2 次滑动后，识别结果无变化）
[2026-05-21 23:29:34] [INFO] [ShopBot] 寻找刷新按钮（第 1 次）
[2026-05-21 23:29:34] [DEBUG] [ShopBot] 找到刷新按钮 '立即更新' 在 (268, 659)
[2026-05-21 23:29:34] [INFO] [ShopBot] 点击刷新按钮 (268, 659)
[2026-05-21 23:29:34] [INFO] [ShopBot] 点击坐标 (268, 659)
[2026-05-21 23:29:36] [INFO] [ShopBot] 检测到刷新确认弹窗，点击确认 (748, 460)
[2026-05-21 23:29:36] [INFO] [ShopBot] 点击坐标 (748, 460)
[2026-05-21 23:29:37] [INFO] [ShopBot] 等待货架加载...
[2026-05-21 23:29:38] [INFO] [ShopBot] ===== 第 8 轮 =====
[2026-05-21 23:29:38] [INFO] [ShopBot] 滑动到货架顶部...
[2026-05-21 23:29:38] [INFO] [ShopBot] 滑动 (640, 150) -> (640, 400), 时长 0.3s
[2026-05-21 23:29:40] [DEBUG] [ShopBot] 整区 OCR 检测到 41 个文字块，4 行
[2026-05-21 23:29:40] [INFO] [ShopBot] 物品 0 (y=122-214): '85装备暗黑钢化子商人亚彼荷' → equipment (conf=0.70), 价格 810000, 货币 gold, 购买按钮 @ (1192, 168)
[2026-05-21 23:29:40] [INFO] [ShopBot] 物品 1 (y=253-359): '攻击力55装备精的恶魔戒指妮萨攻击力可购买1次' → equipment (conf=0.70), 价格 240000, 货币 gold, 购买按钮 @ (1192, 306)
[2026-05-21 23:29:40] [INFO] [ShopBot] 物品 2 (y=408-504): '70攻击套装铭石戒升45%妮萨可购买1次' → unknown (conf=0.00), 价格 380000, 货币 gold, 购买按钮 @ (1192, 456)
[2026-05-21 23:29:40] [INFO] [ShopBot] 物品 3 (y=556-682): '装备55奥利哈钢头盔商人亚彼荷可购买1次' → equipment (conf=0.70), 价格 360000, 货币 gold, 购买按钮 @ (1192, 619)
[2026-05-21 23:29:40] [INFO] [ShopBot] 跳过物品: equipment
[2026-05-21 23:29:40] [INFO] [ShopBot] 跳过物品: equipment
[2026-05-21 23:29:40] [INFO] [ShopBot] 跳过物品: unknown
[2026-05-21 23:29:40] [INFO] [ShopBot] 跳过物品: equipment
[2026-05-21 23:29:40] [INFO] [ShopBot] 货架处理完成，共购买 0 个物品
[2026-05-21 23:29:40] [INFO] [ShopBot] 第 0 次查看，购买 0 个物品
[2026-05-21 23:29:40] [INFO] [ShopBot] 滑动 (640, 400) -> (640, 150), 时长 0.3s
[2026-05-21 23:29:42] [DEBUG] [ShopBot] 整区 OCR 检测到 32 个文字块，5 行
[2026-05-21 23:29:42] [INFO] [ShopBot] 物品 0 (y=80-120): '可购买1次' → unknown (conf=0.00), 价格 0, 货币 gold, 购买按钮 @ (1192, 100)
[2026-05-21 23:29:42] [INFO] [ShopBot] 物品 1 (y=154-266): '装备70钻石戒指可购买1次' → equipment (conf=0.70), 价格 380000, 货币 gold, 购买按钮 @ (1192, 210)
[2026-05-21 23:29:42] [INFO] [ShopBot] 物品 2 (y=318-411): '55装备奥利哈钢头盔商人亚彼荷可购买1次' → equipment (conf=0.70), 价格 360000, 货币 gold, 购买按钮 @ (1192, 364)
[2026-05-21 23:29:42] [INFO] [ShopBot] 物品 3 (y=463-556): '装备精巧的恶魔头盔商人亚彼荷可购买1次' → equipment (conf=0.70), 价格 240000, 货币 gold, 购买按钮 @ (1192, 509)
[2026-05-21 23:29:42] [INFO] [ShopBot] 物品 4 (y=608-701): '货币友情点数若诺里可购买1次' → unknown (conf=0.00), 价格 18000, 货币 gold, 购买按钮 @ (1192, 654)
[2026-05-21 23:29:42] [INFO] [ShopBot] 跳过物品: unknown
[2026-05-21 23:29:42] [INFO] [ShopBot] 跳过物品: equipment
[2026-05-21 23:29:42] [INFO] [ShopBot] 跳过物品: equipment
[2026-05-21 23:29:42] [INFO] [ShopBot] 跳过物品: equipment
[2026-05-21 23:29:42] [INFO] [ShopBot] 跳过物品: unknown
[2026-05-21 23:29:42] [INFO] [ShopBot] 货架处理完成，共购买 0 个物品
[2026-05-21 23:29:42] [INFO] [ShopBot] 第 1 次查看，购买 0 个物品
[2026-05-21 23:29:42] [INFO] [ShopBot] 滑动 (640, 400) -> (640, 150), 时长 0.3s
[2026-05-21 23:29:44] [DEBUG] [ShopBot] 整区 OCR 检测到 32 个文字块，4 行
[2026-05-21 23:29:44] [INFO] [ShopBot] 物品 0 (y=154-260): '70装备钻石戒指妮萨可购买1次' → equipment (conf=0.70), 价格 380000, 货币 gold, 购买按钮 @ (1192, 207)
[2026-05-21 23:29:44] [INFO] [ShopBot] 物品 1 (y=311-405): '55装备奥利哈钢头盔商人亚彼荷可购买1次' → equipment (conf=0.70), 价格 360000, 货币 gold, 购买按钮 @ (1192, 358)
[2026-05-21 23:29:44] [INFO] [ShopBot] 物品 2 (y=456-550): '55装备精巧的恶魔头盔商人亚彼荷可购买1次' → equipment (conf=0.70), 价格 240000, 货币 gold, 购买按钮 @ (1192, 503)
[2026-05-21 23:29:44] [INFO] [ShopBot] 物品 3 (y=599-705): '货币友情点数诺诺里50可购买1次' → unknown (conf=0.00), 价格 18000, 货币 gold, 购买按钮 @ (1192, 652)
[2026-05-21 23:29:44] [INFO] [ShopBot] 跳过物品: equipment
[2026-05-21 23:29:44] [INFO] [ShopBot] 跳过物品: equipment
[2026-05-21 23:29:44] [INFO] [ShopBot] 跳过物品: equipment
[2026-05-21 23:29:44] [INFO] [ShopBot] 跳过物品: unknown
[2026-05-21 23:29:44] [INFO] [ShopBot] 货架处理完成，共购买 0 个物品
[2026-05-21 23:29:44] [INFO] [ShopBot] 第 2 次查看，购买 0 个物品
[2026-05-21 23:29:44] [INFO] [ShopBot] 滑动 (640, 400) -> (640, 150), 时长 0.3s
[2026-05-21 23:29:46] [DEBUG] [ShopBot] 整区 OCR 检测到 32 个文字块，4 行
[2026-05-21 23:29:46] [INFO] [ShopBot] 物品 0 (y=154-260): '70装备钻石戒指妮萨可购买1次' → equipment (conf=0.70), 价格 380000, 货币 gold, 购买按钮 @ (1192, 207)
[2026-05-21 23:29:46] [INFO] [ShopBot] 物品 1 (y=311-405): '55装备奥利哈钢头盔商人亚彼荷可购买1次' → equipment (conf=0.70), 价格 360000, 货币 gold, 购买按钮 @ (1192, 358)
[2026-05-21 23:29:46] [INFO] [ShopBot] 物品 2 (y=456-550): '55装备精巧的恶魔头盔商人亚彼荷可购买1次' → equipment (conf=0.70), 价格 240000, 货币 gold, 购买按钮 @ (1192, 503)
[2026-05-21 23:29:46] [INFO] [ShopBot] 物品 3 (y=601-705): '货币友情点数诺诺里50可购买1次' → unknown (conf=0.00), 价格 18000, 货币 gold, 购买按钮 @ (1192, 653)
[2026-05-21 23:29:46] [INFO] [ShopBot] 已到达货架底部（第 3 次滑动后，识别结果无变化）
[2026-05-21 23:29:46] [INFO] [ShopBot] 寻找刷新按钮（第 1 次）
[2026-05-21 23:29:47] [DEBUG] [ShopBot] 找到刷新按钮 '立即更新' 在 (268, 659)
[2026-05-21 23:29:47] [INFO] [ShopBot] 点击刷新按钮 (268, 659)
[2026-05-21 23:29:47] [INFO] [ShopBot] 点击坐标 (268, 659)
[2026-05-21 23:29:49] [INFO] [ShopBot] 检测到刷新确认弹窗，点击确认 (748, 460)
[2026-05-21 23:29:49] [INFO] [ShopBot] 点击坐标 (748, 460)
[2026-05-21 23:29:49] [INFO] [ShopBot] 等待货架加载...
[2026-05-21 23:29:50] [INFO] [ShopBot] ===== 第 9 轮 =====
[2026-05-21 23:29:50] [INFO] [ShopBot] 滑动到货架顶部...
[2026-05-21 23:29:50] [INFO] [ShopBot] 滑动 (640, 150) -> (640, 400), 时长 0.3s
[2026-05-21 23:29:52] [DEBUG] [ShopBot] 整区 OCR 检测到 38 个文字块，4 行
[2026-05-21 23:29:52] [INFO] [ShopBot] 物品 0 (y=124-215): '70装备破灭精王冠商人亚彼荷可购买1你命气息的王冠' → equipment (conf=0.70), 价格 560000, 货币 gold, 购买按钮 @ (1192, 169)
[2026-05-21 23:29:52] [INFO] [ShopBot] 物品 1 (y=253-361): '生命值55装备精巧的恶魔戒指妮萨可卖候' → equipment (conf=0.70), 价格 360000, 货币 gold, 购买按钮 @ (1192, 307)
[2026-05-21 23:29:52] [INFO] [ShopBot] 物品 2 (y=408-505): '抵抗套装战母兵拉寞20%。奈汉库伊可购买1次' → unknown (conf=0.00), 价格 29000, 货币 gold, 购买按钮 @ (1192, 456)
[2026-05-21 23:29:52] [INFO] [ShopBot] 物品 3 (y=557-705): '70装备魔力龙兽骨刃剑商人亚彼荷可购买1次' → equipment (conf=0.70), 价格 750000, 货币 gold, 购买按钮 @ (1192, 631)
[2026-05-21 23:29:52] [INFO] [ShopBot] 跳过物品: equipment
[2026-05-21 23:29:52] [INFO] [ShopBot] 跳过物品: equipment
[2026-05-21 23:29:52] [INFO] [ShopBot] 跳过物品: unknown
[2026-05-21 23:29:52] [INFO] [ShopBot] 跳过物品: equipment
[2026-05-21 23:29:52] [INFO] [ShopBot] 货架处理完成，共购买 0 个物品
[2026-05-21 23:29:52] [INFO] [ShopBot] 第 0 次查看，购买 0 个物品
[2026-05-21 23:29:52] [INFO] [ShopBot] 滑动 (640, 400) -> (640, 150), 时长 0.3s
[2026-05-21 23:29:54] [DEBUG] [ShopBot] 整区 OCR 检测到 31 个文字块，4 行
[2026-05-21 23:29:54] [INFO] [ShopBot] 物品 0 (y=154-259): '英雄战斗兵拉宾奈汉库伊可购买1次' → unknown (conf=0.00), 价格 29000, 货币 gold, 购买按钮 @ (1192, 206)
[2026-05-21 23:29:54] [INFO] [ShopBot] 物品 1 (y=311-405): '70装备魔力龙兽骨刃剑商人亚彼荷可购买1次' → equipment (conf=0.70), 价格 750000, 货币 gold, 购买按钮 @ (1192, 358)
[2026-05-21 23:29:54] [INFO] [ShopBot] 物品 2 (y=456-550): '装备55-啤叫龙兽面具商人亚彼荷可购买1次' → equipment (conf=0.70), 价格 240000, 货币 gold, 购买按钮 @ (1192, 503)
[2026-05-21 23:29:54] [INFO] [ShopBot] 物品 3 (y=601-695): '55装备精巧的恶魔之剑商人亚彼荷可购买1次' → equipment (conf=0.70), 价格 360000, 货币 gold, 购买按钮 @ (1192, 648)
[2026-05-21 23:29:54] [INFO] [ShopBot] 跳过物品: unknown
[2026-05-21 23:29:54] [INFO] [ShopBot] 跳过物品: equipment
[2026-05-21 23:29:54] [INFO] [ShopBot] 跳过物品: equipment
[2026-05-21 23:29:54] [INFO] [ShopBot] 跳过物品: equipment
[2026-05-21 23:29:54] [INFO] [ShopBot] 货架处理完成，共购买 0 个物品
[2026-05-21 23:29:54] [INFO] [ShopBot] 第 1 次查看，购买 0 个物品
[2026-05-21 23:29:54] [INFO] [ShopBot] 滑动 (640, 400) -> (640, 150), 时长 0.3s
[2026-05-21 23:29:55] [INFO] [ShopBot] ShopBot 收到停止请求，将在当前循环结束后停止
[2026-05-21 23:29:57] [DEBUG] [ShopBot] 整区 OCR 检测到 31 个文字块，4 行
[2026-05-21 23:29:57] [INFO] [ShopBot] 物品 0 (y=154-259): '英雄战斗兵拉宾奈汉库伊可购买1次' → unknown (conf=0.00), 价格 29000, 货币 gold, 购买按钮 @ (1192, 206)
[2026-05-21 23:29:57] [INFO] [ShopBot] 物品 1 (y=311-405): '70装备魔力龙兽骨刃剑商人亚彼荷可购买1次' → equipment (conf=0.70), 价格 750000, 货币 gold, 购买按钮 @ (1192, 358)
[2026-05-21 23:29:57] [INFO] [ShopBot] 物品 2 (y=456-550): '55装备啤叫龙兽面具商人亚彼荷可购买1次' → equipment (conf=0.70), 价格 240000, 货币 gold, 购买按钮 @ (1192, 503)
[2026-05-21 23:29:57] [INFO] [ShopBot] 物品 3 (y=601-705): '55装备精巧的恶魔之剑商人亚彼荷可购买1次' → equipment (conf=0.70), 价格 360000, 货币 gold, 购买按钮 @ (1192, 653)
[2026-05-21 23:29:57] [INFO] [ShopBot] 跳过物品: unknown
[2026-05-21 23:29:57] [INFO] [ShopBot] 跳过物品: equipment
[2026-05-21 23:29:57] [INFO] [ShopBot] 跳过物品: equipment
[2026-05-21 23:29:57] [INFO] [ShopBot] 跳过物品: equipment
[2026-05-21 23:29:57] [INFO] [ShopBot] 货架处理完成，共购买 0 个物品
[2026-05-21 23:29:57] [INFO] [ShopBot] 第 2 次查看，购买 0 个物品
[2026-05-21 23:29:57] [INFO] [ShopBot] ========== 运行统计 ==========
[2026-05-21 23:29:57] [INFO] [ShopBot] 总刷新次数: 8
[2026-05-21 23:29:57] [INFO] [ShopBot] 购买书签: 0
[2026-05-21 23:29:57] [INFO] [ShopBot] 购买神秘奖章: 1
[2026-05-21 23:29:57] [INFO] [ShopBot] 购买装备: 0
[2026-05-21 23:29:57] [INFO] [ShopBot] 天空石消耗: 24
[2026-05-21 23:29:57] [INFO] [ShopBot] 天空石余量: 0
[2026-05-21 23:29:57] [INFO] [ShopBot] ==============================
[2026-05-21 23:29:57] [INFO] [ShopBot] ShopBot 已停止
[2026-05-21 23:30:36] [INFO] [ShopBot] 配置已加载 - 设备: 127.0.0.1:16384, 截图: ADB, 控制: ADB
[2026-05-21 23:30:36] [INFO] [ShopBot] 购买列表 - 书签: True, 神秘奖章: True, 装备: False, 狗粮: False
[2026-05-21 23:30:36] [INFO] [ShopBot] 刷新上限: 200, 天空石阈值: 0, 金币阈值: 0, 书签上限: 不限, 神秘上限: 100, 天空石消耗上限: 不限
[2026-05-21 23:30:36] [INFO] [ShopBot] 正在启动 Web UI，监听 localhost:8080 ...
[2026-05-21 23:33:24] [INFO] [ShopBot] 配置已加载 - 设备: 127.0.0.1:16384, 截图: ADB, 控制: ADB
[2026-05-21 23:33:24] [INFO] [ShopBot] 购买列表 - 书签: True, 神秘奖章: True, 装备: False, 狗粮: False
[2026-05-21 23:33:24] [INFO] [ShopBot] 刷新上限: 200, 天空石阈值: 0, 金币阈值: 0, 书签上限: 不限, 神秘上限: 100, 天空石消耗上限: 不限
[2026-05-21 23:33:24] [INFO] [ShopBot] 正在启动 Web UI，监听 localhost:8080 ...
[2026-05-21 23:33:24] [WARNING] [ShopBot] Web UI 启动失败（端口 8080 可能被占用）: [WinError 10048] 通常每个套接字地址(协议/网络地址/端口)只允许使用一次。
[2026-05-21 23:33:33] [INFO] [ShopBot] 配置已加载 - 设备: 127.0.0.1:16384, 截图: ADB, 控制: ADB
[2026-05-21 23:33:33] [INFO] [ShopBot] 购买列表 - 书签: True, 神秘奖章: True, 装备: False, 狗粮: False
[2026-05-21 23:33:33] [INFO] [ShopBot] 刷新上限: 200, 天空石阈值: 0, 金币阈值: 0, 书签上限: 不限, 神秘上限: 100, 天空石消耗上限: 不限
[2026-05-21 23:33:33] [INFO] [ShopBot] 正在启动 Web UI，监听 localhost:8080 ...
[2026-05-21 23:33:33] [WARNING] [ShopBot] Web UI 启动失败（端口 8080 可能被占用）: [WinError 10048] 通常每个套接字地址(协议/网络地址/端口)只允许使用一次。
[2026-05-21 23:33:42] [INFO] [ShopBot] 配置已加载 - 设备: 127.0.0.1:16384, 截图: ADB, 控制: ADB
[2026-05-21 23:33:42] [INFO] [ShopBot] 购买列表 - 书签: True, 神秘奖章: True, 装备: False, 狗粮: False
[2026-05-21 23:33:42] [INFO] [ShopBot] 刷新上限: 200, 天空石阈值: 0, 金币阈值: 0, 书签上限: 不限, 神秘上限: 100, 天空石消耗上限: 不限
[2026-05-21 23:33:43] [INFO] [ShopBot] 正在启动 Web UI，监听 localhost:8080 ...
[2026-05-21 23:34:30] [INFO] [ShopBot] 正在连接设备 127.0.0.1:16384（第 1/3 次）
[2026-05-21 23:34:30] [INFO] [ShopBot] ShopBot 已启动
[2026-05-21 23:34:30] [INFO] [ShopBot] 设备连接成功: 127.0.0.1:16384
[2026-05-21 23:34:30] [INFO] [ShopBot] 开始导航至秘密商店（超时 30.0s）
[2026-05-21 23:34:30] [DEBUG] [ShopBot] 秘密商店检测: 导航顶部=51 导航中部=215 内容区=57
[2026-05-21 23:34:30] [INFO] [ShopBot] 场景检测: 秘密商店
[2026-05-21 23:34:30] [INFO] [ShopBot] 已到达秘密商店
[2026-05-21 23:34:31] [INFO] [ShopBot] 初始化 RapidOCR 引擎（首次加载约需数秒）...
[2026-05-21 23:34:31] [INFO] [ShopBot] RapidOCR 引擎就绪（耗时 0.4s）
[2026-05-21 23:34:32] [DEBUG] [ShopBot] 找到按钮 '购买' 在 (736, 552)
[2026-05-21 23:34:32] [WARNING] [ShopBot] 校准: '购买' OCR=(736,551) 与默认 (818, 508) 偏差 (-82,43)=93px
[2026-05-21 23:34:32] [INFO] [ShopBot] ===== 第 1 轮 =====
[2026-05-21 23:34:32] [INFO] [ShopBot] 滑动到货架顶部...
[2026-05-21 23:34:32] [INFO] [ShopBot] 滑动 (640, 150) -> (640, 400), 时长 0.3s
[2026-05-21 23:34:34] [DEBUG] [ShopBot] 整区 OCR 检测到 34 个文字块，5 行
[2026-05-21 23:34:34] [INFO] [ShopBot] 物品 0 (y=80-185): '70装备破灭精髓王冠商人亚彼荷可购买1次' → equipment (conf=0.70), 价格 560000, 货币 gold, 购买按钮 @ (1192, 132)
[2026-05-21 23:34:34] [INFO] [ShopBot] 物品 1 (y=236-330): '装备55精巧的恶魔戒指妮萨可购买1次' → equipment (conf=0.70), 价格 360000, 货币 gold, 购买按钮 @ (1192, 283)
[2026-05-21 23:34:34] [INFO] [ShopBot] 物品 2 (y=383-475): '英雄战斗兵拉宾奈汉库伊可购买1次' → unknown (conf=0.00), 价格 29000, 货币 gold, 购买按钮 @ (1192, 429)
[2026-05-21 23:34:34] [INFO] [ShopBot] 物品 3 (y=526-620): '70装备魔力龙兽骨刃剑商人亚彼荷可购买1次' → equipment (conf=0.70), 价格 750000, 货币 gold, 购买按钮 @ (1192, 573)
[2026-05-21 23:34:34] [INFO] [ShopBot] 物品 4 (y=646-705): '55-装备' → equipment (conf=0.70), 价格 240000, 货币 gold, 购买按钮 @ (1192, 675)
[2026-05-21 23:34:34] [INFO] [ShopBot] 跳过物品: equipment
[2026-05-21 23:34:34] [INFO] [ShopBot] 跳过物品: equipment
[2026-05-21 23:34:34] [INFO] [ShopBot] 跳过物品: unknown
[2026-05-21 23:34:34] [INFO] [ShopBot] 跳过物品: equipment
[2026-05-21 23:34:34] [INFO] [ShopBot] 跳过物品: equipment
[2026-05-21 23:34:34] [INFO] [ShopBot] 货架处理完成，共购买 0 个物品
[2026-05-21 23:34:34] [INFO] [ShopBot] 第 0 次查看，购买 0 个物品
[2026-05-21 23:34:34] [INFO] [ShopBot] 滑动 (640, 400) -> (640, 150), 时长 0.3s
[2026-05-21 23:34:37] [DEBUG] [ShopBot] 整区 OCR 检测到 31 个文字块，4 行
[2026-05-21 23:34:37] [INFO] [ShopBot] 物品 0 (y=154-259): '英雄战斗兵拉宾奈汉库伊可购买1次' → unknown (conf=0.00), 价格 29000, 货币 gold, 购买按钮 @ (1192, 206)
[2026-05-21 23:34:37] [INFO] [ShopBot] 物品 1 (y=311-405): '70装备魔力龙兽骨刃剑商人亚彼荷可购买1次' → equipment (conf=0.70), 价格 750000, 货币 gold, 购买按钮 @ (1192, 358)
[2026-05-21 23:34:37] [INFO] [ShopBot] 物品 2 (y=456-550): '55装备啤叫龙兽面具商人亚彼荷可购买1次' → equipment (conf=0.70), 价格 240000, 货币 gold, 购买按钮 @ (1192, 503)
[2026-05-21 23:34:37] [INFO] [ShopBot] 物品 3 (y=601-705): '55装备精巧的恶魔之剑商人亚彼荷可购买1次' → equipment (conf=0.70), 价格 360000, 货币 gold, 购买按钮 @ (1192, 653)
[2026-05-21 23:34:37] [INFO] [ShopBot] 跳过物品: unknown
[2026-05-21 23:34:37] [INFO] [ShopBot] 跳过物品: equipment
[2026-05-21 23:34:37] [INFO] [ShopBot] 跳过物品: equipment
[2026-05-21 23:34:37] [INFO] [ShopBot] 跳过物品: equipment
[2026-05-21 23:34:37] [INFO] [ShopBot] 货架处理完成，共购买 0 个物品
[2026-05-21 23:34:37] [INFO] [ShopBot] 第 1 次查看，购买 0 个物品
[2026-05-21 23:34:37] [INFO] [ShopBot] 滑动 (640, 400) -> (640, 150), 时长 0.3s
[2026-05-21 23:34:39] [DEBUG] [ShopBot] 整区 OCR 检测到 31 个文字块，4 行
[2026-05-21 23:34:39] [INFO] [ShopBot] 物品 0 (y=154-259): '英雄战斗兵拉宾奈汉库伊可购买1次' → unknown (conf=0.00), 价格 29000, 货币 gold, 购买按钮 @ (1192, 206)
[2026-05-21 23:34:39] [INFO] [ShopBot] 物品 1 (y=311-405): '70装备魔力龙兽骨刃剑商人亚彼荷可购买1次' → equipment (conf=0.70), 价格 750000, 货币 gold, 购买按钮 @ (1192, 358)
[2026-05-21 23:34:39] [INFO] [ShopBot] 物品 2 (y=456-550): '装备55-啤叫龙兽面具商人亚彼荷可购买1次' → equipment (conf=0.70), 价格 240000, 货币 gold, 购买按钮 @ (1192, 503)
[2026-05-21 23:34:39] [INFO] [ShopBot] 物品 3 (y=601-695): '55装备精巧的恶魔之剑商人亚彼荷可购买1次' → equipment (conf=0.70), 价格 360000, 货币 gold, 购买按钮 @ (1192, 648)
[2026-05-21 23:34:39] [INFO] [ShopBot] 跳过物品: unknown
[2026-05-21 23:34:39] [INFO] [ShopBot] 跳过物品: equipment
[2026-05-21 23:34:39] [INFO] [ShopBot] 跳过物品: equipment
[2026-05-21 23:34:39] [INFO] [ShopBot] 跳过物品: equipment
[2026-05-21 23:34:39] [INFO] [ShopBot] 货架处理完成，共购买 0 个物品
[2026-05-21 23:34:39] [INFO] [ShopBot] 第 2 次查看，购买 0 个物品
[2026-05-21 23:34:39] [INFO] [ShopBot] 滑动 (640, 400) -> (640, 150), 时长 0.3s
[2026-05-21 23:34:42] [DEBUG] [ShopBot] 整区 OCR 检测到 31 个文字块，4 行
[2026-05-21 23:34:42] [INFO] [ShopBot] 物品 0 (y=154-259): '英雄战斗兵拉宾奈汉库伊可购买1次' → unknown (conf=0.00), 价格 29000, 货币 gold, 购买按钮 @ (1192, 206)
[2026-05-21 23:34:42] [INFO] [ShopBot] 物品 1 (y=311-405): '70装备魔力龙兽骨刃剑商人亚彼荷可购买1次' → equipment (conf=0.70), 价格 750000, 货币 gold, 购买按钮 @ (1192, 358)
[2026-05-21 23:34:42] [INFO] [ShopBot] 物品 2 (y=456-550): '装备55-啤叫龙兽面具商人亚彼荷可购买1次' → equipment (conf=0.70), 价格 240000, 货币 gold, 购买按钮 @ (1192, 503)
[2026-05-21 23:34:42] [INFO] [ShopBot] 物品 3 (y=601-695): '55装备精巧的恶魔之剑商人亚彼荷可购买1次' → equipment (conf=0.70), 价格 360000, 货币 gold, 购买按钮 @ (1192, 648)
[2026-05-21 23:34:42] [INFO] [ShopBot] 已到达货架底部（第 3 次滑动后，识别结果无变化）
[2026-05-21 23:34:42] [INFO] [ShopBot] 寻找刷新按钮（第 1 次）
[2026-05-21 23:34:43] [DEBUG] [ShopBot] 找到刷新按钮 '立即更新' 在 (268, 659)
[2026-05-21 23:34:43] [INFO] [ShopBot] 点击刷新按钮 (268, 659)
[2026-05-21 23:34:43] [INFO] [ShopBot] 点击坐标 (268, 659)
[2026-05-21 23:34:45] [INFO] [ShopBot] 检测到刷新确认弹窗，点击确认 (748, 460)
[2026-05-21 23:34:45] [INFO] [ShopBot] 点击坐标 (748, 460)
[2026-05-21 23:34:46] [INFO] [ShopBot] 等待货架加载...
[2026-05-21 23:34:47] [INFO] [ShopBot] ===== 第 2 轮 =====
[2026-05-21 23:34:47] [INFO] [ShopBot] 滑动到货架顶部...
[2026-05-21 23:34:47] [INFO] [ShopBot] 滑动 (640, 150) -> (640, 400), 时长 0.3s
[2026-05-21 23:34:49] [DEBUG] [ShopBot] 整区 OCR 检测到 37 个文字块，4 行
[2026-05-21 23:34:49] [INFO] [ShopBot] 物品 0 (y=120-214): '55装奥利头盔商人亚彼荷' → equipment (conf=0.70), 价格 360000, 货币 gold, 购买按钮 @ (1192, 167)
[2026-05-21 23:34:49] [INFO] [ShopBot] 物品 1 (y=253-359): '生命值英雄救伊型军犬奈汉库伊生命值可购买1次' → unknown (conf=0.00), 价格 29000, 货币 gold, 购买按钮 @ (1192, 306)
[2026-05-21 23:34:49] [INFO] [ShopBot] 物品 2 (y=408-504): '守护套装卷实狮驾时，使全体我军人员在2向合内获得相当于自身最大生奈汉库伊命值不2%的防护罩。' → unknown (conf=0.00), 价格 29000, 货币 gold, 购买按钮 @ (1192, 456)
[2026-05-21 23:34:49] [INFO] [ShopBot] 物品 3 (y=557-682): '英雄黑暗结晶体奈汉库伊可购买1次' → unknown (conf=0.00), 价格 29000, 货币 gold, 购买按钮 @ (1192, 619)
[2026-05-21 23:34:49] [INFO] [ShopBot] 跳过物品: equipment
[2026-05-21 23:34:49] [INFO] [ShopBot] 跳过物品: unknown
[2026-05-21 23:34:49] [INFO] [ShopBot] 跳过物品: unknown
[2026-05-21 23:34:49] [INFO] [ShopBot] 跳过物品: unknown
[2026-05-21 23:34:49] [INFO] [ShopBot] 货架处理完成，共购买 0 个物品
[2026-05-21 23:34:49] [INFO] [ShopBot] 第 0 次查看，购买 0 个物品
[2026-05-21 23:34:49] [INFO] [ShopBot] 滑动 (640, 400) -> (640, 150), 时长 0.3s
[2026-05-21 23:34:51] [DEBUG] [ShopBot] 整区 OCR 检测到 30 个文字块，4 行
[2026-05-21 23:34:51] [INFO] [ShopBot] 物品 0 (y=154-259): '英雄岩穴狮鹫奈汉库伊可购买1次' → unknown (conf=0.00), 价格 29000, 货币 gold, 购买按钮 @ (1192, 206)
[2026-05-21 23:34:51] [INFO] [ShopBot] 物品 1 (y=313-405): '英雄黑暗结晶体奈汉库伊可购买1次' → unknown (conf=0.00), 价格 29000, 货币 gold, 购买按钮 @ (1192, 359)
[2026-05-21 23:34:51] [INFO] [ShopBot] 物品 2 (y=456-550): '货币友情点数诺诺里50可购买1次' → unknown (conf=0.00), 价格 18000, 货币 gold, 购买按钮 @ (1192, 503)
[2026-05-21 23:34:51] [INFO] [ShopBot] 物品 3 (y=601-695): '70装备破灭精髓王冠商人亚彼荷可购买1次' → equipment (conf=0.70), 价格 560000, 货币 gold, 购买按钮 @ (1192, 648)
[2026-05-21 23:34:51] [INFO] [ShopBot] 跳过物品: unknown
[2026-05-21 23:34:51] [INFO] [ShopBot] 跳过物品: unknown
[2026-05-21 23:34:51] [INFO] [ShopBot] 跳过物品: unknown
[2026-05-21 23:34:51] [INFO] [ShopBot] 跳过物品: equipment
[2026-05-21 23:34:51] [INFO] [ShopBot] 货架处理完成，共购买 0 个物品
[2026-05-21 23:34:51] [INFO] [ShopBot] 第 1 次查看，购买 0 个物品
[2026-05-21 23:34:51] [INFO] [ShopBot] 滑动 (640, 400) -> (640, 150), 时长 0.3s
[2026-05-21 23:34:53] [DEBUG] [ShopBot] 整区 OCR 检测到 30 个文字块，4 行
[2026-05-21 23:34:53] [INFO] [ShopBot] 物品 0 (y=154-259): '英雄岩穴狮鹫奈汉库伊可购买1次' → unknown (conf=0.00), 价格 29000, 货币 gold, 购买按钮 @ (1192, 206)
[2026-05-21 23:34:53] [INFO] [ShopBot] 物品 1 (y=313-405): '英雄黑暗结晶体奈汉库伊可购买1次' → unknown (conf=0.00), 价格 29000, 货币 gold, 购买按钮 @ (1192, 359)
[2026-05-21 23:34:53] [INFO] [ShopBot] 物品 2 (y=456-550): '货币友情点数诺诺里50可购买1次' → unknown (conf=0.00), 价格 18000, 货币 gold, 购买按钮 @ (1192, 503)
[2026-05-21 23:34:53] [INFO] [ShopBot] 物品 3 (y=596-705): '70装备破灭精髓王冠商人亚彼荷可购买1次' → equipment (conf=0.70), 价格 560000, 货币 gold, 购买按钮 @ (1192, 650)
[2026-05-21 23:34:53] [INFO] [ShopBot] 已到达货架底部（第 2 次滑动后，识别结果无变化）
[2026-05-21 23:34:53] [INFO] [ShopBot] 寻找刷新按钮（第 1 次）
[2026-05-21 23:34:56] [INFO] [ShopBot] 配置已加载 - 设备: 127.0.0.1:16384, 截图: ADB, 控制: ADB
[2026-05-21 23:34:56] [INFO] [ShopBot] 购买列表 - 书签: True, 神秘奖章: True, 装备: False, 狗粮: False
[2026-05-21 23:34:56] [INFO] [ShopBot] 刷新上限: 200, 天空石阈值: 0, 金币阈值: 0, 书签上限: 不限, 神秘上限: 100, 天空石消耗上限: 不限
[2026-05-21 23:34:57] [INFO] [ShopBot] 正在启动 Web UI，监听 localhost:8080 ...
[2026-05-21 23:35:26] [INFO] [ShopBot] 正在连接设备 127.0.0.1:16384（第 1/3 次）
[2026-05-21 23:35:26] [INFO] [ShopBot] ShopBot 已启动
[2026-05-21 23:35:26] [INFO] [ShopBot] 设备连接成功: 127.0.0.1:16384
[2026-05-21 23:35:26] [INFO] [ShopBot] 开始导航至秘密商店（超时 30.0s）
[2026-05-21 23:35:26] [DEBUG] [ShopBot] 秘密商店检测: 导航顶部=51 导航中部=203 内容区=58
[2026-05-21 23:35:26] [INFO] [ShopBot] 场景检测: 秘密商店
[2026-05-21 23:35:26] [INFO] [ShopBot] 已到达秘密商店
[2026-05-21 23:35:26] [INFO] [ShopBot] ===== 启动校准 =====
[2026-05-21 23:35:27] [INFO] [ShopBot] 初始化 RapidOCR 引擎（首次加载约需数秒）...
[2026-05-21 23:35:27] [INFO] [ShopBot] RapidOCR 引擎就绪（耗时 0.3s）
[2026-05-21 23:35:28] [DEBUG] [ShopBot] 整区 OCR 检测到 30 个文字块，4 行
[2026-05-21 23:35:28] [INFO] [ShopBot] 物品 0 (y=154-259): '英雄岩穴狮鹫奈汉库伊可购买1次' → unknown (conf=0.00), 价格 29000, 货币 gold, 购买按钮 @ (1192, 206)
[2026-05-21 23:35:28] [INFO] [ShopBot] 物品 1 (y=313-405): '英雄黑暗结晶体奈汉库伊可购买1次' → unknown (conf=0.00), 价格 29000, 货币 gold, 购买按钮 @ (1192, 359)
[2026-05-21 23:35:28] [INFO] [ShopBot] 物品 2 (y=456-550): '货币友情点数诺诺里50可购买1次' → unknown (conf=0.00), 价格 18000, 货币 gold, 购买按钮 @ (1192, 503)
[2026-05-21 23:35:28] [INFO] [ShopBot] 物品 3 (y=601-695): '70装备破灭精髓王冠商人亚彼荷可购买1次' → equipment (conf=0.70), 价格 560000, 货币 gold, 购买按钮 @ (1192, 648)
[2026-05-21 23:35:28] [INFO] [ShopBot] 校准: 选择 '货币友情点数诺诺里50可购买1次' 价格 18000
[2026-05-21 23:35:28] [INFO] [ShopBot] 校准: 点击购买 @ (1192, 503)
[2026-05-21 23:35:28] [INFO] [ShopBot] 点击坐标 (1192, 503)
[2026-05-21 23:35:30] [DEBUG] [ShopBot] 找到按钮 '取消' 在 (481, 524)
[2026-05-21 23:35:30] [INFO] [ShopBot] 校准: 弹窗已出现
[2026-05-21 23:35:31] [DEBUG] [ShopBot] 找到按钮 '购买' 在 (818, 524)
[2026-05-21 23:35:31] [INFO] [ShopBot] 校准: '购买' OCR=(817,524) 默认=(818, 508) 偏差=(-1,16) 16px ✓
[2026-05-21 23:35:31] [INFO] [ShopBot] 校准: 点击取消 (481, 524)
[2026-05-21 23:35:31] [INFO] [ShopBot] 点击坐标 (481, 524)
[2026-05-21 23:35:32] [DEBUG] [ShopBot] 找到按钮 '取消' 在 (481, 524)
[2026-05-21 23:35:32] [INFO] [ShopBot] 校准: 弹窗未关闭，再点取消
[2026-05-21 23:35:32] [INFO] [ShopBot] 点击坐标 (481, 524)
[2026-05-21 23:35:33] [INFO] [ShopBot] 校准: 弹窗已关闭
[2026-05-21 23:35:33] [INFO] [ShopBot] ===== 第 1 轮 =====
[2026-05-21 23:35:33] [INFO] [ShopBot] 滑动到货架顶部...
[2026-05-21 23:35:33] [INFO] [ShopBot] 滑动 (640, 150) -> (640, 400), 时长 0.3s
[2026-05-21 23:35:34] [DEBUG] [ShopBot] 整区 OCR 检测到 31 个文字块，5 行
[2026-05-21 23:35:34] [INFO] [ShopBot] 物品 0 (y=80-188): '装备55奥利哈钢头盔商人亚彼荷可购买1次' → equipment (conf=0.70), 价格 360000, 货币 gold, 购买按钮 @ (1192, 134)
[2026-05-21 23:35:34] [INFO] [ShopBot] 物品 1 (y=241-333): '英雄救护型军犬奈汉库伊可购买1次' → unknown (conf=0.00), 价格 29000, 货币 gold, 购买按钮 @ (1192, 287)
[2026-05-21 23:35:34] [INFO] [ShopBot] 物品 2 (y=386-478): '英雄岩穴狮鹫奈汉库伊可购买1次' → unknown (conf=0.00), 价格 29000, 货币 gold, 购买按钮 @ (1192, 432)
[2026-05-21 23:35:34] [INFO] [ShopBot] 物品 3 (y=531-623): '英雄黑暗结晶体奈汉库伊可购买1次' → unknown (conf=0.00), 价格 29000, 货币 gold, 购买按钮 @ (1192, 577)
[2026-05-21 23:35:34] [INFO] [ShopBot] 物品 4 (y=638-705): '货币' → unknown (conf=0.00), 价格 18000, 货币 gold, 购买按钮 @ (1192, 671)
[2026-05-21 23:35:34] [INFO] [ShopBot] 跳过物品: equipment
[2026-05-21 23:35:34] [INFO] [ShopBot] 跳过物品: unknown
[2026-05-21 23:35:34] [INFO] [ShopBot] 跳过物品: unknown
[2026-05-21 23:35:34] [INFO] [ShopBot] 跳过物品: unknown
[2026-05-21 23:35:34] [INFO] [ShopBot] 跳过物品: unknown
[2026-05-21 23:35:34] [INFO] [ShopBot] 货架处理完成，共购买 0 个物品
[2026-05-21 23:35:34] [INFO] [ShopBot] 第 0 次查看，购买 0 个物品
[2026-05-21 23:35:34] [INFO] [ShopBot] 滑动 (640, 400) -> (640, 150), 时长 0.3s
[2026-05-21 23:35:37] [DEBUG] [ShopBot] 整区 OCR 检测到 30 个文字块，4 行
[2026-05-21 23:35:37] [INFO] [ShopBot] 物品 0 (y=154-259): '英雄岩穴狮鹫奈汉库伊可购买1次' → unknown (conf=0.00), 价格 29000, 货币 gold, 购买按钮 @ (1192, 206)
[2026-05-21 23:35:37] [INFO] [ShopBot] 物品 1 (y=313-405): '英雄黑暗结晶体奈汉库伊可购买1次' → unknown (conf=0.00), 价格 29000, 货币 gold, 购买按钮 @ (1192, 359)
[2026-05-21 23:35:37] [INFO] [ShopBot] 物品 2 (y=456-550): '货币友情点数诺诺里50可购买1次' → unknown (conf=0.00), 价格 18000, 货币 gold, 购买按钮 @ (1192, 503)
[2026-05-21 23:35:37] [INFO] [ShopBot] 物品 3 (y=601-705): '70装备破灭精髓王冠商人亚彼荷可购买1次' → equipment (conf=0.70), 价格 560000, 货币 gold, 购买按钮 @ (1192, 653)
[2026-05-21 23:35:37] [INFO] [ShopBot] 跳过物品: unknown
[2026-05-21 23:35:37] [INFO] [ShopBot] 跳过物品: unknown
[2026-05-21 23:35:37] [INFO] [ShopBot] 跳过物品: unknown
[2026-05-21 23:35:37] [INFO] [ShopBot] 跳过物品: equipment
[2026-05-21 23:35:37] [INFO] [ShopBot] 货架处理完成，共购买 0 个物品
[2026-05-21 23:35:37] [INFO] [ShopBot] 第 1 次查看，购买 0 个物品
[2026-05-21 23:35:37] [INFO] [ShopBot] 滑动 (640, 400) -> (640, 150), 时长 0.3s
[2026-05-21 23:35:39] [DEBUG] [ShopBot] 整区 OCR 检测到 30 个文字块，4 行
[2026-05-21 23:35:39] [INFO] [ShopBot] 物品 0 (y=154-259): '英雄岩穴狮鹫奈汉库伊可购买1次' → unknown (conf=0.00), 价格 29000, 货币 gold, 购买按钮 @ (1192, 206)
[2026-05-21 23:35:39] [INFO] [ShopBot] 物品 1 (y=313-405): '英雄黑暗结晶体奈汉库伊可购买1次' → unknown (conf=0.00), 价格 29000, 货币 gold, 购买按钮 @ (1192, 359)
[2026-05-21 23:35:39] [INFO] [ShopBot] 物品 2 (y=456-550): '货币友情点数诺诺里50可购买1次' → unknown (conf=0.00), 价格 18000, 货币 gold, 购买按钮 @ (1192, 503)
[2026-05-21 23:35:39] [INFO] [ShopBot] 物品 3 (y=601-695): '70装备破灭精髓王冠商人亚彼荷可购买1次' → equipment (conf=0.70), 价格 560000, 货币 gold, 购买按钮 @ (1192, 648)
[2026-05-21 23:35:39] [INFO] [ShopBot] 已到达货架底部（第 2 次滑动后，识别结果无变化）
[2026-05-21 23:35:39] [INFO] [ShopBot] 寻找刷新按钮（第 1 次）
[2026-05-21 23:35:40] [DEBUG] [ShopBot] 找到刷新按钮 '立即更新' 在 (268, 659)
[2026-05-21 23:35:40] [INFO] [ShopBot] 点击刷新按钮 (268, 659)
[2026-05-21 23:35:40] [INFO] [ShopBot] 点击坐标 (268, 659)
[2026-05-21 23:35:43] [INFO] [ShopBot] 检测到刷新确认弹窗，点击确认 (748, 459)
[2026-05-21 23:35:43] [INFO] [ShopBot] 点击坐标 (748, 459)
[2026-05-21 23:35:43] [INFO] [ShopBot] 等待货架加载...
[2026-05-21 23:35:44] [INFO] [ShopBot] ===== 第 2 轮 =====
[2026-05-21 23:35:44] [INFO] [ShopBot] 滑动到货架顶部...
[2026-05-21 23:35:44] [INFO] [ShopBot] 滑动 (640, 150) -> (640, 400), 时长 0.3s
[2026-05-21 23:35:47] [DEBUG] [ShopBot] 整区 OCR 检测到 40 个文字块，5 行
[2026-05-21 23:35:47] [INFO] [ShopBot] 物品 0 (y=115-208): '高级55勇士的党甲项链妮萨' → equipment (conf=0.70), 价格 240000, 货币 gold, 购买按钮 @ (1192, 161)
[2026-05-21 23:35:47] [INFO] [ShopBot] 物品 1 (y=260-352): '英雄攻击力欺瞒洛普拉攻击力奈汉库伊可购买1次' → unknown (conf=0.00), 价格 29000, 货币 gold, 购买按钮 @ (1192, 306)
[2026-05-21 23:35:47] [INFO] [ShopBot] 物品 2 (y=403-497): '70愤怒套装蛛君主的转上有弱化效果，伤害量提升30%。商人亚彼荷可购买1煲' → unknown (conf=0.00), 价格 380000, 货币 gold, 购买按钮 @ (1192, 450)
[2026-05-21 23:35:47] [INFO] [ShopBot] 物品 3 (y=549-643): '70装备魔力龙兽皮甲可购买1次商人亚彼荷' → equipment (conf=0.70), 价格 560000, 货币 gold, 购买按钮 @ (1192, 596)
[2026-05-21 23:35:47] [INFO] [ShopBot] 物品 4 (y=644-705): '' → unknown (conf=0.00), 价格 0, 货币 gold, 购买按钮 @ (1192, 674)
[2026-05-21 23:35:47] [INFO] [ShopBot] 跳过物品: equipment
[2026-05-21 23:35:47] [INFO] [ShopBot] 跳过物品: unknown
[2026-05-21 23:35:47] [INFO] [ShopBot] 跳过物品: unknown
[2026-05-21 23:35:47] [INFO] [ShopBot] 跳过物品: equipment
[2026-05-21 23:35:47] [INFO] [ShopBot] 跳过物品: unknown
[2026-05-21 23:35:47] [INFO] [ShopBot] 货架处理完成，共购买 0 个物品
[2026-05-21 23:35:47] [INFO] [ShopBot] 第 0 次查看，购买 0 个物品
[2026-05-21 23:35:47] [INFO] [ShopBot] 滑动 (640, 400) -> (640, 150), 时长 0.3s
[2026-05-21 23:35:49] [DEBUG] [ShopBot] 整区 OCR 检测到 31 个文字块，4 行
[2026-05-21 23:35:49] [INFO] [ShopBot] 物品 0 (y=154-260): '70装备蜘蛛君主的头盔商人亚彼荷可购买1次' → equipment (conf=0.70), 价格 380000, 货币 gold, 购买按钮 @ (1192, 207)
[2026-05-21 23:35:49] [INFO] [ShopBot] 物品 1 (y=311-405): '装备魔力龙兽皮甲商人亚彼荷可购买1次' → equipment (conf=0.70), 价格 560000, 货币 gold, 购买按钮 @ (1192, 358)
[2026-05-21 23:35:49] [INFO] [ShopBot] 物品 2 (y=456-550): '70装备魔力龙兽骨刃剑商人亚彼荷可购买1次' → equipment (conf=0.70), 价格 380000, 货币 gold, 购买按钮 @ (1192, 503)
[2026-05-21 23:35:49] [INFO] [ShopBot] 物品 3 (y=601-695): '55装备勇士的背甲胸部护具商人亚彼荷可购买1次' → equipment (conf=0.70), 价格 360000, 货币 gold, 购买按钮 @ (1192, 648)
[2026-05-21 23:35:49] [INFO] [ShopBot] 跳过物品: equipment
[2026-05-21 23:35:49] [INFO] [ShopBot] 跳过物品: equipment
[2026-05-21 23:35:49] [INFO] [ShopBot] 跳过物品: equipment
[2026-05-21 23:35:49] [INFO] [ShopBot] 跳过物品: equipment
[2026-05-21 23:35:49] [INFO] [ShopBot] 货架处理完成，共购买 0 个物品
[2026-05-21 23:35:49] [INFO] [ShopBot] 第 1 次查看，购买 0 个物品
[2026-05-21 23:35:49] [INFO] [ShopBot] 滑动 (640, 400) -> (640, 150), 时长 0.3s
[2026-05-21 23:35:51] [DEBUG] [ShopBot] 整区 OCR 检测到 31 个文字块，4 行
[2026-05-21 23:35:51] [INFO] [ShopBot] 物品 0 (y=154-260): '70装备蜘蛛君主的头盔商人亚彼荷可购买1次' → equipment (conf=0.70), 价格 380000, 货币 gold, 购买按钮 @ (1192, 207)
[2026-05-21 23:35:51] [INFO] [ShopBot] 物品 1 (y=311-405): '装备魔力龙兽皮甲商人亚彼荷可购买1次' → equipment (conf=0.70), 价格 560000, 货币 gold, 购买按钮 @ (1192, 358)
[2026-05-21 23:35:51] [INFO] [ShopBot] 物品 2 (y=456-550): '70装备魔力龙兽骨刃剑商人亚彼荷可购买1次' → equipment (conf=0.70), 价格 380000, 货币 gold, 购买按钮 @ (1192, 503)
[2026-05-21 23:35:51] [INFO] [ShopBot] 物品 3 (y=601-695): '55装备勇士的背甲胸部护具商人亚彼荷可购买1次' → equipment (conf=0.70), 价格 360000, 货币 gold, 购买按钮 @ (1192, 648)
[2026-05-21 23:35:51] [INFO] [ShopBot] 已到达货架底部（第 2 次滑动后，识别结果无变化）
[2026-05-21 23:35:51] [INFO] [ShopBot] 寻找刷新按钮（第 1 次）
[2026-05-21 23:35:52] [DEBUG] [ShopBot] 找到刷新按钮 '立即更新' 在 (268, 659)
[2026-05-21 23:35:52] [INFO] [ShopBot] 点击刷新按钮 (268, 659)
[2026-05-21 23:35:52] [INFO] [ShopBot] 点击坐标 (268, 659)
[2026-05-21 23:35:54] [INFO] [ShopBot] 检测到刷新确认弹窗，点击确认 (748, 460)
[2026-05-21 23:35:54] [INFO] [ShopBot] 点击坐标 (748, 460)
[2026-05-21 23:35:54] [INFO] [ShopBot] 等待货架加载...
[2026-05-21 23:35:55] [INFO] [ShopBot] ===== 第 3 轮 =====
[2026-05-21 23:35:55] [INFO] [ShopBot] 滑动到货架顶部...
[2026-05-21 23:35:55] [INFO] [ShopBot] 滑动 (640, 150) -> (640, 400), 时长 0.3s
[2026-05-21 23:35:57] [DEBUG] [ShopBot] 整区 OCR 检测到 37 个文字块，4 行
[2026-05-21 23:35:57] [INFO] [ShopBot] 物品 0 (y=121-215): '55装勇士的甲戒指妮萨' → equipment (conf=0.70), 价格 240000, 货币 gold, 购买按钮 @ (1192, 168)
[2026-05-21 23:35:57] [INFO] [ShopBot] 物品 1 (y=253-359): '效果抗性英雄怪卑的魔物奈汉库伊装备分数' → equipment (conf=0.70), 价格 29000, 货币 gold, 购买按钮 @ (1192, 306)
[2026-05-21 23:35:57] [INFO] [ShopBot] 物品 2 (y=411-505): '55装时，若目标身上有弱化效果，奥莉酷钢脖?妮萨可购买1次' → unknown (conf=0.00), 价格 360000, 货币 gold, 购买按钮 @ (1192, 458)
[2026-05-21 23:35:57] [INFO] [ShopBot] 物品 3 (y=556-705): '55装备暗龙红玉妮萨可购买1次' → equipment (conf=0.70), 价格 360000, 货币 gold, 购买按钮 @ (1192, 630)
[2026-05-21 23:35:57] [INFO] [ShopBot] 跳过物品: equipment
[2026-05-21 23:35:57] [INFO] [ShopBot] 跳过物品: equipment
[2026-05-21 23:35:57] [INFO] [ShopBot] 跳过物品: unknown
[2026-05-21 23:35:57] [INFO] [ShopBot] 跳过物品: equipment
[2026-05-21 23:35:57] [INFO] [ShopBot] 货架处理完成，共购买 0 个物品
[2026-05-21 23:35:57] [INFO] [ShopBot] 第 0 次查看，购买 0 个物品
[2026-05-21 23:35:57] [INFO] [ShopBot] 滑动 (640, 400) -> (640, 150), 时长 0.3s
[2026-05-21 23:36:00] [DEBUG] [ShopBot] 整区 OCR 检测到 32 个文字块，5 行
[2026-05-21 23:36:00] [INFO] [ShopBot] 物品 0 (y=80-127): '魔物奈汉库伊可购买1次' → unknown (conf=0.00), 价格 0, 货币 gold, 购买按钮 @ (1192, 103)
[2026-05-21 23:36:00] [INFO] [ShopBot] 物品 1 (y=180-274): '55装备奥利哈钢脖围可购买1次' → equipment (conf=0.70), 价格 360000, 货币 gold, 购买按钮 @ (1192, 227)
[2026-05-21 23:36:00] [INFO] [ShopBot] 物品 2 (y=325-419): '55装备暗龙红玉可购买1次' → equipment (conf=0.70), 价格 360000, 货币 gold, 购买按钮 @ (1192, 372)
[2026-05-21 23:36:00] [INFO] [ShopBot] 物品 3 (y=470-564): '装备破灭精髓长袍商人亚彼荷可购买1次' → equipment (conf=0.70), 价格 380000, 货币 gold, 购买按钮 @ (1192, 517)
[2026-05-21 23:36:00] [INFO] [ShopBot] 物品 4 (y=607-705): '装备奥利哈钢手镯可购买1次' → equipment (conf=0.70), 价格 240000, 货币 gold, 购买按钮 @ (1192, 656)
[2026-05-21 23:36:00] [INFO] [ShopBot] 跳过物品: unknown
[2026-05-21 23:36:00] [INFO] [ShopBot] 跳过物品: equipment
[2026-05-21 23:36:00] [INFO] [ShopBot] 跳过物品: equipment
[2026-05-21 23:36:00] [INFO] [ShopBot] 跳过物品: equipment
[2026-05-21 23:36:00] [INFO] [ShopBot] 跳过物品: equipment
[2026-05-21 23:36:00] [INFO] [ShopBot] 货架处理完成，共购买 0 个物品
[2026-05-21 23:36:00] [INFO] [ShopBot] 第 1 次查看，购买 0 个物品
[2026-05-21 23:36:00] [INFO] [ShopBot] 滑动 (640, 400) -> (640, 150), 时长 0.3s
[2026-05-21 23:36:02] [DEBUG] [ShopBot] 整区 OCR 检测到 29 个文字块，4 行
[2026-05-21 23:36:02] [INFO] [ShopBot] 物品 0 (y=154-260): '55装备奥利哈钢脖围妮萨可购买1次' → equipment (conf=0.70), 价格 360000, 货币 gold, 购买按钮 @ (1192, 207)
[2026-05-21 23:36:02] [INFO] [ShopBot] 物品 1 (y=311-405): '55装备暗龙红玉可购买1次' → equipment (conf=0.70), 价格 360000, 货币 gold, 购买按钮 @ (1192, 358)
[2026-05-21 23:36:02] [INFO] [ShopBot] 物品 2 (y=456-550): '装备破灭精髓长袍商人亚彼荷可购买1次' → equipment (conf=0.70), 价格 380000, 货币 gold, 购买按钮 @ (1192, 503)
[2026-05-21 23:36:02] [INFO] [ShopBot] 物品 3 (y=599-705): '55装备奥利哈钢手镯可购买1次' → equipment (conf=0.70), 价格 240000, 货币 gold, 购买按钮 @ (1192, 652)
[2026-05-21 23:36:02] [INFO] [ShopBot] 跳过物品: equipment
[2026-05-21 23:36:02] [INFO] [ShopBot] 跳过物品: equipment
[2026-05-21 23:36:02] [INFO] [ShopBot] 跳过物品: equipment
[2026-05-21 23:36:02] [INFO] [ShopBot] 跳过物品: equipment
[2026-05-21 23:36:02] [INFO] [ShopBot] 货架处理完成，共购买 0 个物品
[2026-05-21 23:36:02] [INFO] [ShopBot] 第 2 次查看，购买 0 个物品
[2026-05-21 23:36:02] [INFO] [ShopBot] 滑动 (640, 400) -> (640, 150), 时长 0.3s
[2026-05-21 23:36:04] [DEBUG] [ShopBot] 整区 OCR 检测到 30 个文字块，4 行
[2026-05-21 23:36:04] [INFO] [ShopBot] 物品 0 (y=154-260): '55装备奥利哈钢脖围妮萨可购买1次' → equipment (conf=0.70), 价格 360000, 货币 gold, 购买按钮 @ (1192, 207)
[2026-05-21 23:36:04] [INFO] [ShopBot] 物品 1 (y=311-405): '55装备暗龙红玉可购买1次' → equipment (conf=0.70), 价格 360000, 货币 gold, 购买按钮 @ (1192, 358)
[2026-05-21 23:36:04] [INFO] [ShopBot] 物品 2 (y=456-550): '装备破灭精髓长袍商人亚彼荷可购买1次' → equipment (conf=0.70), 价格 380000, 货币 gold, 购买按钮 @ (1192, 503)
[2026-05-21 23:36:04] [INFO] [ShopBot] 物品 3 (y=601-705): '55装备奥利哈钢手镯妮萨可购买1次' → equipment (conf=0.70), 价格 240000, 货币 gold, 购买按钮 @ (1192, 653)
[2026-05-21 23:36:04] [INFO] [ShopBot] 跳过物品: equipment
[2026-05-21 23:36:04] [INFO] [ShopBot] 跳过物品: equipment
[2026-05-21 23:36:04] [INFO] [ShopBot] 跳过物品: equipment
[2026-05-21 23:36:04] [INFO] [ShopBot] 跳过物品: equipment
[2026-05-21 23:36:04] [INFO] [ShopBot] 货架处理完成，共购买 0 个物品
[2026-05-21 23:36:04] [INFO] [ShopBot] 第 3 次查看，购买 0 个物品
[2026-05-21 23:36:04] [INFO] [ShopBot] 滑动 (640, 400) -> (640, 150), 时长 0.3s
[2026-05-21 23:36:06] [DEBUG] [ShopBot] 整区 OCR 检测到 30 个文字块，4 行
[2026-05-21 23:36:06] [INFO] [ShopBot] 物品 0 (y=154-260): '55装备奥利哈钢脖围妮萨可购买1次' → equipment (conf=0.70), 价格 360000, 货币 gold, 购买按钮 @ (1192, 207)
[2026-05-21 23:36:06] [INFO] [ShopBot] 物品 1 (y=311-405): '55装备暗龙红玉可购买1次' → equipment (conf=0.70), 价格 360000, 货币 gold, 购买按钮 @ (1192, 358)
[2026-05-21 23:36:06] [INFO] [ShopBot] 物品 2 (y=456-550): '装备破灭精髓长袍商人亚彼荷可购买1次' → equipment (conf=0.70), 价格 380000, 货币 gold, 购买按钮 @ (1192, 503)
[2026-05-21 23:36:06] [INFO] [ShopBot] 物品 3 (y=601-705): '55装备奥利哈钢手镯妮萨可购买1次' → equipment (conf=0.70), 价格 240000, 货币 gold, 购买按钮 @ (1192, 653)
[2026-05-21 23:36:06] [INFO] [ShopBot] 已到达货架底部（第 4 次滑动后，识别结果无变化）
[2026-05-21 23:36:06] [INFO] [ShopBot] 寻找刷新按钮（第 1 次）
[2026-05-21 23:36:07] [DEBUG] [ShopBot] 找到刷新按钮 '立即更新' 在 (268, 659)
[2026-05-21 23:36:07] [INFO] [ShopBot] 点击刷新按钮 (268, 659)
[2026-05-21 23:36:07] [INFO] [ShopBot] 点击坐标 (268, 659)
[2026-05-21 23:36:08] [INFO] [ShopBot] 检测到刷新确认弹窗，点击确认 (748, 460)
[2026-05-21 23:36:08] [INFO] [ShopBot] 点击坐标 (748, 460)
[2026-05-21 23:36:09] [INFO] [ShopBot] 等待货架加载...
[2026-05-21 23:36:10] [INFO] [ShopBot] ===== 第 4 轮 =====
[2026-05-21 23:36:10] [INFO] [ShopBot] 滑动到货架顶部...
[2026-05-21 23:36:10] [INFO] [ShopBot] 滑动 (640, 150) -> (640, 400), 时长 0.3s
[2026-05-21 23:36:12] [DEBUG] [ShopBot] 整区 OCR 检测到 34 个文字块，4 行
[2026-05-21 23:36:12] [INFO] [ShopBot] 物品 0 (y=120-213): '货友情点数诺诺里50' → unknown (conf=0.00), 价格 18000, 货币 gold, 购买按钮 @ (1192, 166)
[2026-05-21 23:36:12] [INFO] [ShopBot] 物品 1 (y=266-358): '英雄警卫队枪炮奈汉库伊可购买1次' → unknown (conf=0.00), 价格 29000, 货币 gold, 购买按钮 @ (1192, 312)
[2026-05-21 23:36:12] [INFO] [ShopBot] 物品 2 (y=410-504): '85装备黑曜石项链妮萨可购买1次' → equipment (conf=0.70), 价格 540000, 货币 gold, 购买按钮 @ (1192, 457)
[2026-05-21 23:36:12] [INFO] [ShopBot] 物品 3 (y=555-682): '装备55蓝宝石戒指妮萨可购买1次' → equipment (conf=0.70), 价格 240000, 货币 gold, 购买按钮 @ (1192, 618)
[2026-05-21 23:36:12] [INFO] [ShopBot] 跳过物品: unknown
[2026-05-21 23:36:12] [INFO] [ShopBot] 跳过物品: unknown
[2026-05-21 23:36:12] [INFO] [ShopBot] 跳过物品: equipment
[2026-05-21 23:36:12] [INFO] [ShopBot] 跳过物品: equipment
[2026-05-21 23:36:12] [INFO] [ShopBot] 货架处理完成，共购买 0 个物品
[2026-05-21 23:36:12] [INFO] [ShopBot] 第 0 次查看，购买 0 个物品
[2026-05-21 23:36:12] [INFO] [ShopBot] 滑动 (640, 400) -> (640, 150), 时长 0.3s
[2026-05-21 23:36:14] [DEBUG] [ShopBot] 整区 OCR 检测到 34 个文字块，5 行
[2026-05-21 23:36:14] [INFO] [ShopBot] 物品 0 (y=80-131): '警卫队枪炮奈汉库伊可购买1次' → unknown (conf=0.00), 价格 0, 货币 gold, 购买按钮 @ (1192, 105)
[2026-05-21 23:36:14] [INFO] [ShopBot] 物品 1 (y=183-277): '85装备黑曜石项链妮萨可购买1次' → equipment (conf=0.70), 价格 540000, 货币 gold, 购买按钮 @ (1192, 230)
[2026-05-21 23:36:14] [INFO] [ShopBot] 物品 2 (y=328-422): '装备蓝宝石戒指可购买1次' → equipment (conf=0.70), 价格 240000, 货币 gold, 购买按钮 @ (1192, 375)
[2026-05-21 23:36:14] [INFO] [ShopBot] 物品 3 (y=473-567): '装备蜘蛛君主的挂饰妮可购买1次' → equipment (conf=0.70), 价格 380000, 货币 gold, 购买按钮 @ (1192, 520)
[2026-05-21 23:36:14] [INFO] [ShopBot] 物品 4 (y=608-705): '70装备不祥的恶魔之双刃剑亚彼荷可购买1次' → equipment (conf=0.70), 价格 380000, 货币 gold, 购买按钮 @ (1192, 656)
[2026-05-21 23:36:14] [INFO] [ShopBot] 跳过物品: unknown
[2026-05-21 23:36:14] [INFO] [ShopBot] 跳过物品: equipment
[2026-05-21 23:36:14] [INFO] [ShopBot] 跳过物品: equipment
[2026-05-21 23:36:14] [INFO] [ShopBot] 跳过物品: equipment
[2026-05-21 23:36:14] [INFO] [ShopBot] 跳过物品: equipment
[2026-05-21 23:36:14] [INFO] [ShopBot] 货架处理完成，共购买 0 个物品
[2026-05-21 23:36:14] [INFO] [ShopBot] 第 1 次查看，购买 0 个物品
[2026-05-21 23:36:14] [INFO] [ShopBot] 滑动 (640, 400) -> (640, 150), 时长 0.3s
[2026-05-21 23:36:16] [DEBUG] [ShopBot] 整区 OCR 检测到 31 个文字块，4 行
[2026-05-21 23:36:16] [INFO] [ShopBot] 物品 0 (y=154-260): '85装备黑曜石项链妮萨可购买1次' → equipment (conf=0.70), 价格 540000, 货币 gold, 购买按钮 @ (1192, 207)
[2026-05-21 23:36:16] [INFO] [ShopBot] 物品 1 (y=311-405): '55装备蓝宝石戒指妮萨可购买1次' → equipment (conf=0.70), 价格 240000, 货币 gold, 购买按钮 @ (1192, 358)
[2026-05-21 23:36:16] [INFO] [ShopBot] 物品 2 (y=456-550): '装备蜘蛛君主的挂饰妮萨可购买1次' → equipment (conf=0.70), 价格 380000, 货币 gold, 购买按钮 @ (1192, 503)
[2026-05-21 23:36:16] [INFO] [ShopBot] 物品 3 (y=601-695): '70装备不祥的恶魔之双刃剑商人亚彼荷可购买1次' → equipment (conf=0.70), 价格 380000, 货币 gold, 购买按钮 @ (1192, 648)
[2026-05-21 23:36:16] [INFO] [ShopBot] 跳过物品: equipment
[2026-05-21 23:36:16] [INFO] [ShopBot] 跳过物品: equipment
[2026-05-21 23:36:16] [INFO] [ShopBot] 跳过物品: equipment
[2026-05-21 23:36:16] [INFO] [ShopBot] 跳过物品: equipment
[2026-05-21 23:36:16] [INFO] [ShopBot] 货架处理完成，共购买 0 个物品
[2026-05-21 23:36:16] [INFO] [ShopBot] 第 2 次查看，购买 0 个物品
[2026-05-21 23:36:16] [INFO] [ShopBot] 滑动 (640, 400) -> (640, 150), 时长 0.3s
[2026-05-21 23:36:19] [DEBUG] [ShopBot] 整区 OCR 检测到 30 个文字块，4 行
[2026-05-21 23:36:19] [INFO] [ShopBot] 物品 0 (y=154-260): '85装备黑曜石项链妮萨可购买1次' → equipment (conf=0.70), 价格 540000, 货币 gold, 购买按钮 @ (1192, 207)
[2026-05-21 23:36:19] [INFO] [ShopBot] 物品 1 (y=311-405): '55装备蓝宝石戒指可购买1次' → equipment (conf=0.70), 价格 240000, 货币 gold, 购买按钮 @ (1192, 358)
[2026-05-21 23:36:19] [INFO] [ShopBot] 物品 2 (y=456-550): '70装备蜘蛛君主的挂饰可购买1次' → equipment (conf=0.70), 价格 380000, 货币 gold, 购买按钮 @ (1192, 503)
[2026-05-21 23:36:19] [INFO] [ShopBot] 物品 3 (y=601-705): '70装备不祥的恶魔之双刃剑商人亚彼荷可购买1次' → equipment (conf=0.70), 价格 380000, 货币 gold, 购买按钮 @ (1192, 653)
[2026-05-21 23:36:19] [INFO] [ShopBot] 跳过物品: equipment
[2026-05-21 23:36:19] [INFO] [ShopBot] 跳过物品: equipment
[2026-05-21 23:36:19] [INFO] [ShopBot] 跳过物品: equipment
[2026-05-21 23:36:19] [INFO] [ShopBot] 跳过物品: equipment
[2026-05-21 23:36:19] [INFO] [ShopBot] 货架处理完成，共购买 0 个物品
[2026-05-21 23:36:19] [INFO] [ShopBot] 第 3 次查看，购买 0 个物品
[2026-05-21 23:36:19] [INFO] [ShopBot] 滑动 (640, 400) -> (640, 150), 时长 0.3s
[2026-05-21 23:36:21] [DEBUG] [ShopBot] 整区 OCR 检测到 30 个文字块，4 行
[2026-05-21 23:36:21] [INFO] [ShopBot] 物品 0 (y=154-260): '85装备黑曜石项链妮萨可购买1次' → equipment (conf=0.70), 价格 540000, 货币 gold, 购买按钮 @ (1192, 207)
[2026-05-21 23:36:21] [INFO] [ShopBot] 物品 1 (y=311-405): '55装备蓝宝石戒指可购买1次' → equipment (conf=0.70), 价格 240000, 货币 gold, 购买按钮 @ (1192, 358)
[2026-05-21 23:36:21] [INFO] [ShopBot] 物品 2 (y=456-550): '70装备蜘蛛君主的挂饰可购买1次' → equipment (conf=0.70), 价格 380000, 货币 gold, 购买按钮 @ (1192, 503)
[2026-05-21 23:36:21] [INFO] [ShopBot] 物品 3 (y=601-705): '70装备不祥的恶魔之双刃剑商人亚彼荷可购买1次' → equipment (conf=0.70), 价格 380000, 货币 gold, 购买按钮 @ (1192, 653)
[2026-05-21 23:36:21] [INFO] [ShopBot] 已到达货架底部（第 4 次滑动后，识别结果无变化）
[2026-05-21 23:36:21] [INFO] [ShopBot] 寻找刷新按钮（第 1 次）
[2026-05-21 23:36:22] [DEBUG] [ShopBot] 找到刷新按钮 '立即更新' 在 (268, 659)
[2026-05-21 23:36:22] [INFO] [ShopBot] 点击刷新按钮 (268, 659)
[2026-05-21 23:36:22] [INFO] [ShopBot] 点击坐标 (268, 659)
[2026-05-21 23:36:24] [INFO] [ShopBot] 检测到刷新确认弹窗，点击确认 (748, 460)
[2026-05-21 23:36:24] [INFO] [ShopBot] 点击坐标 (748, 460)
[2026-05-21 23:36:24] [INFO] [ShopBot] 等待货架加载...
[2026-05-21 23:36:25] [INFO] [ShopBot] ===== 第 5 轮 =====
[2026-05-21 23:36:25] [INFO] [ShopBot] 滑动到货架顶部...
[2026-05-21 23:36:25] [INFO] [ShopBot] 滑动 (640, 150) -> (640, 400), 时长 0.3s
[2026-05-21 23:36:27] [DEBUG] [ShopBot] 整区 OCR 检测到 31 个文字块，4 行
[2026-05-21 23:36:27] [INFO] [ShopBot] 物品 0 (y=121-212): '英雄追踪队枪炮奈汉库伊可购买1次' → unknown (conf=0.00), 价格 29000, 货币 gold, 购买按钮 @ (1192, 166)
[2026-05-21 23:36:27] [INFO] [ShopBot] 物品 1 (y=264-358): '货币友情点数诺诺里50可购买1次' → unknown (conf=0.00), 价格 18000, 货币 gold, 购买按钮 @ (1192, 311)
[2026-05-21 23:36:27] [INFO] [ShopBot] 物品 2 (y=409-503): '55装备精巧的恶魔靴子可购买1次商人亚彼荷' → equipment (conf=0.70), 价格 480000, 货币 gold, 购买按钮 @ (1192, 456)
[2026-05-21 23:36:27] [INFO] [ShopBot] 物品 3 (y=554-705): '装备85不屈的蜘蛛英雄头盔商人亚彼荷可购买1次' → equipment (conf=0.70), 价格 540000, 货币 gold, 购买按钮 @ (1192, 629)
[2026-05-21 23:36:27] [INFO] [ShopBot] 跳过物品: unknown
[2026-05-21 23:36:27] [INFO] [ShopBot] 跳过物品: unknown
[2026-05-21 23:36:27] [INFO] [ShopBot] 跳过物品: equipment
[2026-05-21 23:36:27] [INFO] [ShopBot] 跳过物品: equipment
[2026-05-21 23:36:27] [INFO] [ShopBot] 货架处理完成，共购买 0 个物品
[2026-05-21 23:36:27] [INFO] [ShopBot] 第 0 次查看，购买 0 个物品
[2026-05-21 23:36:27] [INFO] [ShopBot] 滑动 (640, 400) -> (640, 150), 时长 0.3s
[2026-05-21 23:36:29] [DEBUG] [ShopBot] 整区 OCR 检测到 30 个文字块，4 行
[2026-05-21 23:36:29] [INFO] [ShopBot] 物品 0 (y=154-260): '55装备精巧的恶魔靴子商人亚彼荷可购买1次' → equipment (conf=0.70), 价格 480000, 货币 gold, 购买按钮 @ (1192, 207)
[2026-05-21 23:36:29] [INFO] [ShopBot] 物品 1 (y=311-405): '85装备不屈的蜘蛛英雄头盔商人亚彼荷可购买1次' → equipment (conf=0.70), 价格 540000, 货币 gold, 购买按钮 @ (1192, 358)
[2026-05-21 23:36:29] [INFO] [ShopBot] 物品 2 (y=456-550): '70装备钻石戒指可购买1次' → equipment (conf=0.70), 价格 380000, 货币 gold, 购买按钮 @ (1192, 503)
[2026-05-21 23:36:29] [INFO] [ShopBot] 物品 3 (y=595-705): '英雄史嘉雷小恶魔奈汉库伊可购买1次' → unknown (conf=0.00), 价格 29000, 货币 gold, 购买按钮 @ (1192, 650)
[2026-05-21 23:36:29] [INFO] [ShopBot] 跳过物品: equipment
[2026-05-21 23:36:29] [INFO] [ShopBot] 跳过物品: equipment
[2026-05-21 23:36:29] [INFO] [ShopBot] 跳过物品: equipment
[2026-05-21 23:36:29] [INFO] [ShopBot] 跳过物品: unknown
[2026-05-21 23:36:29] [INFO] [ShopBot] 货架处理完成，共购买 0 个物品
[2026-05-21 23:36:29] [INFO] [ShopBot] 第 1 次查看，购买 0 个物品
[2026-05-21 23:36:29] [INFO] [ShopBot] 滑动 (640, 400) -> (640, 150), 时长 0.3s
[2026-05-21 23:36:32] [DEBUG] [ShopBot] 整区 OCR 检测到 30 个文字块，4 行
[2026-05-21 23:36:32] [INFO] [ShopBot] 物品 0 (y=154-260): '55装备精巧的恶魔靴子商人亚彼荷可购买1次' → equipment (conf=0.70), 价格 480000, 货币 gold, 购买按钮 @ (1192, 207)
[2026-05-21 23:36:32] [INFO] [ShopBot] 物品 1 (y=311-405): '85装备不屈的蜘蛛英雄头盔商人亚彼荷可购买1次' → equipment (conf=0.70), 价格 540000, 货币 gold, 购买按钮 @ (1192, 358)
[2026-05-21 23:36:32] [INFO] [ShopBot] 物品 2 (y=456-550): '70装备钻石戒指可购买1次' → equipment (conf=0.70), 价格 380000, 货币 gold, 购买按钮 @ (1192, 503)
[2026-05-21 23:36:32] [INFO] [ShopBot] 物品 3 (y=602-705): '英雄史嘉雷小恶魔奈汉库伊可购买1次' → unknown (conf=0.00), 价格 29000, 货币 gold, 购买按钮 @ (1192, 653)
[2026-05-21 23:36:32] [INFO] [ShopBot] 已到达货架底部（第 2 次滑动后，识别结果无变化）
[2026-05-21 23:36:32] [INFO] [ShopBot] 寻找刷新按钮（第 1 次）
[2026-05-21 23:36:32] [DEBUG] [ShopBot] 找到刷新按钮 '立即更新' 在 (268, 659)
[2026-05-21 23:36:32] [INFO] [ShopBot] 点击刷新按钮 (268, 659)
[2026-05-21 23:36:32] [INFO] [ShopBot] 点击坐标 (268, 659)
[2026-05-21 23:36:34] [INFO] [ShopBot] 检测到刷新确认弹窗，点击确认 (748, 460)
[2026-05-21 23:36:34] [INFO] [ShopBot] 点击坐标 (748, 460)
[2026-05-21 23:36:35] [INFO] [ShopBot] 等待货架加载...
[2026-05-21 23:36:36] [INFO] [ShopBot] ===== 第 6 轮 =====
[2026-05-21 23:36:36] [INFO] [ShopBot] 滑动到货架顶部...
[2026-05-21 23:36:36] [INFO] [ShopBot] 滑动 (640, 150) -> (640, 400), 时长 0.3s
[2026-05-21 23:36:37] [DEBUG] [ShopBot] 整区 OCR 检测到 30 个文字块，4 行
[2026-05-21 23:36:37] [INFO] [ShopBot] 物品 0 (y=120-211): '英雄暗云风兽奈汉库伊可购买1次' → unknown (conf=0.00), 价格 29000, 货币 gold, 购买按钮 @ (1192, 165)
[2026-05-21 23:36:37] [INFO] [ShopBot] 物品 1 (y=264-356): '英雄辅助型忠犬奈汉库伊可购买1次' → unknown (conf=0.00), 价格 29000, 货币 gold, 购买按钮 @ (1192, 310)
[2026-05-21 23:36:37] [INFO] [ShopBot] 物品 2 (y=408-501): '55装备啤叫龙兽靴子商人亚彼荷可购买1次' → equipment (conf=0.70), 价格 240000, 货币 gold, 购买按钮 @ (1192, 454)
[2026-05-21 23:36:37] [INFO] [ShopBot] 物品 3 (y=553-670): '70装备泰拉剑商人亚彼荷可购买1次' → equipment (conf=0.70), 价格 380000, 货币 gold, 购买按钮 @ (1192, 611)
[2026-05-21 23:36:37] [INFO] [ShopBot] 跳过物品: unknown
[2026-05-21 23:36:37] [INFO] [ShopBot] 跳过物品: unknown
[2026-05-21 23:36:37] [INFO] [ShopBot] 跳过物品: equipment
[2026-05-21 23:36:37] [INFO] [ShopBot] 跳过物品: equipment
[2026-05-21 23:36:37] [INFO] [ShopBot] 货架处理完成，共购买 0 个物品
[2026-05-21 23:36:37] [INFO] [ShopBot] 第 0 次查看，购买 0 个物品
[2026-05-21 23:36:37] [INFO] [ShopBot] 滑动 (640, 400) -> (640, 150), 时长 0.3s
[2026-05-21 23:36:40] [DEBUG] [ShopBot] 整区 OCR 检测到 30 个文字块，4 行
[2026-05-21 23:36:40] [INFO] [ShopBot] 物品 0 (y=154-260): '装备啤叫龙兽靴子商人亚彼荷可购买1次' → equipment (conf=0.70), 价格 240000, 货币 gold, 购买按钮 @ (1192, 207)
[2026-05-21 23:36:40] [INFO] [ShopBot] 物品 1 (y=311-405): '70装备泰拉剑商人亚彼荷可购买1次' → equipment (conf=0.70), 价格 380000, 货币 gold, 购买按钮 @ (1192, 358)
[2026-05-21 23:36:40] [INFO] [ShopBot] 物品 2 (y=456-550): '装备不祥的恶魔厚实重甲商人亚彼荷可购买1次' → equipment (conf=0.70), 价格 380000, 货币 gold, 购买按钮 @ (1192, 503)
[2026-05-21 23:36:40] [INFO] [ShopBot] 物品 3 (y=596-705): '70装备不祥的恶魔角饰头盔商人亚彼荷可购买1次' → equipment (conf=0.70), 价格 380000, 货币 gold, 购买按钮 @ (1192, 650)
[2026-05-21 23:36:40] [INFO] [ShopBot] 跳过物品: equipment
[2026-05-21 23:36:40] [INFO] [ShopBot] 跳过物品: equipment
[2026-05-21 23:36:40] [INFO] [ShopBot] 跳过物品: equipment
[2026-05-21 23:36:40] [INFO] [ShopBot] 跳过物品: equipment
[2026-05-21 23:36:40] [INFO] [ShopBot] 货架处理完成，共购买 0 个物品
[2026-05-21 23:36:40] [INFO] [ShopBot] 第 1 次查看，购买 0 个物品
[2026-05-21 23:36:40] [INFO] [ShopBot] 滑动 (640, 400) -> (640, 150), 时长 0.3s
[2026-05-21 23:36:42] [DEBUG] [ShopBot] 整区 OCR 检测到 30 个文字块，4 行
[2026-05-21 23:36:42] [INFO] [ShopBot] 物品 0 (y=154-260): '装备啤叫龙兽靴子商人亚彼荷可购买1次' → equipment (conf=0.70), 价格 240000, 货币 gold, 购买按钮 @ (1192, 207)
[2026-05-21 23:36:42] [INFO] [ShopBot] 物品 1 (y=311-405): '70装备泰拉剑商人亚彼荷可购买1次' → equipment (conf=0.70), 价格 380000, 货币 gold, 购买按钮 @ (1192, 358)
[2026-05-21 23:36:42] [INFO] [ShopBot] 物品 2 (y=456-550): '装备不祥的恶魔厚实重甲商人亚彼荷可购买1次' → equipment (conf=0.70), 价格 380000, 货币 gold, 购买按钮 @ (1192, 503)
[2026-05-21 23:36:42] [INFO] [ShopBot] 物品 3 (y=597-705): '70装备不祥的恶魔角饰头盔商人亚彼荷可购买1次' → equipment (conf=0.70), 价格 380000, 货币 gold, 购买按钮 @ (1192, 651)
[2026-05-21 23:36:42] [INFO] [ShopBot] 已到达货架底部（第 2 次滑动后，识别结果无变化）
[2026-05-21 23:36:42] [INFO] [ShopBot] 寻找刷新按钮（第 1 次）
[2026-05-21 23:36:43] [DEBUG] [ShopBot] 找到刷新按钮 '立即更新' 在 (268, 659)
[2026-05-21 23:36:43] [INFO] [ShopBot] 点击刷新按钮 (268, 659)
[2026-05-21 23:36:43] [INFO] [ShopBot] 点击坐标 (268, 659)
[2026-05-21 23:36:44] [INFO] [ShopBot] 检测到刷新确认弹窗，点击确认 (748, 460)
[2026-05-21 23:36:44] [INFO] [ShopBot] 点击坐标 (748, 460)
[2026-05-21 23:36:45] [INFO] [ShopBot] 等待货架加载...
[2026-05-21 23:36:46] [INFO] [ShopBot] ===== 第 7 轮 =====
[2026-05-21 23:36:46] [INFO] [ShopBot] 滑动到货架顶部...
[2026-05-21 23:36:46] [INFO] [ShopBot] 滑动 (640, 150) -> (640, 400), 时长 0.3s
[2026-05-21 23:36:48] [DEBUG] [ShopBot] 整区 OCR 检测到 33 个文字块，4 行
[2026-05-21 23:36:48] [INFO] [ShopBot] 物品 0 (y=120-213): '蜘蛛君的戒指妮萨' → equipment (conf=0.70), 价格 380000, 货币 gold, 购买按钮 @ (1192, 166)
[2026-05-21 23:36:48] [INFO] [ShopBot] 物品 1 (y=266-358): '英雄攻击力烈风龙族士兵生命值奈汉库伊可购买1次' → unknown (conf=0.00), 价格 29000, 货币 gold, 购买按钮 @ (1192, 312)
[2026-05-21 23:36:48] [INFO] [ShopBot] 物品 2 (y=403-503): '夹攻套装黄承+8%。奈汉库伊可购买1次' → unknown (conf=0.00), 价格 29000, 货币 gold, 购买按钮 @ (1192, 453)
[2026-05-21 23:36:48] [INFO] [ShopBot] 物品 3 (y=555-705): '召唤誓约书签诺诺里可购买1次' → bookmark (conf=0.95), 价格 184000, 货币 gold, 购买按钮 @ (1192, 630)
[2026-05-21 23:36:48] [INFO] [ShopBot] 跳过物品: equipment
[2026-05-21 23:36:48] [INFO] [ShopBot] 跳过物品: unknown
[2026-05-21 23:36:48] [INFO] [ShopBot] 跳过物品: unknown
[2026-05-21 23:36:48] [INFO] [ShopBot] 开始购买: bookmark, 价格: 184000
[2026-05-21 23:36:48] [INFO] [ShopBot] 点击购买按钮 @ (1192, 630)
[2026-05-21 23:36:48] [INFO] [ShopBot] 点击坐标 (1192, 630)
[2026-05-21 23:36:50] [DEBUG] [ShopBot] 找到按钮 '购买' 在 (736, 479)
[2026-05-21 23:36:51] [DEBUG] [ShopBot] 找到按钮 '取消' 在 (481, 524)
[2026-05-21 23:36:51] [DEBUG] [ShopBot] 找到按钮 '购买' 在 (818, 524)
[2026-05-21 23:36:52] [INFO] [ShopBot] 检测到确认弹窗
[2026-05-21 23:36:52] [INFO] [ShopBot] 点击确认按钮 @ (818, 508)
[2026-05-21 23:36:52] [INFO] [ShopBot] 点击坐标 (818, 508)
[2026-05-21 23:36:54] [DEBUG] [ShopBot] 找到按钮 '购买' 在 (736, 479)
[2026-05-21 23:36:56] [DEBUG] [ShopBot] 找到按钮 '购买' 在 (736, 479)
[2026-05-21 23:36:56] [INFO] [ShopBot] 购买成功: bookmark
[2026-05-21 23:36:56] [INFO] [ShopBot] 购买结果 - bookmark: 成功
[2026-05-21 23:36:57] [INFO] [ShopBot] 货架处理完成，共购买 1 个物品
[2026-05-21 23:36:57] [INFO] [ShopBot] 第 0 次查看，购买 1 个物品
[2026-05-21 23:36:57] [INFO] [ShopBot] 滑动 (640, 400) -> (640, 150), 时长 0.3s
[2026-05-21 23:36:59] [DEBUG] [ShopBot] 整区 OCR 检测到 30 个文字块，4 行
[2026-05-21 23:36:59] [INFO] [ShopBot] 物品 0 (y=154-259): '英雄黄水晶龙奈汉库伊可购买1次' → unknown (conf=0.00), 价格 29000, 货币 gold, 购买按钮 @ (1192, 206)
[2026-05-21 23:36:59] [INFO] [ShopBot] 物品 1 (y=317-403): '召唤誓约书签诺诺里可购买1次' → bookmark (conf=0.95), 价格 184000, 货币 gold, 已售罄, 购买按钮 @ (1192, 360)
[2026-05-21 23:36:59] [INFO] [ShopBot] 物品 2 (y=456-550): '70装备泰拉靴子商人亚彼荷可购买1次' → equipment (conf=0.70), 价格 560000, 货币 gold, 购买按钮 @ (1192, 503)
[2026-05-21 23:36:59] [INFO] [ShopBot] 物品 3 (y=601-695): '55装备毒脚爪项链妮萨可购买1次' → equipment (conf=0.70), 价格 360000, 货币 gold, 购买按钮 @ (1192, 648)
[2026-05-21 23:36:59] [INFO] [ShopBot] 跳过物品: unknown
[2026-05-21 23:36:59] [INFO] [ShopBot] 跳过已售罄物品: bookmark
[2026-05-21 23:36:59] [INFO] [ShopBot] 跳过物品: bookmark
[2026-05-21 23:36:59] [INFO] [ShopBot] 跳过物品: equipment
[2026-05-21 23:36:59] [INFO] [ShopBot] 跳过物品: equipment
[2026-05-21 23:36:59] [INFO] [ShopBot] 货架处理完成，共购买 0 个物品
[2026-05-21 23:36:59] [INFO] [ShopBot] 第 1 次查看，购买 0 个物品
[2026-05-21 23:36:59] [INFO] [ShopBot] 滑动 (640, 400) -> (640, 150), 时长 0.3s
[2026-05-21 23:37:01] [DEBUG] [ShopBot] 整区 OCR 检测到 30 个文字块，4 行
[2026-05-21 23:37:01] [INFO] [ShopBot] 物品 0 (y=154-259): '英雄黄水晶龙奈汉库伊可购买1次' → unknown (conf=0.00), 价格 29000, 货币 gold, 购买按钮 @ (1192, 206)
[2026-05-21 23:37:01] [INFO] [ShopBot] 物品 1 (y=317-403): '召唤誓约书签诺诺里可购买1次' → bookmark (conf=0.95), 价格 184000, 货币 gold, 已售罄, 购买按钮 @ (1192, 360)
[2026-05-21 23:37:01] [INFO] [ShopBot] 物品 2 (y=456-550): '70装备泰拉靴子商人亚彼荷可购买1次' → equipment (conf=0.70), 价格 560000, 货币 gold, 购买按钮 @ (1192, 503)
[2026-05-21 23:37:01] [INFO] [ShopBot] 物品 3 (y=599-705): '55装备毒脚爪项链妮萨可购买1次' → equipment (conf=0.70), 价格 360000, 货币 gold, 购买按钮 @ (1192, 652)
[2026-05-21 23:37:01] [INFO] [ShopBot] 已到达货架底部（第 2 次滑动后，识别结果无变化）
[2026-05-21 23:37:01] [INFO] [ShopBot] 寻找刷新按钮（第 1 次）
[2026-05-21 23:37:02] [DEBUG] [ShopBot] 找到刷新按钮 '立即更新' 在 (268, 659)
[2026-05-21 23:37:02] [INFO] [ShopBot] 点击刷新按钮 (268, 659)
[2026-05-21 23:37:02] [INFO] [ShopBot] 点击坐标 (268, 659)
[2026-05-21 23:37:03] [INFO] [ShopBot] 检测到刷新确认弹窗，点击确认 (748, 460)
[2026-05-21 23:37:03] [INFO] [ShopBot] 点击坐标 (748, 460)
[2026-05-21 23:37:04] [INFO] [ShopBot] 等待货架加载...
[2026-05-21 23:37:05] [INFO] [ShopBot] ===== 第 8 轮 =====
[2026-05-21 23:37:05] [INFO] [ShopBot] 滑动到货架顶部...
[2026-05-21 23:37:05] [INFO] [ShopBot] 滑动 (640, 150) -> (640, 400), 时长 0.3s
[2026-05-21 23:37:07] [DEBUG] [ShopBot] 整区 OCR 检测到 38 个文字块，4 行
[2026-05-21 23:37:07] [INFO] [ShopBot] 物品 0 (y=110-213): '55奥利岭长剑商人亚彼荷' → equipment (conf=0.65), 价格 240000, 货币 gold, 购买按钮 @ (1192, 161)
[2026-05-21 23:37:07] [INFO] [ShopBot] 物品 1 (y=253-358): '攻击力70装备蜘蝾主的靴子商人亚彼荷装备分数' → equipment (conf=0.70), 价格 380000, 货币 gold, 购买按钮 @ (1192, 305)
[2026-05-21 23:37:07] [INFO] [ShopBot] 物品 2 (y=410-503): '币斗开始时，使全体我军人员在友臀数得相当于自身最大生命值12%的防护罩。诺诺里50可购买1次' → unknown (conf=0.00), 价格 18000, 货币 gold, 购买按钮 @ (1192, 456)
[2026-05-21 23:37:07] [INFO] [ShopBot] 物品 3 (y=556-705): '英雄泰拉纳德巡逻兵奈汉库伊可购买1次' → unknown (conf=0.00), 价格 29000, 货币 gold, 购买按钮 @ (1192, 630)
[2026-05-21 23:37:07] [INFO] [ShopBot] 跳过物品: equipment
[2026-05-21 23:37:07] [INFO] [ShopBot] 跳过物品: equipment
[2026-05-21 23:37:07] [INFO] [ShopBot] 跳过物品: unknown
[2026-05-21 23:37:07] [INFO] [ShopBot] 跳过物品: unknown
[2026-05-21 23:37:07] [INFO] [ShopBot] 货架处理完成，共购买 0 个物品
[2026-05-21 23:37:07] [INFO] [ShopBot] 第 0 次查看，购买 0 个物品
[2026-05-21 23:37:07] [INFO] [ShopBot] 滑动 (640, 400) -> (640, 150), 时长 0.3s
[2026-05-21 23:37:10] [DEBUG] [ShopBot] 整区 OCR 检测到 29 个文字块，4 行
[2026-05-21 23:37:10] [INFO] [ShopBot] 物品 0 (y=154-260): '货币友情点数诺诺里可购买1次50' → unknown (conf=0.00), 价格 18000, 货币 gold, 购买按钮 @ (1192, 207)
[2026-05-21 23:37:10] [INFO] [ShopBot] 物品 1 (y=313-405): '英雄泰拉纳德巡逻兵奈汉库伊可购买1次' → unknown (conf=0.00), 价格 29000, 货币 gold, 购买按钮 @ (1192, 359)
[2026-05-21 23:37:10] [INFO] [ShopBot] 物品 2 (y=458-550): '英雄寒气碎片奈汉库伊可购买1次' → unknown (conf=0.00), 价格 29000, 货币 gold, 购买按钮 @ (1192, 504)
[2026-05-21 23:37:10] [INFO] [ShopBot] 物品 3 (y=602-705): '英雄提雷尔矛兵奈汉库伊可购买1次' → equipment (conf=0.65), 价格 29000, 货币 gold, 购买按钮 @ (1192, 653)
[2026-05-21 23:37:10] [INFO] [ShopBot] 跳过物品: unknown
[2026-05-21 23:37:10] [INFO] [ShopBot] 跳过物品: unknown
[2026-05-21 23:37:10] [INFO] [ShopBot] 跳过物品: unknown
[2026-05-21 23:37:10] [INFO] [ShopBot] 跳过物品: equipment
[2026-05-21 23:37:10] [INFO] [ShopBot] 货架处理完成，共购买 0 个物品
[2026-05-21 23:37:10] [INFO] [ShopBot] 第 1 次查看，购买 0 个物品
[2026-05-21 23:37:10] [INFO] [ShopBot] 滑动 (640, 400) -> (640, 150), 时长 0.3s
[2026-05-21 23:37:12] [DEBUG] [ShopBot] 整区 OCR 检测到 29 个文字块，4 行
[2026-05-21 23:37:12] [INFO] [ShopBot] 物品 0 (y=154-260): '货币友情点数诺诺里可购买1次50' → unknown (conf=0.00), 价格 18000, 货币 gold, 购买按钮 @ (1192, 207)
[2026-05-21 23:37:12] [INFO] [ShopBot] 物品 1 (y=313-405): '英雄泰拉纳德巡逻兵奈汉库伊可购买1次' → unknown (conf=0.00), 价格 29000, 货币 gold, 购买按钮 @ (1192, 359)
[2026-05-21 23:37:12] [INFO] [ShopBot] 物品 2 (y=458-550): '英雄寒气碎片奈汉库伊可购买1次' → unknown (conf=0.00), 价格 29000, 货币 gold, 购买按钮 @ (1192, 504)
[2026-05-21 23:37:12] [INFO] [ShopBot] 物品 3 (y=602-705): '英雄提雷尔矛兵奈汉库伊可购买1次' → equipment (conf=0.65), 价格 29000, 货币 gold, 购买按钮 @ (1192, 653)
[2026-05-21 23:37:12] [INFO] [ShopBot] 已到达货架底部（第 2 次滑动后，识别结果无变化）
[2026-05-21 23:37:12] [INFO] [ShopBot] 寻找刷新按钮（第 1 次）
[2026-05-21 23:37:12] [DEBUG] [ShopBot] 找到刷新按钮 '立即更新' 在 (268, 659)
[2026-05-21 23:37:12] [INFO] [ShopBot] 点击刷新按钮 (268, 659)
[2026-05-21 23:37:12] [INFO] [ShopBot] 点击坐标 (268, 659)
[2026-05-21 23:37:14] [INFO] [ShopBot] 检测到刷新确认弹窗，点击确认 (748, 460)
[2026-05-21 23:37:14] [INFO] [ShopBot] 点击坐标 (748, 460)
[2026-05-21 23:37:15] [INFO] [ShopBot] 等待货架加载...
[2026-05-21 23:37:16] [INFO] [ShopBot] ===== 第 9 轮 =====
[2026-05-21 23:37:16] [INFO] [ShopBot] 滑动到货架顶部...
[2026-05-21 23:37:16] [INFO] [ShopBot] 滑动 (640, 150) -> (640, 400), 时长 0.3s
[2026-05-21 23:37:18] [DEBUG] [ShopBot] 整区 OCR 检测到 34 个文字块，4 行
[2026-05-21 23:37:18] [INFO] [ShopBot] 物品 0 (y=117-211): '55奥利头盔商人亚彼荷' → equipment (conf=0.70), 价格 240000, 货币 gold, 购买按钮 @ (1192, 164)
[2026-05-21 23:37:18] [INFO] [ShopBot] 物品 1 (y=253-357): '55奥钢重甲商人亚彼荷装备分数' → equipment (conf=0.70), 价格 480000, 货币 gold, 购买按钮 @ (1192, 305)
[2026-05-21 23:37:18] [INFO] [ShopBot] 物品 2 (y=409-501): '御力提升20%泥巴普鲁兹可购买1次奈汉库伊' → unknown (conf=0.00), 价格 29000, 货币 gold, 购买按钮 @ (1192, 455)
[2026-05-21 23:37:18] [INFO] [ShopBot] 物品 3 (y=553-705): '85装备不屈的蜘蛛英雄头盔商人亚彼荷可购买1次' → equipment (conf=0.70), 价格 1100000, 货币 gold, 购买按钮 @ (1192, 629)
[2026-05-21 23:37:18] [INFO] [ShopBot] 跳过物品: equipment
[2026-05-21 23:37:18] [INFO] [ShopBot] 跳过物品: equipment
[2026-05-21 23:37:18] [INFO] [ShopBot] 跳过物品: unknown
[2026-05-21 23:37:18] [INFO] [ShopBot] 跳过物品: equipment
[2026-05-21 23:37:18] [INFO] [ShopBot] 货架处理完成，共购买 0 个物品
[2026-05-21 23:37:18] [INFO] [ShopBot] 第 0 次查看，购买 0 个物品
[2026-05-21 23:37:18] [INFO] [ShopBot] 滑动 (640, 400) -> (640, 150), 时长 0.3s
[2026-05-21 23:37:20] [DEBUG] [ShopBot] 整区 OCR 检测到 30 个文字块，4 行
[2026-05-21 23:37:20] [INFO] [ShopBot] 物品 0 (y=154-259): '英雄泥巴普鲁兹奈汉库伊可购买1次' → unknown (conf=0.00), 价格 29000, 货币 gold, 购买按钮 @ (1192, 206)
[2026-05-21 23:37:20] [INFO] [ShopBot] 物品 1 (y=311-405): '85装备不屈的蜘蛛英雄头盔商人亚彼荷可购买1次' → equipment (conf=0.70), 价格 1100000, 货币 gold, 购买按钮 @ (1192, 358)
[2026-05-21 23:37:20] [INFO] [ShopBot] 物品 2 (y=458-550): '英雄阴沉的魔物奈汉库伊可购买1次' → unknown (conf=0.00), 价格 29000, 货币 gold, 购买按钮 @ (1192, 504)
[2026-05-21 23:37:20] [INFO] [ShopBot] 物品 3 (y=601-695): '55装备啤叫龙兽靴子商人亚彼荷可购买1次' → equipment (conf=0.70), 价格 240000, 货币 gold, 购买按钮 @ (1192, 648)
[2026-05-21 23:37:20] [INFO] [ShopBot] 跳过物品: unknown
[2026-05-21 23:37:20] [INFO] [ShopBot] 跳过物品: equipment
[2026-05-21 23:37:20] [INFO] [ShopBot] 跳过物品: unknown
[2026-05-21 23:37:20] [INFO] [ShopBot] 跳过物品: equipment
[2026-05-21 23:37:20] [INFO] [ShopBot] 货架处理完成，共购买 0 个物品
[2026-05-21 23:37:20] [INFO] [ShopBot] 第 1 次查看，购买 0 个物品
[2026-05-21 23:37:20] [INFO] [ShopBot] 滑动 (640, 400) -> (640, 150), 时长 0.3s
[2026-05-21 23:37:23] [DEBUG] [ShopBot] 整区 OCR 检测到 30 个文字块，4 行
[2026-05-21 23:37:23] [INFO] [ShopBot] 物品 0 (y=154-259): '英雄泥巴普鲁兹奈汉库伊可购买1次' → unknown (conf=0.00), 价格 29000, 货币 gold, 购买按钮 @ (1192, 206)
[2026-05-21 23:37:23] [INFO] [ShopBot] 物品 1 (y=311-405): '85装备不屈的蜘蛛英雄头盔商人亚彼荷可购买1次' → equipment (conf=0.70), 价格 1100000, 货币 gold, 购买按钮 @ (1192, 358)
[2026-05-21 23:37:23] [INFO] [ShopBot] 物品 2 (y=458-550): '英雄阴沉的魔物奈汉库伊可购买1次' → unknown (conf=0.00), 价格 29000, 货币 gold, 购买按钮 @ (1192, 504)
[2026-05-21 23:37:23] [INFO] [ShopBot] 物品 3 (y=601-695): '55装备啤叫龙兽靴子商人亚彼荷可购买1次' → equipment (conf=0.70), 价格 240000, 货币 gold, 购买按钮 @ (1192, 648)
[2026-05-21 23:37:23] [INFO] [ShopBot] 已到达货架底部（第 2 次滑动后，识别结果无变化）
[2026-05-21 23:37:23] [INFO] [ShopBot] 寻找刷新按钮（第 1 次）
[2026-05-21 23:37:23] [DEBUG] [ShopBot] 找到刷新按钮 '立即更新' 在 (268, 659)
[2026-05-21 23:37:23] [INFO] [ShopBot] 点击刷新按钮 (268, 659)
[2026-05-21 23:37:23] [INFO] [ShopBot] 点击坐标 (268, 659)
[2026-05-21 23:37:25] [INFO] [ShopBot] 检测到刷新确认弹窗，点击确认 (748, 460)
[2026-05-21 23:37:25] [INFO] [ShopBot] 点击坐标 (748, 460)
[2026-05-21 23:37:26] [INFO] [ShopBot] 等待货架加载...
[2026-05-21 23:37:27] [INFO] [ShopBot] ===== 第 10 轮 =====
[2026-05-21 23:37:27] [INFO] [ShopBot] 滑动到货架顶部...
[2026-05-21 23:37:27] [INFO] [ShopBot] 滑动 (640, 150) -> (640, 400), 时长 0.3s
[2026-05-21 23:37:29] [DEBUG] [ShopBot] 整区 OCR 检测到 37 个文字块，4 行
[2026-05-21 23:37:29] [INFO] [ShopBot] 物品 0 (y=112-212): '55奥化子商人亚彼荷' → unknown (conf=0.00), 价格 240000, 货币 gold, 购买按钮 @ (1192, 162)
[2026-05-21 23:37:29] [INFO] [ShopBot] 物品 1 (y=253-357): '攻击力装备精馬的恶魔项链装备分数' → equipment (conf=0.70), 价格 240000, 货币 gold, 购买按钮 @ (1192, 305)
[2026-05-21 23:37:29] [INFO] [ShopBot] 物品 2 (y=408-502): '55御力提升20%勇士的背甲戒指可购买1次妮萨' → equipment (conf=0.70), 价格 240000, 货币 gold, 购买按钮 @ (1192, 455)
[2026-05-21 23:37:29] [INFO] [ShopBot] 物品 3 (y=553-705): '装备55勇士的背甲流星锤商人亚彼荷可购买1次' → equipment (conf=0.70), 价格 360000, 货币 gold, 购买按钮 @ (1192, 629)
[2026-05-21 23:37:29] [INFO] [ShopBot] 跳过物品: unknown
[2026-05-21 23:37:29] [INFO] [ShopBot] 跳过物品: equipment
[2026-05-21 23:37:29] [INFO] [ShopBot] 跳过物品: equipment
[2026-05-21 23:37:29] [INFO] [ShopBot] 跳过物品: equipment
[2026-05-21 23:37:29] [INFO] [ShopBot] 货架处理完成，共购买 0 个物品
[2026-05-21 23:37:29] [INFO] [ShopBot] 第 0 次查看，购买 0 个物品
[2026-05-21 23:37:29] [INFO] [ShopBot] 滑动 (640, 400) -> (640, 150), 时长 0.3s
[2026-05-21 23:37:31] [DEBUG] [ShopBot] 整区 OCR 检测到 33 个文字块，5 行
[2026-05-21 23:37:31] [INFO] [ShopBot] 物品 0 (y=80-124): '妮可购买1次' → unknown (conf=0.00), 价格 0, 货币 gold, 购买按钮 @ (1192, 102)
[2026-05-21 23:37:31] [INFO] [ShopBot] 物品 1 (y=154-270): '55装备勇士的背甲戒指可购买1次' → equipment (conf=0.70), 价格 240000, 货币 gold, 购买按钮 @ (1192, 212)
[2026-05-21 23:37:31] [INFO] [ShopBot] 物品 2 (y=322-415): '装备勇士的背甲流星锤商人亚彼荷可购买1次' → equipment (conf=0.70), 价格 360000, 货币 gold, 购买按钮 @ (1192, 368)
[2026-05-21 23:37:31] [INFO] [ShopBot] 物品 3 (y=467-560): '70装备青龙红玉妮萨可购买1次' → equipment (conf=0.70), 价格 560000, 货币 gold, 购买按钮 @ (1192, 513)
[2026-05-21 23:37:31] [INFO] [ShopBot] 物品 4 (y=608-705): '英雄卡洛斯侦察兵奈汉库伊可购买1次' → unknown (conf=0.00), 价格 29000, 货币 gold, 购买按钮 @ (1192, 656)
[2026-05-21 23:37:31] [INFO] [ShopBot] 跳过物品: unknown
[2026-05-21 23:37:31] [INFO] [ShopBot] 跳过物品: equipment
[2026-05-21 23:37:31] [INFO] [ShopBot] 跳过物品: equipment
[2026-05-21 23:37:31] [INFO] [ShopBot] 跳过物品: equipment
[2026-05-21 23:37:31] [INFO] [ShopBot] 跳过物品: unknown
[2026-05-21 23:37:31] [INFO] [ShopBot] 货架处理完成，共购买 0 个物品
[2026-05-21 23:37:31] [INFO] [ShopBot] 第 1 次查看，购买 0 个物品
[2026-05-21 23:37:31] [INFO] [ShopBot] 滑动 (640, 400) -> (640, 150), 时长 0.3s
[2026-05-21 23:37:34] [DEBUG] [ShopBot] 整区 OCR 检测到 29 个文字块，4 行
[2026-05-21 23:37:34] [INFO] [ShopBot] 物品 0 (y=154-260): '55装备勇士的背甲戒指妮萨可购买1次' → equipment (conf=0.70), 价格 240000, 货币 gold, 购买按钮 @ (1192, 207)
[2026-05-21 23:37:34] [INFO] [ShopBot] 物品 1 (y=311-405): '装备勇士的背甲流星锤商人亚彼荷可购买1次' → equipment (conf=0.70), 价格 360000, 货币 gold, 购买按钮 @ (1192, 358)
[2026-05-21 23:37:34] [INFO] [ShopBot] 物品 2 (y=456-550): '70装备青龙红玉可购买1次' → equipment (conf=0.70), 价格 560000, 货币 gold, 购买按钮 @ (1192, 503)
[2026-05-21 23:37:34] [INFO] [ShopBot] 物品 3 (y=596-705): '英雄卡洛斯侦察兵奈汉库伊可购买1次' → unknown (conf=0.00), 价格 29000, 货币 gold, 购买按钮 @ (1192, 650)
[2026-05-21 23:37:34] [INFO] [ShopBot] 跳过物品: equipment
[2026-05-21 23:37:34] [INFO] [ShopBot] 跳过物品: equipment
[2026-05-21 23:37:34] [INFO] [ShopBot] 跳过物品: equipment
[2026-05-21 23:37:34] [INFO] [ShopBot] 跳过物品: unknown
[2026-05-21 23:37:34] [INFO] [ShopBot] 货架处理完成，共购买 0 个物品
[2026-05-21 23:37:34] [INFO] [ShopBot] 第 2 次查看，购买 0 个物品
[2026-05-21 23:37:34] [INFO] [ShopBot] 滑动 (640, 400) -> (640, 150), 时长 0.3s
[2026-05-21 23:37:36] [DEBUG] [ShopBot] 整区 OCR 检测到 29 个文字块，4 行
[2026-05-21 23:37:36] [INFO] [ShopBot] 物品 0 (y=154-260): '55装备勇士的背甲戒指妮萨可购买1次' → equipment (conf=0.70), 价格 240000, 货币 gold, 购买按钮 @ (1192, 207)
[2026-05-21 23:37:36] [INFO] [ShopBot] 物品 1 (y=311-405): '装备勇士的背甲流星锤商人亚彼荷可购买1次' → equipment (conf=0.70), 价格 360000, 货币 gold, 购买按钮 @ (1192, 358)
[2026-05-21 23:37:36] [INFO] [ShopBot] 物品 2 (y=456-550): '70装备青龙红玉可购买1次' → equipment (conf=0.70), 价格 560000, 货币 gold, 购买按钮 @ (1192, 503)
[2026-05-21 23:37:36] [INFO] [ShopBot] 物品 3 (y=602-705): '英雄卡洛斯侦察兵奈汉库伊可购买1次' → unknown (conf=0.00), 价格 29000, 货币 gold, 购买按钮 @ (1192, 653)
[2026-05-21 23:37:36] [INFO] [ShopBot] 已到达货架底部（第 3 次滑动后，识别结果无变化）
[2026-05-21 23:37:36] [INFO] [ShopBot] 寻找刷新按钮（第 1 次）
[2026-05-21 23:37:37] [DEBUG] [ShopBot] 找到刷新按钮 '立即更新' 在 (268, 659)
[2026-05-21 23:37:37] [INFO] [ShopBot] 点击刷新按钮 (268, 659)
[2026-05-21 23:37:37] [INFO] [ShopBot] 点击坐标 (268, 659)
[2026-05-21 23:37:38] [INFO] [ShopBot] 检测到刷新确认弹窗，点击确认 (748, 459)
[2026-05-21 23:37:38] [INFO] [ShopBot] 点击坐标 (748, 459)
[2026-05-21 23:37:39] [INFO] [ShopBot] 等待货架加载...
[2026-05-21 23:37:40] [INFO] [ShopBot] ===== 第 11 轮 =====
[2026-05-21 23:37:40] [INFO] [ShopBot] 滑动到货架顶部...
[2026-05-21 23:37:40] [INFO] [ShopBot] 滑动 (640, 150) -> (640, 400), 时长 0.3s
[2026-05-21 23:37:42] [DEBUG] [ShopBot] 整区 OCR 检测到 34 个文字块，4 行
[2026-05-21 23:37:42] [INFO] [ShopBot] 物品 0 (y=121-213): '货市友情点数诺诺里50' → unknown (conf=0.00), 价格 18000, 货币 gold, 购买按钮 @ (1192, 167)
[2026-05-21 23:37:42] [INFO] [ShopBot] 物品 1 (y=265-359): '70装备魔力龙兽骨刃剑商人亚彼荷可购买1次' → equipment (conf=0.70), 价格 380000, 货币 gold, 购买按钮 @ (1192, 312)
[2026-05-21 23:37:42] [INFO] [ShopBot] 物品 2 (y=411-503): '英雄守护者玛伊堤奈汉库伊可购买1次' → unknown (conf=0.00), 价格 29000, 货币 gold, 购买按钮 @ (1192, 457)
[2026-05-21 23:37:42] [INFO] [ShopBot] 物品 3 (y=555-705): '装备85深渊刀刃项链妮萨可购买1次' → equipment (conf=0.70), 价格 810000, 货币 gold, 购买按钮 @ (1192, 630)
[2026-05-21 23:37:42] [INFO] [ShopBot] 跳过物品: unknown
[2026-05-21 23:37:42] [INFO] [ShopBot] 跳过物品: equipment
[2026-05-21 23:37:42] [INFO] [ShopBot] 跳过物品: unknown
[2026-05-21 23:37:42] [INFO] [ShopBot] 跳过物品: equipment
[2026-05-21 23:37:42] [INFO] [ShopBot] 货架处理完成，共购买 0 个物品
[2026-05-21 23:37:42] [INFO] [ShopBot] 第 0 次查看，购买 0 个物品
[2026-05-21 23:37:42] [INFO] [ShopBot] 滑动 (640, 400) -> (640, 150), 时长 0.3s
[2026-05-21 23:37:44] [DEBUG] [ShopBot] 整区 OCR 检测到 11 个文字块，3 行
[2026-05-21 23:37:44] [INFO] [ShopBot] 物品 0 (y=115-171): '伊堤' → unknown (conf=0.00), 价格 0, 货币 gold, 购买按钮 @ (1192, 143)
[2026-05-21 23:37:44] [INFO] [ShopBot] 物品 1 (y=172-261): '' → unknown (conf=0.00), 价格 29000, 货币 gold, 购买按钮 @ (1192, 216)
[2026-05-21 23:37:44] [INFO] [ShopBot] 物品 2 (y=357-661): '' → unknown (conf=0.00), 价格 240000380000, 货币 gold, 购买按钮 @ (1192, 509)
[2026-05-21 23:37:44] [INFO] [ShopBot] 跳过物品: unknown
[2026-05-21 23:37:44] [INFO] [ShopBot] 跳过物品: unknown
[2026-05-21 23:37:44] [INFO] [ShopBot] 跳过物品: unknown
[2026-05-21 23:37:44] [INFO] [ShopBot] 货架处理完成，共购买 0 个物品
[2026-05-21 23:37:44] [INFO] [ShopBot] 第 1 次查看，购买 0 个物品
[2026-05-21 23:37:44] [INFO] [ShopBot] 滑动 (640, 400) -> (640, 150), 时长 0.3s
[2026-05-21 23:37:46] [DEBUG] [ShopBot] 整区 OCR 检测到 11 个文字块，3 行
[2026-05-21 23:37:46] [INFO] [ShopBot] 物品 0 (y=115-171): '伊堤' → unknown (conf=0.00), 价格 0, 货币 gold, 购买按钮 @ (1192, 143)
[2026-05-21 23:37:46] [INFO] [ShopBot] 物品 1 (y=172-261): '' → unknown (conf=0.00), 价格 29000, 货币 gold, 购买按钮 @ (1192, 216)
[2026-05-21 23:37:46] [INFO] [ShopBot] 物品 2 (y=357-661): '' → unknown (conf=0.00), 价格 240000380000, 货币 gold, 购买按钮 @ (1192, 509)
[2026-05-21 23:37:46] [INFO] [ShopBot] 已到达货架底部（第 2 次滑动后，识别结果无变化）
[2026-05-21 23:37:46] [INFO] [ShopBot] 寻找刷新按钮（第 1 次）
[2026-05-21 23:37:47] [WARNING] [ShopBot] 未找到刷新按钮（第 1 次）
[2026-05-21 23:37:47] [INFO] [ShopBot] 错误截图已保存: D:\software\7th\7th\screenshots\error\refresh_fail_1_20260521_233747.png
[2026-05-21 23:37:48] [WARNING] [ShopBot]   [诊断] 底部文字: [('3', '1.00')]
[2026-05-21 23:37:49] [INFO] [ShopBot] 寻找刷新按钮（第 2 次）
[2026-05-21 23:37:50] [WARNING] [ShopBot] 未找到刷新按钮（第 2 次）
[2026-05-21 23:37:50] [INFO] [ShopBot] 错误截图已保存: D:\software\7th\7th\screenshots\error\refresh_fail_2_20260521_233750.png
[2026-05-21 23:37:51] [WARNING] [ShopBot]   [诊断] 底部文字: [('3', '1.00')]
[2026-05-21 23:37:52] [ERROR] [ShopBot] 刷新失败，已重试 2 次
[2026-05-21 23:37:52] [ERROR] [ShopBot] 刷新货架失败，终止运行
[2026-05-21 23:37:52] [INFO] [ShopBot] ========== 运行统计 ==========
[2026-05-21 23:37:52] [INFO] [ShopBot] 总刷新次数: 10
[2026-05-21 23:37:52] [INFO] [ShopBot] 购买书签: 1
[2026-05-21 23:37:52] [INFO] [ShopBot] 购买神秘奖章: 0
[2026-05-21 23:37:52] [INFO] [ShopBot] 购买装备: 0
[2026-05-21 23:37:52] [INFO] [ShopBot] 天空石消耗: 30
[2026-05-21 23:37:52] [INFO] [ShopBot] 天空石余量: 0
[2026-05-21 23:37:52] [INFO] [ShopBot] ==============================
[2026-05-21 23:37:52] [INFO] [ShopBot] ShopBot 已停止
[2026-05-21 23:39:04] [INFO] [ShopBot] 配置已加载 - 设备: 127.0.0.1:16384, 截图: ADB, 控制: ADB
[2026-05-21 23:39:04] [INFO] [ShopBot] 购买列表 - 书签: True, 神秘奖章: True, 装备: False, 狗粮: False
[2026-05-21 23:39:04] [INFO] [ShopBot] 刷新上限: 200, 天空石阈值: 0, 金币阈值: 0, 书签上限: 不限, 神秘上限: 100, 天空石消耗上限: 不限
[2026-05-21 23:39:05] [INFO] [ShopBot] 正在启动 Web UI，监听 localhost:8080 ...
[2026-05-21 23:40:49] [INFO] [ShopBot] 正在连接设备 127.0.0.1:16384（第 1/3 次）
[2026-05-21 23:40:49] [INFO] [ShopBot] ShopBot 已启动
[2026-05-21 23:40:49] [INFO] [ShopBot] 设备连接成功: 127.0.0.1:16384
[2026-05-21 23:40:49] [INFO] [ShopBot] 开始导航至秘密商店（超时 30.0s）
[2026-05-21 23:40:50] [DEBUG] [ShopBot] 秘密商店检测: 导航顶部=51 导航中部=215 内容区=55
[2026-05-21 23:40:50] [INFO] [ShopBot] 场景检测: 秘密商店
[2026-05-21 23:40:50] [INFO] [ShopBot] 已到达秘密商店
[2026-05-21 23:40:50] [INFO] [ShopBot] ===== 启动校准 =====
[2026-05-21 23:40:50] [INFO] [ShopBot] 初始化 RapidOCR 引擎（首次加载约需数秒）...
[2026-05-21 23:40:51] [INFO] [ShopBot] RapidOCR 引擎就绪（耗时 0.4s）
[2026-05-21 23:40:51] [DEBUG] [ShopBot] 整区 OCR 检测到 31 个文字块，4 行
[2026-05-21 23:40:51] [INFO] [ShopBot] 物品 0 (y=80-187): '货币友情点数诺诺里50可购买1次' → unknown (conf=0.00), 价格 18000, 货币 gold, 购买按钮 @ (1192, 133)
[2026-05-21 23:40:51] [INFO] [ShopBot] 物品 1 (y=238-332): '70装备魔力龙兽骨刃剑商人亚彼荷可购买1次' → equipment (conf=0.70), 价格 380000, 货币 gold, 购买按钮 @ (1192, 285)
[2026-05-21 23:40:51] [INFO] [ShopBot] 物品 2 (y=385-477): '英雄守护者玛伊堤奈汉库伊可购买1次' → unknown (conf=0.00), 价格 29000, 货币 gold, 购买按钮 @ (1192, 431)
[2026-05-21 23:40:51] [INFO] [ShopBot] 物品 3 (y=528-622): '85装备深渊刀刃项链妮萨可购买1次' → equipment (conf=0.70), 价格 810000, 货币 gold, 购买按钮 @ (1192, 575)
[2026-05-21 23:40:51] [INFO] [ShopBot] 校准: 选择 '货币友情点数诺诺里50可购买1次' 价格 18000
[2026-05-21 23:40:51] [INFO] [ShopBot] 校准: 点击购买 @ (1192, 133)
[2026-05-21 23:40:51] [INFO] [ShopBot] 点击坐标 (1192, 133)
[2026-05-21 23:40:55] [WARNING] [ShopBot] 校准: 弹窗未出现，跳过校准
[2026-05-21 23:40:55] [INFO] [ShopBot] ===== 第 1 轮 =====
[2026-05-21 23:40:55] [INFO] [ShopBot] 滑动到货架顶部...
[2026-05-21 23:40:55] [INFO] [ShopBot] 滑动 (1100, 150) -> (1100, 400), 时长 0.3s
[2026-05-21 23:40:57] [DEBUG] [ShopBot] 整区 OCR 检测到 31 个文字块，4 行
[2026-05-21 23:40:57] [INFO] [ShopBot] 物品 0 (y=121-212): '货币友情点数诺诺里50可购买1次' → unknown (conf=0.00), 价格 18000, 货币 gold, 购买按钮 @ (1192, 166)
[2026-05-21 23:40:57] [INFO] [ShopBot] 物品 1 (y=264-358): '70装备魔力龙兽骨刃剑商人亚彼荷可购买1次' → equipment (conf=0.70), 价格 380000, 货币 gold, 购买按钮 @ (1192, 311)
[2026-05-21 23:40:57] [INFO] [ShopBot] 物品 2 (y=410-502): '英雄守护者玛伊堤可购买1次奈汉库伊' → unknown (conf=0.00), 价格 29000, 货币 gold, 购买按钮 @ (1192, 456)
[2026-05-21 23:40:57] [INFO] [ShopBot] 物品 3 (y=554-684): '装备85深渊刀刃项链妮萨可购买1次' → equipment (conf=0.70), 价格 810000, 货币 gold, 购买按钮 @ (1192, 619)
[2026-05-21 23:40:57] [INFO] [ShopBot] 跳过物品: unknown
[2026-05-21 23:40:57] [INFO] [ShopBot] 跳过物品: equipment
[2026-05-21 23:40:57] [INFO] [ShopBot] 跳过物品: unknown
[2026-05-21 23:40:57] [INFO] [ShopBot] 跳过物品: equipment
[2026-05-21 23:40:57] [INFO] [ShopBot] 货架处理完成，共购买 0 个物品
[2026-05-21 23:40:57] [INFO] [ShopBot] 第 0 次查看，购买 0 个物品
[2026-05-21 23:40:57] [INFO] [ShopBot] 滑动 (1100, 400) -> (1100, 150), 时长 0.3s
[2026-05-21 23:40:59] [DEBUG] [ShopBot] 整区 OCR 检测到 34 个文字块，5 行
[2026-05-21 23:40:59] [INFO] [ShopBot] 物品 0 (y=80-121): '可购买1次商人亚彼荷' → unknown (conf=0.00), 价格 0, 货币 gold, 购买按钮 @ (1192, 100)
[2026-05-21 23:40:59] [INFO] [ShopBot] 物品 1 (y=154-266): '英雄守护者玛伊堤奈汉库伊可购买1次' → unknown (conf=0.00), 价格 29000, 货币 gold, 购买按钮 @ (1192, 210)
[2026-05-21 23:40:59] [INFO] [ShopBot] 物品 2 (y=318-412): '85装备深渊刀刃项链妮萨可购买1次' → equipment (conf=0.70), 价格 810000, 货币 gold, 购买按钮 @ (1192, 365)
[2026-05-21 23:40:59] [INFO] [ShopBot] 物品 3 (y=463-557): '70装备蜘蛛君主的流星锤商人亚彼荷可购买1次' → equipment (conf=0.70), 价格 380000, 货币 gold, 购买按钮 @ (1192, 510)
[2026-05-21 23:40:59] [INFO] [ShopBot] 物品 4 (y=608-702): '装备灿烂精髓长袍商人亚彼荷可购买1次' → equipment (conf=0.70), 价格 240000, 货币 gold, 购买按钮 @ (1192, 655)
[2026-05-21 23:40:59] [INFO] [ShopBot] 跳过物品: unknown
[2026-05-21 23:40:59] [INFO] [ShopBot] 跳过物品: unknown
[2026-05-21 23:40:59] [INFO] [ShopBot] 跳过物品: equipment
[2026-05-21 23:40:59] [INFO] [ShopBot] 跳过物品: equipment
[2026-05-21 23:40:59] [INFO] [ShopBot] 跳过物品: equipment
[2026-05-21 23:40:59] [INFO] [ShopBot] 货架处理完成，共购买 0 个物品
[2026-05-21 23:40:59] [INFO] [ShopBot] 第 1 次查看，购买 0 个物品
[2026-05-21 23:40:59] [INFO] [ShopBot] 滑动 (1100, 400) -> (1100, 150), 时长 0.3s
[2026-05-21 23:41:01] [DEBUG] [ShopBot] 整区 OCR 检测到 31 个文字块，4 行
[2026-05-21 23:41:01] [INFO] [ShopBot] 物品 0 (y=154-259): '英雄守护者玛伊堤奈汉库伊可购买1次' → unknown (conf=0.00), 价格 29000, 货币 gold, 购买按钮 @ (1192, 206)
[2026-05-21 23:41:01] [INFO] [ShopBot] 物品 1 (y=311-405): '85装备深渊刀刃项链妮萨可购买1次' → equipment (conf=0.70), 价格 810000, 货币 gold, 购买按钮 @ (1192, 358)
[2026-05-21 23:41:01] [INFO] [ShopBot] 物品 2 (y=456-550): '70装备蜘蛛君主的流星锤商人亚彼荷可购买1次' → equipment (conf=0.70), 价格 380000, 货币 gold, 购买按钮 @ (1192, 503)
[2026-05-21 23:41:01] [INFO] [ShopBot] 物品 3 (y=601-695): '55装备灿烂精髓长袍商人亚彼荷可购买1次' → equipment (conf=0.70), 价格 240000, 货币 gold, 购买按钮 @ (1192, 648)
[2026-05-21 23:41:01] [INFO] [ShopBot] 跳过物品: unknown
[2026-05-21 23:41:01] [INFO] [ShopBot] 跳过物品: equipment
[2026-05-21 23:41:01] [INFO] [ShopBot] 跳过物品: equipment
[2026-05-21 23:41:01] [INFO] [ShopBot] 跳过物品: equipment
[2026-05-21 23:41:01] [INFO] [ShopBot] 货架处理完成，共购买 0 个物品
[2026-05-21 23:41:01] [INFO] [ShopBot] 第 2 次查看，购买 0 个物品
[2026-05-21 23:41:01] [INFO] [ShopBot] 滑动 (1100, 400) -> (1100, 150), 时长 0.3s
[2026-05-21 23:41:04] [DEBUG] [ShopBot] 整区 OCR 检测到 31 个文字块，4 行
[2026-05-21 23:41:04] [INFO] [ShopBot] 物品 0 (y=154-259): '英雄守护者玛伊堤奈汉库伊可购买1次' → unknown (conf=0.00), 价格 29000, 货币 gold, 购买按钮 @ (1192, 206)
[2026-05-21 23:41:04] [INFO] [ShopBot] 物品 1 (y=311-405): '85装备深渊刀刃项链妮萨可购买1次' → equipment (conf=0.70), 价格 810000, 货币 gold, 购买按钮 @ (1192, 358)
[2026-05-21 23:41:04] [INFO] [ShopBot] 物品 2 (y=456-550): '70装备蜘蛛君主的流星锤商人亚彼荷可购买1次' → equipment (conf=0.70), 价格 380000, 货币 gold, 购买按钮 @ (1192, 503)
[2026-05-21 23:41:04] [INFO] [ShopBot] 物品 3 (y=601-695): '55装备灿烂精髓长袍商人亚彼荷可购买1次' → equipment (conf=0.70), 价格 240000, 货币 gold, 购买按钮 @ (1192, 648)
[2026-05-21 23:41:04] [INFO] [ShopBot] 已到达货架底部（第 3 次滑动后，识别结果无变化）
[2026-05-21 23:41:04] [INFO] [ShopBot] 寻找刷新按钮（第 1 次）
[2026-05-21 23:41:05] [DEBUG] [ShopBot] 找到刷新按钮 '立即更新' 在 (268, 659)
[2026-05-21 23:41:05] [INFO] [ShopBot] 点击刷新按钮 (268, 659)
[2026-05-21 23:41:05] [INFO] [ShopBot] 点击坐标 (268, 659)
[2026-05-21 23:41:07] [INFO] [ShopBot] 检测到刷新确认弹窗，点击确认 (748, 460)
[2026-05-21 23:41:07] [INFO] [ShopBot] 点击坐标 (748, 460)
[2026-05-21 23:41:07] [INFO] [ShopBot] 等待货架加载...
[2026-05-21 23:41:08] [INFO] [ShopBot] ===== 第 2 轮 =====
[2026-05-21 23:41:08] [INFO] [ShopBot] 滑动到货架顶部...
[2026-05-21 23:41:08] [INFO] [ShopBot] 滑动 (1100, 150) -> (1100, 400), 时长 0.3s
[2026-05-21 23:41:10] [DEBUG] [ShopBot] 整区 OCR 检测到 30 个文字块，5 行
[2026-05-21 23:41:10] [INFO] [ShopBot] 物品 0 (y=112-204): '装备蓝宝石戒指可购买1次' → equipment (conf=0.70), 价格 240000, 货币 gold, 购买按钮 @ (1192, 158)
[2026-05-21 23:41:10] [INFO] [ShopBot] 物品 1 (y=256-348): '英雄提雷尔弓兵奈汉库伊可购买1次' → equipment (conf=0.65), 价格 29000, 货币 gold, 购买按钮 @ (1192, 302)
[2026-05-21 23:41:10] [INFO] [ShopBot] 物品 2 (y=400-494): '55装备啤叫龙兽骨刃剑商人亚彼荷可购买1次' → equipment (conf=0.70), 价格 360000, 货币 gold, 购买按钮 @ (1192, 447)
[2026-05-21 23:41:10] [INFO] [ShopBot] 物品 3 (y=545-639): '55装备勇士的背甲靴子商人亚彼荷可购买1次' → equipment (conf=0.70), 价格 240000, 货币 gold, 购买按钮 @ (1192, 592)
[2026-05-21 23:41:10] [INFO] [ShopBot] 物品 4 (y=642-705): '壮冬' → unknown (conf=0.00), 价格 0, 货币 gold, 购买按钮 @ (1192, 673)
[2026-05-21 23:41:10] [INFO] [ShopBot] 跳过物品: equipment
[2026-05-21 23:41:10] [INFO] [ShopBot] 跳过物品: equipment
[2026-05-21 23:41:10] [INFO] [ShopBot] 跳过物品: equipment
[2026-05-21 23:41:10] [INFO] [ShopBot] 跳过物品: equipment
[2026-05-21 23:41:10] [INFO] [ShopBot] 跳过物品: unknown
[2026-05-21 23:41:10] [INFO] [ShopBot] 货架处理完成，共购买 0 个物品
[2026-05-21 23:41:10] [INFO] [ShopBot] 第 0 次查看，购买 0 个物品
[2026-05-21 23:41:10] [INFO] [ShopBot] 滑动 (1100, 400) -> (1100, 150), 时长 0.3s
[2026-05-21 23:41:12] [DEBUG] [ShopBot] 整区 OCR 检测到 31 个文字块，4 行
[2026-05-21 23:41:12] [INFO] [ShopBot] 物品 0 (y=154-260): '55装备啤叫龙兽骨刃剑商人亚彼荷可购买1次' → equipment (conf=0.70), 价格 360000, 货币 gold, 购买按钮 @ (1192, 207)
[2026-05-21 23:41:12] [INFO] [ShopBot] 物品 1 (y=311-405): '55装备勇士的背甲靴子商人亚彼荷可购买1次' → equipment (conf=0.70), 价格 240000, 货币 gold, 购买按钮 @ (1192, 358)
[2026-05-21 23:41:12] [INFO] [ShopBot] 物品 2 (y=456-550): '55装备勇士的背甲戒指可购买1次' → equipment (conf=0.70), 价格 240000, 货币 gold, 购买按钮 @ (1192, 503)
[2026-05-21 23:41:12] [INFO] [ShopBot] 物品 3 (y=596-705): '55装备奥利哈钢靴子商人亚彼荷可购买1次' → equipment (conf=0.70), 价格 240000, 货币 gold, 购买按钮 @ (1192, 650)
[2026-05-21 23:41:12] [INFO] [ShopBot] 跳过物品: equipment
[2026-05-21 23:41:12] [INFO] [ShopBot] 跳过物品: equipment
[2026-05-21 23:41:12] [INFO] [ShopBot] 跳过物品: equipment
[2026-05-21 23:41:12] [INFO] [ShopBot] 跳过物品: equipment
[2026-05-21 23:41:12] [INFO] [ShopBot] 货架处理完成，共购买 0 个物品
[2026-05-21 23:41:12] [INFO] [ShopBot] 第 1 次查看，购买 0 个物品
[2026-05-21 23:41:12] [INFO] [ShopBot] 滑动 (1100, 400) -> (1100, 150), 时长 0.3s
[2026-05-21 23:41:12] [INFO] [ShopBot] ShopBot 收到停止请求，将在当前循环结束后停止
[2026-05-21 23:41:14] [DEBUG] [ShopBot] 整区 OCR 检测到 31 个文字块，4 行
[2026-05-21 23:41:14] [INFO] [ShopBot] 物品 0 (y=154-260): '55装备啤叫龙兽骨刃剑商人亚彼荷可购买1次' → equipment (conf=0.70), 价格 360000, 货币 gold, 购买按钮 @ (1192, 207)
[2026-05-21 23:41:14] [INFO] [ShopBot] 物品 1 (y=311-405): '55装备勇士的背甲靴子商人亚彼荷可购买1次' → equipment (conf=0.70), 价格 240000, 货币 gold, 购买按钮 @ (1192, 358)
[2026-05-21 23:41:14] [INFO] [ShopBot] 物品 2 (y=456-550): '55装备勇士的背甲戒指可购买1次' → equipment (conf=0.70), 价格 240000, 货币 gold, 购买按钮 @ (1192, 503)
[2026-05-21 23:41:14] [INFO] [ShopBot] 物品 3 (y=601-705): '55装备奥利哈钢靴子商人亚彼荷可购买1次' → equipment (conf=0.70), 价格 240000, 货币 gold, 购买按钮 @ (1192, 653)
[2026-05-21 23:41:14] [INFO] [ShopBot] 已到达货架底部（第 2 次滑动后，识别结果无变化）
[2026-05-21 23:41:14] [INFO] [ShopBot] ========== 运行统计 ==========
[2026-05-21 23:41:14] [INFO] [ShopBot] 总刷新次数: 1
[2026-05-21 23:41:14] [INFO] [ShopBot] 购买书签: 0
[2026-05-21 23:41:14] [INFO] [ShopBot] 购买神秘奖章: 0
[2026-05-21 23:41:14] [INFO] [ShopBot] 购买装备: 0
[2026-05-21 23:41:14] [INFO] [ShopBot] 天空石消耗: 3
[2026-05-21 23:41:14] [INFO] [ShopBot] 天空石余量: 0
[2026-05-21 23:41:14] [INFO] [ShopBot] ==============================
[2026-05-21 23:41:14] [INFO] [ShopBot] ShopBot 已停止
[2026-05-22 00:55:00] [INFO] [ShopBot] 正在连接设备 127.0.0.1:16384（第 1/3 次）
[2026-05-22 00:55:00] [INFO] [ShopBot] ShopBot 已启动
[2026-05-22 00:55:00] [INFO] [ShopBot] 设备连接成功: 127.0.0.1:16384
[2026-05-22 00:55:00] [INFO] [ShopBot] 开始导航至秘密商店（超时 30.0s）
[2026-05-22 00:55:00] [DEBUG] [ShopBot] 大厅检测: 导航顶部=178 内容区=198
[2026-05-22 00:55:00] [INFO] [ShopBot] 场景检测: 游戏大厅
[2026-05-22 00:55:00] [INFO] [ShopBot] 从大厅点击左侧导航栏的秘密商店入口
[2026-05-22 00:55:00] [INFO] [ShopBot] 点击 (69, 312) @ SECRET_SHOP_ENTRANCE_BTN
[2026-05-22 00:55:02] [DEBUG] [ShopBot] 秘密商店检测: 导航顶部=51 导航中部=213 内容区=60
[2026-05-22 00:55:02] [INFO] [ShopBot] 场景检测: 秘密商店
[2026-05-22 00:55:02] [INFO] [ShopBot] 已到达秘密商店
[2026-05-22 00:55:02] [INFO] [ShopBot] ===== 启动校准 =====
[2026-05-22 00:55:03] [DEBUG] [ShopBot] 整区 OCR 检测到 31 个文字块，4 行
[2026-05-22 00:55:03] [INFO] [ShopBot] 物品 0 (y=80-187): '装备85被诅咒的恶魔戒指妮萨可购买1次' → equipment (conf=0.70), 价格 540000, 货币 gold, 购买按钮 @ (1192, 133)
[2026-05-22 00:55:03] [INFO] [ShopBot] 物品 1 (y=238-332): '85装备不屈的蜘蛛英雄胸甲商人亚彼荷可购买1次' → equipment (conf=0.70), 价格 810000, 货币 gold, 购买按钮 @ (1192, 285)
[2026-05-22 00:55:03] [INFO] [ShopBot] 物品 2 (y=383-477): '装备破灭精髓长袍商人亚彼荷可购买1次' → equipment (conf=0.70), 价格 380000, 货币 gold, 购买按钮 @ (1192, 430)
[2026-05-22 00:55:03] [INFO] [ShopBot] 物品 3 (y=528-670): '70装备不祥的恶魔之双刃剑可购买1次商人亚彼荷' → equipment (conf=0.70), 价格 380000, 货币 gold, 购买按钮 @ (1192, 599)
[2026-05-22 00:55:03] [INFO] [ShopBot] 校准: 选择 '装备破灭精髓长袍商人亚彼荷可购买1次' 价格 380000
[2026-05-22 00:55:03] [INFO] [ShopBot] 校准: 点击购买 @ (1192, 430)
[2026-05-22 00:55:03] [INFO] [ShopBot] 点击坐标 (1192, 430)
[2026-05-22 00:55:05] [DEBUG] [ShopBot] 找到按钮 '取消' 在 (424, 512)
[2026-05-22 00:55:05] [INFO] [ShopBot] 校准: 弹窗已出现
[2026-05-22 00:55:06] [INFO] [ShopBot] 校准: 点击取消 (424, 511)
[2026-05-22 00:55:06] [INFO] [ShopBot] 点击坐标 (424, 511)
[2026-05-22 00:55:07] [DEBUG] [ShopBot] 找到按钮 '取消' 在 (424, 512)
[2026-05-22 00:55:07] [INFO] [ShopBot] 校准: 弹窗未关闭，再点取消
[2026-05-22 00:55:07] [INFO] [ShopBot] 点击坐标 (424, 511)
[2026-05-22 00:55:08] [INFO] [ShopBot] 校准: 弹窗已关闭
[2026-05-22 00:55:08] [INFO] [ShopBot] ===== 第 2 轮 =====
[2026-05-22 00:55:08] [INFO] [ShopBot] 滑动到货架顶部...
[2026-05-22 00:55:08] [INFO] [ShopBot] 滑动 (1100, 150) -> (1100, 400), 时长 0.3s
[2026-05-22 00:55:10] [DEBUG] [ShopBot] 整区 OCR 检测到 31 个文字块，4 行
[2026-05-22 00:55:10] [INFO] [ShopBot] 物品 0 (y=120-211): '85装备被诅咒的恶魔戒指妮萨可购买1次' → equipment (conf=0.70), 价格 540000, 货币 gold, 购买按钮 @ (1192, 165)
[2026-05-22 00:55:10] [INFO] [ShopBot] 物品 1 (y=263-356): '85装备不屈的蜘蛛英雄胸甲商人亚彼荷可购买1次' → equipment (conf=0.70), 价格 810000, 货币 gold, 购买按钮 @ (1192, 309)
[2026-05-22 00:55:10] [INFO] [ShopBot] 物品 2 (y=408-501): '装备破灭精髓长袍商人亚彼荷可购买1次' → equipment (conf=0.70), 价格 380000, 货币 gold, 购买按钮 @ (1192, 454)
[2026-05-22 00:55:10] [INFO] [ShopBot] 物品 3 (y=553-647): '70装备不祥的恶魔之双刃剑商人亚彼荷可购买1次' → equipment (conf=0.70), 价格 380000, 货币 gold, 购买按钮 @ (1192, 600)
[2026-05-22 00:55:10] [INFO] [ShopBot] 跳过物品: equipment
[2026-05-22 00:55:10] [INFO] [ShopBot] 跳过物品: equipment
[2026-05-22 00:55:10] [INFO] [ShopBot] 跳过物品: equipment
[2026-05-22 00:55:10] [INFO] [ShopBot] 跳过物品: equipment
[2026-05-22 00:55:10] [INFO] [ShopBot] 货架处理完成，共购买 0 个物品
[2026-05-22 00:55:10] [INFO] [ShopBot] 第 0 次查看，购买 0 个物品
[2026-05-22 00:55:10] [INFO] [ShopBot] 滑动 (1100, 400) -> (1100, 150), 时长 0.3s
[2026-05-22 00:55:12] [INFO] [ShopBot] ShopBot 收到停止请求，将在当前循环结束后停止
[2026-05-22 00:55:13] [DEBUG] [ShopBot] 整区 OCR 检测到 30 个文字块，4 行
[2026-05-22 00:55:13] [INFO] [ShopBot] 物品 0 (y=154-260): '装备破灭精髓长袍商人亚彼荷可购买1次' → equipment (conf=0.70), 价格 380000, 货币 gold, 购买按钮 @ (1192, 207)
[2026-05-22 00:55:13] [INFO] [ShopBot] 物品 1 (y=311-405): '70装备不祥的恶魔之双刃剑商人亚彼荷可购买1次' → equipment (conf=0.70), 价格 380000, 货币 gold, 购买按钮 @ (1192, 358)
[2026-05-22 00:55:13] [INFO] [ShopBot] 物品 2 (y=456-550): '货币友情点数诺诺里50可购买1次' → unknown (conf=0.00), 价格 18000, 货币 gold, 购买按钮 @ (1192, 503)
[2026-05-22 00:55:13] [INFO] [ShopBot] 物品 3 (y=602-705): '英雄青苔陆龟奈汉库伊可购买1次' → unknown (conf=0.00), 价格 29000, 货币 gold, 购买按钮 @ (1192, 653)
[2026-05-22 00:55:13] [INFO] [ShopBot] 跳过物品: equipment
[2026-05-22 00:55:13] [INFO] [ShopBot] 跳过物品: equipment
[2026-05-22 00:55:13] [INFO] [ShopBot] 跳过物品: unknown
[2026-05-22 00:55:13] [INFO] [ShopBot] 跳过物品: unknown
[2026-05-22 00:55:13] [INFO] [ShopBot] 货架处理完成，共购买 0 个物品
[2026-05-22 00:55:13] [INFO] [ShopBot] 第 1 次查看，购买 0 个物品
[2026-05-22 00:55:13] [INFO] [ShopBot] ========== 运行统计 ==========
[2026-05-22 00:55:13] [INFO] [ShopBot] 总刷新次数: 1
[2026-05-22 00:55:13] [INFO] [ShopBot] 购买书签: 0
[2026-05-22 00:55:13] [INFO] [ShopBot] 购买神秘奖章: 0
[2026-05-22 00:55:13] [INFO] [ShopBot] 购买装备: 0
[2026-05-22 00:55:13] [INFO] [ShopBot] 天空石消耗: 3
[2026-05-22 00:55:13] [INFO] [ShopBot] 天空石余量: 0
[2026-05-22 00:55:13] [INFO] [ShopBot] ==============================
[2026-05-22 00:55:13] [INFO] [ShopBot] ShopBot 已停止
[2026-05-22 00:55:23] [INFO] [ShopBot] 正在连接设备 127.0.0.1:16384（第 1/3 次）
[2026-05-22 00:55:23] [INFO] [ShopBot] ShopBot 已启动
[2026-05-22 00:55:23] [INFO] [ShopBot] 设备连接成功: 127.0.0.1:16384
[2026-05-22 00:55:23] [INFO] [ShopBot] 开始导航至秘密商店（超时 30.0s）
[2026-05-22 00:55:23] [DEBUG] [ShopBot] 秘密商店检测: 导航顶部=51 导航中部=216 内容区=56
[2026-05-22 00:55:23] [INFO] [ShopBot] 场景检测: 秘密商店
[2026-05-22 00:55:23] [INFO] [ShopBot] 已到达秘密商店
[2026-05-22 00:55:23] [INFO] [ShopBot] ===== 启动校准 =====
[2026-05-22 00:55:24] [DEBUG] [ShopBot] 整区 OCR 检测到 30 个文字块，4 行
[2026-05-22 00:55:24] [INFO] [ShopBot] 物品 0 (y=154-260): '装备破灭精髓长袍商人亚彼荷可购买1次' → equipment (conf=0.70), 价格 380000, 货币 gold, 购买按钮 @ (1192, 207)
[2026-05-22 00:55:24] [INFO] [ShopBot] 物品 1 (y=311-405): '70装备不祥的恶魔之双刃剑商人亚彼荷可购买1次' → equipment (conf=0.70), 价格 380000, 货币 gold, 购买按钮 @ (1192, 358)
[2026-05-22 00:55:24] [INFO] [ShopBot] 物品 2 (y=456-550): '货币友情点数诺诺里50可购买1次' → unknown (conf=0.00), 价格 18000, 货币 gold, 购买按钮 @ (1192, 503)
[2026-05-22 00:55:24] [INFO] [ShopBot] 物品 3 (y=602-705): '英雄青苔陆龟奈汉库伊可购买1次' → unknown (conf=0.00), 价格 29000, 货币 gold, 购买按钮 @ (1192, 653)
[2026-05-22 00:55:24] [INFO] [ShopBot] 校准: 选择 '货币友情点数诺诺里50可购买1次' 价格 18000
[2026-05-22 00:55:24] [INFO] [ShopBot] 校准: 点击购买 @ (1192, 503)
[2026-05-22 00:55:24] [INFO] [ShopBot] 点击坐标 (1192, 503)
[2026-05-22 00:55:25] [DEBUG] [ShopBot] 找到按钮 '取消' 在 (481, 524)
[2026-05-22 00:55:25] [INFO] [ShopBot] 校准: 弹窗已出现
[2026-05-22 00:55:26] [DEBUG] [ShopBot] 找到按钮 '购买' 在 (818, 524)
[2026-05-22 00:55:26] [INFO] [ShopBot] 校准: '购买' OCR=(817,524) 默认=(818, 508) 偏差=(-1,16) 16px ✓
[2026-05-22 00:55:26] [INFO] [ShopBot] 校准: 点击取消 (481, 524)
[2026-05-22 00:55:26] [INFO] [ShopBot] 点击坐标 (481, 524)
[2026-05-22 00:55:27] [DEBUG] [ShopBot] 找到按钮 '取消' 在 (481, 524)
[2026-05-22 00:55:27] [INFO] [ShopBot] 校准: 弹窗未关闭，再点取消
[2026-05-22 00:55:27] [INFO] [ShopBot] 点击坐标 (481, 524)
[2026-05-22 00:55:28] [INFO] [ShopBot] 校准: 弹窗已关闭
[2026-05-22 00:55:28] [INFO] [ShopBot] ===== 第 2 轮 =====
[2026-05-22 00:55:28] [INFO] [ShopBot] 滑动到货架顶部...
[2026-05-22 00:55:28] [INFO] [ShopBot] 滑动 (1100, 150) -> (1100, 400), 时长 0.3s
[2026-05-22 00:55:30] [DEBUG] [ShopBot] 整区 OCR 检测到 32 个文字块，5 行
[2026-05-22 00:55:30] [INFO] [ShopBot] 物品 0 (y=80-179): '85装备被诅咒的恶魔戒指可购买1次' → equipment (conf=0.70), 价格 540000, 货币 gold, 购买按钮 @ (1192, 129)
[2026-05-22 00:55:30] [INFO] [ShopBot] 物品 1 (y=226-320): '85装备不屈的蜘蛛英雄胸甲商人亚彼荷可购买1次' → equipment (conf=0.70), 价格 810000, 货币 gold, 购买按钮 @ (1192, 273)
[2026-05-22 00:55:30] [INFO] [ShopBot] 物品 2 (y=371-465): '装备破灭精髓长袍商人亚彼荷可购买1次' → equipment (conf=0.70), 价格 380000, 货币 gold, 购买按钮 @ (1192, 418)
[2026-05-22 00:55:30] [INFO] [ShopBot] 物品 3 (y=516-610): '装备70不祥的恶魔之双刃剑商人亚彼荷可购买1次' → equipment (conf=0.70), 价格 380000, 货币 gold, 购买按钮 @ (1192, 563)
[2026-05-22 00:55:30] [INFO] [ShopBot] 物品 4 (y=645-705): '货币' → unknown (conf=0.00), 价格 18000, 货币 gold, 购买按钮 @ (1192, 675)
[2026-05-22 00:55:30] [INFO] [ShopBot] 跳过物品: equipment
[2026-05-22 00:55:30] [INFO] [ShopBot] 跳过物品: equipment
[2026-05-22 00:55:30] [INFO] [ShopBot] 跳过物品: equipment
[2026-05-22 00:55:30] [INFO] [ShopBot] 跳过物品: equipment
[2026-05-22 00:55:30] [INFO] [ShopBot] 跳过物品: unknown
[2026-05-22 00:55:30] [INFO] [ShopBot] 货架处理完成，共购买 0 个物品
[2026-05-22 00:55:30] [INFO] [ShopBot] 第 0 次查看，购买 0 个物品
[2026-05-22 00:55:30] [INFO] [ShopBot] 滑动 (1100, 400) -> (1100, 150), 时长 0.3s
[2026-05-22 00:55:33] [DEBUG] [ShopBot] 整区 OCR 检测到 30 个文字块，4 行
[2026-05-22 00:55:33] [INFO] [ShopBot] 物品 0 (y=154-260): '装备破灭精髓长袍商人亚彼荷可购买1次' → equipment (conf=0.70), 价格 380000, 货币 gold, 购买按钮 @ (1192, 207)
[2026-05-22 00:55:33] [INFO] [ShopBot] 物品 1 (y=311-405): '70装备不祥的恶魔之双刃剑商人亚彼荷可购买1次' → equipment (conf=0.70), 价格 380000, 货币 gold, 购买按钮 @ (1192, 358)
[2026-05-22 00:55:33] [INFO] [ShopBot] 物品 2 (y=456-550): '货币友情点数诺诺里50可购买1次' → unknown (conf=0.00), 价格 18000, 货币 gold, 购买按钮 @ (1192, 503)
[2026-05-22 00:55:33] [INFO] [ShopBot] 物品 3 (y=602-705): '英雄青苔陆龟奈汉库伊可购买1次' → unknown (conf=0.00), 价格 29000, 货币 gold, 购买按钮 @ (1192, 653)
[2026-05-22 00:55:33] [INFO] [ShopBot] 跳过物品: equipment
[2026-05-22 00:55:33] [INFO] [ShopBot] 跳过物品: equipment
[2026-05-22 00:55:33] [INFO] [ShopBot] 跳过物品: unknown
[2026-05-22 00:55:33] [INFO] [ShopBot] 跳过物品: unknown
[2026-05-22 00:55:33] [INFO] [ShopBot] 货架处理完成，共购买 0 个物品
[2026-05-22 00:55:33] [INFO] [ShopBot] 第 1 次查看，购买 0 个物品
[2026-05-22 00:55:33] [INFO] [ShopBot] 滑动 (1100, 400) -> (1100, 150), 时长 0.3s
[2026-05-22 00:55:35] [DEBUG] [ShopBot] 整区 OCR 检测到 30 个文字块，4 行
[2026-05-22 00:55:35] [INFO] [ShopBot] 物品 0 (y=154-260): '装备破灭精髓长袍商人亚彼荷可购买1次' → equipment (conf=0.70), 价格 380000, 货币 gold, 购买按钮 @ (1192, 207)
[2026-05-22 00:55:35] [INFO] [ShopBot] 物品 1 (y=311-405): '70装备不祥的恶魔之双刃剑商人亚彼荷可购买1次' → equipment (conf=0.70), 价格 380000, 货币 gold, 购买按钮 @ (1192, 358)
[2026-05-22 00:55:35] [INFO] [ShopBot] 物品 2 (y=456-550): '货币友情点数诺诺里50可购买1次' → unknown (conf=0.00), 价格 18000, 货币 gold, 购买按钮 @ (1192, 503)
[2026-05-22 00:55:35] [INFO] [ShopBot] 物品 3 (y=602-705): '英雄青苔陆龟奈汉库伊可购买1次' → unknown (conf=0.00), 价格 29000, 货币 gold, 购买按钮 @ (1192, 653)
[2026-05-22 00:55:35] [INFO] [ShopBot] 已到达货架底部（第 2 次滑动后，识别结果无变化）
[2026-05-22 00:55:35] [INFO] [ShopBot] 寻找刷新按钮（第 1 次）
[2026-05-22 00:55:36] [DEBUG] [ShopBot] 找到刷新按钮 '立即更新' 在 (268, 659)
[2026-05-22 00:55:36] [INFO] [ShopBot] 点击刷新按钮 (268, 659)
[2026-05-22 00:55:36] [INFO] [ShopBot] 点击坐标 (268, 659)
[2026-05-22 00:55:38] [INFO] [ShopBot] 检测到刷新确认弹窗，点击确认 (748, 459)
[2026-05-22 00:55:38] [INFO] [ShopBot] 点击坐标 (748, 459)
[2026-05-22 00:55:38] [INFO] [ShopBot] 等待货架加载...
[2026-05-22 00:55:39] [INFO] [ShopBot] ===== 第 3 轮 =====
[2026-05-22 00:55:39] [INFO] [ShopBot] 滑动到货架顶部...
[2026-05-22 00:55:39] [INFO] [ShopBot] 滑动 (1100, 150) -> (1100, 400), 时长 0.3s
[2026-05-22 00:55:41] [DEBUG] [ShopBot] 整区 OCR 检测到 29 个文字块，5 行
[2026-05-22 00:55:41] [INFO] [ShopBot] 物品 0 (y=118-209): '英雄泰拉纳德巡逻兵奈汉库伊可购买1次' → unknown (conf=0.00), 价格 29000, 货币 gold, 购买按钮 @ (1192, 163)
[2026-05-22 00:55:41] [INFO] [ShopBot] 物品 1 (y=262-354): '英雄伍迪小恶魔奈汉库伊可购买1次' → unknown (conf=0.00), 价格 29000, 货币 gold, 购买按钮 @ (1192, 308)
[2026-05-22 00:55:41] [INFO] [ShopBot] 物品 2 (y=406-500): '70装备不祥的恶魔之双刃剑商人亚彼荷可购买1次' → equipment (conf=0.70), 价格 560000, 货币 gold, 购买按钮 @ (1192, 453)
[2026-05-22 00:55:41] [INFO] [ShopBot] 物品 3 (y=552-645): '英雄太阳种子奈汉库伊可购买1次' → unknown (conf=0.00), 价格 29000, 货币 gold, 购买按钮 @ (1192, 598)
[2026-05-22 00:55:41] [INFO] [ShopBot] 物品 4 (y=646-705): '' → unknown (conf=0.00), 价格 0, 货币 gold, 购买按钮 @ (1192, 675)
[2026-05-22 00:55:41] [INFO] [ShopBot] 跳过物品: unknown
[2026-05-22 00:55:41] [INFO] [ShopBot] 跳过物品: unknown
[2026-05-22 00:55:41] [INFO] [ShopBot] 跳过物品: equipment
[2026-05-22 00:55:41] [INFO] [ShopBot] 跳过物品: unknown
[2026-05-22 00:55:41] [INFO] [ShopBot] 跳过物品: unknown
[2026-05-22 00:55:41] [INFO] [ShopBot] 货架处理完成，共购买 0 个物品
[2026-05-22 00:55:41] [INFO] [ShopBot] 第 0 次查看，购买 0 个物品
[2026-05-22 00:55:41] [INFO] [ShopBot] 滑动 (1100, 400) -> (1100, 150), 时长 0.3s
[2026-05-22 00:55:43] [DEBUG] [ShopBot] 整区 OCR 检测到 34 个文字块，5 行
[2026-05-22 00:55:43] [INFO] [ShopBot] 物品 0 (y=80-126): '奈汉库伊可购买1次' → unknown (conf=0.00), 价格 0, 货币 gold, 购买按钮 @ (1192, 103)
[2026-05-22 00:55:43] [INFO] [ShopBot] 物品 1 (y=154-272): '70装备不祥的恶魔之双刃剑商人亚彼荷可购买1次' → equipment (conf=0.70), 价格 560000, 货币 gold, 购买按钮 @ (1192, 213)
[2026-05-22 00:55:43] [INFO] [ShopBot] 物品 2 (y=325-417): '英雄太阳种子奈汉库伊可购买1次' → unknown (conf=0.00), 价格 29000, 货币 gold, 购买按钮 @ (1192, 371)
[2026-05-22 00:55:43] [INFO] [ShopBot] 物品 3 (y=468-562): '55装备蓝宝石项链可购买1次妮萨' → equipment (conf=0.70), 价格 240000, 货币 gold, 购买按钮 @ (1192, 515)
[2026-05-22 00:55:43] [INFO] [ShopBot] 物品 4 (y=597-705): '装备70钻石项链可购买1次' → equipment (conf=0.70), 价格 560000, 货币 gold, 购买按钮 @ (1192, 651)
[2026-05-22 00:55:43] [INFO] [ShopBot] 跳过物品: unknown
[2026-05-22 00:55:43] [INFO] [ShopBot] 跳过物品: equipment
[2026-05-22 00:55:43] [INFO] [ShopBot] 跳过物品: unknown
[2026-05-22 00:55:43] [INFO] [ShopBot] 跳过物品: equipment
[2026-05-22 00:55:43] [INFO] [ShopBot] 跳过物品: equipment
[2026-05-22 00:55:43] [INFO] [ShopBot] 货架处理完成，共购买 0 个物品
[2026-05-22 00:55:43] [INFO] [ShopBot] 第 1 次查看，购买 0 个物品
[2026-05-22 00:55:43] [INFO] [ShopBot] 滑动 (1100, 400) -> (1100, 150), 时长 0.3s
[2026-05-22 00:55:46] [DEBUG] [ShopBot] 整区 OCR 检测到 30 个文字块，4 行
[2026-05-22 00:55:46] [INFO] [ShopBot] 物品 0 (y=154-260): '70装备不祥的恶魔之双刃剑商人亚彼荷可购买1次' → equipment (conf=0.70), 价格 560000, 货币 gold, 购买按钮 @ (1192, 207)
[2026-05-22 00:55:46] [INFO] [ShopBot] 物品 1 (y=313-405): '英雄太阳种子奈汉库伊可购买1次' → unknown (conf=0.00), 价格 29000, 货币 gold, 购买按钮 @ (1192, 359)
[2026-05-22 00:55:46] [INFO] [ShopBot] 物品 2 (y=456-550): '55装备蓝宝石项链可购买1次' → equipment (conf=0.70), 价格 240000, 货币 gold, 购买按钮 @ (1192, 503)
[2026-05-22 00:55:46] [INFO] [ShopBot] 物品 3 (y=600-705): '70装备钻石项链妮萨可购买1次' → equipment (conf=0.70), 价格 560000, 货币 gold, 购买按钮 @ (1192, 652)
[2026-05-22 00:55:46] [INFO] [ShopBot] 跳过物品: equipment
[2026-05-22 00:55:46] [INFO] [ShopBot] 跳过物品: unknown
[2026-05-22 00:55:46] [INFO] [ShopBot] 跳过物品: equipment
[2026-05-22 00:55:46] [INFO] [ShopBot] 跳过物品: equipment
[2026-05-22 00:55:46] [INFO] [ShopBot] 货架处理完成，共购买 0 个物品
[2026-05-22 00:55:46] [INFO] [ShopBot] 第 2 次查看，购买 0 个物品
[2026-05-22 00:55:46] [INFO] [ShopBot] 滑动 (1100, 400) -> (1100, 150), 时长 0.3s
[2026-05-22 00:55:49] [DEBUG] [ShopBot] 整区 OCR 检测到 30 个文字块，4 行
[2026-05-22 00:55:49] [INFO] [ShopBot] 物品 0 (y=154-260): '70装备不祥的恶魔之双刃剑商人亚彼荷可购买1次' → equipment (conf=0.70), 价格 560000, 货币 gold, 购买按钮 @ (1192, 207)
[2026-05-22 00:55:49] [INFO] [ShopBot] 物品 1 (y=313-405): '英雄太阳种子奈汉库伊可购买1次' → unknown (conf=0.00), 价格 29000, 货币 gold, 购买按钮 @ (1192, 359)
[2026-05-22 00:55:49] [INFO] [ShopBot] 物品 2 (y=456-550): '55装备蓝宝石项链可购买1次' → equipment (conf=0.70), 价格 240000, 货币 gold, 购买按钮 @ (1192, 503)
[2026-05-22 00:55:49] [INFO] [ShopBot] 物品 3 (y=601-705): '70装备钻石项链妮萨可购买1次' → equipment (conf=0.70), 价格 560000, 货币 gold, 购买按钮 @ (1192, 653)
[2026-05-22 00:55:49] [INFO] [ShopBot] 已到达货架底部（第 3 次滑动后，识别结果无变化）
[2026-05-22 00:55:49] [INFO] [ShopBot] 寻找刷新按钮（第 1 次）
[2026-05-22 00:55:49] [DEBUG] [ShopBot] 找到刷新按钮 '立即更新' 在 (268, 659)
[2026-05-22 00:55:49] [INFO] [ShopBot] 点击刷新按钮 (268, 659)
[2026-05-22 00:55:49] [INFO] [ShopBot] 点击坐标 (268, 659)
[2026-05-22 00:55:51] [INFO] [ShopBot] 检测到刷新确认弹窗，点击确认 (748, 460)
[2026-05-22 00:55:51] [INFO] [ShopBot] 点击坐标 (748, 460)
[2026-05-22 00:55:51] [INFO] [ShopBot] 等待货架加载...
[2026-05-22 00:55:52] [INFO] [ShopBot] ===== 第 4 轮 =====
[2026-05-22 00:55:52] [INFO] [ShopBot] 滑动到货架顶部...
[2026-05-22 00:55:52] [INFO] [ShopBot] 滑动 (1100, 150) -> (1100, 400), 时长 0.3s
[2026-05-22 00:55:53] [DEBUG] [ShopBot] 整区 OCR 检测到 29 个文字块，4 行
[2026-05-22 00:55:53] [INFO] [ShopBot] 物品 0 (y=119-210): '英雄绿林狮鹫奈汉库伊可购买1次' → unknown (conf=0.00), 价格 29000, 货币 gold, 购买按钮 @ (1192, 164)
[2026-05-22 00:55:53] [INFO] [ShopBot] 物品 1 (y=263-355): '英雄野生安卡拉奈汉库伊可购买1次' → unknown (conf=0.00), 价格 29000, 货币 gold, 购买按钮 @ (1192, 309)
[2026-05-22 00:55:53] [INFO] [ShopBot] 物品 2 (y=408-500): '英雄黑暗碎片奈汉库伊可购买1次' → unknown (conf=0.00), 价格 29000, 货币 gold, 购买按钮 @ (1192, 454)
[2026-05-22 00:55:53] [INFO] [ShopBot] 物品 3 (y=552-705): '55装备叫龙兽骨刃剑商人亚彼荷可购买1次' → equipment (conf=0.70), 价格 240000, 货币 gold, 购买按钮 @ (1192, 628)
[2026-05-22 00:55:53] [INFO] [ShopBot] 跳过物品: unknown
[2026-05-22 00:55:53] [INFO] [ShopBot] 跳过物品: unknown
[2026-05-22 00:55:53] [INFO] [ShopBot] 跳过物品: unknown
[2026-05-22 00:55:53] [INFO] [ShopBot] 跳过物品: equipment
[2026-05-22 00:55:53] [INFO] [ShopBot] 货架处理完成，共购买 0 个物品
[2026-05-22 00:55:53] [INFO] [ShopBot] 第 0 次查看，购买 0 个物品
[2026-05-22 00:55:53] [INFO] [ShopBot] 滑动 (1100, 400) -> (1100, 150), 时长 0.3s
[2026-05-22 00:55:56] [DEBUG] [ShopBot] 整区 OCR 检测到 30 个文字块，4 行
[2026-05-22 00:55:56] [INFO] [ShopBot] 物品 0 (y=154-259): '英雄黑暗碎片奈汉库伊可购买1次' → unknown (conf=0.00), 价格 29000, 货币 gold, 购买按钮 @ (1192, 206)
[2026-05-22 00:55:56] [INFO] [ShopBot] 物品 1 (y=311-405): '55装备啤叫龙兽骨刃剑商人亚彼荷可购买1次' → equipment (conf=0.70), 价格 240000, 货币 gold, 购买按钮 @ (1192, 358)
[2026-05-22 00:55:56] [INFO] [ShopBot] 物品 2 (y=456-550): '货币友情点数诺诺里50可购买1次' → unknown (conf=0.00), 价格 18000, 货币 gold, 购买按钮 @ (1192, 503)
[2026-05-22 00:55:56] [INFO] [ShopBot] 物品 3 (y=602-705): '英雄寒气结晶体奈汉库伊可购买1次' → unknown (conf=0.00), 价格 29000, 货币 gold, 购买按钮 @ (1192, 653)
[2026-05-22 00:55:56] [INFO] [ShopBot] 跳过物品: unknown
[2026-05-22 00:55:56] [INFO] [ShopBot] 跳过物品: equipment
[2026-05-22 00:55:56] [INFO] [ShopBot] 跳过物品: unknown
[2026-05-22 00:55:56] [INFO] [ShopBot] 跳过物品: unknown
[2026-05-22 00:55:56] [INFO] [ShopBot] 货架处理完成，共购买 0 个物品
[2026-05-22 00:55:56] [INFO] [ShopBot] 第 1 次查看，购买 0 个物品
[2026-05-22 00:55:56] [INFO] [ShopBot] 滑动 (1100, 400) -> (1100, 150), 时长 0.3s
[2026-05-22 00:55:58] [DEBUG] [ShopBot] 整区 OCR 检测到 30 个文字块，4 行
[2026-05-22 00:55:58] [INFO] [ShopBot] 物品 0 (y=154-259): '英雄黑暗碎片奈汉库伊可购买1次' → unknown (conf=0.00), 价格 29000, 货币 gold, 购买按钮 @ (1192, 206)
[2026-05-22 00:55:58] [INFO] [ShopBot] 物品 1 (y=311-405): '55装备啤叫龙兽骨刃剑商人亚彼荷可购买1次' → equipment (conf=0.70), 价格 240000, 货币 gold, 购买按钮 @ (1192, 358)
[2026-05-22 00:55:58] [INFO] [ShopBot] 物品 2 (y=456-550): '货币友情点数诺诺里50可购买1次' → unknown (conf=0.00), 价格 18000, 货币 gold, 购买按钮 @ (1192, 503)
[2026-05-22 00:55:58] [INFO] [ShopBot] 物品 3 (y=602-705): '英雄寒气结晶体奈汉库伊可购买1次' → unknown (conf=0.00), 价格 29000, 货币 gold, 购买按钮 @ (1192, 653)
[2026-05-22 00:55:58] [INFO] [ShopBot] 已到达货架底部（第 2 次滑动后，识别结果无变化）
[2026-05-22 00:55:58] [INFO] [ShopBot] 寻找刷新按钮（第 1 次）
[2026-05-22 00:55:59] [DEBUG] [ShopBot] 找到刷新按钮 '立即更新' 在 (268, 659)
[2026-05-22 00:55:59] [INFO] [ShopBot] 点击刷新按钮 (268, 659)
[2026-05-22 00:55:59] [INFO] [ShopBot] 点击坐标 (268, 659)
[2026-05-22 00:56:00] [INFO] [ShopBot] 检测到刷新确认弹窗，点击确认 (748, 459)
[2026-05-22 00:56:00] [INFO] [ShopBot] 点击坐标 (748, 459)
[2026-05-22 00:56:01] [INFO] [ShopBot] 等待货架加载...
[2026-05-22 00:56:02] [INFO] [ShopBot] ===== 第 5 轮 =====
[2026-05-22 00:56:02] [INFO] [ShopBot] 滑动到货架顶部...
[2026-05-22 00:56:02] [INFO] [ShopBot] 滑动 (1100, 150) -> (1100, 400), 时长 0.3s
[2026-05-22 00:56:03] [DEBUG] [ShopBot] 整区 OCR 检测到 30 个文字块，5 行
[2026-05-22 00:56:03] [INFO] [ShopBot] 物品 0 (y=123-214): '英雄浪云风兽奈汉库伊可购买1次' → unknown (conf=0.00), 价格 29000, 货币 gold, 购买按钮 @ (1192, 168)
[2026-05-22 00:56:03] [INFO] [ShopBot] 物品 1 (y=266-360): '70装备不祥的恶魔高级靴子商人亚彼荷可购买1次' → equipment (conf=0.70), 价格 380000, 货币 gold, 购买按钮 @ (1192, 313)
[2026-05-22 00:56:03] [INFO] [ShopBot] 物品 2 (y=412-504): '英雄追踪队枪炮奈汉库伊可购买1次' → unknown (conf=0.00), 价格 29000, 货币 gold, 购买按钮 @ (1192, 458)
[2026-05-22 00:56:03] [INFO] [ShopBot] 物品 3 (y=556-650): '装备55奥利哈钢重甲商人亚彼荷可购买1次' → equipment (conf=0.70), 价格 480000, 货币 gold, 购买按钮 @ (1192, 603)
[2026-05-22 00:56:03] [INFO] [ShopBot] 物品 4 (y=651-705): '' → unknown (conf=0.00), 价格 0, 货币 gold, 购买按钮 @ (1192, 678)
[2026-05-22 00:56:03] [INFO] [ShopBot] 跳过物品: unknown
[2026-05-22 00:56:03] [INFO] [ShopBot] 跳过物品: equipment
[2026-05-22 00:56:03] [INFO] [ShopBot] 跳过物品: unknown
[2026-05-22 00:56:03] [INFO] [ShopBot] 跳过物品: equipment
[2026-05-22 00:56:03] [INFO] [ShopBot] 跳过物品: unknown
[2026-05-22 00:56:03] [INFO] [ShopBot] 货架处理完成，共购买 0 个物品
[2026-05-22 00:56:03] [INFO] [ShopBot] 第 0 次查看，购买 0 个物品
[2026-05-22 00:56:03] [INFO] [ShopBot] 滑动 (1100, 400) -> (1100, 150), 时长 0.3s
[2026-05-22 00:56:06] [DEBUG] [ShopBot] 整区 OCR 检测到 30 个文字块，4 行
[2026-05-22 00:56:06] [INFO] [ShopBot] 物品 0 (y=154-259): '英雄追踪队枪炮奈汉库伊可购买1次' → unknown (conf=0.00), 价格 29000, 货币 gold, 购买按钮 @ (1192, 206)
[2026-05-22 00:56:06] [INFO] [ShopBot] 物品 1 (y=311-405): '55装备奥利哈钢重甲商人亚彼荷可购买1次' → equipment (conf=0.70), 价格 480000, 货币 gold, 购买按钮 @ (1192, 358)
[2026-05-22 00:56:06] [INFO] [ShopBot] 物品 2 (y=456-550): '货币友情点数诺诺里50可购买1次' → unknown (conf=0.00), 价格 18000, 货币 gold, 购买按钮 @ (1192, 503)
[2026-05-22 00:56:06] [INFO] [ShopBot] 物品 3 (y=595-705): '英雄守望狮鹫奈汉库伊可购买1次' → unknown (conf=0.00), 价格 29000, 货币 gold, 购买按钮 @ (1192, 650)
[2026-05-22 00:56:06] [INFO] [ShopBot] 跳过物品: unknown
[2026-05-22 00:56:06] [INFO] [ShopBot] 跳过物品: equipment
[2026-05-22 00:56:06] [INFO] [ShopBot] 跳过物品: unknown
[2026-05-22 00:56:06] [INFO] [ShopBot] 跳过物品: unknown
[2026-05-22 00:56:06] [INFO] [ShopBot] 货架处理完成，共购买 0 个物品
[2026-05-22 00:56:06] [INFO] [ShopBot] 第 1 次查看，购买 0 个物品
[2026-05-22 00:56:06] [INFO] [ShopBot] 滑动 (1100, 400) -> (1100, 150), 时长 0.3s
[2026-05-22 00:56:08] [DEBUG] [ShopBot] 整区 OCR 检测到 30 个文字块，4 行
[2026-05-22 00:56:08] [INFO] [ShopBot] 物品 0 (y=154-259): '英雄追踪队枪炮奈汉库伊可购买1次' → unknown (conf=0.00), 价格 29000, 货币 gold, 购买按钮 @ (1192, 206)
[2026-05-22 00:56:08] [INFO] [ShopBot] 物品 1 (y=311-405): '55装备奥利哈钢重甲商人亚彼荷可购买1次' → equipment (conf=0.70), 价格 480000, 货币 gold, 购买按钮 @ (1192, 358)
[2026-05-22 00:56:08] [INFO] [ShopBot] 物品 2 (y=456-550): '货币友情点数诺诺里50可购买1次' → unknown (conf=0.00), 价格 18000, 货币 gold, 购买按钮 @ (1192, 503)
[2026-05-22 00:56:08] [INFO] [ShopBot] 物品 3 (y=602-705): '英雄守望狮鹫奈汉库伊可购买1次' → unknown (conf=0.00), 价格 29000, 货币 gold, 购买按钮 @ (1192, 653)
[2026-05-22 00:56:08] [INFO] [ShopBot] 已到达货架底部（第 2 次滑动后，识别结果无变化）
[2026-05-22 00:56:08] [INFO] [ShopBot] 寻找刷新按钮（第 1 次）
[2026-05-22 00:56:09] [DEBUG] [ShopBot] 找到刷新按钮 '立即更新' 在 (268, 659)
[2026-05-22 00:56:09] [INFO] [ShopBot] 点击刷新按钮 (268, 659)
[2026-05-22 00:56:09] [INFO] [ShopBot] 点击坐标 (268, 659)
[2026-05-22 00:56:10] [INFO] [ShopBot] 检测到刷新确认弹窗，点击确认 (748, 459)
[2026-05-22 00:56:10] [INFO] [ShopBot] 点击坐标 (748, 459)
[2026-05-22 00:56:10] [INFO] [ShopBot] 等待货架加载...
[2026-05-22 00:56:11] [INFO] [ShopBot] ===== 第 6 轮 =====
[2026-05-22 00:56:11] [INFO] [ShopBot] 滑动到货架顶部...
[2026-05-22 00:56:11] [INFO] [ShopBot] 滑动 (1100, 150) -> (1100, 400), 时长 0.3s
[2026-05-22 00:56:13] [DEBUG] [ShopBot] 整区 OCR 检测到 31 个文字块，5 行
[2026-05-22 00:56:13] [INFO] [ShopBot] 物品 0 (y=121-213): '70装备蜘蛛君主的挂饰妮萨可购买1次' → equipment (conf=0.70), 价格 380000, 货币 gold, 购买按钮 @ (1192, 167)
[2026-05-22 00:56:13] [INFO] [ShopBot] 物品 1 (y=264-358): '70装备青龙红玉妮萨可购买1次' → equipment (conf=0.70), 价格 380000, 货币 gold, 购买按钮 @ (1192, 311)
[2026-05-22 00:56:13] [INFO] [ShopBot] 物品 2 (y=410-502): '英雄烈风龙族士兵奈汉库伊可购买1次' → unknown (conf=0.00), 价格 29000, 货币 gold, 购买按钮 @ (1192, 456)
[2026-05-22 00:56:13] [INFO] [ShopBot] 物品 3 (y=554-648): '货币友情点数诺诺里50可购买1次' → unknown (conf=0.00), 价格 18000, 货币 gold, 购买按钮 @ (1192, 601)
[2026-05-22 00:56:13] [INFO] [ShopBot] 物品 4 (y=649-705): '' → unknown (conf=0.00), 价格 0, 货币 gold, 购买按钮 @ (1192, 677)
[2026-05-22 00:56:13] [INFO] [ShopBot] 跳过物品: equipment
[2026-05-22 00:56:13] [INFO] [ShopBot] 跳过物品: equipment
[2026-05-22 00:56:13] [INFO] [ShopBot] 跳过物品: unknown
[2026-05-22 00:56:13] [INFO] [ShopBot] 跳过物品: unknown
[2026-05-22 00:56:13] [INFO] [ShopBot] 跳过物品: unknown
[2026-05-22 00:56:13] [INFO] [ShopBot] 货架处理完成，共购买 0 个物品
[2026-05-22 00:56:13] [INFO] [ShopBot] 第 0 次查看，购买 0 个物品
[2026-05-22 00:56:13] [INFO] [ShopBot] 滑动 (1100, 400) -> (1100, 150), 时长 0.3s
[2026-05-22 00:56:15] [DEBUG] [ShopBot] 整区 OCR 检测到 30 个文字块，4 行
[2026-05-22 00:56:15] [INFO] [ShopBot] 物品 0 (y=154-259): '英雄烈风龙族士兵奈汉库伊可购买1次' → unknown (conf=0.00), 价格 29000, 货币 gold, 购买按钮 @ (1192, 206)
[2026-05-22 00:56:15] [INFO] [ShopBot] 物品 1 (y=311-405): '货币友情点数诺诺里50可购买1次' → unknown (conf=0.00), 价格 18000, 货币 gold, 购买按钮 @ (1192, 358)
[2026-05-22 00:56:15] [INFO] [ShopBot] 物品 2 (y=456-550): '55装备奥利哈钢长剑商人亚彼荷可购买1次' → equipment (conf=0.70), 价格 360000, 货币 gold, 购买按钮 @ (1192, 503)
[2026-05-22 00:56:15] [INFO] [ShopBot] 物品 3 (y=602-705): '英雄黑暗碎片奈汉库伊可购买1次' → unknown (conf=0.00), 价格 29000, 货币 gold, 购买按钮 @ (1192, 653)
[2026-05-22 00:56:15] [INFO] [ShopBot] 跳过物品: unknown
[2026-05-22 00:56:15] [INFO] [ShopBot] 跳过物品: unknown
[2026-05-22 00:56:15] [INFO] [ShopBot] 跳过物品: equipment
[2026-05-22 00:56:15] [INFO] [ShopBot] 跳过物品: unknown
[2026-05-22 00:56:15] [INFO] [ShopBot] 货架处理完成，共购买 0 个物品
[2026-05-22 00:56:15] [INFO] [ShopBot] 第 1 次查看，购买 0 个物品
[2026-05-22 00:56:15] [INFO] [ShopBot] 滑动 (1100, 400) -> (1100, 150), 时长 0.3s
[2026-05-22 00:56:17] [DEBUG] [ShopBot] 整区 OCR 检测到 30 个文字块，4 行
[2026-05-22 00:56:17] [INFO] [ShopBot] 物品 0 (y=154-259): '英雄烈风龙族士兵奈汉库伊可购买1次' → unknown (conf=0.00), 价格 29000, 货币 gold, 购买按钮 @ (1192, 206)
[2026-05-22 00:56:17] [INFO] [ShopBot] 物品 1 (y=311-405): '货币友情点数诺诺里50可购买1次' → unknown (conf=0.00), 价格 18000, 货币 gold, 购买按钮 @ (1192, 358)
[2026-05-22 00:56:17] [INFO] [ShopBot] 物品 2 (y=456-550): '55装备奥利哈钢长剑商人亚彼荷可购买1次' → equipment (conf=0.70), 价格 360000, 货币 gold, 购买按钮 @ (1192, 503)
[2026-05-22 00:56:17] [INFO] [ShopBot] 物品 3 (y=602-705): '英雄黑暗碎片奈汉库伊可购买1次' → unknown (conf=0.00), 价格 29000, 货币 gold, 购买按钮 @ (1192, 653)
[2026-05-22 00:56:17] [INFO] [ShopBot] 已到达货架底部（第 2 次滑动后，识别结果无变化）
[2026-05-22 00:56:17] [INFO] [ShopBot] 寻找刷新按钮（第 1 次）
[2026-05-22 00:56:18] [DEBUG] [ShopBot] 找到刷新按钮 '立即更新' 在 (268, 659)
[2026-05-22 00:56:18] [INFO] [ShopBot] 点击刷新按钮 (268, 659)
[2026-05-22 00:56:18] [INFO] [ShopBot] 点击坐标 (268, 659)
[2026-05-22 00:56:20] [INFO] [ShopBot] 检测到刷新确认弹窗，点击确认 (748, 460)
[2026-05-22 00:56:20] [INFO] [ShopBot] 点击坐标 (748, 460)
[2026-05-22 00:56:20] [INFO] [ShopBot] 等待货架加载...
[2026-05-22 00:56:21] [INFO] [ShopBot] ===== 第 7 轮 =====
[2026-05-22 00:56:21] [INFO] [ShopBot] 滑动到货架顶部...
[2026-05-22 00:56:21] [INFO] [ShopBot] 滑动 (1100, 150) -> (1100, 400), 时长 0.3s
[2026-05-22 00:56:22] [DEBUG] [ShopBot] 整区 OCR 检测到 31 个文字块，5 行
[2026-05-22 00:56:22] [INFO] [ShopBot] 物品 0 (y=121-212): '85装备暗黑钢铁脖围妮萨可购买1次' → equipment (conf=0.70), 价格 540000, 货币 gold, 购买按钮 @ (1192, 166)
[2026-05-22 00:56:22] [INFO] [ShopBot] 物品 1 (y=264-358): '55装备蓝宝石项链妮萨可购买1次' → equipment (conf=0.70), 价格 240000, 货币 gold, 购买按钮 @ (1192, 311)
[2026-05-22 00:56:22] [INFO] [ShopBot] 物品 2 (y=410-502): '英雄小恶魔王可购买1次奈汉库伊' → unknown (conf=0.00), 价格 29000, 货币 gold, 购买按钮 @ (1192, 456)
[2026-05-22 00:56:22] [INFO] [ShopBot] 物品 3 (y=554-648): '装备55灿烂精髓鞋子商人亚彼荷可购买1次' → equipment (conf=0.70), 价格 240000, 货币 gold, 购买按钮 @ (1192, 601)
[2026-05-22 00:56:22] [INFO] [ShopBot] 物品 4 (y=649-705): '' → unknown (conf=0.00), 价格 0, 货币 gold, 购买按钮 @ (1192, 677)
[2026-05-22 00:56:22] [INFO] [ShopBot] 跳过物品: equipment
[2026-05-22 00:56:22] [INFO] [ShopBot] 跳过物品: equipment
[2026-05-22 00:56:22] [INFO] [ShopBot] 跳过物品: unknown
[2026-05-22 00:56:22] [INFO] [ShopBot] 跳过物品: equipment
[2026-05-22 00:56:22] [INFO] [ShopBot] 跳过物品: unknown
[2026-05-22 00:56:22] [INFO] [ShopBot] 货架处理完成，共购买 0 个物品
[2026-05-22 00:56:22] [INFO] [ShopBot] 第 0 次查看，购买 0 个物品
[2026-05-22 00:56:22] [INFO] [ShopBot] 滑动 (1100, 400) -> (1100, 150), 时长 0.3s
[2026-05-22 00:56:25] [DEBUG] [ShopBot] 整区 OCR 检测到 30 个文字块，4 行
[2026-05-22 00:56:25] [INFO] [ShopBot] 物品 0 (y=154-259): '英雄小恶魔王奈汉库伊可购买1次' → unknown (conf=0.00), 价格 29000, 货币 gold, 购买按钮 @ (1192, 206)
[2026-05-22 00:56:25] [INFO] [ShopBot] 物品 1 (y=311-405): '55装备灿烂精髓鞋子商人亚彼荷可购买1次' → equipment (conf=0.70), 价格 240000, 货币 gold, 购买按钮 @ (1192, 358)
[2026-05-22 00:56:25] [INFO] [ShopBot] 物品 2 (y=456-550): '货币友情点数诺诺里50可购买1次' → unknown (conf=0.00), 价格 18000, 货币 gold, 购买按钮 @ (1192, 503)
[2026-05-22 00:56:25] [INFO] [ShopBot] 物品 3 (y=602-705): '英雄草原史莱姆奈汉库伊可购买1次' → fodder (conf=0.65), 价格 29000, 货币 gold, 购买按钮 @ (1192, 653)
[2026-05-22 00:56:25] [INFO] [ShopBot] 跳过物品: unknown
[2026-05-22 00:56:25] [INFO] [ShopBot] 跳过物品: equipment
[2026-05-22 00:56:25] [INFO] [ShopBot] 跳过物品: unknown
[2026-05-22 00:56:25] [INFO] [ShopBot] 跳过物品: fodder
[2026-05-22 00:56:25] [INFO] [ShopBot] 货架处理完成，共购买 0 个物品
[2026-05-22 00:56:25] [INFO] [ShopBot] 第 1 次查看，购买 0 个物品
[2026-05-22 00:56:25] [INFO] [ShopBot] 滑动 (1100, 400) -> (1100, 150), 时长 0.3s
[2026-05-22 00:56:27] [DEBUG] [ShopBot] 整区 OCR 检测到 30 个文字块，4 行
[2026-05-22 00:56:27] [INFO] [ShopBot] 物品 0 (y=154-259): '英雄小恶魔王奈汉库伊可购买1次' → unknown (conf=0.00), 价格 29000, 货币 gold, 购买按钮 @ (1192, 206)
[2026-05-22 00:56:27] [INFO] [ShopBot] 物品 1 (y=311-405): '55装备灿烂精髓鞋子商人亚彼荷可购买1次' → equipment (conf=0.70), 价格 240000, 货币 gold, 购买按钮 @ (1192, 358)
[2026-05-22 00:56:27] [INFO] [ShopBot] 物品 2 (y=456-550): '货币友情点数诺诺里50可购买1次' → unknown (conf=0.00), 价格 18000, 货币 gold, 购买按钮 @ (1192, 503)
[2026-05-22 00:56:27] [INFO] [ShopBot] 物品 3 (y=602-705): '英雄草原史莱姆奈汉库伊可购买1次' → fodder (conf=0.65), 价格 29000, 货币 gold, 购买按钮 @ (1192, 653)
[2026-05-22 00:56:27] [INFO] [ShopBot] 已到达货架底部（第 2 次滑动后，识别结果无变化）
[2026-05-22 00:56:27] [INFO] [ShopBot] 寻找刷新按钮（第 1 次）
[2026-05-22 00:56:28] [DEBUG] [ShopBot] 找到刷新按钮 '立即更新' 在 (268, 659)
[2026-05-22 00:56:28] [INFO] [ShopBot] 点击刷新按钮 (268, 659)
[2026-05-22 00:56:28] [INFO] [ShopBot] 点击坐标 (268, 659)
[2026-05-22 00:56:29] [INFO] [ShopBot] 检测到刷新确认弹窗，点击确认 (748, 459)
[2026-05-22 00:56:29] [INFO] [ShopBot] 点击坐标 (748, 459)
[2026-05-22 00:56:29] [INFO] [ShopBot] 等待货架加载...
[2026-05-22 00:56:30] [INFO] [ShopBot] ===== 第 8 轮 =====
[2026-05-22 00:56:30] [INFO] [ShopBot] 滑动到货架顶部...
[2026-05-22 00:56:30] [INFO] [ShopBot] 滑动 (1100, 150) -> (1100, 400), 时长 0.3s
[2026-05-22 00:56:32] [DEBUG] [ShopBot] 整区 OCR 检测到 29 个文字块，5 行
[2026-05-22 00:56:32] [INFO] [ShopBot] 物品 0 (y=124-216): '召唤神秘奖牌50可购买1次' → mystic_medal (conf=0.90), 价格 280000, 货币 gold, 购买按钮 @ (1192, 170)
[2026-05-22 00:56:32] [INFO] [ShopBot] 物品 1 (y=268-361): '货币友情点数诺诺里可购买1次50' → unknown (conf=0.00), 价格 18000, 货币 gold, 购买按钮 @ (1192, 314)
[2026-05-22 00:56:32] [INFO] [ShopBot] 物品 2 (y=414-506): '英雄红玉鲁克斯奈汉库伊可购买1次' → unknown (conf=0.00), 价格 29000, 货币 gold, 购买按钮 @ (1192, 460)
[2026-05-22 00:56:32] [INFO] [ShopBot] 物品 3 (y=559-651): '英雄绿林狮鹫奈汉库伊可购买1次' → unknown (conf=0.00), 价格 29000, 货币 gold, 购买按钮 @ (1192, 605)
[2026-05-22 00:56:32] [INFO] [ShopBot] 物品 4 (y=652-705): '' → unknown (conf=0.00), 价格 0, 货币 gold, 购买按钮 @ (1192, 678)
[2026-05-22 00:56:32] [INFO] [ShopBot] 开始购买: mystic_medal, 价格: 280000
[2026-05-22 00:56:32] [INFO] [ShopBot] 点击购买按钮 @ (1192, 170)
[2026-05-22 00:56:32] [INFO] [ShopBot] 点击坐标 (1192, 170)
[2026-05-22 00:56:34] [DEBUG] [ShopBot] 找到按钮 '购买' 在 (736, 479)
[2026-05-22 00:56:35] [DEBUG] [ShopBot] 找到按钮 '取消' 在 (481, 524)
[2026-05-22 00:56:35] [DEBUG] [ShopBot] 找到按钮 '购买' 在 (818, 524)
[2026-05-22 00:56:35] [INFO] [ShopBot] 检测到确认弹窗
[2026-05-22 00:56:35] [INFO] [ShopBot] 点击确认按钮 @ (818, 508)
[2026-05-22 00:56:35] [INFO] [ShopBot] 点击坐标 (818, 508)
[2026-05-22 00:56:37] [DEBUG] [ShopBot] 找到按钮 '购买' 在 (736, 479)
[2026-05-22 00:56:40] [DEBUG] [ShopBot] 找到按钮 '购买' 在 (736, 479)
[2026-05-22 00:56:40] [INFO] [ShopBot] 购买成功: mystic_medal
[2026-05-22 00:56:40] [INFO] [ShopBot] 购买结果 - mystic_medal: 成功
[2026-05-22 00:56:41] [INFO] [ShopBot] 跳过物品: unknown
[2026-05-22 00:56:41] [INFO] [ShopBot] 跳过物品: unknown
[2026-05-22 00:56:41] [INFO] [ShopBot] 跳过物品: unknown
[2026-05-22 00:56:41] [INFO] [ShopBot] 跳过物品: unknown
[2026-05-22 00:56:41] [INFO] [ShopBot] 货架处理完成，共购买 1 个物品
[2026-05-22 00:56:41] [INFO] [ShopBot] 第 0 次查看，购买 1 个物品
[2026-05-22 00:56:41] [INFO] [ShopBot] 滑动 (1100, 400) -> (1100, 150), 时长 0.3s
[2026-05-22 00:56:43] [DEBUG] [ShopBot] 整区 OCR 检测到 29 个文字块，4 行
[2026-05-22 00:56:43] [INFO] [ShopBot] 物品 0 (y=154-259): '英雄红玉鲁克斯奈汉库伊可购买1次' → unknown (conf=0.00), 价格 29000, 货币 gold, 购买按钮 @ (1192, 206)
[2026-05-22 00:56:43] [INFO] [ShopBot] 物品 1 (y=313-405): '英雄绿林狮鹫奈汉库伊可购买1次' → unknown (conf=0.00), 价格 29000, 货币 gold, 购买按钮 @ (1192, 359)
[2026-05-22 00:56:43] [INFO] [ShopBot] 物品 2 (y=456-550): '70装备蜘蛛君主的挂饰可购买1次' → equipment (conf=0.70), 价格 380000, 货币 gold, 购买按钮 @ (1192, 503)
[2026-05-22 00:56:43] [INFO] [ShopBot] 物品 3 (y=596-705): '55装备奥利哈钢靴子商人亚彼荷可购买1次' → equipment (conf=0.70), 价格 240000, 货币 gold, 购买按钮 @ (1192, 650)
[2026-05-22 00:56:43] [INFO] [ShopBot] 跳过物品: unknown
[2026-05-22 00:56:43] [INFO] [ShopBot] 跳过物品: unknown
[2026-05-22 00:56:43] [INFO] [ShopBot] 跳过物品: equipment
[2026-05-22 00:56:43] [INFO] [ShopBot] 跳过物品: equipment
[2026-05-22 00:56:43] [INFO] [ShopBot] 货架处理完成，共购买 0 个物品
[2026-05-22 00:56:43] [INFO] [ShopBot] 第 1 次查看，购买 0 个物品
[2026-05-22 00:56:43] [INFO] [ShopBot] 滑动 (1100, 400) -> (1100, 150), 时长 0.3s
[2026-05-22 00:56:45] [DEBUG] [ShopBot] 整区 OCR 检测到 29 个文字块，4 行
[2026-05-22 00:56:45] [INFO] [ShopBot] 物品 0 (y=154-259): '英雄红玉鲁克斯奈汉库伊可购买1次' → unknown (conf=0.00), 价格 29000, 货币 gold, 购买按钮 @ (1192, 206)
[2026-05-22 00:56:45] [INFO] [ShopBot] 物品 1 (y=313-405): '英雄绿林狮鹫奈汉库伊可购买1次' → unknown (conf=0.00), 价格 29000, 货币 gold, 购买按钮 @ (1192, 359)
[2026-05-22 00:56:45] [INFO] [ShopBot] 物品 2 (y=456-550): '70装备蜘蛛君主的挂饰可购买1次' → equipment (conf=0.70), 价格 380000, 货币 gold, 购买按钮 @ (1192, 503)
[2026-05-22 00:56:45] [INFO] [ShopBot] 物品 3 (y=601-705): '55装备奥利哈钢靴子商人亚彼荷可购买1次' → equipment (conf=0.70), 价格 240000, 货币 gold, 购买按钮 @ (1192, 653)
[2026-05-22 00:56:45] [INFO] [ShopBot] 已到达货架底部（第 2 次滑动后，识别结果无变化）
[2026-05-22 00:56:45] [INFO] [ShopBot] 寻找刷新按钮（第 1 次）
[2026-05-22 00:56:46] [DEBUG] [ShopBot] 找到刷新按钮 '立即更新' 在 (268, 659)
[2026-05-22 00:56:46] [INFO] [ShopBot] 点击刷新按钮 (268, 659)
[2026-05-22 00:56:46] [INFO] [ShopBot] 点击坐标 (268, 659)
[2026-05-22 00:56:47] [INFO] [ShopBot] 检测到刷新确认弹窗，点击确认 (748, 460)
[2026-05-22 00:56:47] [INFO] [ShopBot] 点击坐标 (748, 460)
[2026-05-22 00:56:48] [INFO] [ShopBot] 等待货架加载...
[2026-05-22 00:56:49] [INFO] [ShopBot] ===== 第 9 轮 =====
[2026-05-22 00:56:49] [INFO] [ShopBot] 滑动到货架顶部...
[2026-05-22 00:56:49] [INFO] [ShopBot] 滑动 (1100, 150) -> (1100, 400), 时长 0.3s
[2026-05-22 00:56:50] [DEBUG] [ShopBot] 整区 OCR 检测到 31 个文字块，4 行
[2026-05-22 00:56:50] [INFO] [ShopBot] 物品 0 (y=121-213): '55装备毒脚爪项链妮萨可购买1次' → equipment (conf=0.70), 价格 360000, 货币 gold, 购买按钮 @ (1192, 167)
[2026-05-22 00:56:50] [INFO] [ShopBot] 物品 1 (y=265-358): '70装备不祥的恶魔角饰头盔商人亚彼荷可购买1次' → equipment (conf=0.70), 价格 380000, 货币 gold, 购买按钮 @ (1192, 311)
[2026-05-22 00:56:50] [INFO] [ShopBot] 物品 2 (y=411-503): '英雄骨头史莱姆奈汉库伊可购买1次' → fodder (conf=0.65), 价格 29000, 货币 gold, 购买按钮 @ (1192, 457)
[2026-05-22 00:56:50] [INFO] [ShopBot] 物品 3 (y=555-705): '装备55蓝宝石项链妮萨可购买1次' → equipment (conf=0.70), 价格 360000, 货币 gold, 购买按钮 @ (1192, 630)
[2026-05-22 00:56:50] [INFO] [ShopBot] 跳过物品: equipment
[2026-05-22 00:56:50] [INFO] [ShopBot] 跳过物品: equipment
[2026-05-22 00:56:50] [INFO] [ShopBot] 跳过物品: fodder
[2026-05-22 00:56:50] [INFO] [ShopBot] 跳过物品: equipment
[2026-05-22 00:56:50] [INFO] [ShopBot] 货架处理完成，共购买 0 个物品
[2026-05-22 00:56:50] [INFO] [ShopBot] 第 0 次查看，购买 0 个物品
[2026-05-22 00:56:50] [INFO] [ShopBot] 滑动 (1100, 400) -> (1100, 150), 时长 0.3s
[2026-05-22 00:56:53] [DEBUG] [ShopBot] 整区 OCR 检测到 30 个文字块，4 行
[2026-05-22 00:56:53] [INFO] [ShopBot] 物品 0 (y=154-261): '英雄骨头史莱姆奈汉库伊可购买1次' → fodder (conf=0.65), 价格 29000, 货币 gold, 购买按钮 @ (1192, 207)
[2026-05-22 00:56:53] [INFO] [ShopBot] 物品 1 (y=313-406): '55装备蓝宝石项链可购买1次' → equipment (conf=0.70), 价格 360000, 货币 gold, 购买按钮 @ (1192, 359)
[2026-05-22 00:56:53] [INFO] [ShopBot] 物品 2 (y=458-551): '货币友情点数诺诺里50可购买1次' → unknown (conf=0.00), 价格 18000, 货币 gold, 购买按钮 @ (1192, 504)
[2026-05-22 00:56:53] [INFO] [ShopBot] 物品 3 (y=597-705): '85装备深渊龙兽靴子商人亚彼荷可购买1次' → equipment (conf=0.70), 价格 810000, 货币 gold, 购买按钮 @ (1192, 651)
[2026-05-22 00:56:53] [INFO] [ShopBot] 跳过物品: fodder
[2026-05-22 00:56:53] [INFO] [ShopBot] 跳过物品: equipment
[2026-05-22 00:56:53] [INFO] [ShopBot] 跳过物品: unknown
[2026-05-22 00:56:53] [INFO] [ShopBot] 跳过物品: equipment
[2026-05-22 00:56:53] [INFO] [ShopBot] 货架处理完成，共购买 0 个物品
[2026-05-22 00:56:53] [INFO] [ShopBot] 第 1 次查看，购买 0 个物品
[2026-05-22 00:56:53] [INFO] [ShopBot] 滑动 (1100, 400) -> (1100, 150), 时长 0.3s
[2026-05-22 00:56:55] [DEBUG] [ShopBot] 整区 OCR 检测到 30 个文字块，4 行
[2026-05-22 00:56:55] [INFO] [ShopBot] 物品 0 (y=154-259): '英雄骨头史莱姆奈汉库伊可购买1次' → fodder (conf=0.65), 价格 29000, 货币 gold, 购买按钮 @ (1192, 206)
[2026-05-22 00:56:55] [INFO] [ShopBot] 物品 1 (y=311-405): '55装备蓝宝石项链可购买1次' → equipment (conf=0.70), 价格 360000, 货币 gold, 购买按钮 @ (1192, 358)
[2026-05-22 00:56:55] [INFO] [ShopBot] 物品 2 (y=456-550): '货币友情点数诺诺里50可购买1次' → unknown (conf=0.00), 价格 18000, 货币 gold, 购买按钮 @ (1192, 503)
[2026-05-22 00:56:55] [INFO] [ShopBot] 物品 3 (y=601-705): '85装备深渊龙兽靴子商人亚彼荷可购买1次' → equipment (conf=0.70), 价格 810000, 货币 gold, 购买按钮 @ (1192, 653)
[2026-05-22 00:56:55] [INFO] [ShopBot] 已到达货架底部（第 2 次滑动后，识别结果无变化）
[2026-05-22 00:56:55] [INFO] [ShopBot] 寻找刷新按钮（第 1 次）
[2026-05-22 00:56:56] [DEBUG] [ShopBot] 找到刷新按钮 '立即更新' 在 (268, 659)
[2026-05-22 00:56:56] [INFO] [ShopBot] 点击刷新按钮 (268, 659)
[2026-05-22 00:56:56] [INFO] [ShopBot] 点击坐标 (268, 659)
[2026-05-22 00:56:57] [INFO] [ShopBot] 检测到刷新确认弹窗，点击确认 (748, 459)
[2026-05-22 00:56:57] [INFO] [ShopBot] 点击坐标 (748, 459)
[2026-05-22 00:56:57] [INFO] [ShopBot] 等待货架加载...
[2026-05-22 00:56:58] [INFO] [ShopBot] ===== 第 10 轮 =====
[2026-05-22 00:56:58] [INFO] [ShopBot] 滑动到货架顶部...
[2026-05-22 00:56:58] [INFO] [ShopBot] 滑动 (1100, 150) -> (1100, 400), 时长 0.3s
[2026-05-22 00:57:00] [DEBUG] [ShopBot] 整区 OCR 检测到 30 个文字块，5 行
[2026-05-22 00:57:00] [INFO] [ShopBot] 物品 0 (y=123-214): '英雄橄榄石龙奈汉库伊可购买1次' → unknown (conf=0.00), 价格 29000, 货币 gold, 购买按钮 @ (1192, 168)
[2026-05-22 00:57:00] [INFO] [ShopBot] 物品 1 (y=266-360): '55装备灿烂精髓长袍商人亚彼荷可购买1次' → equipment (conf=0.70), 价格 480000, 货币 gold, 购买按钮 @ (1192, 313)
[2026-05-22 00:57:00] [INFO] [ShopBot] 物品 2 (y=411-505): '85装备暗黑钢铁拳套昵语可购买1次' → equipment (conf=0.70), 价格 540000, 货币 gold, 购买按钮 @ (1192, 458)
[2026-05-22 00:57:00] [INFO] [ShopBot] 物品 3 (y=557-650): '英雄战斗兵拉宾奈汉库伊可购买1次' → unknown (conf=0.00), 价格 29000, 货币 gold, 购买按钮 @ (1192, 603)
[2026-05-22 00:57:00] [INFO] [ShopBot] 物品 4 (y=651-705): '' → unknown (conf=0.00), 价格 0, 货币 gold, 购买按钮 @ (1192, 678)
[2026-05-22 00:57:00] [INFO] [ShopBot] 跳过物品: unknown
[2026-05-22 00:57:00] [INFO] [ShopBot] 跳过物品: equipment
[2026-05-22 00:57:00] [INFO] [ShopBot] 跳过物品: equipment
[2026-05-22 00:57:00] [INFO] [ShopBot] 跳过物品: unknown
[2026-05-22 00:57:00] [INFO] [ShopBot] 跳过物品: unknown
[2026-05-22 00:57:00] [INFO] [ShopBot] 货架处理完成，共购买 0 个物品
[2026-05-22 00:57:00] [INFO] [ShopBot] 第 0 次查看，购买 0 个物品
[2026-05-22 00:57:00] [INFO] [ShopBot] 滑动 (1100, 400) -> (1100, 150), 时长 0.3s
[2026-05-22 00:57:02] [DEBUG] [ShopBot] 整区 OCR 检测到 33 个文字块，5 行
[2026-05-22 00:57:02] [INFO] [ShopBot] 物品 0 (y=80-123): 'G商人亚彼荷可购买1次' → unknown (conf=0.00), 价格 0, 货币 gold, 购买按钮 @ (1192, 101)
[2026-05-22 00:57:02] [INFO] [ShopBot] 物品 1 (y=154-268): '装备85暗黑钢铁拳套可购买1次' → equipment (conf=0.70), 价格 540000, 货币 gold, 购买按钮 @ (1192, 211)
[2026-05-22 00:57:02] [INFO] [ShopBot] 物品 2 (y=321-413): '英雄战斗兵拉宾奈汉库伊可购买1次' → unknown (conf=0.00), 价格 29000, 货币 gold, 购买按钮 @ (1192, 367)
[2026-05-22 00:57:02] [INFO] [ShopBot] 物品 3 (y=465-559): '装备精巧的恶魔头盔商人亚彼荷可购买1次' → equipment (conf=0.70), 价格 360000, 货币 gold, 购买按钮 @ (1192, 512)
[2026-05-22 00:57:02] [INFO] [ShopBot] 物品 4 (y=604-705): '英雄阴影的魔物奈汉库伊可购买1次' → unknown (conf=0.00), 价格 29000, 货币 gold, 购买按钮 @ (1192, 654)
[2026-05-22 00:57:02] [INFO] [ShopBot] 跳过物品: unknown
[2026-05-22 00:57:02] [INFO] [ShopBot] 跳过物品: equipment
[2026-05-22 00:57:02] [INFO] [ShopBot] 跳过物品: unknown
[2026-05-22 00:57:02] [INFO] [ShopBot] 跳过物品: equipment
[2026-05-22 00:57:02] [INFO] [ShopBot] 跳过物品: unknown
[2026-05-22 00:57:02] [INFO] [ShopBot] 货架处理完成，共购买 0 个物品
[2026-05-22 00:57:02] [INFO] [ShopBot] 第 1 次查看，购买 0 个物品
[2026-05-22 00:57:02] [INFO] [ShopBot] 滑动 (1100, 400) -> (1100, 150), 时长 0.3s
[2026-05-22 00:57:05] [DEBUG] [ShopBot] 整区 OCR 检测到 30 个文字块，4 行
[2026-05-22 00:57:05] [INFO] [ShopBot] 物品 0 (y=154-260): '85装备暗黑钢铁拳套妮萨可购买1次' → equipment (conf=0.70), 价格 540000, 货币 gold, 购买按钮 @ (1192, 207)
[2026-05-22 00:57:05] [INFO] [ShopBot] 物品 1 (y=313-405): '英雄战斗兵拉宾奈汉库伊可购买1次' → unknown (conf=0.00), 价格 29000, 货币 gold, 购买按钮 @ (1192, 359)
[2026-05-22 00:57:05] [INFO] [ShopBot] 物品 2 (y=456-550): '55装备精巧的恶魔头盔商人亚彼荷可购买1次' → equipment (conf=0.70), 价格 360000, 货币 gold, 购买按钮 @ (1192, 503)
[2026-05-22 00:57:05] [INFO] [ShopBot] 物品 3 (y=602-705): '英雄阴影的魔物奈汉库伊可购买1次' → unknown (conf=0.00), 价格 29000, 货币 gold, 购买按钮 @ (1192, 653)
[2026-05-22 00:57:05] [INFO] [ShopBot] 跳过物品: equipment
[2026-05-22 00:57:05] [INFO] [ShopBot] 跳过物品: unknown
[2026-05-22 00:57:05] [INFO] [ShopBot] 跳过物品: equipment
[2026-05-22 00:57:05] [INFO] [ShopBot] 跳过物品: unknown
[2026-05-22 00:57:05] [INFO] [ShopBot] 货架处理完成，共购买 0 个物品
[2026-05-22 00:57:05] [INFO] [ShopBot] 第 2 次查看，购买 0 个物品
[2026-05-22 00:57:05] [INFO] [ShopBot] 滑动 (1100, 400) -> (1100, 150), 时长 0.3s
[2026-05-22 00:57:07] [DEBUG] [ShopBot] 整区 OCR 检测到 30 个文字块，4 行
[2026-05-22 00:57:07] [INFO] [ShopBot] 物品 0 (y=154-260): '85装备暗黑钢铁拳套妮萨可购买1次' → equipment (conf=0.70), 价格 540000, 货币 gold, 购买按钮 @ (1192, 207)
[2026-05-22 00:57:07] [INFO] [ShopBot] 物品 1 (y=313-405): '英雄战斗兵拉宾奈汉库伊可购买1次' → unknown (conf=0.00), 价格 29000, 货币 gold, 购买按钮 @ (1192, 359)
[2026-05-22 00:57:07] [INFO] [ShopBot] 物品 2 (y=456-550): '55装备精巧的恶魔头盔商人亚彼荷可购买1次' → equipment (conf=0.70), 价格 360000, 货币 gold, 购买按钮 @ (1192, 503)
[2026-05-22 00:57:07] [INFO] [ShopBot] 物品 3 (y=602-705): '英雄阴影的魔物奈汉库伊可购买1次' → unknown (conf=0.00), 价格 29000, 货币 gold, 购买按钮 @ (1192, 653)
[2026-05-22 00:57:07] [INFO] [ShopBot] 已到达货架底部（第 3 次滑动后，识别结果无变化）
[2026-05-22 00:57:07] [INFO] [ShopBot] 寻找刷新按钮（第 1 次）
[2026-05-22 00:57:08] [DEBUG] [ShopBot] 找到刷新按钮 '立即更新' 在 (268, 659)
[2026-05-22 00:57:08] [INFO] [ShopBot] 点击刷新按钮 (268, 659)
[2026-05-22 00:57:08] [INFO] [ShopBot] 点击坐标 (268, 659)
[2026-05-22 00:57:09] [INFO] [ShopBot] 检测到刷新确认弹窗，点击确认 (748, 460)
[2026-05-22 00:57:09] [INFO] [ShopBot] 点击坐标 (748, 460)
[2026-05-22 00:57:10] [INFO] [ShopBot] 等待货架加载...
[2026-05-22 00:57:11] [INFO] [ShopBot] ===== 第 11 轮 =====
[2026-05-22 00:57:11] [INFO] [ShopBot] 滑动到货架顶部...
[2026-05-22 00:57:11] [INFO] [ShopBot] 滑动 (1100, 150) -> (1100, 400), 时长 0.3s
[2026-05-22 00:57:12] [DEBUG] [ShopBot] 整区 OCR 检测到 30 个文字块，5 行
[2026-05-22 00:57:12] [INFO] [ShopBot] 物品 0 (y=123-215): '55装备灿烂精髓鞋子商人亚彼荷可购买1次' → equipment (conf=0.70), 价格 360000, 货币 gold, 购买按钮 @ (1192, 169)
[2026-05-22 00:57:12] [INFO] [ShopBot] 物品 1 (y=266-360): '55装备精巧的恶魔之剑商人亚彼荷可购买1次' → equipment (conf=0.70), 价格 240000, 货币 gold, 购买按钮 @ (1192, 313)
[2026-05-22 00:57:12] [INFO] [ShopBot] 物品 2 (y=413-504): '英雄腐败洛普拉奈汉库伊可购买1次' → unknown (conf=0.00), 价格 29000, 货币 gold, 购买按钮 @ (1192, 458)
[2026-05-22 00:57:12] [INFO] [ShopBot] 物品 3 (y=558-650): '英雄罗奇斯劳动者奈汉库伊可购买1次' → unknown (conf=0.00), 价格 29000, 货币 gold, 购买按钮 @ (1192, 604)
[2026-05-22 00:57:12] [INFO] [ShopBot] 物品 4 (y=651-705): '' → unknown (conf=0.00), 价格 0, 货币 gold, 购买按钮 @ (1192, 678)
[2026-05-22 00:57:12] [INFO] [ShopBot] 跳过物品: equipment
[2026-05-22 00:57:12] [INFO] [ShopBot] 跳过物品: equipment
[2026-05-22 00:57:12] [INFO] [ShopBot] 跳过物品: unknown
[2026-05-22 00:57:12] [INFO] [ShopBot] 跳过物品: unknown
[2026-05-22 00:57:12] [INFO] [ShopBot] 跳过物品: unknown
[2026-05-22 00:57:12] [INFO] [ShopBot] 货架处理完成，共购买 0 个物品
[2026-05-22 00:57:12] [INFO] [ShopBot] 第 0 次查看，购买 0 个物品
[2026-05-22 00:57:12] [INFO] [ShopBot] 滑动 (1100, 400) -> (1100, 150), 时长 0.3s
[2026-05-22 00:57:14] [DEBUG] [ShopBot] 整区 OCR 检测到 28 个文字块，4 行
[2026-05-22 00:57:14] [INFO] [ShopBot] 物品 0 (y=154-259): '英雄腐败洛普拉奈汉库伊可购买1次' → unknown (conf=0.00), 价格 29000, 货币 gold, 购买按钮 @ (1192, 206)
[2026-05-22 00:57:14] [INFO] [ShopBot] 物品 1 (y=313-405): '英雄罗奇斯劳动者奈汉库伊可购买1次' → unknown (conf=0.00), 价格 29000, 货币 gold, 购买按钮 @ (1192, 359)
[2026-05-22 00:57:14] [INFO] [ShopBot] 物品 2 (y=457-550): '英雄组织执行官奈汉库伊可购买1次' → unknown (conf=0.00), 价格 29000, 货币 gold, 购买按钮 @ (1192, 503)
[2026-05-22 00:57:14] [INFO] [ShopBot] 物品 3 (y=602-705): '英雄泥巴普鲁兹奈汉库伊可购买1次' → unknown (conf=0.00), 价格 29000, 货币 gold, 购买按钮 @ (1192, 653)
[2026-05-22 00:57:14] [INFO] [ShopBot] 跳过物品: unknown
[2026-05-22 00:57:14] [INFO] [ShopBot] 跳过物品: unknown
[2026-05-22 00:57:14] [INFO] [ShopBot] 跳过物品: unknown
[2026-05-22 00:57:14] [INFO] [ShopBot] 跳过物品: unknown
[2026-05-22 00:57:14] [INFO] [ShopBot] 货架处理完成，共购买 0 个物品
[2026-05-22 00:57:14] [INFO] [ShopBot] 第 1 次查看，购买 0 个物品
[2026-05-22 00:57:14] [INFO] [ShopBot] 滑动 (1100, 400) -> (1100, 150), 时长 0.3s
[2026-05-22 00:57:17] [DEBUG] [ShopBot] 整区 OCR 检测到 28 个文字块，4 行
[2026-05-22 00:57:17] [INFO] [ShopBot] 物品 0 (y=154-259): '英雄腐败洛普拉奈汉库伊可购买1次' → unknown (conf=0.00), 价格 29000, 货币 gold, 购买按钮 @ (1192, 206)
[2026-05-22 00:57:17] [INFO] [ShopBot] 物品 1 (y=313-405): '英雄罗奇斯劳动者奈汉库伊可购买1次' → unknown (conf=0.00), 价格 29000, 货币 gold, 购买按钮 @ (1192, 359)
[2026-05-22 00:57:17] [INFO] [ShopBot] 物品 2 (y=457-550): '英雄组织执行官奈汉库伊可购买1次' → unknown (conf=0.00), 价格 29000, 货币 gold, 购买按钮 @ (1192, 503)
[2026-05-22 00:57:17] [INFO] [ShopBot] 物品 3 (y=602-705): '英雄泥巴普鲁兹奈汉库伊可购买1次' → unknown (conf=0.00), 价格 29000, 货币 gold, 购买按钮 @ (1192, 653)
[2026-05-22 00:57:17] [INFO] [ShopBot] 已到达货架底部（第 2 次滑动后，识别结果无变化）
[2026-05-22 00:57:17] [INFO] [ShopBot] 寻找刷新按钮（第 1 次）
[2026-05-22 00:57:17] [DEBUG] [ShopBot] 找到刷新按钮 '立即更新' 在 (268, 659)
[2026-05-22 00:57:17] [INFO] [ShopBot] 点击刷新按钮 (268, 659)
[2026-05-22 00:57:17] [INFO] [ShopBot] 点击坐标 (268, 659)
[2026-05-22 00:57:19] [INFO] [ShopBot] 检测到刷新确认弹窗，点击确认 (748, 460)
[2026-05-22 00:57:19] [INFO] [ShopBot] 点击坐标 (748, 460)
[2026-05-22 00:57:19] [INFO] [ShopBot] 等待货架加载...
[2026-05-22 00:57:20] [INFO] [ShopBot] ===== 第 12 轮 =====
[2026-05-22 00:57:20] [INFO] [ShopBot] 滑动到货架顶部...
[2026-05-22 00:57:20] [INFO] [ShopBot] 滑动 (1100, 150) -> (1100, 400), 时长 0.3s
[2026-05-22 00:57:21] [DEBUG] [ShopBot] 整区 OCR 检测到 31 个文字块，5 行
[2026-05-22 00:57:21] [INFO] [ShopBot] 物品 0 (y=122-213): '英雄旅行者卡宁奈汉库伊可购买1次' → unknown (conf=0.00), 价格 29000, 货币 gold, 购买按钮 @ (1192, 167)
[2026-05-22 00:57:21] [INFO] [ShopBot] 物品 1 (y=265-359): '55装备啤叫龙兽面具商人亚彼荷可购买1次' → equipment (conf=0.70), 价格 240000, 货币 gold, 购买按钮 @ (1192, 312)
[2026-05-22 00:57:21] [INFO] [ShopBot] 物品 2 (y=410-504): '货币友情点数诺诺里50可购买1次' → unknown (conf=0.00), 价格 18000, 货币 gold, 购买按钮 @ (1192, 457)
[2026-05-22 00:57:21] [INFO] [ShopBot] 物品 3 (y=555-649): '装备70魔力龙兽骨刃剑商人亚彼荷可购买1次' → equipment (conf=0.70), 价格 380000, 货币 gold, 购买按钮 @ (1192, 602)
[2026-05-22 00:57:21] [INFO] [ShopBot] 物品 4 (y=650-705): '' → unknown (conf=0.00), 价格 0, 货币 gold, 购买按钮 @ (1192, 677)
[2026-05-22 00:57:21] [INFO] [ShopBot] 跳过物品: unknown
[2026-05-22 00:57:21] [INFO] [ShopBot] 跳过物品: equipment
[2026-05-22 00:57:21] [INFO] [ShopBot] 跳过物品: unknown
[2026-05-22 00:57:21] [INFO] [ShopBot] 跳过物品: equipment
[2026-05-22 00:57:21] [INFO] [ShopBot] 跳过物品: unknown
[2026-05-22 00:57:21] [INFO] [ShopBot] 货架处理完成，共购买 0 个物品
[2026-05-22 00:57:21] [INFO] [ShopBot] 第 0 次查看，购买 0 个物品
[2026-05-22 00:57:21] [INFO] [ShopBot] 滑动 (1100, 400) -> (1100, 150), 时长 0.3s
[2026-05-22 00:57:24] [DEBUG] [ShopBot] 整区 OCR 检测到 32 个文字块，4 行
[2026-05-22 00:57:24] [INFO] [ShopBot] 物品 0 (y=154-260): '货币友情点数诺诺里可购买1次50' → unknown (conf=0.00), 价格 18000, 货币 gold, 购买按钮 @ (1192, 207)
[2026-05-22 00:57:24] [INFO] [ShopBot] 物品 1 (y=311-405): '70装备魔力龙兽骨刃剑商人亚彼荷可购买1次' → equipment (conf=0.70), 价格 380000, 货币 gold, 购买按钮 @ (1192, 358)
[2026-05-22 00:57:24] [INFO] [ShopBot] 物品 2 (y=456-550): '55装备灿烂精髓王冠商人亚彼荷可购买1次' → equipment (conf=0.70), 价格 240000, 货币 gold, 购买按钮 @ (1192, 503)
[2026-05-22 00:57:24] [INFO] [ShopBot] 物品 3 (y=601-705): '55装备啤叫龙兽骨刃剑商人亚彼荷可购买1次' → equipment (conf=0.70), 价格 240000, 货币 gold, 购买按钮 @ (1192, 653)
[2026-05-22 00:57:24] [INFO] [ShopBot] 跳过物品: unknown
[2026-05-22 00:57:24] [INFO] [ShopBot] 跳过物品: equipment
[2026-05-22 00:57:24] [INFO] [ShopBot] 跳过物品: equipment
[2026-05-22 00:57:24] [INFO] [ShopBot] 跳过物品: equipment
[2026-05-22 00:57:24] [INFO] [ShopBot] 货架处理完成，共购买 0 个物品
[2026-05-22 00:57:24] [INFO] [ShopBot] 第 1 次查看，购买 0 个物品
[2026-05-22 00:57:24] [INFO] [ShopBot] 滑动 (1100, 400) -> (1100, 150), 时长 0.3s
[2026-05-22 00:57:26] [DEBUG] [ShopBot] 整区 OCR 检测到 32 个文字块，4 行
[2026-05-22 00:57:26] [INFO] [ShopBot] 物品 0 (y=154-260): '货币友情点数诺诺里可购买1次50' → unknown (conf=0.00), 价格 18000, 货币 gold, 购买按钮 @ (1192, 207)
[2026-05-22 00:57:26] [INFO] [ShopBot] 物品 1 (y=311-405): '70装备魔力龙兽骨刃剑商人亚彼荷可购买1次' → equipment (conf=0.70), 价格 380000, 货币 gold, 购买按钮 @ (1192, 358)
[2026-05-22 00:57:26] [INFO] [ShopBot] 物品 2 (y=456-550): '55装备灿烂精髓王冠商人亚彼荷可购买1次' → equipment (conf=0.70), 价格 240000, 货币 gold, 购买按钮 @ (1192, 503)
[2026-05-22 00:57:26] [INFO] [ShopBot] 物品 3 (y=601-705): '55装备啤叫龙兽骨刃剑商人亚彼荷可购买1次' → equipment (conf=0.70), 价格 240000, 货币 gold, 购买按钮 @ (1192, 653)
[2026-05-22 00:57:26] [INFO] [ShopBot] 已到达货架底部（第 2 次滑动后，识别结果无变化）
[2026-05-22 00:57:26] [INFO] [ShopBot] 寻找刷新按钮（第 1 次）
[2026-05-22 00:57:27] [DEBUG] [ShopBot] 找到刷新按钮 '立即更新' 在 (268, 659)
[2026-05-22 00:57:27] [INFO] [ShopBot] 点击刷新按钮 (268, 659)
[2026-05-22 00:57:27] [INFO] [ShopBot] 点击坐标 (268, 659)
[2026-05-22 00:57:29] [INFO] [ShopBot] 检测到刷新确认弹窗，点击确认 (748, 460)
[2026-05-22 00:57:29] [INFO] [ShopBot] 点击坐标 (748, 460)
[2026-05-22 00:57:29] [INFO] [ShopBot] 等待货架加载...
[2026-05-22 00:57:30] [INFO] [ShopBot] ===== 第 13 轮 =====
[2026-05-22 00:57:30] [INFO] [ShopBot] 滑动到货架顶部...
[2026-05-22 00:57:30] [INFO] [ShopBot] 滑动 (1100, 150) -> (1100, 400), 时长 0.3s
[2026-05-22 00:57:32] [DEBUG] [ShopBot] 整区 OCR 检测到 30 个文字块，5 行
[2026-05-22 00:57:32] [INFO] [ShopBot] 物品 0 (y=122-213): '70装备破灭精髓王冠商人亚彼荷可购买1次' → equipment (conf=0.70), 价格 380000, 货币 gold, 购买按钮 @ (1192, 167)
[2026-05-22 00:57:32] [INFO] [ShopBot] 物品 1 (y=266-358): '英雄红宝石龙奈汉库伊可购买1次' → unknown (conf=0.00), 价格 29000, 货币 gold, 购买按钮 @ (1192, 312)
[2026-05-22 00:57:32] [INFO] [ShopBot] 物品 2 (y=410-504): '70装备破灭精髓宝珠商人亚彼荷可购买1次' → equipment (conf=0.70), 价格 380000, 货币 gold, 购买按钮 @ (1192, 457)
[2026-05-22 00:57:32] [INFO] [ShopBot] 物品 3 (y=556-648): '英雄大海鲍特奈汉库伊可购买1次' → unknown (conf=0.00), 价格 29000, 货币 gold, 购买按钮 @ (1192, 602)
[2026-05-22 00:57:32] [INFO] [ShopBot] 物品 4 (y=650-705): '' → unknown (conf=0.00), 价格 0, 货币 gold, 购买按钮 @ (1192, 677)
[2026-05-22 00:57:32] [INFO] [ShopBot] 跳过物品: equipment
[2026-05-22 00:57:32] [INFO] [ShopBot] 跳过物品: unknown
[2026-05-22 00:57:32] [INFO] [ShopBot] 跳过物品: equipment
[2026-05-22 00:57:32] [INFO] [ShopBot] 跳过物品: unknown
[2026-05-22 00:57:32] [INFO] [ShopBot] 跳过物品: unknown
[2026-05-22 00:57:32] [INFO] [ShopBot] 货架处理完成，共购买 0 个物品
[2026-05-22 00:57:32] [INFO] [ShopBot] 第 0 次查看，购买 0 个物品
[2026-05-22 00:57:32] [INFO] [ShopBot] 滑动 (1100, 400) -> (1100, 150), 时长 0.3s
[2026-05-22 00:57:34] [DEBUG] [ShopBot] 整区 OCR 检测到 31 个文字块，4 行
[2026-05-22 00:57:34] [INFO] [ShopBot] 物品 0 (y=154-260): '70装备破灭精髓宝珠商人亚彼荷可购买1次' → equipment (conf=0.70), 价格 380000, 货币 gold, 购买按钮 @ (1192, 207)
[2026-05-22 00:57:34] [INFO] [ShopBot] 物品 1 (y=313-405): '英雄大海鲍特奈汉库伊可购买1次' → unknown (conf=0.00), 价格 29000, 货币 gold, 购买按钮 @ (1192, 359)
[2026-05-22 00:57:34] [INFO] [ShopBot] 物品 2 (y=456-550): '70装备蜘蛛君主的靴子商人亚彼荷可购买1次' → equipment (conf=0.70), 价格 380000, 货币 gold, 购买按钮 @ (1192, 503)
[2026-05-22 00:57:34] [INFO] [ShopBot] 物品 3 (y=599-705): '货币友情点数诺诺里50可购买1次' → unknown (conf=0.00), 价格 18000, 货币 gold, 购买按钮 @ (1192, 652)
[2026-05-22 00:57:34] [INFO] [ShopBot] 跳过物品: equipment
[2026-05-22 00:57:34] [INFO] [ShopBot] 跳过物品: unknown
[2026-05-22 00:57:34] [INFO] [ShopBot] 跳过物品: equipment
[2026-05-22 00:57:34] [INFO] [ShopBot] 跳过物品: unknown
[2026-05-22 00:57:34] [INFO] [ShopBot] 货架处理完成，共购买 0 个物品
[2026-05-22 00:57:34] [INFO] [ShopBot] 第 1 次查看，购买 0 个物品
[2026-05-22 00:57:34] [INFO] [ShopBot] 滑动 (1100, 400) -> (1100, 150), 时长 0.3s
[2026-05-22 00:57:36] [DEBUG] [ShopBot] 整区 OCR 检测到 31 个文字块，4 行
[2026-05-22 00:57:36] [INFO] [ShopBot] 物品 0 (y=154-260): '70装备破灭精髓宝珠商人亚彼荷可购买1次' → equipment (conf=0.70), 价格 380000, 货币 gold, 购买按钮 @ (1192, 207)
[2026-05-22 00:57:36] [INFO] [ShopBot] 物品 1 (y=313-405): '英雄大海鲍特奈汉库伊可购买1次' → unknown (conf=0.00), 价格 29000, 货币 gold, 购买按钮 @ (1192, 359)
[2026-05-22 00:57:36] [INFO] [ShopBot] 物品 2 (y=456-550): '70装备蜘蛛君主的靴子商人亚彼荷可购买1次' → equipment (conf=0.70), 价格 380000, 货币 gold, 购买按钮 @ (1192, 503)
[2026-05-22 00:57:36] [INFO] [ShopBot] 物品 3 (y=601-705): '货币友情点数诺诺里50可购买1次' → unknown (conf=0.00), 价格 18000, 货币 gold, 购买按钮 @ (1192, 653)
[2026-05-22 00:57:36] [INFO] [ShopBot] 已到达货架底部（第 2 次滑动后，识别结果无变化）
[2026-05-22 00:57:36] [INFO] [ShopBot] 寻找刷新按钮（第 1 次）
[2026-05-22 00:57:37] [DEBUG] [ShopBot] 找到刷新按钮 '立即更新' 在 (268, 659)
[2026-05-22 00:57:37] [INFO] [ShopBot] 点击刷新按钮 (268, 659)
[2026-05-22 00:57:37] [INFO] [ShopBot] 点击坐标 (268, 659)
[2026-05-22 00:57:39] [INFO] [ShopBot] 检测到刷新确认弹窗，点击确认 (748, 460)
[2026-05-22 00:57:39] [INFO] [ShopBot] 点击坐标 (748, 460)
[2026-05-22 00:57:39] [INFO] [ShopBot] 等待货架加载...
[2026-05-22 00:57:40] [INFO] [ShopBot] ===== 第 14 轮 =====
[2026-05-22 00:57:40] [INFO] [ShopBot] 滑动到货架顶部...
[2026-05-22 00:57:40] [INFO] [ShopBot] 滑动 (1100, 150) -> (1100, 400), 时长 0.3s
[2026-05-22 00:57:42] [DEBUG] [ShopBot] 整区 OCR 检测到 32 个文字块，5 行
[2026-05-22 00:57:42] [INFO] [ShopBot] 物品 0 (y=122-214): '70装备蜘蛛君主的挂饰昵萨可购买1次' → equipment (conf=0.70), 价格 560000, 货币 gold, 购买按钮 @ (1192, 168)
[2026-05-22 00:57:42] [INFO] [ShopBot] 物品 1 (y=265-359): '85装备深渊龙兽靴子商人亚彼荷可购买1次' → equipment (conf=0.70), 价格 540000, 货币 gold, 购买按钮 @ (1192, 312)
[2026-05-22 00:57:42] [INFO] [ShopBot] 物品 2 (y=410-504): '70装备不祥的恶魔之双刃剑商人亚彼荷可购买1次' → equipment (conf=0.70), 价格 380000, 货币 gold, 购买按钮 @ (1192, 457)
[2026-05-22 00:57:42] [INFO] [ShopBot] 物品 3 (y=555-649): '货币友情点数诺诺里50可购买1次' → unknown (conf=0.00), 价格 18000, 货币 gold, 购买按钮 @ (1192, 602)
[2026-05-22 00:57:42] [INFO] [ShopBot] 物品 4 (y=650-705): '' → unknown (conf=0.00), 价格 0, 货币 gold, 购买按钮 @ (1192, 677)
[2026-05-22 00:57:42] [INFO] [ShopBot] 跳过物品: equipment
[2026-05-22 00:57:42] [INFO] [ShopBot] 跳过物品: equipment
[2026-05-22 00:57:42] [INFO] [ShopBot] 跳过物品: equipment
[2026-05-22 00:57:42] [INFO] [ShopBot] 跳过物品: unknown
[2026-05-22 00:57:42] [INFO] [ShopBot] 跳过物品: unknown
[2026-05-22 00:57:42] [INFO] [ShopBot] 货架处理完成，共购买 0 个物品
[2026-05-22 00:57:42] [INFO] [ShopBot] 第 0 次查看，购买 0 个物品
[2026-05-22 00:57:42] [INFO] [ShopBot] 滑动 (1100, 400) -> (1100, 150), 时长 0.3s
[2026-05-22 00:57:44] [DEBUG] [ShopBot] 整区 OCR 检测到 31 个文字块，4 行
[2026-05-22 00:57:44] [INFO] [ShopBot] 物品 0 (y=154-260): '70装备不祥的恶魔之双刃剑商人亚彼荷可购买1次' → equipment (conf=0.70), 价格 380000, 货币 gold, 购买按钮 @ (1192, 207)
[2026-05-22 00:57:44] [INFO] [ShopBot] 物品 1 (y=311-405): '货币友情点数诺诺里50可购买1次' → unknown (conf=0.00), 价格 18000, 货币 gold, 购买按钮 @ (1192, 358)
[2026-05-22 00:57:44] [INFO] [ShopBot] 物品 2 (y=456-550): '装备泰拉重甲商人亚彼荷可购买1次' → equipment (conf=0.70), 价格 380000, 货币 gold, 购买按钮 @ (1192, 503)
[2026-05-22 00:57:44] [INFO] [ShopBot] 物品 3 (y=595-705): '55装备奥利哈钢脖围妮萨可购买1次' → equipment (conf=0.70), 价格 240000, 货币 gold, 购买按钮 @ (1192, 650)
[2026-05-22 00:57:44] [INFO] [ShopBot] 跳过物品: equipment
[2026-05-22 00:57:44] [INFO] [ShopBot] 跳过物品: unknown
[2026-05-22 00:57:44] [INFO] [ShopBot] 跳过物品: equipment
[2026-05-22 00:57:44] [INFO] [ShopBot] 跳过物品: equipment
[2026-05-22 00:57:44] [INFO] [ShopBot] 货架处理完成，共购买 0 个物品
[2026-05-22 00:57:44] [INFO] [ShopBot] 第 1 次查看，购买 0 个物品
[2026-05-22 00:57:44] [INFO] [ShopBot] 滑动 (1100, 400) -> (1100, 150), 时长 0.3s
[2026-05-22 00:57:47] [DEBUG] [ShopBot] 整区 OCR 检测到 31 个文字块，4 行
[2026-05-22 00:57:47] [INFO] [ShopBot] 物品 0 (y=154-260): '70装备不祥的恶魔之双刃剑商人亚彼荷可购买1次' → equipment (conf=0.70), 价格 380000, 货币 gold, 购买按钮 @ (1192, 207)
[2026-05-22 00:57:47] [INFO] [ShopBot] 物品 1 (y=311-405): '货币友情点数诺诺里50可购买1次' → unknown (conf=0.00), 价格 18000, 货币 gold, 购买按钮 @ (1192, 358)
[2026-05-22 00:57:47] [INFO] [ShopBot] 物品 2 (y=456-550): '装备泰拉重甲商人亚彼荷可购买1次' → equipment (conf=0.70), 价格 380000, 货币 gold, 购买按钮 @ (1192, 503)
[2026-05-22 00:57:47] [INFO] [ShopBot] 物品 3 (y=601-705): '55装备奥利哈钢脖围妮萨可购买1次' → equipment (conf=0.70), 价格 240000, 货币 gold, 购买按钮 @ (1192, 653)
[2026-05-22 00:57:47] [INFO] [ShopBot] 已到达货架底部（第 2 次滑动后，识别结果无变化）
[2026-05-22 00:57:47] [INFO] [ShopBot] 寻找刷新按钮（第 1 次）
[2026-05-22 00:57:47] [DEBUG] [ShopBot] 找到刷新按钮 '立即更新' 在 (268, 659)
[2026-05-22 00:57:47] [INFO] [ShopBot] 点击刷新按钮 (268, 659)
[2026-05-22 00:57:47] [INFO] [ShopBot] 点击坐标 (268, 659)
[2026-05-22 00:57:49] [INFO] [ShopBot] 检测到刷新确认弹窗，点击确认 (748, 460)
[2026-05-22 00:57:49] [INFO] [ShopBot] 点击坐标 (748, 460)
[2026-05-22 00:57:49] [INFO] [ShopBot] 等待货架加载...
[2026-05-22 00:57:50] [INFO] [ShopBot] ===== 第 15 轮 =====
[2026-05-22 00:57:50] [INFO] [ShopBot] 滑动到货架顶部...
[2026-05-22 00:57:50] [INFO] [ShopBot] 滑动 (1100, 150) -> (1100, 400), 时长 0.3s
[2026-05-22 00:57:52] [DEBUG] [ShopBot] 整区 OCR 检测到 30 个文字块，5 行
[2026-05-22 00:57:52] [INFO] [ShopBot] 物品 0 (y=119-210): '70装备不祥的恶魔高级靴子商人亚彼荷可购买1次' → equipment (conf=0.70), 价格 560000, 货币 gold, 购买按钮 @ (1192, 164)
[2026-05-22 00:57:52] [INFO] [ShopBot] 物品 1 (y=263-355): '英雄猎人鲍特奈汉库伊可购买1次' → unknown (conf=0.00), 价格 29000, 货币 gold, 购买按钮 @ (1192, 309)
[2026-05-22 00:57:52] [INFO] [ShopBot] 物品 2 (y=407-500): '85装备暗黑钢铁脖围可购买1次' → equipment (conf=0.70), 价格 540000, 货币 gold, 购买按钮 @ (1192, 453)
[2026-05-22 00:57:52] [INFO] [ShopBot] 物品 3 (y=552-646): '货币友情点数诺诺里50可购买1次' → unknown (conf=0.00), 价格 18000, 货币 gold, 购买按钮 @ (1192, 599)
[2026-05-22 00:57:52] [INFO] [ShopBot] 物品 4 (y=647-705): '' → unknown (conf=0.00), 价格 0, 货币 gold, 购买按钮 @ (1192, 676)
[2026-05-22 00:57:52] [INFO] [ShopBot] 跳过物品: equipment
[2026-05-22 00:57:52] [INFO] [ShopBot] 跳过物品: unknown
[2026-05-22 00:57:52] [INFO] [ShopBot] 跳过物品: equipment
[2026-05-22 00:57:52] [INFO] [ShopBot] 跳过物品: unknown
[2026-05-22 00:57:52] [INFO] [ShopBot] 跳过物品: unknown
[2026-05-22 00:57:52] [INFO] [ShopBot] 货架处理完成，共购买 0 个物品
[2026-05-22 00:57:52] [INFO] [ShopBot] 第 0 次查看，购买 0 个物品
[2026-05-22 00:57:52] [INFO] [ShopBot] 滑动 (1100, 400) -> (1100, 150), 时长 0.3s
[2026-05-22 00:57:54] [DEBUG] [ShopBot] 整区 OCR 检测到 30 个文字块，4 行
[2026-05-22 00:57:54] [INFO] [ShopBot] 物品 0 (y=154-260): '85装备暗黑钢铁脖围妮萨可购买1次' → equipment (conf=0.70), 价格 540000, 货币 gold, 购买按钮 @ (1192, 207)
[2026-05-22 00:57:54] [INFO] [ShopBot] 物品 1 (y=311-405): '货币友情点数诺诺里50可购买1次' → unknown (conf=0.00), 价格 18000, 货币 gold, 购买按钮 @ (1192, 358)
[2026-05-22 00:57:54] [INFO] [ShopBot] 物品 2 (y=456-550): '55装备毒脚爪项链可购买1次' → equipment (conf=0.70), 价格 240000, 货币 gold, 购买按钮 @ (1192, 503)
[2026-05-22 00:57:54] [INFO] [ShopBot] 物品 3 (y=602-705): '英雄冰霜史莱姆奈汉库伊可购买1次' → fodder (conf=0.65), 价格 29000, 货币 gold, 购买按钮 @ (1192, 653)
[2026-05-22 00:57:54] [INFO] [ShopBot] 跳过物品: equipment
[2026-05-22 00:57:54] [INFO] [ShopBot] 跳过物品: unknown
[2026-05-22 00:57:54] [INFO] [ShopBot] 跳过物品: equipment
[2026-05-22 00:57:54] [INFO] [ShopBot] 跳过物品: fodder
[2026-05-22 00:57:54] [INFO] [ShopBot] 货架处理完成，共购买 0 个物品
[2026-05-22 00:57:54] [INFO] [ShopBot] 第 1 次查看，购买 0 个物品
[2026-05-22 00:57:54] [INFO] [ShopBot] 滑动 (1100, 400) -> (1100, 150), 时长 0.3s
[2026-05-22 00:57:56] [DEBUG] [ShopBot] 整区 OCR 检测到 30 个文字块，4 行
[2026-05-22 00:57:56] [INFO] [ShopBot] 物品 0 (y=154-260): '85装备暗黑钢铁脖围妮萨可购买1次' → equipment (conf=0.70), 价格 540000, 货币 gold, 购买按钮 @ (1192, 207)
[2026-05-22 00:57:56] [INFO] [ShopBot] 物品 1 (y=311-405): '货币友情点数诺诺里50可购买1次' → unknown (conf=0.00), 价格 18000, 货币 gold, 购买按钮 @ (1192, 358)
[2026-05-22 00:57:56] [INFO] [ShopBot] 物品 2 (y=456-550): '55装备毒脚爪项链可购买1次' → equipment (conf=0.70), 价格 240000, 货币 gold, 购买按钮 @ (1192, 503)
[2026-05-22 00:57:56] [INFO] [ShopBot] 物品 3 (y=602-705): '英雄冰霜史莱姆奈汉库伊可购买1次' → fodder (conf=0.65), 价格 29000, 货币 gold, 购买按钮 @ (1192, 653)
[2026-05-22 00:57:56] [INFO] [ShopBot] 已到达货架底部（第 2 次滑动后，识别结果无变化）
[2026-05-22 00:57:56] [INFO] [ShopBot] 寻找刷新按钮（第 1 次）
[2026-05-22 00:57:57] [DEBUG] [ShopBot] 找到刷新按钮 '立即更新' 在 (268, 659)
[2026-05-22 00:57:57] [INFO] [ShopBot] 点击刷新按钮 (268, 659)
[2026-05-22 00:57:57] [INFO] [ShopBot] 点击坐标 (268, 659)
[2026-05-22 00:57:58] [INFO] [ShopBot] 检测到刷新确认弹窗，点击确认 (748, 460)
[2026-05-22 00:57:58] [INFO] [ShopBot] 点击坐标 (748, 460)
[2026-05-22 00:57:59] [INFO] [ShopBot] 等待货架加载...
[2026-05-22 00:58:00] [INFO] [ShopBot] ===== 第 16 轮 =====
[2026-05-22 00:58:00] [INFO] [ShopBot] 滑动到货架顶部...
[2026-05-22 00:58:00] [INFO] [ShopBot] 滑动 (1100, 150) -> (1100, 400), 时长 0.3s
[2026-05-22 00:58:01] [DEBUG] [ShopBot] 整区 OCR 检测到 31 个文字块，4 行
[2026-05-22 00:58:01] [INFO] [ShopBot] 物品 0 (y=125-216): '英雄铁血弓兵奈汉库伊可购买1次' → equipment (conf=0.65), 价格 29000, 货币 gold, 购买按钮 @ (1192, 170)
[2026-05-22 00:58:01] [INFO] [ShopBot] 物品 1 (y=268-361): '70装备破灭精髓宝珠商人亚彼荷可购买1次' → equipment (conf=0.70), 价格 380000, 货币 gold, 购买按钮 @ (1192, 314)
[2026-05-22 00:58:01] [INFO] [ShopBot] 物品 2 (y=413-506): '装备55暗龙红玉妮萨可购买1次' → equipment (conf=0.70), 价格 360000, 货币 gold, 购买按钮 @ (1192, 459)
[2026-05-22 00:58:01] [INFO] [ShopBot] 物品 3 (y=558-705): '55装备灿烂精髓长袍商人亚彼荷可购买1次' → equipment (conf=0.70), 价格 240000, 货币 gold, 购买按钮 @ (1192, 631)
[2026-05-22 00:58:01] [INFO] [ShopBot] 跳过物品: equipment
[2026-05-22 00:58:01] [INFO] [ShopBot] 跳过物品: equipment
[2026-05-22 00:58:01] [INFO] [ShopBot] 跳过物品: equipment
[2026-05-22 00:58:01] [INFO] [ShopBot] 跳过物品: equipment
[2026-05-22 00:58:01] [INFO] [ShopBot] 货架处理完成，共购买 0 个物品
[2026-05-22 00:58:01] [INFO] [ShopBot] 第 0 次查看，购买 0 个物品
[2026-05-22 00:58:01] [INFO] [ShopBot] 滑动 (1100, 400) -> (1100, 150), 时长 0.3s
[2026-05-22 00:58:04] [DEBUG] [ShopBot] 整区 OCR 检测到 31 个文字块，4 行
[2026-05-22 00:58:04] [INFO] [ShopBot] 物品 0 (y=154-265): '55装备暗龙红玉妮萨可购买1次' → equipment (conf=0.70), 价格 360000, 货币 gold, 购买按钮 @ (1192, 209)
[2026-05-22 00:58:04] [INFO] [ShopBot] 物品 1 (y=317-410): '装备55灿烂精髓长袍商人亚彼荷可购买1次' → equipment (conf=0.70), 价格 240000, 货币 gold, 购买按钮 @ (1192, 363)
[2026-05-22 00:58:04] [INFO] [ShopBot] 物品 2 (y=463-555): '英雄守望者卡宁奈汉库伊可购买1次' → unknown (conf=0.00), 价格 29000, 货币 gold, 购买按钮 @ (1192, 509)
[2026-05-22 00:58:04] [INFO] [ShopBot] 物品 3 (y=598-705): '55装备精巧的恶魔靴子商人亚彼荷可购买1次' → equipment (conf=0.70), 价格 240000, 货币 gold, 购买按钮 @ (1192, 651)
[2026-05-22 00:58:04] [INFO] [ShopBot] 跳过物品: equipment
[2026-05-22 00:58:04] [INFO] [ShopBot] 跳过物品: equipment
[2026-05-22 00:58:04] [INFO] [ShopBot] 跳过物品: unknown
[2026-05-22 00:58:04] [INFO] [ShopBot] 跳过物品: equipment
[2026-05-22 00:58:04] [INFO] [ShopBot] 货架处理完成，共购买 0 个物品
[2026-05-22 00:58:04] [INFO] [ShopBot] 第 1 次查看，购买 0 个物品
[2026-05-22 00:58:04] [INFO] [ShopBot] 滑动 (1100, 400) -> (1100, 150), 时长 0.3s
[2026-05-22 00:58:06] [DEBUG] [ShopBot] 整区 OCR 检测到 31 个文字块，4 行
[2026-05-22 00:58:06] [INFO] [ShopBot] 物品 0 (y=154-260): '55装备暗龙红玉妮萨可购买1次' → equipment (conf=0.70), 价格 360000, 货币 gold, 购买按钮 @ (1192, 207)
[2026-05-22 00:58:06] [INFO] [ShopBot] 物品 1 (y=311-405): '55装备灿烂精髓长袍商人亚彼荷可购买1次' → equipment (conf=0.70), 价格 240000, 货币 gold, 购买按钮 @ (1192, 358)
[2026-05-22 00:58:06] [INFO] [ShopBot] 物品 2 (y=457-550): '英雄守望者卡宁奈汉库伊可购买1次' → unknown (conf=0.00), 价格 29000, 货币 gold, 购买按钮 @ (1192, 503)
[2026-05-22 00:58:06] [INFO] [ShopBot] 物品 3 (y=601-705): '55装备精巧的恶魔靴子商人亚彼荷可购买1次' → equipment (conf=0.70), 价格 240000, 货币 gold, 购买按钮 @ (1192, 653)
[2026-05-22 00:58:06] [INFO] [ShopBot] 跳过物品: equipment
[2026-05-22 00:58:06] [INFO] [ShopBot] 跳过物品: equipment
[2026-05-22 00:58:06] [INFO] [ShopBot] 跳过物品: unknown
[2026-05-22 00:58:06] [INFO] [ShopBot] 跳过物品: equipment
[2026-05-22 00:58:06] [INFO] [ShopBot] 货架处理完成，共购买 0 个物品
[2026-05-22 00:58:06] [INFO] [ShopBot] 第 2 次查看，购买 0 个物品
[2026-05-22 00:58:06] [INFO] [ShopBot] 滑动 (1100, 400) -> (1100, 150), 时长 0.3s
[2026-05-22 00:58:09] [DEBUG] [ShopBot] 整区 OCR 检测到 31 个文字块，4 行
[2026-05-22 00:58:09] [INFO] [ShopBot] 物品 0 (y=154-260): '55装备暗龙红玉妮萨可购买1次' → equipment (conf=0.70), 价格 360000, 货币 gold, 购买按钮 @ (1192, 207)
[2026-05-22 00:58:09] [INFO] [ShopBot] 物品 1 (y=311-405): '55装备灿烂精髓长袍商人亚彼荷可购买1次' → equipment (conf=0.70), 价格 240000, 货币 gold, 购买按钮 @ (1192, 358)
[2026-05-22 00:58:09] [INFO] [ShopBot] 物品 2 (y=457-550): '英雄守望者卡宁奈汉库伊可购买1次' → unknown (conf=0.00), 价格 29000, 货币 gold, 购买按钮 @ (1192, 503)
[2026-05-22 00:58:09] [INFO] [ShopBot] 物品 3 (y=601-705): '55装备精巧的恶魔靴子商人亚彼荷可购买1次' → equipment (conf=0.70), 价格 240000, 货币 gold, 购买按钮 @ (1192, 653)
[2026-05-22 00:58:09] [INFO] [ShopBot] 已到达货架底部（第 3 次滑动后，识别结果无变化）
[2026-05-22 00:58:09] [INFO] [ShopBot] 寻找刷新按钮（第 1 次）
[2026-05-22 00:58:10] [DEBUG] [ShopBot] 找到刷新按钮 '立即更新' 在 (268, 659)
[2026-05-22 00:58:10] [INFO] [ShopBot] 点击刷新按钮 (268, 659)
[2026-05-22 00:58:10] [INFO] [ShopBot] 点击坐标 (268, 659)
[2026-05-22 00:58:11] [INFO] [ShopBot] 检测到刷新确认弹窗，点击确认 (748, 460)
[2026-05-22 00:58:11] [INFO] [ShopBot] 点击坐标 (748, 460)
[2026-05-22 00:58:11] [INFO] [ShopBot] 等待货架加载...
[2026-05-22 00:58:12] [INFO] [ShopBot] ===== 第 17 轮 =====
[2026-05-22 00:58:12] [INFO] [ShopBot] 滑动到货架顶部...
[2026-05-22 00:58:12] [INFO] [ShopBot] 滑动 (1100, 150) -> (1100, 400), 时长 0.3s
[2026-05-22 00:58:14] [DEBUG] [ShopBot] 整区 OCR 检测到 28 个文字块，4 行
[2026-05-22 00:58:14] [INFO] [ShopBot] 物品 0 (y=125-217): '装备蜘蛛君主的挂饰可购买1次' → equipment (conf=0.70), 价格 940000, 货币 gold, 购买按钮 @ (1192, 171)
[2026-05-22 00:58:14] [INFO] [ShopBot] 物品 1 (y=268-362): '装备破灭精髓长袍可购买1次商人亚彼荷' → equipment (conf=0.70), 价格 560000, 货币 gold, 购买按钮 @ (1192, 315)
[2026-05-22 00:58:14] [INFO] [ShopBot] 物品 2 (y=414-506): '英雄霜风席尔巴奈汉库伊可购买1次' → unknown (conf=0.00), 价格 29000, 货币 gold, 购买按钮 @ (1192, 460)
[2026-05-22 00:58:14] [INFO] [ShopBot] 物品 3 (y=558-705): '70装备蜘蛛君主的头盔商人亚彼荷可购买1次' → equipment (conf=0.70), 价格 380000, 货币 gold, 购买按钮 @ (1192, 631)
[2026-05-22 00:58:14] [INFO] [ShopBot] 跳过物品: equipment
[2026-05-22 00:58:14] [INFO] [ShopBot] 跳过物品: equipment
[2026-05-22 00:58:14] [INFO] [ShopBot] 跳过物品: unknown
[2026-05-22 00:58:14] [INFO] [ShopBot] 跳过物品: equipment
[2026-05-22 00:58:14] [INFO] [ShopBot] 货架处理完成，共购买 0 个物品
[2026-05-22 00:58:14] [INFO] [ShopBot] 第 0 次查看，购买 0 个物品
[2026-05-22 00:58:14] [INFO] [ShopBot] 滑动 (1100, 400) -> (1100, 150), 时长 0.3s
[2026-05-22 00:58:16] [DEBUG] [ShopBot] 整区 OCR 检测到 29 个文字块，4 行
[2026-05-22 00:58:16] [INFO] [ShopBot] 物品 0 (y=154-261): '英雄霜风席尔巴奈汉库伊可购买1次' → unknown (conf=0.00), 价格 29000, 货币 gold, 购买按钮 @ (1192, 207)
[2026-05-22 00:58:16] [INFO] [ShopBot] 物品 1 (y=313-406): '70装备蜘蛛君主的头盔商人亚彼荷可购买1次' → equipment (conf=0.70), 价格 380000, 货币 gold, 购买按钮 @ (1192, 359)
[2026-05-22 00:58:16] [INFO] [ShopBot] 物品 2 (y=459-551): '英雄夜空种子奈汉库伊可购买1次' → unknown (conf=0.00), 价格 29000, 货币 gold, 购买按钮 @ (1192, 505)
[2026-05-22 00:58:16] [INFO] [ShopBot] 物品 3 (y=603-705): '英雄精锐兵玛伊堤奈汉库伊可购买1次' → unknown (conf=0.00), 价格 29000, 货币 gold, 购买按钮 @ (1192, 654)
[2026-05-22 00:58:16] [INFO] [ShopBot] 跳过物品: unknown
[2026-05-22 00:58:16] [INFO] [ShopBot] 跳过物品: equipment
[2026-05-22 00:58:16] [INFO] [ShopBot] 跳过物品: unknown
[2026-05-22 00:58:16] [INFO] [ShopBot] 跳过物品: unknown
[2026-05-22 00:58:16] [INFO] [ShopBot] 货架处理完成，共购买 0 个物品
[2026-05-22 00:58:16] [INFO] [ShopBot] 第 1 次查看，购买 0 个物品
[2026-05-22 00:58:16] [INFO] [ShopBot] 滑动 (1100, 400) -> (1100, 150), 时长 0.3s
[2026-05-22 00:58:19] [DEBUG] [ShopBot] 整区 OCR 检测到 29 个文字块，4 行
[2026-05-22 00:58:19] [INFO] [ShopBot] 物品 0 (y=154-259): '英雄霜风席尔巴奈汉库伊可购买1次' → unknown (conf=0.00), 价格 29000, 货币 gold, 购买按钮 @ (1192, 206)
[2026-05-22 00:58:19] [INFO] [ShopBot] 物品 1 (y=311-405): '70装备蜘蛛君主的头盔商人亚彼荷可购买1次' → equipment (conf=0.70), 价格 380000, 货币 gold, 购买按钮 @ (1192, 358)
[2026-05-22 00:58:19] [INFO] [ShopBot] 物品 2 (y=457-550): '英雄夜空种子奈汉库伊可购买1次' → unknown (conf=0.00), 价格 29000, 货币 gold, 购买按钮 @ (1192, 503)
[2026-05-22 00:58:19] [INFO] [ShopBot] 物品 3 (y=602-705): '英雄精锐兵玛伊堤奈汉库伊可购买1次' → unknown (conf=0.00), 价格 29000, 货币 gold, 购买按钮 @ (1192, 653)
[2026-05-22 00:58:19] [INFO] [ShopBot] 已到达货架底部（第 2 次滑动后，识别结果无变化）
[2026-05-22 00:58:19] [INFO] [ShopBot] 寻找刷新按钮（第 1 次）
[2026-05-22 00:58:19] [DEBUG] [ShopBot] 找到刷新按钮 '立即更新' 在 (268, 659)
[2026-05-22 00:58:19] [INFO] [ShopBot] 点击刷新按钮 (268, 659)
[2026-05-22 00:58:19] [INFO] [ShopBot] 点击坐标 (268, 659)
[2026-05-22 00:58:21] [INFO] [ShopBot] 检测到刷新确认弹窗，点击确认 (748, 460)
[2026-05-22 00:58:21] [INFO] [ShopBot] 点击坐标 (748, 460)
[2026-05-22 00:58:21] [INFO] [ShopBot] 等待货架加载...
[2026-05-22 00:58:22] [INFO] [ShopBot] ===== 第 18 轮 =====
[2026-05-22 00:58:22] [INFO] [ShopBot] 滑动到货架顶部...
[2026-05-22 00:58:22] [INFO] [ShopBot] 滑动 (1100, 150) -> (1100, 400), 时长 0.3s
[2026-05-22 00:58:24] [DEBUG] [ShopBot] 整区 OCR 检测到 29 个文字块，4 行
[2026-05-22 00:58:24] [INFO] [ShopBot] 物品 0 (y=125-216): '英雄白银普鲁兹奈汉库伊可购买1次' → unknown (conf=0.00), 价格 29000, 货币 gold, 购买按钮 @ (1192, 170)
[2026-05-22 00:58:24] [INFO] [ShopBot] 物品 1 (y=268-362): '55装备勇士的背甲流星锤可购买1次商人亚彼荷' → equipment (conf=0.70), 价格 240000, 货币 gold, 购买按钮 @ (1192, 315)
[2026-05-22 00:58:24] [INFO] [ShopBot] 物品 2 (y=414-506): '英雄奥利卡坤枪炮奈汉库伊可购买1次' → unknown (conf=0.00), 价格 29000, 货币 gold, 购买按钮 @ (1192, 460)
[2026-05-22 00:58:24] [INFO] [ShopBot] 物品 3 (y=559-705): '英雄雪原安卡拉奈汉库伊可购买1次' → unknown (conf=0.00), 价格 29000, 货币 gold, 购买按钮 @ (1192, 632)
[2026-05-22 00:58:24] [INFO] [ShopBot] 跳过物品: unknown
[2026-05-22 00:58:24] [INFO] [ShopBot] 跳过物品: equipment
[2026-05-22 00:58:24] [INFO] [ShopBot] 跳过物品: unknown
[2026-05-22 00:58:24] [INFO] [ShopBot] 跳过物品: unknown
[2026-05-22 00:58:24] [INFO] [ShopBot] 货架处理完成，共购买 0 个物品
[2026-05-22 00:58:24] [INFO] [ShopBot] 第 0 次查看，购买 0 个物品
[2026-05-22 00:58:24] [INFO] [ShopBot] 滑动 (1100, 400) -> (1100, 150), 时长 0.3s
[2026-05-22 00:58:26] [DEBUG] [ShopBot] 整区 OCR 检测到 28 个文字块，4 行
[2026-05-22 00:58:26] [INFO] [ShopBot] 物品 0 (y=154-259): '英雄奥利卡坤枪炮奈汉库伊可购买1次' → unknown (conf=0.00), 价格 29000, 货币 gold, 购买按钮 @ (1192, 206)
[2026-05-22 00:58:26] [INFO] [ShopBot] 物品 1 (y=313-405): '英雄雪原安卡拉奈汉库伊可购买1次' → unknown (conf=0.00), 价格 29000, 货币 gold, 购买按钮 @ (1192, 359)
[2026-05-22 00:58:26] [INFO] [ShopBot] 物品 2 (y=458-550): '英雄组织执行官奈汉库伊可购买1次' → unknown (conf=0.00), 价格 29000, 货币 gold, 购买按钮 @ (1192, 504)
[2026-05-22 00:58:26] [INFO] [ShopBot] 物品 3 (y=595-705): '85装备黑曜石戒指可购买1次' → equipment (conf=0.70), 价格 810000, 货币 gold, 购买按钮 @ (1192, 650)
[2026-05-22 00:58:26] [INFO] [ShopBot] 跳过物品: unknown
[2026-05-22 00:58:26] [INFO] [ShopBot] 跳过物品: unknown
[2026-05-22 00:58:26] [INFO] [ShopBot] 跳过物品: unknown
[2026-05-22 00:58:26] [INFO] [ShopBot] 跳过物品: equipment
[2026-05-22 00:58:26] [INFO] [ShopBot] 货架处理完成，共购买 0 个物品
[2026-05-22 00:58:26] [INFO] [ShopBot] 第 1 次查看，购买 0 个物品
[2026-05-22 00:58:26] [INFO] [ShopBot] 滑动 (1100, 400) -> (1100, 150), 时长 0.3s
[2026-05-22 00:58:28] [DEBUG] [ShopBot] 整区 OCR 检测到 29 个文字块，4 行
[2026-05-22 00:58:28] [INFO] [ShopBot] 物品 0 (y=154-259): '英雄奥利卡坤枪炮奈汉库伊可购买1次' → unknown (conf=0.00), 价格 29000, 货币 gold, 购买按钮 @ (1192, 206)
[2026-05-22 00:58:28] [INFO] [ShopBot] 物品 1 (y=313-405): '英雄雪原安卡拉奈汉库伊可购买1次' → unknown (conf=0.00), 价格 29000, 货币 gold, 购买按钮 @ (1192, 359)
[2026-05-22 00:58:28] [INFO] [ShopBot] 物品 2 (y=457-550): '英雄组织执行官奈汉库伊可购买1次' → unknown (conf=0.00), 价格 29000, 货币 gold, 购买按钮 @ (1192, 503)
[2026-05-22 00:58:28] [INFO] [ShopBot] 物品 3 (y=601-705): '85装备黑曜石戒指妮萨可购买1次' → equipment (conf=0.70), 价格 810000, 货币 gold, 购买按钮 @ (1192, 653)
[2026-05-22 00:58:28] [INFO] [ShopBot] 跳过物品: unknown
[2026-05-22 00:58:28] [INFO] [ShopBot] 跳过物品: unknown
[2026-05-22 00:58:28] [INFO] [ShopBot] 跳过物品: unknown
[2026-05-22 00:58:28] [INFO] [ShopBot] 跳过物品: equipment
[2026-05-22 00:58:28] [INFO] [ShopBot] 货架处理完成，共购买 0 个物品
[2026-05-22 00:58:28] [INFO] [ShopBot] 第 2 次查看，购买 0 个物品
[2026-05-22 00:58:28] [INFO] [ShopBot] 滑动 (1100, 400) -> (1100, 150), 时长 0.3s
[2026-05-22 00:58:31] [DEBUG] [ShopBot] 整区 OCR 检测到 29 个文字块，4 行
[2026-05-22 00:58:31] [INFO] [ShopBot] 物品 0 (y=154-259): '英雄奥利卡坤枪炮奈汉库伊可购买1次' → unknown (conf=0.00), 价格 29000, 货币 gold, 购买按钮 @ (1192, 206)
[2026-05-22 00:58:31] [INFO] [ShopBot] 物品 1 (y=313-405): '英雄雪原安卡拉奈汉库伊可购买1次' → unknown (conf=0.00), 价格 29000, 货币 gold, 购买按钮 @ (1192, 359)
[2026-05-22 00:58:31] [INFO] [ShopBot] 物品 2 (y=457-550): '英雄组织执行官奈汉库伊可购买1次' → unknown (conf=0.00), 价格 29000, 货币 gold, 购买按钮 @ (1192, 503)
[2026-05-22 00:58:31] [INFO] [ShopBot] 物品 3 (y=601-705): '85装备黑曜石戒指妮萨可购买1次' → equipment (conf=0.70), 价格 810000, 货币 gold, 购买按钮 @ (1192, 653)
[2026-05-22 00:58:31] [INFO] [ShopBot] 已到达货架底部（第 3 次滑动后，识别结果无变化）
[2026-05-22 00:58:31] [INFO] [ShopBot] 寻找刷新按钮（第 1 次）
[2026-05-22 00:58:31] [DEBUG] [ShopBot] 找到刷新按钮 '立即更新' 在 (268, 659)
[2026-05-22 00:58:31] [INFO] [ShopBot] 点击刷新按钮 (268, 659)
[2026-05-22 00:58:31] [INFO] [ShopBot] 点击坐标 (268, 659)
[2026-05-22 00:58:33] [INFO] [ShopBot] 检测到刷新确认弹窗，点击确认 (748, 460)
[2026-05-22 00:58:33] [INFO] [ShopBot] 点击坐标 (748, 460)
[2026-05-22 00:58:33] [INFO] [ShopBot] 等待货架加载...
[2026-05-22 00:58:34] [INFO] [ShopBot] ===== 第 19 轮 =====
[2026-05-22 00:58:34] [INFO] [ShopBot] 滑动到货架顶部...
[2026-05-22 00:58:34] [INFO] [ShopBot] 滑动 (1100, 150) -> (1100, 400), 时长 0.3s
[2026-05-22 00:58:36] [DEBUG] [ShopBot] 整区 OCR 检测到 32 个文字块，4 行
[2026-05-22 00:58:36] [INFO] [ShopBot] 物品 0 (y=124-216): '85装备地狱破灭精髓王冠商人亚彼荷可购买1次' → equipment (conf=0.70), 价格 540000, 货币 gold, 购买按钮 @ (1192, 170)
[2026-05-22 00:58:36] [INFO] [ShopBot] 物品 1 (y=268-361): '55装备精巧的恶魔靴子商人亚彼荷可购买1次' → equipment (conf=0.70), 价格 360000, 货币 gold, 购买按钮 @ (1192, 314)
[2026-05-22 00:58:36] [INFO] [ShopBot] 物品 2 (y=413-506): '装备55精巧的恶魔项链妮萨可购买1次' → equipment (conf=0.70), 价格 240000, 货币 gold, 购买按钮 @ (1192, 459)
[2026-05-22 00:58:36] [INFO] [ShopBot] 物品 3 (y=558-705): '货币友情点数诺诺里50可购买1次' → unknown (conf=0.00), 价格 18000, 货币 gold, 购买按钮 @ (1192, 631)
[2026-05-22 00:58:36] [INFO] [ShopBot] 跳过物品: equipment
[2026-05-22 00:58:36] [INFO] [ShopBot] 跳过物品: equipment
[2026-05-22 00:58:36] [INFO] [ShopBot] 跳过物品: equipment
[2026-05-22 00:58:36] [INFO] [ShopBot] 跳过物品: unknown
[2026-05-22 00:58:36] [INFO] [ShopBot] 货架处理完成，共购买 0 个物品
[2026-05-22 00:58:36] [INFO] [ShopBot] 第 0 次查看，购买 0 个物品
[2026-05-22 00:58:36] [INFO] [ShopBot] 滑动 (1100, 400) -> (1100, 150), 时长 0.3s
[2026-05-22 00:58:38] [DEBUG] [ShopBot] 整区 OCR 检测到 32 个文字块，4 行
[2026-05-22 00:58:38] [INFO] [ShopBot] 物品 0 (y=154-260): '55装备精巧的恶魔项链妮萨可购买1次' → equipment (conf=0.70), 价格 240000, 货币 gold, 购买按钮 @ (1192, 207)
[2026-05-22 00:58:38] [INFO] [ShopBot] 物品 1 (y=311-405): '货币友情点数诺诺里50可购买1次' → unknown (conf=0.00), 价格 18000, 货币 gold, 购买按钮 @ (1192, 358)
[2026-05-22 00:58:38] [INFO] [ShopBot] 物品 2 (y=456-550): '5装备暗黑钢铁头盔商人亚彼荷可购买1次' → equipment (conf=0.70), 价格 1400000, 货币 gold, 购买按钮 @ (1192, 503)
[2026-05-22 00:58:38] [INFO] [ShopBot] 物品 3 (y=595-705): '55装备奥利哈钢头盔商人亚彼荷可购买1次' → equipment (conf=0.70), 价格 240000, 货币 gold, 购买按钮 @ (1192, 650)
[2026-05-22 00:58:38] [INFO] [ShopBot] 跳过物品: equipment
[2026-05-22 00:58:38] [INFO] [ShopBot] 跳过物品: unknown
[2026-05-22 00:58:38] [INFO] [ShopBot] 跳过物品: equipment
[2026-05-22 00:58:38] [INFO] [ShopBot] 跳过物品: equipment
[2026-05-22 00:58:38] [INFO] [ShopBot] 货架处理完成，共购买 0 个物品
[2026-05-22 00:58:38] [INFO] [ShopBot] 第 1 次查看，购买 0 个物品
[2026-05-22 00:58:38] [INFO] [ShopBot] 滑动 (1100, 400) -> (1100, 150), 时长 0.3s
[2026-05-22 00:58:41] [DEBUG] [ShopBot] 整区 OCR 检测到 32 个文字块，4 行
[2026-05-22 00:58:41] [INFO] [ShopBot] 物品 0 (y=154-260): '55装备精巧的恶魔项链妮萨可购买1次' → equipment (conf=0.70), 价格 240000, 货币 gold, 购买按钮 @ (1192, 207)
[2026-05-22 00:58:41] [INFO] [ShopBot] 物品 1 (y=311-405): '货币友情点数诺诺里50可购买1次' → unknown (conf=0.00), 价格 18000, 货币 gold, 购买按钮 @ (1192, 358)
[2026-05-22 00:58:41] [INFO] [ShopBot] 物品 2 (y=456-550): '5装备暗黑钢铁头盔商人亚彼荷可购买1次' → equipment (conf=0.70), 价格 1400000, 货币 gold, 购买按钮 @ (1192, 503)
[2026-05-22 00:58:41] [INFO] [ShopBot] 物品 3 (y=601-705): '55装备奥利哈钢头盔商人亚彼荷可购买1次' → equipment (conf=0.70), 价格 240000, 货币 gold, 购买按钮 @ (1192, 653)
[2026-05-22 00:58:41] [INFO] [ShopBot] 已到达货架底部（第 2 次滑动后，识别结果无变化）
[2026-05-22 00:58:41] [INFO] [ShopBot] 寻找刷新按钮（第 1 次）
[2026-05-22 00:58:41] [DEBUG] [ShopBot] 找到刷新按钮 '立即更新' 在 (268, 659)
[2026-05-22 00:58:41] [INFO] [ShopBot] 点击刷新按钮 (268, 659)
[2026-05-22 00:58:41] [INFO] [ShopBot] 点击坐标 (268, 659)
[2026-05-22 00:58:43] [INFO] [ShopBot] 检测到刷新确认弹窗，点击确认 (748, 460)
[2026-05-22 00:58:43] [INFO] [ShopBot] 点击坐标 (748, 460)
[2026-05-22 00:58:43] [INFO] [ShopBot] 等待货架加载...
[2026-05-22 00:58:44] [INFO] [ShopBot] ===== 第 20 轮 =====
[2026-05-22 00:58:44] [INFO] [ShopBot] 滑动到货架顶部...
[2026-05-22 00:58:44] [INFO] [ShopBot] 滑动 (1100, 150) -> (1100, 400), 时长 0.3s
[2026-05-22 00:58:46] [DEBUG] [ShopBot] 整区 OCR 检测到 31 个文字块，4 行
[2026-05-22 00:58:46] [INFO] [ShopBot] 物品 0 (y=124-215): '55装备奥利哈钢头盔商人亚彼荷可购买1次' → equipment (conf=0.70), 价格 240000, 货币 gold, 购买按钮 @ (1192, 169)
[2026-05-22 00:58:46] [INFO] [ShopBot] 物品 1 (y=267-360): '货币友情点数诺诺里可购买1次50' → unknown (conf=0.00), 价格 18000, 货币 gold, 购买按钮 @ (1192, 313)
[2026-05-22 00:58:46] [INFO] [ShopBot] 物品 2 (y=413-505): '英雄血腥史莱姆奈汉库伊可购买1次' → fodder (conf=0.65), 价格 29000, 货币 gold, 购买按钮 @ (1192, 459)
[2026-05-22 00:58:46] [INFO] [ShopBot] 物品 3 (y=557-705): '装备55精巧的恶魔重甲商人亚彼荷可购买1次' → equipment (conf=0.70), 价格 240000, 货币 gold, 购买按钮 @ (1192, 631)
[2026-05-22 00:58:46] [INFO] [ShopBot] 跳过物品: equipment
[2026-05-22 00:58:46] [INFO] [ShopBot] 跳过物品: unknown
[2026-05-22 00:58:46] [INFO] [ShopBot] 跳过物品: fodder
[2026-05-22 00:58:46] [INFO] [ShopBot] 跳过物品: equipment
[2026-05-22 00:58:46] [INFO] [ShopBot] 货架处理完成，共购买 0 个物品
[2026-05-22 00:58:46] [INFO] [ShopBot] 第 0 次查看，购买 0 个物品
[2026-05-22 00:58:46] [INFO] [ShopBot] 滑动 (1100, 400) -> (1100, 150), 时长 0.3s
[2026-05-22 00:58:48] [DEBUG] [ShopBot] 整区 OCR 检测到 30 个文字块，4 行
[2026-05-22 00:58:48] [INFO] [ShopBot] 物品 0 (y=154-259): '英雄血腥史莱姆奈汉库伊可购买1次' → fodder (conf=0.65), 价格 29000, 货币 gold, 购买按钮 @ (1192, 206)
[2026-05-22 00:58:48] [INFO] [ShopBot] 物品 1 (y=311-405): '55装备精巧的恶魔重甲商人亚彼荷可购买1次' → equipment (conf=0.70), 价格 240000, 货币 gold, 购买按钮 @ (1192, 358)
[2026-05-22 00:58:48] [INFO] [ShopBot] 物品 2 (y=457-550): '英雄守望者卡宁奈汉库伊可购买1次' → unknown (conf=0.00), 价格 29000, 货币 gold, 购买按钮 @ (1192, 503)
[2026-05-22 00:58:48] [INFO] [ShopBot] 物品 3 (y=601-705): '55装备暗龙红玉妮萨可购买1次' → equipment (conf=0.70), 价格 240000, 货币 gold, 购买按钮 @ (1192, 653)
[2026-05-22 00:58:48] [INFO] [ShopBot] 跳过物品: fodder
[2026-05-22 00:58:48] [INFO] [ShopBot] 跳过物品: equipment
[2026-05-22 00:58:48] [INFO] [ShopBot] 跳过物品: unknown
[2026-05-22 00:58:48] [INFO] [ShopBot] 跳过物品: equipment
[2026-05-22 00:58:48] [INFO] [ShopBot] 货架处理完成，共购买 0 个物品
[2026-05-22 00:58:48] [INFO] [ShopBot] 第 1 次查看，购买 0 个物品
[2026-05-22 00:58:48] [INFO] [ShopBot] 滑动 (1100, 400) -> (1100, 150), 时长 0.3s
[2026-05-22 00:58:51] [DEBUG] [ShopBot] 整区 OCR 检测到 30 个文字块，4 行
[2026-05-22 00:58:51] [INFO] [ShopBot] 物品 0 (y=154-259): '英雄血腥史莱姆奈汉库伊可购买1次' → fodder (conf=0.65), 价格 29000, 货币 gold, 购买按钮 @ (1192, 206)
[2026-05-22 00:58:51] [INFO] [ShopBot] 物品 1 (y=311-405): '55装备精巧的恶魔重甲商人亚彼荷可购买1次' → equipment (conf=0.70), 价格 240000, 货币 gold, 购买按钮 @ (1192, 358)
[2026-05-22 00:58:51] [INFO] [ShopBot] 物品 2 (y=457-550): '英雄守望者卡宁奈汉库伊可购买1次' → unknown (conf=0.00), 价格 29000, 货币 gold, 购买按钮 @ (1192, 503)
[2026-05-22 00:58:51] [INFO] [ShopBot] 物品 3 (y=601-705): '55装备暗龙红玉妮萨可购买1次' → equipment (conf=0.70), 价格 240000, 货币 gold, 购买按钮 @ (1192, 653)
[2026-05-22 00:58:51] [INFO] [ShopBot] 已到达货架底部（第 2 次滑动后，识别结果无变化）
[2026-05-22 00:58:51] [INFO] [ShopBot] 寻找刷新按钮（第 1 次）
[2026-05-22 00:58:51] [DEBUG] [ShopBot] 找到刷新按钮 '立即更新' 在 (268, 659)
[2026-05-22 00:58:51] [INFO] [ShopBot] 点击刷新按钮 (268, 659)
[2026-05-22 00:58:51] [INFO] [ShopBot] 点击坐标 (268, 659)
[2026-05-22 00:58:53] [INFO] [ShopBot] 检测到刷新确认弹窗，点击确认 (748, 460)
[2026-05-22 00:58:53] [INFO] [ShopBot] 点击坐标 (748, 460)
[2026-05-22 00:58:53] [INFO] [ShopBot] 等待货架加载...
[2026-05-22 00:58:54] [INFO] [ShopBot] ===== 第 21 轮 =====
[2026-05-22 00:58:54] [INFO] [ShopBot] 滑动到货架顶部...
[2026-05-22 00:58:54] [INFO] [ShopBot] 滑动 (1100, 150) -> (1100, 400), 时长 0.3s
[2026-05-22 00:58:56] [DEBUG] [ShopBot] 整区 OCR 检测到 29 个文字块，5 行
[2026-05-22 00:58:56] [INFO] [ShopBot] 物品 0 (y=120-211): '英雄冰霜鲍特奈汉库伊可购买1次' → unknown (conf=0.00), 价格 29000, 货币 gold, 购买按钮 @ (1192, 165)
[2026-05-22 00:58:56] [INFO] [ShopBot] 物品 1 (y=264-356): '英雄受苦的龙族士兵奈汉库伊可购买1次' → unknown (conf=0.00), 价格 29000, 货币 gold, 购买按钮 @ (1192, 310)
[2026-05-22 00:58:56] [INFO] [ShopBot] 物品 2 (y=409-501): '英雄铁血剑兵可购买1次奈汉库伊' → equipment (conf=0.65), 价格 29000, 货币 gold, 购买按钮 @ (1192, 455)
[2026-05-22 00:58:56] [INFO] [ShopBot] 物品 3 (y=553-647): '货币友情点数诺诺里50可购买1次' → unknown (conf=0.00), 价格 18000, 货币 gold, 购买按钮 @ (1192, 600)
[2026-05-22 00:58:56] [INFO] [ShopBot] 物品 4 (y=648-705): '' → unknown (conf=0.00), 价格 0, 货币 gold, 购买按钮 @ (1192, 676)
[2026-05-22 00:58:56] [INFO] [ShopBot] 跳过物品: unknown
[2026-05-22 00:58:56] [INFO] [ShopBot] 跳过物品: unknown
[2026-05-22 00:58:56] [INFO] [ShopBot] 跳过物品: equipment
[2026-05-22 00:58:56] [INFO] [ShopBot] 跳过物品: unknown
[2026-05-22 00:58:56] [INFO] [ShopBot] 跳过物品: unknown
[2026-05-22 00:58:56] [INFO] [ShopBot] 货架处理完成，共购买 0 个物品
[2026-05-22 00:58:56] [INFO] [ShopBot] 第 0 次查看，购买 0 个物品
[2026-05-22 00:58:56] [INFO] [ShopBot] 滑动 (1100, 400) -> (1100, 150), 时长 0.3s
[2026-05-22 00:58:58] [DEBUG] [ShopBot] 整区 OCR 检测到 31 个文字块，4 行
[2026-05-22 00:58:58] [INFO] [ShopBot] 物品 0 (y=154-259): '英雄铁血剑兵奈汉库伊可购买1次' → equipment (conf=0.65), 价格 29000, 货币 gold, 购买按钮 @ (1192, 206)
[2026-05-22 00:58:58] [INFO] [ShopBot] 物品 1 (y=311-405): '货币友情点数诺诺里50可购买1次' → unknown (conf=0.00), 价格 18000, 货币 gold, 购买按钮 @ (1192, 358)
[2026-05-22 00:58:58] [INFO] [ShopBot] 物品 2 (y=456-550): '55装备精巧的恶魔重甲商人亚彼荷可购买1次' → equipment (conf=0.70), 价格 360000, 货币 gold, 购买按钮 @ (1192, 503)
[2026-05-22 00:58:58] [INFO] [ShopBot] 物品 3 (y=597-705): '70装备泰拉的心脏妮萨可购买1次' → equipment (conf=0.70), 价格 560000, 货币 gold, 购买按钮 @ (1192, 651)
[2026-05-22 00:58:58] [INFO] [ShopBot] 跳过物品: equipment
[2026-05-22 00:58:58] [INFO] [ShopBot] 跳过物品: unknown
[2026-05-22 00:58:58] [INFO] [ShopBot] 跳过物品: equipment
[2026-05-22 00:58:58] [INFO] [ShopBot] 跳过物品: equipment
[2026-05-22 00:58:58] [INFO] [ShopBot] 货架处理完成，共购买 0 个物品
[2026-05-22 00:58:58] [INFO] [ShopBot] 第 1 次查看，购买 0 个物品
[2026-05-22 00:58:58] [INFO] [ShopBot] 滑动 (1100, 400) -> (1100, 150), 时长 0.3s
[2026-05-22 00:59:01] [DEBUG] [ShopBot] 整区 OCR 检测到 31 个文字块，4 行
[2026-05-22 00:59:01] [INFO] [ShopBot] 物品 0 (y=154-259): '英雄铁血剑兵奈汉库伊可购买1次' → equipment (conf=0.65), 价格 29000, 货币 gold, 购买按钮 @ (1192, 206)
[2026-05-22 00:59:01] [INFO] [ShopBot] 物品 1 (y=311-405): '货币友情点数诺诺里50可购买1次' → unknown (conf=0.00), 价格 18000, 货币 gold, 购买按钮 @ (1192, 358)
[2026-05-22 00:59:01] [INFO] [ShopBot] 物品 2 (y=456-550): '55装备精巧的恶魔重甲商人亚彼荷可购买1次' → equipment (conf=0.70), 价格 360000, 货币 gold, 购买按钮 @ (1192, 503)
[2026-05-22 00:59:01] [INFO] [ShopBot] 物品 3 (y=601-705): '70装备泰拉的心脏妮萨可购买1次' → equipment (conf=0.70), 价格 560000, 货币 gold, 购买按钮 @ (1192, 653)
[2026-05-22 00:59:01] [INFO] [ShopBot] 已到达货架底部（第 2 次滑动后，识别结果无变化）
[2026-05-22 00:59:01] [INFO] [ShopBot] 寻找刷新按钮（第 1 次）
[2026-05-22 00:59:01] [DEBUG] [ShopBot] 找到刷新按钮 '立即更新' 在 (268, 659)
[2026-05-22 00:59:01] [INFO] [ShopBot] 点击刷新按钮 (268, 659)
[2026-05-22 00:59:01] [INFO] [ShopBot] 点击坐标 (268, 659)
[2026-05-22 00:59:03] [INFO] [ShopBot] 检测到刷新确认弹窗，点击确认 (748, 460)
[2026-05-22 00:59:03] [INFO] [ShopBot] 点击坐标 (748, 460)
[2026-05-22 00:59:03] [INFO] [ShopBot] 等待货架加载...
[2026-05-22 00:59:04] [INFO] [ShopBot] ===== 第 22 轮 =====
[2026-05-22 00:59:04] [INFO] [ShopBot] 滑动到货架顶部...
[2026-05-22 00:59:04] [INFO] [ShopBot] 滑动 (1100, 150) -> (1100, 400), 时长 0.3s
[2026-05-22 00:59:06] [DEBUG] [ShopBot] 整区 OCR 检测到 30 个文字块，4 行
[2026-05-22 00:59:06] [INFO] [ShopBot] 物品 0 (y=123-214): '55装备勇士的背甲靴子商人亚彼荷可购买1次' → equipment (conf=0.70), 价格 240000, 货币 gold, 购买按钮 @ (1192, 168)
[2026-05-22 00:59:06] [INFO] [ShopBot] 物品 1 (y=267-359): '英雄雷逢朵斯光辉魔法师奈汉库伊可购买1次' → unknown (conf=0.00), 价格 29000, 货币 gold, 购买按钮 @ (1192, 313)
[2026-05-22 00:59:06] [INFO] [ShopBot] 物品 2 (y=412-504): '英雄熔岩陆龟奈汉库伊可购买1次' → unknown (conf=0.00), 价格 29000, 货币 gold, 购买按钮 @ (1192, 458)
[2026-05-22 00:59:06] [INFO] [ShopBot] 物品 3 (y=556-705): '装备85被诅咒的恶魔厚实重甲商人亚彼荷可购买1次' → equipment (conf=0.70), 价格 540000, 货币 gold, 购买按钮 @ (1192, 630)
[2026-05-22 00:59:06] [INFO] [ShopBot] 跳过物品: equipment
[2026-05-22 00:59:06] [INFO] [ShopBot] 跳过物品: unknown
[2026-05-22 00:59:06] [INFO] [ShopBot] 跳过物品: unknown
[2026-05-22 00:59:06] [INFO] [ShopBot] 跳过物品: equipment
[2026-05-22 00:59:06] [INFO] [ShopBot] 货架处理完成，共购买 0 个物品
[2026-05-22 00:59:06] [INFO] [ShopBot] 第 0 次查看，购买 0 个物品
[2026-05-22 00:59:06] [INFO] [ShopBot] 滑动 (1100, 400) -> (1100, 150), 时长 0.3s
[2026-05-22 00:59:08] [DEBUG] [ShopBot] 整区 OCR 检测到 31 个文字块，4 行
[2026-05-22 00:59:08] [INFO] [ShopBot] 物品 0 (y=154-260): '英雄熔岩陆龟奈汉库伊可购买1次' → unknown (conf=0.00), 价格 29000, 货币 gold, 购买按钮 @ (1192, 207)
[2026-05-22 00:59:08] [INFO] [ShopBot] 物品 1 (y=312-405): '85装备被诅咒的恶魔厚实重甲商人亚彼荷可购买1次' → equipment (conf=0.70), 价格 540000, 货币 gold, 购买按钮 @ (1192, 358)
[2026-05-22 00:59:08] [INFO] [ShopBot] 物品 2 (y=457-550): '85装备智龙红玉妮萨可购买1次' → equipment (conf=0.70), 价格 810000, 货币 gold, 购买按钮 @ (1192, 503)
[2026-05-22 00:59:08] [INFO] [ShopBot] 物品 3 (y=596-705): '85装备不屈的蜘蛛英雄靴子商人亚彼荷可购买1次' → equipment (conf=0.70), 价格 540000, 货币 gold, 购买按钮 @ (1192, 650)
[2026-05-22 00:59:08] [INFO] [ShopBot] 跳过物品: unknown
[2026-05-22 00:59:08] [INFO] [ShopBot] 跳过物品: equipment
[2026-05-22 00:59:08] [INFO] [ShopBot] 跳过物品: equipment
[2026-05-22 00:59:08] [INFO] [ShopBot] 跳过物品: equipment
[2026-05-22 00:59:08] [INFO] [ShopBot] 货架处理完成，共购买 0 个物品
[2026-05-22 00:59:08] [INFO] [ShopBot] 第 1 次查看，购买 0 个物品
[2026-05-22 00:59:08] [INFO] [ShopBot] 滑动 (1100, 400) -> (1100, 150), 时长 0.3s
[2026-05-22 00:59:11] [DEBUG] [ShopBot] 整区 OCR 检测到 30 个文字块，4 行
[2026-05-22 00:59:11] [INFO] [ShopBot] 物品 0 (y=154-259): '英雄熔岩陆龟奈汉库伊可购买1次' → unknown (conf=0.00), 价格 29000, 货币 gold, 购买按钮 @ (1192, 206)
[2026-05-22 00:59:11] [INFO] [ShopBot] 物品 1 (y=311-405): '85装备被诅咒的恶魔厚实重甲商人亚彼荷可购买1次' → equipment (conf=0.70), 价格 540000, 货币 gold, 购买按钮 @ (1192, 358)
[2026-05-22 00:59:11] [INFO] [ShopBot] 物品 2 (y=456-550): '85人装备智龙红玉可购买1次' → equipment (conf=0.70), 价格 810000, 货币 gold, 购买按钮 @ (1192, 503)
[2026-05-22 00:59:11] [INFO] [ShopBot] 物品 3 (y=600-705): '85装备不屈的蜘蛛英雄靴子商人亚彼荷可购买1次' → equipment (conf=0.70), 价格 540000, 货币 gold, 购买按钮 @ (1192, 652)
[2026-05-22 00:59:11] [INFO] [ShopBot] 跳过物品: unknown
[2026-05-22 00:59:11] [INFO] [ShopBot] 跳过物品: equipment
[2026-05-22 00:59:11] [INFO] [ShopBot] 跳过物品: equipment
[2026-05-22 00:59:11] [INFO] [ShopBot] 跳过物品: equipment
[2026-05-22 00:59:11] [INFO] [ShopBot] 货架处理完成，共购买 0 个物品
[2026-05-22 00:59:11] [INFO] [ShopBot] 第 2 次查看，购买 0 个物品
[2026-05-22 00:59:11] [INFO] [ShopBot] 滑动 (1100, 400) -> (1100, 150), 时长 0.3s
[2026-05-22 00:59:13] [DEBUG] [ShopBot] 整区 OCR 检测到 30 个文字块，4 行
[2026-05-22 00:59:13] [INFO] [ShopBot] 物品 0 (y=154-259): '英雄熔岩陆龟奈汉库伊可购买1次' → unknown (conf=0.00), 价格 29000, 货币 gold, 购买按钮 @ (1192, 206)
[2026-05-22 00:59:13] [INFO] [ShopBot] 物品 1 (y=311-405): '85装备被诅咒的恶魔厚实重甲商人亚彼荷可购买1次' → equipment (conf=0.70), 价格 540000, 货币 gold, 购买按钮 @ (1192, 358)
[2026-05-22 00:59:13] [INFO] [ShopBot] 物品 2 (y=456-550): '85人装备智龙红玉可购买1次' → equipment (conf=0.70), 价格 810000, 货币 gold, 购买按钮 @ (1192, 503)
[2026-05-22 00:59:13] [INFO] [ShopBot] 物品 3 (y=601-705): '85装备不屈的蜘蛛英雄靴子商人亚彼荷可购买1次' → equipment (conf=0.70), 价格 540000, 货币 gold, 购买按钮 @ (1192, 653)
[2026-05-22 00:59:13] [INFO] [ShopBot] 已到达货架底部（第 3 次滑动后，识别结果无变化）
[2026-05-22 00:59:13] [INFO] [ShopBot] 寻找刷新按钮（第 1 次）
[2026-05-22 00:59:14] [DEBUG] [ShopBot] 找到刷新按钮 '立即更新' 在 (268, 659)
[2026-05-22 00:59:14] [INFO] [ShopBot] 点击刷新按钮 (268, 659)
[2026-05-22 00:59:14] [INFO] [ShopBot] 点击坐标 (268, 659)
[2026-05-22 00:59:16] [INFO] [ShopBot] 检测到刷新确认弹窗，点击确认 (748, 460)
[2026-05-22 00:59:16] [INFO] [ShopBot] 点击坐标 (748, 460)
[2026-05-22 00:59:16] [INFO] [ShopBot] 等待货架加载...
[2026-05-22 00:59:17] [INFO] [ShopBot] ===== 第 23 轮 =====
[2026-05-22 00:59:17] [INFO] [ShopBot] 滑动到货架顶部...
[2026-05-22 00:59:17] [INFO] [ShopBot] 滑动 (1100, 150) -> (1100, 400), 时长 0.3s
[2026-05-22 00:59:19] [DEBUG] [ShopBot] 整区 OCR 检测到 30 个文字块，4 行
[2026-05-22 00:59:19] [INFO] [ShopBot] 物品 0 (y=124-215): '英雄罗奇斯精锐兵奈汉库伊可购买1次' → unknown (conf=0.00), 价格 29000, 货币 gold, 购买按钮 @ (1192, 169)
[2026-05-22 00:59:19] [INFO] [ShopBot] 物品 1 (y=268-360): '英雄不祥的魔物奈汉库伊可购买1次' → unknown (conf=0.00), 价格 29000, 货币 gold, 购买按钮 @ (1192, 314)
[2026-05-22 00:59:19] [INFO] [ShopBot] 物品 2 (y=412-506): '55装备奥利哈钢长剑商人亚彼荷可购买1次' → equipment (conf=0.70), 价格 240000, 货币 gold, 购买按钮 @ (1192, 459)
[2026-05-22 00:59:19] [INFO] [ShopBot] 物品 3 (y=557-705): '70装备蜘蛛君主的流星锤商人亚彼荷可购买1次' → equipment (conf=0.70), 价格 380000, 货币 gold, 购买按钮 @ (1192, 631)
[2026-05-22 00:59:19] [INFO] [ShopBot] 跳过物品: unknown
[2026-05-22 00:59:19] [INFO] [ShopBot] 跳过物品: unknown
[2026-05-22 00:59:19] [INFO] [ShopBot] 跳过物品: equipment
[2026-05-22 00:59:19] [INFO] [ShopBot] 跳过物品: equipment
[2026-05-22 00:59:19] [INFO] [ShopBot] 货架处理完成，共购买 0 个物品
[2026-05-22 00:59:19] [INFO] [ShopBot] 第 0 次查看，购买 0 个物品
[2026-05-22 00:59:19] [INFO] [ShopBot] 滑动 (1100, 400) -> (1100, 150), 时长 0.3s
[2026-05-22 00:59:21] [DEBUG] [ShopBot] 整区 OCR 检测到 34 个文字块，5 行
[2026-05-22 00:59:21] [INFO] [ShopBot] 物品 0 (y=80-124): '奈汉库伊可购买1次' → unknown (conf=0.00), 价格 0, 货币 gold, 购买按钮 @ (1192, 102)
[2026-05-22 00:59:21] [INFO] [ShopBot] 物品 1 (y=154-270): '55装备奥利哈钢长剑商人亚彼荷可购买1次' → equipment (conf=0.70), 价格 240000, 货币 gold, 购买按钮 @ (1192, 212)
[2026-05-22 00:59:21] [INFO] [ShopBot] 物品 2 (y=322-415): '装备蜘蛛君主的流星锤商人亚彼荷可购买1次' → equipment (conf=0.70), 价格 380000, 货币 gold, 购买按钮 @ (1192, 368)
[2026-05-22 00:59:21] [INFO] [ShopBot] 物品 3 (y=467-561): '货币友情点数若诺里可购买1次50' → unknown (conf=0.00), 价格 18000, 货币 gold, 购买按钮 @ (1192, 514)
[2026-05-22 00:59:21] [INFO] [ShopBot] 物品 4 (y=597-705): '装备不详的恶魔项链妮萨可购买1次' → equipment (conf=0.70), 价格 560000, 货币 gold, 购买按钮 @ (1192, 651)
[2026-05-22 00:59:21] [INFO] [ShopBot] 跳过物品: unknown
[2026-05-22 00:59:21] [INFO] [ShopBot] 跳过物品: equipment
[2026-05-22 00:59:21] [INFO] [ShopBot] 跳过物品: equipment
[2026-05-22 00:59:21] [INFO] [ShopBot] 跳过物品: unknown
[2026-05-22 00:59:21] [INFO] [ShopBot] 跳过物品: equipment
[2026-05-22 00:59:21] [INFO] [ShopBot] 货架处理完成，共购买 0 个物品
[2026-05-22 00:59:21] [INFO] [ShopBot] 第 1 次查看，购买 0 个物品
[2026-05-22 00:59:21] [INFO] [ShopBot] 滑动 (1100, 400) -> (1100, 150), 时长 0.3s
[2026-05-22 00:59:24] [DEBUG] [ShopBot] 整区 OCR 检测到 32 个文字块，4 行
[2026-05-22 00:59:24] [INFO] [ShopBot] 物品 0 (y=154-260): '55装备奥利哈钢长剑商人亚彼荷可购买1次' → equipment (conf=0.70), 价格 240000, 货币 gold, 购买按钮 @ (1192, 207)
[2026-05-22 00:59:24] [INFO] [ShopBot] 物品 1 (y=311-405): '70装备蜘蛛君主的流星锤商人亚彼荷可购买1次' → equipment (conf=0.70), 价格 380000, 货币 gold, 购买按钮 @ (1192, 358)
[2026-05-22 00:59:24] [INFO] [ShopBot] 物品 2 (y=456-550): '货币友情点数诺诺里50可购买1次' → unknown (conf=0.00), 价格 18000, 货币 gold, 购买按钮 @ (1192, 503)
[2026-05-22 00:59:24] [INFO] [ShopBot] 物品 3 (y=600-705): '70装备不详的恶魔项链妮萨可购买1次' → equipment (conf=0.70), 价格 560000, 货币 gold, 购买按钮 @ (1192, 652)
[2026-05-22 00:59:24] [INFO] [ShopBot] 跳过物品: equipment
[2026-05-22 00:59:24] [INFO] [ShopBot] 跳过物品: equipment
[2026-05-22 00:59:24] [INFO] [ShopBot] 跳过物品: unknown
[2026-05-22 00:59:24] [INFO] [ShopBot] 跳过物品: equipment
[2026-05-22 00:59:24] [INFO] [ShopBot] 货架处理完成，共购买 0 个物品
[2026-05-22 00:59:24] [INFO] [ShopBot] 第 2 次查看，购买 0 个物品
[2026-05-22 00:59:24] [INFO] [ShopBot] 滑动 (1100, 400) -> (1100, 150), 时长 0.3s
[2026-05-22 00:59:26] [DEBUG] [ShopBot] 整区 OCR 检测到 32 个文字块，4 行
[2026-05-22 00:59:26] [INFO] [ShopBot] 物品 0 (y=154-260): '55装备奥利哈钢长剑商人亚彼荷可购买1次' → equipment (conf=0.70), 价格 240000, 货币 gold, 购买按钮 @ (1192, 207)
[2026-05-22 00:59:26] [INFO] [ShopBot] 物品 1 (y=311-405): '70装备蜘蛛君主的流星锤商人亚彼荷可购买1次' → equipment (conf=0.70), 价格 380000, 货币 gold, 购买按钮 @ (1192, 358)
[2026-05-22 00:59:26] [INFO] [ShopBot] 物品 2 (y=456-550): '货币友情点数诺诺里50可购买1次' → unknown (conf=0.00), 价格 18000, 货币 gold, 购买按钮 @ (1192, 503)
[2026-05-22 00:59:26] [INFO] [ShopBot] 物品 3 (y=601-705): '70装备不详的恶魔项链妮萨可购买1次' → equipment (conf=0.70), 价格 560000, 货币 gold, 购买按钮 @ (1192, 653)
[2026-05-22 00:59:26] [INFO] [ShopBot] 已到达货架底部（第 3 次滑动后，识别结果无变化）
[2026-05-22 00:59:26] [INFO] [ShopBot] 寻找刷新按钮（第 1 次）
[2026-05-22 00:59:27] [DEBUG] [ShopBot] 找到刷新按钮 '立即更新' 在 (268, 659)
[2026-05-22 00:59:27] [INFO] [ShopBot] 点击刷新按钮 (268, 659)
[2026-05-22 00:59:27] [INFO] [ShopBot] 点击坐标 (268, 659)
[2026-05-22 00:59:29] [INFO] [ShopBot] 检测到刷新确认弹窗，点击确认 (748, 459)
[2026-05-22 00:59:29] [INFO] [ShopBot] 点击坐标 (748, 459)
[2026-05-22 00:59:29] [INFO] [ShopBot] 等待货架加载...
[2026-05-22 00:59:30] [INFO] [ShopBot] ===== 第 24 轮 =====
[2026-05-22 00:59:30] [INFO] [ShopBot] 滑动到货架顶部...
[2026-05-22 00:59:30] [INFO] [ShopBot] 滑动 (1100, 150) -> (1100, 400), 时长 0.3s
[2026-05-22 00:59:32] [DEBUG] [ShopBot] 整区 OCR 检测到 30 个文字块，4 行
[2026-05-22 00:59:32] [INFO] [ShopBot] 物品 0 (y=124-215): '85装备不屈的蜘蛛英雄头盔商人亚彼荷可购买1次' → equipment (conf=0.70), 价格 1100000, 货币 gold, 购买按钮 @ (1192, 169)
[2026-05-22 00:59:32] [INFO] [ShopBot] 物品 1 (y=268-360): '英雄悲叹狮鹫奈汉库伊可购买1次' → unknown (conf=0.00), 价格 29000, 货币 gold, 购买按钮 @ (1192, 314)
[2026-05-22 00:59:32] [INFO] [ShopBot] 物品 2 (y=412-506): '装备70破灭精髓王冠商人亚彼荷可购买1次' → equipment (conf=0.70), 价格 380000, 货币 gold, 购买按钮 @ (1192, 459)
[2026-05-22 00:59:32] [INFO] [ShopBot] 物品 3 (y=558-705): '英雄侦察兵玛伊堤奈汉库伊可购买1次' → unknown (conf=0.00), 价格 29000, 货币 gold, 购买按钮 @ (1192, 631)
[2026-05-22 00:59:32] [INFO] [ShopBot] 跳过物品: equipment
[2026-05-22 00:59:32] [INFO] [ShopBot] 跳过物品: unknown
[2026-05-22 00:59:32] [INFO] [ShopBot] 跳过物品: equipment
[2026-05-22 00:59:32] [INFO] [ShopBot] 跳过物品: unknown
[2026-05-22 00:59:32] [INFO] [ShopBot] 货架处理完成，共购买 0 个物品
[2026-05-22 00:59:32] [INFO] [ShopBot] 第 0 次查看，购买 0 个物品
[2026-05-22 00:59:32] [INFO] [ShopBot] 滑动 (1100, 400) -> (1100, 150), 时长 0.3s
[2026-05-22 00:59:34] [DEBUG] [ShopBot] 整区 OCR 检测到 30 个文字块，4 行
[2026-05-22 00:59:34] [INFO] [ShopBot] 物品 0 (y=154-260): '70装备破灭精髓王冠商人亚彼荷可购买1次' → equipment (conf=0.70), 价格 380000, 货币 gold, 购买按钮 @ (1192, 207)
[2026-05-22 00:59:34] [INFO] [ShopBot] 物品 1 (y=313-405): '英雄侦察兵玛伊堤奈汉库伊可购买1次' → unknown (conf=0.00), 价格 29000, 货币 gold, 购买按钮 @ (1192, 359)
[2026-05-22 00:59:34] [INFO] [ShopBot] 物品 2 (y=457-550): '英雄橄榄石龙奈汉库伊可购买1次' → unknown (conf=0.00), 价格 29000, 货币 gold, 购买按钮 @ (1192, 503)
[2026-05-22 00:59:34] [INFO] [ShopBot] 物品 3 (y=597-705): '货币友情点数诺诺里50可购买1次' → unknown (conf=0.00), 价格 18000, 货币 gold, 购买按钮 @ (1192, 651)
[2026-05-22 00:59:34] [INFO] [ShopBot] 跳过物品: equipment
[2026-05-22 00:59:34] [INFO] [ShopBot] 跳过物品: unknown
[2026-05-22 00:59:34] [INFO] [ShopBot] 跳过物品: unknown
[2026-05-22 00:59:34] [INFO] [ShopBot] 跳过物品: unknown
[2026-05-22 00:59:34] [INFO] [ShopBot] 货架处理完成，共购买 0 个物品
[2026-05-22 00:59:34] [INFO] [ShopBot] 第 1 次查看，购买 0 个物品
[2026-05-22 00:59:34] [INFO] [ShopBot] 滑动 (1100, 400) -> (1100, 150), 时长 0.3s
[2026-05-22 00:59:36] [DEBUG] [ShopBot] 整区 OCR 检测到 30 个文字块，4 行
[2026-05-22 00:59:36] [INFO] [ShopBot] 物品 0 (y=154-260): '70装备破灭精髓王冠商人亚彼荷可购买1次' → equipment (conf=0.70), 价格 380000, 货币 gold, 购买按钮 @ (1192, 207)
[2026-05-22 00:59:36] [INFO] [ShopBot] 物品 1 (y=313-405): '英雄侦察兵玛伊堤奈汉库伊可购买1次' → unknown (conf=0.00), 价格 29000, 货币 gold, 购买按钮 @ (1192, 359)
[2026-05-22 00:59:36] [INFO] [ShopBot] 物品 2 (y=457-550): '英雄橄榄石龙奈汉库伊可购买1次' → unknown (conf=0.00), 价格 29000, 货币 gold, 购买按钮 @ (1192, 503)
[2026-05-22 00:59:36] [INFO] [ShopBot] 物品 3 (y=601-705): '货币友情点数诺诺里50可购买1次' → unknown (conf=0.00), 价格 18000, 货币 gold, 购买按钮 @ (1192, 653)
[2026-05-22 00:59:36] [INFO] [ShopBot] 已到达货架底部（第 2 次滑动后，识别结果无变化）
[2026-05-22 00:59:36] [INFO] [ShopBot] 寻找刷新按钮（第 1 次）
[2026-05-22 00:59:37] [DEBUG] [ShopBot] 找到刷新按钮 '立即更新' 在 (268, 659)
[2026-05-22 00:59:37] [INFO] [ShopBot] 点击刷新按钮 (268, 659)
[2026-05-22 00:59:37] [INFO] [ShopBot] 点击坐标 (268, 659)
[2026-05-22 00:59:38] [INFO] [ShopBot] 检测到刷新确认弹窗，点击确认 (748, 460)
[2026-05-22 00:59:38] [INFO] [ShopBot] 点击坐标 (748, 460)
[2026-05-22 00:59:39] [INFO] [ShopBot] 等待货架加载...
[2026-05-22 00:59:40] [INFO] [ShopBot] ===== 第 25 轮 =====
[2026-05-22 00:59:40] [INFO] [ShopBot] 滑动到货架顶部...
[2026-05-22 00:59:40] [INFO] [ShopBot] 滑动 (1100, 150) -> (1100, 400), 时长 0.3s
[2026-05-22 00:59:41] [DEBUG] [ShopBot] 整区 OCR 检测到 31 个文字块，5 行
[2026-05-22 00:59:41] [INFO] [ShopBot] 物品 0 (y=118-210): '装备55啤叫龙兽靴子商人亚彼荷可购买1次' → equipment (conf=0.70), 价格 240000, 货币 gold, 购买按钮 @ (1192, 164)
[2026-05-22 00:59:41] [INFO] [ShopBot] 物品 1 (y=263-355): '英雄苍之庇佑团祭司奈汉库伊可购买1次' → unknown (conf=0.00), 价格 29000, 货币 gold, 购买按钮 @ (1192, 309)
[2026-05-22 00:59:41] [INFO] [ShopBot] 物品 2 (y=407-500): '85装备暗黑钢铁重甲商人亚彼荷可购买1次' → equipment (conf=0.70), 价格 1100000, 货币 gold, 购买按钮 @ (1192, 453)
[2026-05-22 00:59:41] [INFO] [ShopBot] 物品 3 (y=552-645): '55装备精巧的恶魔头盔商人亚彼荷可购买1次' → equipment (conf=0.70), 价格 480000, 货币 gold, 购买按钮 @ (1192, 598)
[2026-05-22 00:59:41] [INFO] [ShopBot] 物品 4 (y=646-705): '' → unknown (conf=0.00), 价格 0, 货币 gold, 购买按钮 @ (1192, 675)
[2026-05-22 00:59:41] [INFO] [ShopBot] 跳过物品: equipment
[2026-05-22 00:59:41] [INFO] [ShopBot] 跳过物品: unknown
[2026-05-22 00:59:41] [INFO] [ShopBot] 跳过物品: equipment
[2026-05-22 00:59:41] [INFO] [ShopBot] 跳过物品: equipment
[2026-05-22 00:59:41] [INFO] [ShopBot] 跳过物品: unknown
[2026-05-22 00:59:41] [INFO] [ShopBot] 货架处理完成，共购买 0 个物品
[2026-05-22 00:59:41] [INFO] [ShopBot] 第 0 次查看，购买 0 个物品
[2026-05-22 00:59:41] [INFO] [ShopBot] 滑动 (1100, 400) -> (1100, 150), 时长 0.3s
[2026-05-22 00:59:44] [DEBUG] [ShopBot] 整区 OCR 检测到 31 个文字块，4 行
[2026-05-22 00:59:44] [INFO] [ShopBot] 物品 0 (y=154-260): '85装备暗黑钢铁重甲商人亚彼荷可购买1次' → equipment (conf=0.70), 价格 1100000, 货币 gold, 购买按钮 @ (1192, 207)
[2026-05-22 00:59:44] [INFO] [ShopBot] 物品 1 (y=311-405): '55装备精巧的恶魔头盔商人亚彼荷可购买1次' → equipment (conf=0.70), 价格 480000, 货币 gold, 购买按钮 @ (1192, 358)
[2026-05-22 00:59:44] [INFO] [ShopBot] 物品 2 (y=456-550): '装备勇士的背甲流星锤商人亚彼荷可购买1次' → equipment (conf=0.70), 价格 360000, 货币 gold, 购买按钮 @ (1192, 503)
[2026-05-22 00:59:44] [INFO] [ShopBot] 物品 3 (y=598-705): '55装备灿烂精髓鞋子商人亚彼荷可购买1次' → equipment (conf=0.70), 价格 360000, 货币 gold, 购买按钮 @ (1192, 651)
[2026-05-22 00:59:44] [INFO] [ShopBot] 跳过物品: equipment
[2026-05-22 00:59:44] [INFO] [ShopBot] 跳过物品: equipment
[2026-05-22 00:59:44] [INFO] [ShopBot] 跳过物品: equipment
[2026-05-22 00:59:44] [INFO] [ShopBot] 跳过物品: equipment
[2026-05-22 00:59:44] [INFO] [ShopBot] 货架处理完成，共购买 0 个物品
[2026-05-22 00:59:44] [INFO] [ShopBot] 第 1 次查看，购买 0 个物品
[2026-05-22 00:59:44] [INFO] [ShopBot] 滑动 (1100, 400) -> (1100, 150), 时长 0.3s
[2026-05-22 00:59:46] [DEBUG] [ShopBot] 整区 OCR 检测到 31 个文字块，4 行
[2026-05-22 00:59:46] [INFO] [ShopBot] 物品 0 (y=154-260): '85装备暗黑钢铁重甲商人亚彼荷可购买1次' → equipment (conf=0.70), 价格 1100000, 货币 gold, 购买按钮 @ (1192, 207)
[2026-05-22 00:59:46] [INFO] [ShopBot] 物品 1 (y=311-405): '55装备精巧的恶魔头盔商人亚彼荷可购买1次' → equipment (conf=0.70), 价格 480000, 货币 gold, 购买按钮 @ (1192, 358)
[2026-05-22 00:59:46] [INFO] [ShopBot] 物品 2 (y=456-550): '装备勇士的背甲流星锤商人亚彼荷可购买1次' → equipment (conf=0.70), 价格 360000, 货币 gold, 购买按钮 @ (1192, 503)
[2026-05-22 00:59:46] [INFO] [ShopBot] 物品 3 (y=601-705): '55装备灿烂精髓鞋子商人亚彼荷可购买1次' → equipment (conf=0.70), 价格 360000, 货币 gold, 购买按钮 @ (1192, 653)
[2026-05-22 00:59:46] [INFO] [ShopBot] 已到达货架底部（第 2 次滑动后，识别结果无变化）
[2026-05-22 00:59:46] [INFO] [ShopBot] 寻找刷新按钮（第 1 次）
[2026-05-22 00:59:47] [DEBUG] [ShopBot] 找到刷新按钮 '立即更新' 在 (268, 659)
[2026-05-22 00:59:47] [INFO] [ShopBot] 点击刷新按钮 (268, 659)
[2026-05-22 00:59:47] [INFO] [ShopBot] 点击坐标 (268, 659)
[2026-05-22 00:59:48] [INFO] [ShopBot] 检测到刷新确认弹窗，点击确认 (748, 460)
[2026-05-22 00:59:48] [INFO] [ShopBot] 点击坐标 (748, 460)
[2026-05-22 00:59:49] [INFO] [ShopBot] 等待货架加载...
[2026-05-22 00:59:50] [INFO] [ShopBot] ===== 第 26 轮 =====
[2026-05-22 00:59:50] [INFO] [ShopBot] 滑动到货架顶部...
[2026-05-22 00:59:50] [INFO] [ShopBot] 滑动 (1100, 150) -> (1100, 400), 时长 0.3s
[2026-05-22 00:59:51] [DEBUG] [ShopBot] 整区 OCR 检测到 30 个文字块，5 行
[2026-05-22 00:59:51] [INFO] [ShopBot] 物品 0 (y=123-214): '英雄组织上级信徒奈汉库伊可购买1次' → unknown (conf=0.00), 价格 29000, 货币 gold, 购买按钮 @ (1192, 168)
[2026-05-22 00:59:51] [INFO] [ShopBot] 物品 1 (y=266-360): '70装备泰拉剑商人亚彼荷可购买1次' → equipment (conf=0.70), 价格 380000, 货币 gold, 购买按钮 @ (1192, 313)
[2026-05-22 00:59:51] [INFO] [ShopBot] 物品 2 (y=411-505): '55装备奥利哈钢长剑商人亚彼荷可购买1次' → equipment (conf=0.70), 价格 360000, 货币 gold, 购买按钮 @ (1192, 458)
[2026-05-22 00:59:51] [INFO] [ShopBot] 物品 3 (y=557-649): '英雄仿徨席尔巴奈汉库伊可购买1次' → unknown (conf=0.00), 价格 29000, 货币 gold, 购买按钮 @ (1192, 603)
[2026-05-22 00:59:51] [INFO] [ShopBot] 物品 4 (y=650-705): '' → unknown (conf=0.00), 价格 0, 货币 gold, 购买按钮 @ (1192, 677)
[2026-05-22 00:59:51] [INFO] [ShopBot] 跳过物品: unknown
[2026-05-22 00:59:51] [INFO] [ShopBot] 跳过物品: equipment
[2026-05-22 00:59:51] [INFO] [ShopBot] 跳过物品: equipment
[2026-05-22 00:59:51] [INFO] [ShopBot] 跳过物品: unknown
[2026-05-22 00:59:51] [INFO] [ShopBot] 跳过物品: unknown
[2026-05-22 00:59:51] [INFO] [ShopBot] 货架处理完成，共购买 0 个物品
[2026-05-22 00:59:51] [INFO] [ShopBot] 第 0 次查看，购买 0 个物品
[2026-05-22 00:59:51] [INFO] [ShopBot] 滑动 (1100, 400) -> (1100, 150), 时长 0.3s
[2026-05-22 00:59:54] [DEBUG] [ShopBot] 整区 OCR 检测到 29 个文字块，4 行
[2026-05-22 00:59:54] [INFO] [ShopBot] 物品 0 (y=154-265): '55装备奥利哈钢长剑商人亚彼荷可购买1次' → equipment (conf=0.70), 价格 360000, 货币 gold, 购买按钮 @ (1192, 209)
[2026-05-22 00:59:54] [INFO] [ShopBot] 物品 1 (y=318-410): '英雄仿徨席尔巴奈汉库伊可购买1次' → unknown (conf=0.00), 价格 29000, 货币 gold, 购买按钮 @ (1192, 364)
[2026-05-22 00:59:54] [INFO] [ShopBot] 物品 2 (y=463-555): '英雄阴谋洛普拉奈汉库伊可购买1次' → unknown (conf=0.00), 价格 29000, 货币 gold, 购买按钮 @ (1192, 509)
[2026-05-22 00:59:54] [INFO] [ShopBot] 物品 3 (y=597-705): '英雄小恶魔王奈汉库伊可购买1次' → unknown (conf=0.00), 价格 29000, 货币 gold, 购买按钮 @ (1192, 651)
[2026-05-22 00:59:54] [INFO] [ShopBot] 跳过物品: equipment
[2026-05-22 00:59:54] [INFO] [ShopBot] 跳过物品: unknown
[2026-05-22 00:59:54] [INFO] [ShopBot] 跳过物品: unknown
[2026-05-22 00:59:54] [INFO] [ShopBot] 跳过物品: unknown
[2026-05-22 00:59:54] [INFO] [ShopBot] 货架处理完成，共购买 0 个物品
[2026-05-22 00:59:54] [INFO] [ShopBot] 第 1 次查看，购买 0 个物品
[2026-05-22 00:59:54] [INFO] [ShopBot] 滑动 (1100, 400) -> (1100, 150), 时长 0.3s
[2026-05-22 00:59:56] [DEBUG] [ShopBot] 整区 OCR 检测到 29 个文字块，4 行
[2026-05-22 00:59:56] [INFO] [ShopBot] 物品 0 (y=154-260): '55装备奥利哈钢长剑商人亚彼荷可购买1次' → equipment (conf=0.70), 价格 360000, 货币 gold, 购买按钮 @ (1192, 207)
[2026-05-22 00:59:56] [INFO] [ShopBot] 物品 1 (y=313-405): '英雄仿徨席尔巴奈汉库伊可购买1次' → unknown (conf=0.00), 价格 29000, 货币 gold, 购买按钮 @ (1192, 359)
[2026-05-22 00:59:56] [INFO] [ShopBot] 物品 2 (y=457-550): '英雄阴谋洛普拉奈汉库伊可购买1次' → unknown (conf=0.00), 价格 29000, 货币 gold, 购买按钮 @ (1192, 503)
[2026-05-22 00:59:56] [INFO] [ShopBot] 物品 3 (y=602-705): '英雄小恶魔王奈汉库伊可购买1次' → unknown (conf=0.00), 价格 29000, 货币 gold, 购买按钮 @ (1192, 653)
[2026-05-22 00:59:56] [INFO] [ShopBot] 已到达货架底部（第 2 次滑动后，识别结果无变化）
[2026-05-22 00:59:56] [INFO] [ShopBot] 寻找刷新按钮（第 1 次）
[2026-05-22 00:59:57] [DEBUG] [ShopBot] 找到刷新按钮 '立即更新' 在 (268, 659)
[2026-05-22 00:59:57] [INFO] [ShopBot] 点击刷新按钮 (268, 659)
[2026-05-22 00:59:57] [INFO] [ShopBot] 点击坐标 (268, 659)
[2026-05-22 00:59:58] [INFO] [ShopBot] 检测到刷新确认弹窗，点击确认 (748, 460)
[2026-05-22 00:59:58] [INFO] [ShopBot] 点击坐标 (748, 460)
[2026-05-22 00:59:59] [INFO] [ShopBot] 等待货架加载...
[2026-05-22 01:00:00] [INFO] [ShopBot] ===== 第 27 轮 =====
[2026-05-22 01:00:00] [INFO] [ShopBot] 滑动到货架顶部...
[2026-05-22 01:00:00] [INFO] [ShopBot] 滑动 (1100, 150) -> (1100, 400), 时长 0.3s
[2026-05-22 01:00:01] [DEBUG] [ShopBot] 整区 OCR 检测到 32 个文字块，4 行
[2026-05-22 01:00:01] [INFO] [ShopBot] 物品 0 (y=121-213): '55装备精巧的恶魔项链妮萨可购买1次' → equipment (conf=0.70), 价格 240000, 货币 gold, 购买按钮 @ (1192, 167)
[2026-05-22 01:00:01] [INFO] [ShopBot] 物品 1 (y=265-358): '55装备精巧的恶魔头盔商人亚彼荷可购买1次' → equipment (conf=0.70), 价格 360000, 货币 gold, 购买按钮 @ (1192, 311)
[2026-05-22 01:00:01] [INFO] [ShopBot] 物品 2 (y=410-503): '货币友情点数诺诺里50可购买1次' → unknown (conf=0.00), 价格 18000, 货币 gold, 购买按钮 @ (1192, 456)
[2026-05-22 01:00:01] [INFO] [ShopBot] 物品 3 (y=555-705): '装备55精巧的恶魔戒指妮萨可购买1次' → equipment (conf=0.70), 价格 240000, 货币 gold, 购买按钮 @ (1192, 630)
[2026-05-22 01:00:01] [INFO] [ShopBot] 跳过物品: equipment
[2026-05-22 01:00:01] [INFO] [ShopBot] 跳过物品: equipment
[2026-05-22 01:00:01] [INFO] [ShopBot] 跳过物品: unknown
[2026-05-22 01:00:01] [INFO] [ShopBot] 跳过物品: equipment
[2026-05-22 01:00:01] [INFO] [ShopBot] 货架处理完成，共购买 0 个物品
[2026-05-22 01:00:01] [INFO] [ShopBot] 第 0 次查看，购买 0 个物品
[2026-05-22 01:00:01] [INFO] [ShopBot] 滑动 (1100, 400) -> (1100, 150), 时长 0.3s
[2026-05-22 01:00:03] [DEBUG] [ShopBot] 整区 OCR 检测到 31 个文字块，4 行
[2026-05-22 01:00:03] [INFO] [ShopBot] 物品 0 (y=154-260): '货币友情点数诺诺里可购买1次50' → unknown (conf=0.00), 价格 18000, 货币 gold, 购买按钮 @ (1192, 207)
[2026-05-22 01:00:03] [INFO] [ShopBot] 物品 1 (y=311-405): '55装备精巧的恶魔戒指妮萨可购买1次' → equipment (conf=0.70), 价格 240000, 货币 gold, 购买按钮 @ (1192, 358)
[2026-05-22 01:00:03] [INFO] [ShopBot] 物品 2 (y=457-550): '英雄救护型军犬奈汉库伊可购买1次' → unknown (conf=0.00), 价格 29000, 货币 gold, 购买按钮 @ (1192, 503)
[2026-05-22 01:00:03] [INFO] [ShopBot] 物品 3 (y=601-705): '70装备蜘蛛君主的胸甲商人亚彼荷可购买1次' → equipment (conf=0.70), 价格 560000, 货币 gold, 购买按钮 @ (1192, 653)
[2026-05-22 01:00:03] [INFO] [ShopBot] 跳过物品: unknown
[2026-05-22 01:00:03] [INFO] [ShopBot] 跳过物品: equipment
[2026-05-22 01:00:03] [INFO] [ShopBot] 跳过物品: unknown
[2026-05-22 01:00:03] [INFO] [ShopBot] 跳过物品: equipment
[2026-05-22 01:00:03] [INFO] [ShopBot] 货架处理完成，共购买 0 个物品
[2026-05-22 01:00:03] [INFO] [ShopBot] 第 1 次查看，购买 0 个物品
[2026-05-22 01:00:03] [INFO] [ShopBot] 滑动 (1100, 400) -> (1100, 150), 时长 0.3s
[2026-05-22 01:00:06] [DEBUG] [ShopBot] 整区 OCR 检测到 30 个文字块，4 行
[2026-05-22 01:00:06] [INFO] [ShopBot] 物品 0 (y=154-260): '货币友情点数诺诺里可购买1次50' → unknown (conf=0.00), 价格 18000, 货币 gold, 购买按钮 @ (1192, 207)
[2026-05-22 01:00:06] [INFO] [ShopBot] 物品 1 (y=311-405): '55装备精巧的恶魔戒指可购买1次' → equipment (conf=0.70), 价格 240000, 货币 gold, 购买按钮 @ (1192, 358)
[2026-05-22 01:00:06] [INFO] [ShopBot] 物品 2 (y=457-550): '英雄救护型军犬奈汉库伊可购买1次' → unknown (conf=0.00), 价格 29000, 货币 gold, 购买按钮 @ (1192, 503)
[2026-05-22 01:00:06] [INFO] [ShopBot] 物品 3 (y=601-705): '70装备蜘蛛君主的胸甲商人亚彼荷可购买1次' → equipment (conf=0.70), 价格 560000, 货币 gold, 购买按钮 @ (1192, 653)
[2026-05-22 01:00:06] [INFO] [ShopBot] 跳过物品: unknown
[2026-05-22 01:00:06] [INFO] [ShopBot] 跳过物品: equipment
[2026-05-22 01:00:06] [INFO] [ShopBot] 跳过物品: unknown
[2026-05-22 01:00:06] [INFO] [ShopBot] 跳过物品: equipment
[2026-05-22 01:00:06] [INFO] [ShopBot] 货架处理完成，共购买 0 个物品
[2026-05-22 01:00:06] [INFO] [ShopBot] 第 2 次查看，购买 0 个物品
[2026-05-22 01:00:06] [INFO] [ShopBot] 滑动 (1100, 400) -> (1100, 150), 时长 0.3s
[2026-05-22 01:00:08] [DEBUG] [ShopBot] 整区 OCR 检测到 30 个文字块，4 行
[2026-05-22 01:00:08] [INFO] [ShopBot] 物品 0 (y=154-260): '货币友情点数诺诺里可购买1次50' → unknown (conf=0.00), 价格 18000, 货币 gold, 购买按钮 @ (1192, 207)
[2026-05-22 01:00:08] [INFO] [ShopBot] 物品 1 (y=311-405): '55装备精巧的恶魔戒指可购买1次' → equipment (conf=0.70), 价格 240000, 货币 gold, 购买按钮 @ (1192, 358)
[2026-05-22 01:00:08] [INFO] [ShopBot] 物品 2 (y=458-550): '英雄救护型军犬奈汉库伊可购买1次' → unknown (conf=0.00), 价格 29000, 货币 gold, 购买按钮 @ (1192, 504)
[2026-05-22 01:00:08] [INFO] [ShopBot] 物品 3 (y=601-705): '70装备蜘蛛君主的胸甲商人亚彼荷可购买1次' → equipment (conf=0.70), 价格 560000, 货币 gold, 购买按钮 @ (1192, 653)
[2026-05-22 01:00:08] [INFO] [ShopBot] 已到达货架底部（第 3 次滑动后，识别结果无变化）
[2026-05-22 01:00:08] [INFO] [ShopBot] 寻找刷新按钮（第 1 次）
[2026-05-22 01:00:08] [DEBUG] [ShopBot] 找到刷新按钮 '立即更新' 在 (268, 659)
[2026-05-22 01:00:08] [INFO] [ShopBot] 点击刷新按钮 (268, 659)
[2026-05-22 01:00:08] [INFO] [ShopBot] 点击坐标 (268, 659)
[2026-05-22 01:00:10] [INFO] [ShopBot] 检测到刷新确认弹窗，点击确认 (748, 460)
[2026-05-22 01:00:10] [INFO] [ShopBot] 点击坐标 (748, 460)
[2026-05-22 01:00:10] [INFO] [ShopBot] 等待货架加载...
[2026-05-22 01:00:11] [INFO] [ShopBot] ===== 第 28 轮 =====
[2026-05-22 01:00:11] [INFO] [ShopBot] 滑动到货架顶部...
[2026-05-22 01:00:11] [INFO] [ShopBot] 滑动 (1100, 150) -> (1100, 400), 时长 0.3s
[2026-05-22 01:00:13] [DEBUG] [ShopBot] 整区 OCR 检测到 29 个文字块，5 行
[2026-05-22 01:00:13] [INFO] [ShopBot] 物品 0 (y=121-212): '英雄青苔陆龟奈汉库伊可购买1次' → unknown (conf=0.00), 价格 29000, 货币 gold, 购买按钮 @ (1192, 166)
[2026-05-22 01:00:13] [INFO] [ShopBot] 物品 1 (y=264-358): '装备破灭精髓长袍商人亚彼荷可购买1次' → equipment (conf=0.70), 价格 380000, 货币 gold, 购买按钮 @ (1192, 311)
[2026-05-22 01:00:13] [INFO] [ShopBot] 物品 2 (y=409-503): '货币友情点数可购买1次50' → unknown (conf=0.00), 价格 18000, 货币 gold, 购买按钮 @ (1192, 456)
[2026-05-22 01:00:13] [INFO] [ShopBot] 物品 3 (y=554-648): '装备70蜘蛛君主的胸甲商人亚彼荷可购买1次' → equipment (conf=0.70), 价格 560000, 货币 gold, 购买按钮 @ (1192, 601)
[2026-05-22 01:00:13] [INFO] [ShopBot] 物品 4 (y=649-705): '' → unknown (conf=0.00), 价格 0, 货币 gold, 购买按钮 @ (1192, 677)
[2026-05-22 01:00:13] [INFO] [ShopBot] 跳过物品: unknown
[2026-05-22 01:00:13] [INFO] [ShopBot] 跳过物品: equipment
[2026-05-22 01:00:13] [INFO] [ShopBot] 跳过物品: unknown
[2026-05-22 01:00:13] [INFO] [ShopBot] 跳过物品: equipment
[2026-05-22 01:00:13] [INFO] [ShopBot] 跳过物品: unknown
[2026-05-22 01:00:13] [INFO] [ShopBot] 货架处理完成，共购买 0 个物品
[2026-05-22 01:00:13] [INFO] [ShopBot] 第 0 次查看，购买 0 个物品
[2026-05-22 01:00:13] [INFO] [ShopBot] 滑动 (1100, 400) -> (1100, 150), 时长 0.3s
[2026-05-22 01:00:15] [DEBUG] [ShopBot] 整区 OCR 检测到 31 个文字块，4 行
[2026-05-22 01:00:15] [INFO] [ShopBot] 物品 0 (y=154-260): '货币友情点数诺诺里可购买1次50' → unknown (conf=0.00), 价格 18000, 货币 gold, 购买按钮 @ (1192, 207)
[2026-05-22 01:00:15] [INFO] [ShopBot] 物品 1 (y=311-405): '70装备蜘蛛君主的胸甲商人亚彼荷可购买1次' → equipment (conf=0.70), 价格 560000, 货币 gold, 购买按钮 @ (1192, 358)
[2026-05-22 01:00:15] [INFO] [ShopBot] 物品 2 (y=456-550): '70装备魔力龙兽面具商人亚彼荷可购买1次' → equipment (conf=0.70), 价格 380000, 货币 gold, 购买按钮 @ (1192, 503)
[2026-05-22 01:00:15] [INFO] [ShopBot] 物品 3 (y=597-705): '英雄霜风席尔巴奈汉库伊可购买1次' → unknown (conf=0.00), 价格 29000, 货币 gold, 购买按钮 @ (1192, 651)
[2026-05-22 01:00:15] [INFO] [ShopBot] 跳过物品: unknown
[2026-05-22 01:00:15] [INFO] [ShopBot] 跳过物品: equipment
[2026-05-22 01:00:15] [INFO] [ShopBot] 跳过物品: equipment
[2026-05-22 01:00:15] [INFO] [ShopBot] 跳过物品: unknown
[2026-05-22 01:00:15] [INFO] [ShopBot] 货架处理完成，共购买 0 个物品
[2026-05-22 01:00:15] [INFO] [ShopBot] 第 1 次查看，购买 0 个物品
[2026-05-22 01:00:15] [INFO] [ShopBot] 滑动 (1100, 400) -> (1100, 150), 时长 0.3s
[2026-05-22 01:00:18] [DEBUG] [ShopBot] 整区 OCR 检测到 31 个文字块，4 行
[2026-05-22 01:00:18] [INFO] [ShopBot] 物品 0 (y=154-260): '货币友情点数诺诺里可购买1次50' → unknown (conf=0.00), 价格 18000, 货币 gold, 购买按钮 @ (1192, 207)
[2026-05-22 01:00:18] [INFO] [ShopBot] 物品 1 (y=311-405): '70装备蜘蛛君主的胸甲商人亚彼荷可购买1次' → equipment (conf=0.70), 价格 560000, 货币 gold, 购买按钮 @ (1192, 358)
[2026-05-22 01:00:18] [INFO] [ShopBot] 物品 2 (y=456-550): '70装备魔力龙兽面具商人亚彼荷可购买1次' → equipment (conf=0.70), 价格 380000, 货币 gold, 购买按钮 @ (1192, 503)
[2026-05-22 01:00:18] [INFO] [ShopBot] 物品 3 (y=602-705): '英雄霜风席尔巴奈汉库伊可购买1次' → unknown (conf=0.00), 价格 29000, 货币 gold, 购买按钮 @ (1192, 653)
[2026-05-22 01:00:18] [INFO] [ShopBot] 已到达货架底部（第 2 次滑动后，识别结果无变化）
[2026-05-22 01:00:18] [INFO] [ShopBot] 寻找刷新按钮（第 1 次）
[2026-05-22 01:00:18] [DEBUG] [ShopBot] 找到刷新按钮 '立即更新' 在 (268, 659)
[2026-05-22 01:00:18] [INFO] [ShopBot] 点击刷新按钮 (268, 659)
[2026-05-22 01:00:18] [INFO] [ShopBot] 点击坐标 (268, 659)
[2026-05-22 01:00:20] [INFO] [ShopBot] 检测到刷新确认弹窗，点击确认 (748, 460)
[2026-05-22 01:00:20] [INFO] [ShopBot] 点击坐标 (748, 460)
[2026-05-22 01:00:21] [INFO] [ShopBot] 等待货架加载...
[2026-05-22 01:00:22] [INFO] [ShopBot] ===== 第 29 轮 =====
[2026-05-22 01:00:22] [INFO] [ShopBot] 滑动到货架顶部...
[2026-05-22 01:00:22] [INFO] [ShopBot] 滑动 (1100, 150) -> (1100, 400), 时长 0.3s
[2026-05-22 01:00:23] [DEBUG] [ShopBot] 整区 OCR 检测到 30 个文字块，5 行
[2026-05-22 01:00:23] [INFO] [ShopBot] 物品 0 (y=121-213): '55装备奥利哈钢靴子商人亚彼荷可购买1次' → equipment (conf=0.70), 价格 360000, 货币 gold, 购买按钮 @ (1192, 167)
[2026-05-22 01:00:23] [INFO] [ShopBot] 物品 1 (y=264-358): '55装备奥利哈钢靴子商人亚彼荷可购买1次' → equipment (conf=0.70), 价格 240000, 货币 gold, 购买按钮 @ (1192, 311)
[2026-05-22 01:00:23] [INFO] [ShopBot] 物品 2 (y=409-503): '70装备冰霜脚爪项链可购买1次' → equipment (conf=0.70), 价格 380000, 货币 gold, 购买按钮 @ (1192, 456)
[2026-05-22 01:00:23] [INFO] [ShopBot] 物品 3 (y=555-648): '英雄红玉鲁克斯奈汉库伊可购买1次' → unknown (conf=0.00), 价格 29000, 货币 gold, 购买按钮 @ (1192, 601)
[2026-05-22 01:00:23] [INFO] [ShopBot] 物品 4 (y=649-705): '' → unknown (conf=0.00), 价格 0, 货币 gold, 购买按钮 @ (1192, 677)
[2026-05-22 01:00:23] [INFO] [ShopBot] 跳过物品: equipment
[2026-05-22 01:00:23] [INFO] [ShopBot] 跳过物品: equipment
[2026-05-22 01:00:23] [INFO] [ShopBot] 跳过物品: equipment
[2026-05-22 01:00:23] [INFO] [ShopBot] 跳过物品: unknown
[2026-05-22 01:00:23] [INFO] [ShopBot] 跳过物品: unknown
[2026-05-22 01:00:23] [INFO] [ShopBot] 货架处理完成，共购买 0 个物品
[2026-05-22 01:00:23] [INFO] [ShopBot] 第 0 次查看，购买 0 个物品
[2026-05-22 01:00:23] [INFO] [ShopBot] 滑动 (1100, 400) -> (1100, 150), 时长 0.3s
[2026-05-22 01:00:25] [DEBUG] [ShopBot] 整区 OCR 检测到 29 个文字块，4 行
[2026-05-22 01:00:25] [INFO] [ShopBot] 物品 0 (y=154-260): '70装备冰霜脚爪项链妮萨可购买1次' → equipment (conf=0.70), 价格 380000, 货币 gold, 购买按钮 @ (1192, 207)
[2026-05-22 01:00:25] [INFO] [ShopBot] 物品 1 (y=313-405): '英雄红玉鲁克斯奈汉库伊可购买1次' → unknown (conf=0.00), 价格 29000, 货币 gold, 购买按钮 @ (1192, 359)
[2026-05-22 01:00:25] [INFO] [ShopBot] 物品 2 (y=457-550): '英雄树叶鲍特奈汉库伊可购买1次' → unknown (conf=0.00), 价格 29000, 货币 gold, 购买按钮 @ (1192, 503)
[2026-05-22 01:00:25] [INFO] [ShopBot] 物品 3 (y=602-705): '英雄雷逢朵斯光辉魔法师奈汉库伊可购买1次' → unknown (conf=0.00), 价格 29000, 货币 gold, 购买按钮 @ (1192, 653)
[2026-05-22 01:00:25] [INFO] [ShopBot] 跳过物品: equipment
[2026-05-22 01:00:25] [INFO] [ShopBot] 跳过物品: unknown
[2026-05-22 01:00:25] [INFO] [ShopBot] 跳过物品: unknown
[2026-05-22 01:00:25] [INFO] [ShopBot] 跳过物品: unknown
[2026-05-22 01:00:25] [INFO] [ShopBot] 货架处理完成，共购买 0 个物品
[2026-05-22 01:00:25] [INFO] [ShopBot] 第 1 次查看，购买 0 个物品
[2026-05-22 01:00:25] [INFO] [ShopBot] 滑动 (1100, 400) -> (1100, 150), 时长 0.3s
[2026-05-22 01:00:28] [DEBUG] [ShopBot] 整区 OCR 检测到 29 个文字块，4 行
[2026-05-22 01:00:28] [INFO] [ShopBot] 物品 0 (y=154-260): '70装备冰霜脚爪项链妮萨可购买1次' → equipment (conf=0.70), 价格 380000, 货币 gold, 购买按钮 @ (1192, 207)
[2026-05-22 01:00:28] [INFO] [ShopBot] 物品 1 (y=313-405): '英雄红玉鲁克斯奈汉库伊可购买1次' → unknown (conf=0.00), 价格 29000, 货币 gold, 购买按钮 @ (1192, 359)
[2026-05-22 01:00:28] [INFO] [ShopBot] 物品 2 (y=457-550): '英雄树叶鲍特奈汉库伊可购买1次' → unknown (conf=0.00), 价格 29000, 货币 gold, 购买按钮 @ (1192, 503)
[2026-05-22 01:00:28] [INFO] [ShopBot] 物品 3 (y=602-705): '英雄雷逢朵斯光辉魔法师奈汉库伊可购买1次' → unknown (conf=0.00), 价格 29000, 货币 gold, 购买按钮 @ (1192, 653)
[2026-05-22 01:00:28] [INFO] [ShopBot] 已到达货架底部（第 2 次滑动后，识别结果无变化）
[2026-05-22 01:00:28] [INFO] [ShopBot] 寻找刷新按钮（第 1 次）
[2026-05-22 01:00:29] [DEBUG] [ShopBot] 找到刷新按钮 '立即更新' 在 (268, 659)
[2026-05-22 01:00:29] [INFO] [ShopBot] 点击刷新按钮 (268, 659)
[2026-05-22 01:00:29] [INFO] [ShopBot] 点击坐标 (268, 659)
[2026-05-22 01:00:30] [INFO] [ShopBot] 检测到刷新确认弹窗，点击确认 (748, 460)
[2026-05-22 01:00:30] [INFO] [ShopBot] 点击坐标 (748, 460)
[2026-05-22 01:00:30] [INFO] [ShopBot] 等待货架加载...
[2026-05-22 01:00:31] [INFO] [ShopBot] ===== 第 30 轮 =====
[2026-05-22 01:00:31] [INFO] [ShopBot] 滑动到货架顶部...
[2026-05-22 01:00:31] [INFO] [ShopBot] 滑动 (1100, 150) -> (1100, 400), 时长 0.3s
[2026-05-22 01:00:33] [DEBUG] [ShopBot] 整区 OCR 检测到 30 个文字块，4 行
[2026-05-22 01:00:33] [INFO] [ShopBot] 物品 0 (y=123-214): '英雄搜查型军犬奈汉库伊可购买1次' → unknown (conf=0.00), 价格 29000, 货币 gold, 购买按钮 @ (1192, 168)
[2026-05-22 01:00:33] [INFO] [ShopBot] 物品 1 (y=266-360): '货币友情点数诺诺里可购买1次50' → unknown (conf=0.00), 价格 18000, 货币 gold, 购买按钮 @ (1192, 313)
[2026-05-22 01:00:33] [INFO] [ShopBot] 物品 2 (y=411-505): '85装备地狱破灭精髓王冠商人亚彼荷可购买1次' → equipment (conf=0.70), 价格 810000, 货币 gold, 购买按钮 @ (1192, 458)
[2026-05-22 01:00:33] [INFO] [ShopBot] 物品 3 (y=556-705): '装备破灭精髓长袍商人亚彼荷可购买1次' → equipment (conf=0.70), 价格 560000, 货币 gold, 购买按钮 @ (1192, 630)
[2026-05-22 01:00:33] [INFO] [ShopBot] 跳过物品: unknown
[2026-05-22 01:00:33] [INFO] [ShopBot] 跳过物品: unknown
[2026-05-22 01:00:33] [INFO] [ShopBot] 跳过物品: equipment
[2026-05-22 01:00:33] [INFO] [ShopBot] 跳过物品: equipment
[2026-05-22 01:00:33] [INFO] [ShopBot] 货架处理完成，共购买 0 个物品
[2026-05-22 01:00:33] [INFO] [ShopBot] 第 0 次查看，购买 0 个物品
[2026-05-22 01:00:33] [INFO] [ShopBot] 滑动 (1100, 400) -> (1100, 150), 时长 0.3s
[2026-05-22 01:00:36] [DEBUG] [ShopBot] 整区 OCR 检测到 36 个文字块，5 行
[2026-05-22 01:00:36] [INFO] [ShopBot] 物品 0 (y=80-129): '仅情点数50可购买1次' → unknown (conf=0.00), 价格 0, 货币 gold, 购买按钮 @ (1192, 104)
[2026-05-22 01:00:36] [INFO] [ShopBot] 物品 1 (y=181-274): '85装备地狱破灭精髓王冠商人亚彼荷可购买1次' → equipment (conf=0.70), 价格 810000, 货币 gold, 购买按钮 @ (1192, 227)
[2026-05-22 01:00:36] [INFO] [ShopBot] 物品 2 (y=326-420): '装备破灭精髓长袍商人亚彼荷可购买1次' → equipment (conf=0.70), 价格 560000, 货币 gold, 购买按钮 @ (1192, 373)
[2026-05-22 01:00:36] [INFO] [ShopBot] 物品 3 (y=471-565): '55装备啤叫龙兽骨刃剑商人亚彼荷可购买1次' → equipment (conf=0.70), 价格 240000, 货币 gold, 购买按钮 @ (1192, 518)
[2026-05-22 01:00:36] [INFO] [ShopBot] 物品 4 (y=598-705): '装备55啤叫龙兽靴子商人亚彼荷可购买1次' → equipment (conf=0.70), 价格 360000, 货币 gold, 购买按钮 @ (1192, 651)
[2026-05-22 01:00:36] [INFO] [ShopBot] 跳过物品: unknown
[2026-05-22 01:00:36] [INFO] [ShopBot] 跳过物品: equipment
[2026-05-22 01:00:36] [INFO] [ShopBot] 跳过物品: equipment
[2026-05-22 01:00:36] [INFO] [ShopBot] 跳过物品: equipment
[2026-05-22 01:00:36] [INFO] [ShopBot] 跳过物品: equipment
[2026-05-22 01:00:36] [INFO] [ShopBot] 货架处理完成，共购买 0 个物品
[2026-05-22 01:00:36] [INFO] [ShopBot] 第 1 次查看，购买 0 个物品
[2026-05-22 01:00:36] [INFO] [ShopBot] 滑动 (1100, 400) -> (1100, 150), 时长 0.3s
[2026-05-22 01:00:38] [DEBUG] [ShopBot] 整区 OCR 检测到 31 个文字块，4 行
[2026-05-22 01:00:38] [INFO] [ShopBot] 物品 0 (y=154-260): '85装备地狱破灭精髓王冠商人亚彼荷可购买1次' → equipment (conf=0.70), 价格 810000, 货币 gold, 购买按钮 @ (1192, 207)
[2026-05-22 01:00:38] [INFO] [ShopBot] 物品 1 (y=311-405): '装备破灭精髓长袍商人亚彼荷可购买1次' → equipment (conf=0.70), 价格 560000, 货币 gold, 购买按钮 @ (1192, 358)
[2026-05-22 01:00:38] [INFO] [ShopBot] 物品 2 (y=456-550): '55装备啤叫龙兽骨刃剑商人亚彼荷可购买1次' → equipment (conf=0.70), 价格 240000, 货币 gold, 购买按钮 @ (1192, 503)
[2026-05-22 01:00:38] [INFO] [ShopBot] 物品 3 (y=601-705): '55装备啤叫龙兽靴子商人亚彼荷可购买1次' → equipment (conf=0.70), 价格 360000, 货币 gold, 购买按钮 @ (1192, 653)
[2026-05-22 01:00:38] [INFO] [ShopBot] 跳过物品: equipment
[2026-05-22 01:00:38] [INFO] [ShopBot] 跳过物品: equipment
[2026-05-22 01:00:38] [INFO] [ShopBot] 跳过物品: equipment
[2026-05-22 01:00:38] [INFO] [ShopBot] 跳过物品: equipment
[2026-05-22 01:00:38] [INFO] [ShopBot] 货架处理完成，共购买 0 个物品
[2026-05-22 01:00:38] [INFO] [ShopBot] 第 2 次查看，购买 0 个物品
[2026-05-22 01:00:38] [INFO] [ShopBot] 滑动 (1100, 400) -> (1100, 150), 时长 0.3s
[2026-05-22 01:00:40] [DEBUG] [ShopBot] 整区 OCR 检测到 31 个文字块，4 行
[2026-05-22 01:00:40] [INFO] [ShopBot] 物品 0 (y=154-260): '85装备地狱破灭精髓王冠商人亚彼荷可购买1次' → equipment (conf=0.70), 价格 810000, 货币 gold, 购买按钮 @ (1192, 207)
[2026-05-22 01:00:40] [INFO] [ShopBot] 物品 1 (y=311-405): '装备破灭精髓长袍商人亚彼荷可购买1次' → equipment (conf=0.70), 价格 560000, 货币 gold, 购买按钮 @ (1192, 358)
[2026-05-22 01:00:40] [INFO] [ShopBot] 物品 2 (y=456-550): '55装备啤叫龙兽骨刃剑商人亚彼荷可购买1次' → equipment (conf=0.70), 价格 240000, 货币 gold, 购买按钮 @ (1192, 503)
[2026-05-22 01:00:40] [INFO] [ShopBot] 物品 3 (y=601-705): '55装备啤叫龙兽靴子商人亚彼荷可购买1次' → equipment (conf=0.70), 价格 360000, 货币 gold, 购买按钮 @ (1192, 653)
[2026-05-22 01:00:40] [INFO] [ShopBot] 已到达货架底部（第 3 次滑动后，识别结果无变化）
[2026-05-22 01:00:40] [INFO] [ShopBot] 寻找刷新按钮（第 1 次）
[2026-05-22 01:00:41] [DEBUG] [ShopBot] 找到刷新按钮 '立即更新' 在 (268, 659)
[2026-05-22 01:00:41] [INFO] [ShopBot] 点击刷新按钮 (268, 659)
[2026-05-22 01:00:41] [INFO] [ShopBot] 点击坐标 (268, 659)
[2026-05-22 01:00:42] [INFO] [ShopBot] 检测到刷新确认弹窗，点击确认 (748, 460)
[2026-05-22 01:00:42] [INFO] [ShopBot] 点击坐标 (748, 460)
[2026-05-22 01:00:43] [INFO] [ShopBot] 等待货架加载...
[2026-05-22 01:00:44] [INFO] [ShopBot] ===== 第 31 轮 =====
[2026-05-22 01:00:44] [INFO] [ShopBot] 滑动到货架顶部...
[2026-05-22 01:00:44] [INFO] [ShopBot] 滑动 (1100, 150) -> (1100, 400), 时长 0.3s
[2026-05-22 01:00:45] [DEBUG] [ShopBot] 整区 OCR 检测到 30 个文字块，5 行
[2026-05-22 01:00:45] [INFO] [ShopBot] 物品 0 (y=123-215): '55装备啤叫龙兽靴子商人亚彼荷可购买1次' → equipment (conf=0.70), 价格 360000, 货币 gold, 购买按钮 @ (1192, 169)
[2026-05-22 01:00:45] [INFO] [ShopBot] 物品 1 (y=266-360): '召唤誓约书签诺诺里可购买1次' → bookmark (conf=0.95), 价格 184000, 货币 gold, 购买按钮 @ (1192, 313)
[2026-05-22 01:00:45] [INFO] [ShopBot] 物品 2 (y=412-504): '英雄红宝石龙奈汉库伊可购买1次' → unknown (conf=0.00), 价格 29000, 货币 gold, 购买按钮 @ (1192, 458)
[2026-05-22 01:00:45] [INFO] [ShopBot] 物品 3 (y=556-650): '装备55勇士的背甲流星锤商人亚彼荷可购买1次' → equipment (conf=0.70), 价格 360000, 货币 gold, 购买按钮 @ (1192, 603)
[2026-05-22 01:00:45] [INFO] [ShopBot] 物品 4 (y=651-705): '' → unknown (conf=0.00), 价格 0, 货币 gold, 购买按钮 @ (1192, 678)
[2026-05-22 01:00:45] [INFO] [ShopBot] 跳过物品: equipment
[2026-05-22 01:00:45] [INFO] [ShopBot] 开始购买: bookmark, 价格: 184000
[2026-05-22 01:00:45] [INFO] [ShopBot] 点击购买按钮 @ (1192, 313)
[2026-05-22 01:00:45] [INFO] [ShopBot] 点击坐标 (1192, 313)
[2026-05-22 01:00:46] [DEBUG] [ShopBot] 找到按钮 '购买' 在 (736, 479)
[2026-05-22 01:00:48] [DEBUG] [ShopBot] 找到按钮 '取消' 在 (481, 524)
[2026-05-22 01:00:48] [DEBUG] [ShopBot] 找到按钮 '购买' 在 (818, 524)
[2026-05-22 01:00:48] [INFO] [ShopBot] 检测到确认弹窗
[2026-05-22 01:00:48] [INFO] [ShopBot] 点击确认按钮 @ (818, 508)
[2026-05-22 01:00:48] [INFO] [ShopBot] 点击坐标 (818, 508)
[2026-05-22 01:00:50] [DEBUG] [ShopBot] 找到按钮 '购买' 在 (736, 479)
[2026-05-22 01:00:52] [DEBUG] [ShopBot] 找到按钮 '购买' 在 (736, 479)
[2026-05-22 01:00:53] [INFO] [ShopBot] 购买成功: bookmark
[2026-05-22 01:00:53] [INFO] [ShopBot] 购买结果 - bookmark: 成功
[2026-05-22 01:00:53] [INFO] [ShopBot] 跳过物品: unknown
[2026-05-22 01:00:53] [INFO] [ShopBot] 跳过物品: equipment
[2026-05-22 01:00:53] [INFO] [ShopBot] 跳过物品: unknown
[2026-05-22 01:00:53] [INFO] [ShopBot] 货架处理完成，共购买 1 个物品
[2026-05-22 01:00:53] [INFO] [ShopBot] 第 0 次查看，购买 1 个物品
[2026-05-22 01:00:53] [INFO] [ShopBot] 滑动 (1100, 400) -> (1100, 150), 时长 0.3s
[2026-05-22 01:00:56] [DEBUG] [ShopBot] 整区 OCR 检测到 29 个文字块，4 行
[2026-05-22 01:00:56] [INFO] [ShopBot] 物品 0 (y=154-259): '英雄红宝石龙奈汉库伊可购买1次' → unknown (conf=0.00), 价格 29000, 货币 gold, 购买按钮 @ (1192, 206)
[2026-05-22 01:00:56] [INFO] [ShopBot] 物品 1 (y=311-405): '装备勇士的背甲流星锤商人亚彼荷可购买1次' → equipment (conf=0.70), 价格 360000, 货币 gold, 购买按钮 @ (1192, 358)
[2026-05-22 01:00:56] [INFO] [ShopBot] 物品 2 (y=456-550): '装备破灭精髓长袍商人亚彼荷可购买1次' → equipment (conf=0.70), 价格 560000, 货币 gold, 购买按钮 @ (1192, 503)
[2026-05-22 01:00:56] [INFO] [ShopBot] 物品 3 (y=601-705): '55装备毒脚爪项链妮萨可购买1次' → equipment (conf=0.70), 价格 240000, 货币 gold, 购买按钮 @ (1192, 653)
[2026-05-22 01:00:56] [INFO] [ShopBot] 跳过物品: unknown
[2026-05-22 01:00:56] [INFO] [ShopBot] 跳过物品: equipment
[2026-05-22 01:00:56] [INFO] [ShopBot] 跳过物品: equipment
[2026-05-22 01:00:56] [INFO] [ShopBot] 跳过物品: equipment
[2026-05-22 01:00:56] [INFO] [ShopBot] 货架处理完成，共购买 0 个物品
[2026-05-22 01:00:56] [INFO] [ShopBot] 第 1 次查看，购买 0 个物品
[2026-05-22 01:00:56] [INFO] [ShopBot] 滑动 (1100, 400) -> (1100, 150), 时长 0.3s
[2026-05-22 01:00:58] [DEBUG] [ShopBot] 整区 OCR 检测到 29 个文字块，4 行
[2026-05-22 01:00:58] [INFO] [ShopBot] 物品 0 (y=154-259): '英雄红宝石龙奈汉库伊可购买1次' → unknown (conf=0.00), 价格 29000, 货币 gold, 购买按钮 @ (1192, 206)
[2026-05-22 01:00:58] [INFO] [ShopBot] 物品 1 (y=311-405): '装备勇士的背甲流星锤商人亚彼荷可购买1次' → equipment (conf=0.70), 价格 360000, 货币 gold, 购买按钮 @ (1192, 358)
[2026-05-22 01:00:58] [INFO] [ShopBot] 物品 2 (y=456-550): '装备破灭精髓长袍商人亚彼荷可购买1次' → equipment (conf=0.70), 价格 560000, 货币 gold, 购买按钮 @ (1192, 503)
[2026-05-22 01:00:58] [INFO] [ShopBot] 物品 3 (y=601-705): '55装备毒脚爪项链妮萨可购买1次' → equipment (conf=0.70), 价格 240000, 货币 gold, 购买按钮 @ (1192, 653)
[2026-05-22 01:00:58] [INFO] [ShopBot] 已到达货架底部（第 2 次滑动后，识别结果无变化）
[2026-05-22 01:00:58] [INFO] [ShopBot] 寻找刷新按钮（第 1 次）
[2026-05-22 01:00:58] [DEBUG] [ShopBot] 找到刷新按钮 '立即更新' 在 (268, 659)
[2026-05-22 01:00:58] [INFO] [ShopBot] 点击刷新按钮 (268, 659)
[2026-05-22 01:00:58] [INFO] [ShopBot] 点击坐标 (268, 659)
[2026-05-22 01:01:00] [INFO] [ShopBot] 检测到刷新确认弹窗，点击确认 (748, 460)
[2026-05-22 01:01:00] [INFO] [ShopBot] 点击坐标 (748, 460)
[2026-05-22 01:01:00] [INFO] [ShopBot] 等待货架加载...
[2026-05-22 01:01:01] [INFO] [ShopBot] ===== 第 32 轮 =====
[2026-05-22 01:01:01] [INFO] [ShopBot] 滑动到货架顶部...
[2026-05-22 01:01:01] [INFO] [ShopBot] 滑动 (1100, 150) -> (1100, 400), 时长 0.3s
[2026-05-22 01:01:03] [DEBUG] [ShopBot] 整区 OCR 检测到 31 个文字块，4 行
[2026-05-22 01:01:03] [INFO] [ShopBot] 物品 0 (y=121-212): '70装备魔力龙兽面具商人亚彼荷可购买1次' → equipment (conf=0.70), 价格 560000, 货币 gold, 购买按钮 @ (1192, 166)
[2026-05-22 01:01:03] [INFO] [ShopBot] 物品 1 (y=264-357): '85装备不屈的蜘蛛英雄挂饰妮萨可购买1次' → equipment (conf=0.70), 价格 540000, 货币 gold, 购买按钮 @ (1192, 310)
[2026-05-22 01:01:03] [INFO] [ShopBot] 物品 2 (y=409-502): '55装备奥利哈钢手镯可购买1次' → equipment (conf=0.70), 价格 240000, 货币 gold, 购买按钮 @ (1192, 455)
[2026-05-22 01:01:03] [INFO] [ShopBot] 物品 3 (y=554-705): '装备55奥利哈钢长剑商人亚彼荷可购买1次' → equipment (conf=0.70), 价格 240000, 货币 gold, 购买按钮 @ (1192, 629)
[2026-05-22 01:01:03] [INFO] [ShopBot] 跳过物品: equipment
[2026-05-22 01:01:03] [INFO] [ShopBot] 跳过物品: equipment
[2026-05-22 01:01:03] [INFO] [ShopBot] 跳过物品: equipment
[2026-05-22 01:01:03] [INFO] [ShopBot] 跳过物品: equipment
[2026-05-22 01:01:03] [INFO] [ShopBot] 货架处理完成，共购买 0 个物品
[2026-05-22 01:01:03] [INFO] [ShopBot] 第 0 次查看，购买 0 个物品
[2026-05-22 01:01:03] [INFO] [ShopBot] 滑动 (1100, 400) -> (1100, 150), 时长 0.3s
[2026-05-22 01:01:05] [DEBUG] [ShopBot] 整区 OCR 检测到 31 个文字块，5 行
[2026-05-22 01:01:05] [INFO] [ShopBot] 物品 0 (y=80-136): '不屈的蜘蛛英雄挂饰可购买1次' → unknown (conf=0.00), 价格 0, 货币 gold, 购买按钮 @ (1192, 108)
[2026-05-22 01:01:05] [INFO] [ShopBot] 物品 1 (y=188-282): '装备奥利哈钢手镯可购买1次' → equipment (conf=0.70), 价格 240000, 货币 gold, 购买按钮 @ (1192, 235)
[2026-05-22 01:01:05] [INFO] [ShopBot] 物品 2 (y=333-427): '装备55奥利哈钢长剑商人亚彼荷可购买1次' → equipment (conf=0.70), 价格 240000, 货币 gold, 购买按钮 @ (1192, 380)
[2026-05-22 01:01:05] [INFO] [ShopBot] 物品 3 (y=478-572): '55装备奥利哈钢靴子商人亚彼荷可购买1次' → equipment (conf=0.70), 价格 240000, 货币 gold, 购买按钮 @ (1192, 525)
[2026-05-22 01:01:05] [INFO] [ShopBot] 物品 4 (y=624-705): '英雄红玉火焰' → unknown (conf=0.00), 价格 29000, 货币 gold, 购买按钮 @ (1192, 664)
[2026-05-22 01:01:05] [INFO] [ShopBot] 跳过物品: unknown
[2026-05-22 01:01:05] [INFO] [ShopBot] 跳过物品: equipment
[2026-05-22 01:01:05] [INFO] [ShopBot] 跳过物品: equipment
[2026-05-22 01:01:05] [INFO] [ShopBot] 跳过物品: equipment
[2026-05-22 01:01:05] [INFO] [ShopBot] 跳过物品: unknown
[2026-05-22 01:01:05] [INFO] [ShopBot] 货架处理完成，共购买 0 个物品
[2026-05-22 01:01:05] [INFO] [ShopBot] 第 1 次查看，购买 0 个物品
[2026-05-22 01:01:05] [INFO] [ShopBot] 滑动 (1100, 400) -> (1100, 150), 时长 0.3s
[2026-05-22 01:01:07] [DEBUG] [ShopBot] 整区 OCR 检测到 31 个文字块，4 行
[2026-05-22 01:01:07] [INFO] [ShopBot] 物品 0 (y=154-260): '55装备奥利哈钢手镯妮萨可购买1次' → equipment (conf=0.70), 价格 240000, 货币 gold, 购买按钮 @ (1192, 207)
[2026-05-22 01:01:07] [INFO] [ShopBot] 物品 1 (y=311-405): '55装备奥利哈钢长剑商人亚彼荷可购买1次' → equipment (conf=0.70), 价格 240000, 货币 gold, 购买按钮 @ (1192, 358)
[2026-05-22 01:01:07] [INFO] [ShopBot] 物品 2 (y=456-550): '55装备奥利哈钢靴子商人亚彼荷可购买1次' → equipment (conf=0.70), 价格 240000, 货币 gold, 购买按钮 @ (1192, 503)
[2026-05-22 01:01:07] [INFO] [ShopBot] 物品 3 (y=602-705): '英雄红玉火焰奈汉库伊可购买1次' → unknown (conf=0.00), 价格 29000, 货币 gold, 购买按钮 @ (1192, 653)
[2026-05-22 01:01:07] [INFO] [ShopBot] 跳过物品: equipment
[2026-05-22 01:01:07] [INFO] [ShopBot] 跳过物品: equipment
[2026-05-22 01:01:07] [INFO] [ShopBot] 跳过物品: equipment
[2026-05-22 01:01:07] [INFO] [ShopBot] 跳过物品: unknown
[2026-05-22 01:01:07] [INFO] [ShopBot] 货架处理完成，共购买 0 个物品
[2026-05-22 01:01:07] [INFO] [ShopBot] 第 2 次查看，购买 0 个物品
[2026-05-22 01:01:07] [INFO] [ShopBot] 滑动 (1100, 400) -> (1100, 150), 时长 0.3s
[2026-05-22 01:01:09] [DEBUG] [ShopBot] 整区 OCR 检测到 31 个文字块，4 行
[2026-05-22 01:01:09] [INFO] [ShopBot] 物品 0 (y=154-260): '55装备奥利哈钢手镯妮萨可购买1次' → equipment (conf=0.70), 价格 240000, 货币 gold, 购买按钮 @ (1192, 207)
[2026-05-22 01:01:09] [INFO] [ShopBot] 物品 1 (y=311-405): '55装备奥利哈钢长剑商人亚彼荷可购买1次' → equipment (conf=0.70), 价格 240000, 货币 gold, 购买按钮 @ (1192, 358)
[2026-05-22 01:01:09] [INFO] [ShopBot] 物品 2 (y=456-550): '55装备奥利哈钢靴子商人亚彼荷可购买1次' → equipment (conf=0.70), 价格 240000, 货币 gold, 购买按钮 @ (1192, 503)
[2026-05-22 01:01:09] [INFO] [ShopBot] 物品 3 (y=602-705): '英雄红玉火焰奈汉库伊可购买1次' → unknown (conf=0.00), 价格 29000, 货币 gold, 购买按钮 @ (1192, 653)
[2026-05-22 01:01:09] [INFO] [ShopBot] 已到达货架底部（第 3 次滑动后，识别结果无变化）
[2026-05-22 01:01:09] [INFO] [ShopBot] 寻找刷新按钮（第 1 次）
[2026-05-22 01:01:10] [DEBUG] [ShopBot] 找到刷新按钮 '立即更新' 在 (268, 659)
[2026-05-22 01:01:10] [INFO] [ShopBot] 点击刷新按钮 (268, 659)
[2026-05-22 01:01:10] [INFO] [ShopBot] 点击坐标 (268, 659)
[2026-05-22 01:01:11] [INFO] [ShopBot] 检测到刷新确认弹窗，点击确认 (748, 460)
[2026-05-22 01:01:11] [INFO] [ShopBot] 点击坐标 (748, 460)
[2026-05-22 01:01:12] [INFO] [ShopBot] 等待货架加载...
[2026-05-22 01:01:13] [INFO] [ShopBot] ===== 第 33 轮 =====
[2026-05-22 01:01:13] [INFO] [ShopBot] 滑动到货架顶部...
[2026-05-22 01:01:13] [INFO] [ShopBot] 滑动 (1100, 150) -> (1100, 400), 时长 0.3s
[2026-05-22 01:01:14] [DEBUG] [ShopBot] 整区 OCR 检测到 30 个文字块，4 行
[2026-05-22 01:01:14] [INFO] [ShopBot] 物品 0 (y=124-215): '70装备青龙红玉妮萨可购买1次' → equipment (conf=0.70), 价格 560000, 货币 gold, 购买按钮 @ (1192, 169)
[2026-05-22 01:01:14] [INFO] [ShopBot] 物品 1 (y=267-361): '70装备破灭精髓王冠商人亚彼荷可购买1次' → equipment (conf=0.70), 价格 560000, 货币 gold, 购买按钮 @ (1192, 314)
[2026-05-22 01:01:14] [INFO] [ShopBot] 物品 2 (y=413-505): '英雄组织下级魔法师奈汉库伊可购买1次' → unknown (conf=0.00), 价格 29000, 货币 gold, 购买按钮 @ (1192, 459)
[2026-05-22 01:01:14] [INFO] [ShopBot] 物品 3 (y=558-705): '英雄腐败纽洛普奈汉库伊可购买1次' → unknown (conf=0.00), 价格 29000, 货币 gold, 购买按钮 @ (1192, 631)
[2026-05-22 01:01:14] [INFO] [ShopBot] 跳过物品: equipment
[2026-05-22 01:01:14] [INFO] [ShopBot] 跳过物品: equipment
[2026-05-22 01:01:14] [INFO] [ShopBot] 跳过物品: unknown
[2026-05-22 01:01:14] [INFO] [ShopBot] 跳过物品: unknown
[2026-05-22 01:01:14] [INFO] [ShopBot] 货架处理完成，共购买 0 个物品
[2026-05-22 01:01:14] [INFO] [ShopBot] 第 0 次查看，购买 0 个物品
[2026-05-22 01:01:14] [INFO] [ShopBot] 滑动 (1100, 400) -> (1100, 150), 时长 0.3s
[2026-05-22 01:01:16] [DEBUG] [ShopBot] 整区 OCR 检测到 30 个文字块，4 行
[2026-05-22 01:01:16] [INFO] [ShopBot] 物品 0 (y=154-259): '英雄组织下级魔法师奈汉库伊可购买1次' → unknown (conf=0.00), 价格 29000, 货币 gold, 购买按钮 @ (1192, 206)
[2026-05-22 01:01:16] [INFO] [ShopBot] 物品 1 (y=313-405): '英雄腐败纽洛普奈汉库伊可购买1次' → unknown (conf=0.00), 价格 29000, 货币 gold, 购买按钮 @ (1192, 359)
[2026-05-22 01:01:16] [INFO] [ShopBot] 物品 2 (y=456-550): '货币友情点数诺诺里50可购买1次' → unknown (conf=0.00), 价格 18000, 货币 gold, 购买按钮 @ (1192, 503)
[2026-05-22 01:01:16] [INFO] [ShopBot] 物品 3 (y=601-705): '70装备泰拉剑商人亚彼荷可购买1次' → equipment (conf=0.70), 价格 380000, 货币 gold, 购买按钮 @ (1192, 653)
[2026-05-22 01:01:16] [INFO] [ShopBot] 跳过物品: unknown
[2026-05-22 01:01:16] [INFO] [ShopBot] 跳过物品: unknown
[2026-05-22 01:01:16] [INFO] [ShopBot] 跳过物品: unknown
[2026-05-22 01:01:16] [INFO] [ShopBot] 跳过物品: equipment
[2026-05-22 01:01:16] [INFO] [ShopBot] 货架处理完成，共购买 0 个物品
[2026-05-22 01:01:16] [INFO] [ShopBot] 第 1 次查看，购买 0 个物品
[2026-05-22 01:01:16] [INFO] [ShopBot] 滑动 (1100, 400) -> (1100, 150), 时长 0.3s
[2026-05-22 01:01:19] [DEBUG] [ShopBot] 整区 OCR 检测到 30 个文字块，4 行
[2026-05-22 01:01:19] [INFO] [ShopBot] 物品 0 (y=154-259): '英雄组织下级魔法师奈汉库伊可购买1次' → unknown (conf=0.00), 价格 29000, 货币 gold, 购买按钮 @ (1192, 206)
[2026-05-22 01:01:19] [INFO] [ShopBot] 物品 1 (y=313-405): '英雄腐败纽洛普奈汉库伊可购买1次' → unknown (conf=0.00), 价格 29000, 货币 gold, 购买按钮 @ (1192, 359)
[2026-05-22 01:01:19] [INFO] [ShopBot] 物品 2 (y=456-550): '货币友情点数诺诺里50可购买1次' → unknown (conf=0.00), 价格 18000, 货币 gold, 购买按钮 @ (1192, 503)
[2026-05-22 01:01:19] [INFO] [ShopBot] 物品 3 (y=601-705): '70装备泰拉剑商人亚彼荷可购买1次' → equipment (conf=0.70), 价格 380000, 货币 gold, 购买按钮 @ (1192, 653)
[2026-05-22 01:01:19] [INFO] [ShopBot] 已到达货架底部（第 2 次滑动后，识别结果无变化）
[2026-05-22 01:01:19] [INFO] [ShopBot] 寻找刷新按钮（第 1 次）
[2026-05-22 01:01:19] [DEBUG] [ShopBot] 找到刷新按钮 '立即更新' 在 (268, 659)
[2026-05-22 01:01:19] [INFO] [ShopBot] 点击刷新按钮 (268, 659)
[2026-05-22 01:01:19] [INFO] [ShopBot] 点击坐标 (268, 659)
[2026-05-22 01:01:21] [INFO] [ShopBot] 检测到刷新确认弹窗，点击确认 (748, 459)
[2026-05-22 01:01:21] [INFO] [ShopBot] 点击坐标 (748, 459)
[2026-05-22 01:01:21] [INFO] [ShopBot] 等待货架加载...
[2026-05-22 01:01:22] [INFO] [ShopBot] ===== 第 34 轮 =====
[2026-05-22 01:01:22] [INFO] [ShopBot] 滑动到货架顶部...
[2026-05-22 01:01:22] [INFO] [ShopBot] 滑动 (1100, 150) -> (1100, 400), 时长 0.3s
[2026-05-22 01:01:24] [DEBUG] [ShopBot] 整区 OCR 检测到 31 个文字块，4 行
[2026-05-22 01:01:24] [INFO] [ShopBot] 物品 0 (y=123-215): '85装备被诅咒的恶魔角饰头盔商人亚彼荷可购买1次' → equipment (conf=0.70), 价格 810000, 货币 gold, 购买按钮 @ (1192, 169)
[2026-05-22 01:01:24] [INFO] [ShopBot] 物品 1 (y=267-360): '55装备精巧的恶魔项链妮萨可购买1次' → equipment (conf=0.70), 价格 240000, 货币 gold, 购买按钮 @ (1192, 313)
[2026-05-22 01:01:24] [INFO] [ShopBot] 物品 2 (y=413-505): '英雄组织上级信徒奈汉库伊可购买1次' → unknown (conf=0.00), 价格 29000, 货币 gold, 购买按钮 @ (1192, 459)
[2026-05-22 01:01:24] [INFO] [ShopBot] 物品 3 (y=557-705): '货币友情点数诺诺里50可购买1次' → unknown (conf=0.00), 价格 18000, 货币 gold, 购买按钮 @ (1192, 631)
[2026-05-22 01:01:24] [INFO] [ShopBot] 跳过物品: equipment
[2026-05-22 01:01:24] [INFO] [ShopBot] 跳过物品: equipment
[2026-05-22 01:01:24] [INFO] [ShopBot] 跳过物品: unknown
[2026-05-22 01:01:24] [INFO] [ShopBot] 跳过物品: unknown
[2026-05-22 01:01:24] [INFO] [ShopBot] 货架处理完成，共购买 0 个物品
[2026-05-22 01:01:24] [INFO] [ShopBot] 第 0 次查看，购买 0 个物品
[2026-05-22 01:01:24] [INFO] [ShopBot] 滑动 (1100, 400) -> (1100, 150), 时长 0.3s
[2026-05-22 01:01:26] [DEBUG] [ShopBot] 整区 OCR 检测到 29 个文字块，4 行
[2026-05-22 01:01:26] [INFO] [ShopBot] 物品 0 (y=154-259): '英雄组织上级信徒奈汉库伊可购买1次' → unknown (conf=0.00), 价格 29000, 货币 gold, 购买按钮 @ (1192, 206)
[2026-05-22 01:01:26] [INFO] [ShopBot] 物品 1 (y=311-405): '货币友情点数诺诺里50可购买1次' → unknown (conf=0.00), 价格 18000, 货币 gold, 购买按钮 @ (1192, 358)
[2026-05-22 01:01:26] [INFO] [ShopBot] 物品 2 (y=457-550): '英雄精锐兵拉宾奈汉库伊可购买1次' → unknown (conf=0.00), 价格 29000, 货币 gold, 购买按钮 @ (1192, 503)
[2026-05-22 01:01:26] [INFO] [ShopBot] 物品 3 (y=597-705): '装备勇士的背甲流星锤商人亚彼荷可购买1次' → equipment (conf=0.70), 价格 360000, 货币 gold, 购买按钮 @ (1192, 651)
[2026-05-22 01:01:26] [INFO] [ShopBot] 跳过物品: unknown
[2026-05-22 01:01:26] [INFO] [ShopBot] 跳过物品: unknown
[2026-05-22 01:01:26] [INFO] [ShopBot] 跳过物品: unknown
[2026-05-22 01:01:26] [INFO] [ShopBot] 跳过物品: equipment
[2026-05-22 01:01:26] [INFO] [ShopBot] 货架处理完成，共购买 0 个物品
[2026-05-22 01:01:26] [INFO] [ShopBot] 第 1 次查看，购买 0 个物品
[2026-05-22 01:01:26] [INFO] [ShopBot] 滑动 (1100, 400) -> (1100, 150), 时长 0.3s
[2026-05-22 01:01:28] [DEBUG] [ShopBot] 整区 OCR 检测到 29 个文字块，4 行
[2026-05-22 01:01:28] [INFO] [ShopBot] 物品 0 (y=154-259): '英雄组织上级信徒奈汉库伊可购买1次' → unknown (conf=0.00), 价格 29000, 货币 gold, 购买按钮 @ (1192, 206)
[2026-05-22 01:01:28] [INFO] [ShopBot] 物品 1 (y=311-405): '货币友情点数诺诺里50可购买1次' → unknown (conf=0.00), 价格 18000, 货币 gold, 购买按钮 @ (1192, 358)
[2026-05-22 01:01:28] [INFO] [ShopBot] 物品 2 (y=457-550): '英雄精锐兵拉宾奈汉库伊可购买1次' → unknown (conf=0.00), 价格 29000, 货币 gold, 购买按钮 @ (1192, 503)
[2026-05-22 01:01:28] [INFO] [ShopBot] 物品 3 (y=601-705): '装备勇士的背甲流星锤商人亚彼荷可购买1次' → equipment (conf=0.70), 价格 360000, 货币 gold, 购买按钮 @ (1192, 653)
[2026-05-22 01:01:28] [INFO] [ShopBot] 已到达货架底部（第 2 次滑动后，识别结果无变化）
[2026-05-22 01:01:28] [INFO] [ShopBot] 寻找刷新按钮（第 1 次）
[2026-05-22 01:01:29] [DEBUG] [ShopBot] 找到刷新按钮 '立即更新' 在 (268, 659)
[2026-05-22 01:01:29] [INFO] [ShopBot] 点击刷新按钮 (268, 659)
[2026-05-22 01:01:29] [INFO] [ShopBot] 点击坐标 (268, 659)
[2026-05-22 01:01:30] [INFO] [ShopBot] 检测到刷新确认弹窗，点击确认 (748, 460)
[2026-05-22 01:01:30] [INFO] [ShopBot] 点击坐标 (748, 460)
[2026-05-22 01:01:30] [INFO] [ShopBot] 等待货架加载...
[2026-05-22 01:01:31] [INFO] [ShopBot] ===== 第 35 轮 =====
[2026-05-22 01:01:31] [INFO] [ShopBot] 滑动到货架顶部...
[2026-05-22 01:01:31] [INFO] [ShopBot] 滑动 (1100, 150) -> (1100, 400), 时长 0.3s
[2026-05-22 01:01:33] [DEBUG] [ShopBot] 整区 OCR 检测到 31 个文字块，5 行
[2026-05-22 01:01:33] [INFO] [ShopBot] 物品 0 (y=122-213): '55装备啤叫龙兽皮甲商人亚彼荷可购买1次' → equipment (conf=0.70), 价格 240000, 货币 gold, 购买按钮 @ (1192, 167)
[2026-05-22 01:01:33] [INFO] [ShopBot] 物品 1 (y=266-358): '英雄猎人卡宁奈汉库伊可购买1次' → unknown (conf=0.00), 价格 29000, 货币 gold, 购买按钮 @ (1192, 312)
[2026-05-22 01:01:33] [INFO] [ShopBot] 物品 2 (y=410-504): '55装备暗龙红玉妮萨可购买1次' → equipment (conf=0.70), 价格 240000, 货币 gold, 购买按钮 @ (1192, 457)
[2026-05-22 01:01:33] [INFO] [ShopBot] 物品 3 (y=555-649): '装备70泰拉剑商人亚彼荷可购买1次' → equipment (conf=0.70), 价格 380000, 货币 gold, 购买按钮 @ (1192, 602)
[2026-05-22 01:01:33] [INFO] [ShopBot] 物品 4 (y=650-705): '' → unknown (conf=0.00), 价格 0, 货币 gold, 购买按钮 @ (1192, 677)
[2026-05-22 01:01:33] [INFO] [ShopBot] 跳过物品: equipment
[2026-05-22 01:01:33] [INFO] [ShopBot] 跳过物品: unknown
[2026-05-22 01:01:33] [INFO] [ShopBot] 跳过物品: equipment
[2026-05-22 01:01:33] [INFO] [ShopBot] 跳过物品: equipment
[2026-05-22 01:01:33] [INFO] [ShopBot] 跳过物品: unknown
[2026-05-22 01:01:33] [INFO] [ShopBot] 货架处理完成，共购买 0 个物品
[2026-05-22 01:01:33] [INFO] [ShopBot] 第 0 次查看，购买 0 个物品
[2026-05-22 01:01:33] [INFO] [ShopBot] 滑动 (1100, 400) -> (1100, 150), 时长 0.3s
[2026-05-22 01:01:35] [DEBUG] [ShopBot] 整区 OCR 检测到 31 个文字块，4 行
[2026-05-22 01:01:35] [INFO] [ShopBot] 物品 0 (y=154-260): '55装备暗龙红玉妮萨可购买1次' → equipment (conf=0.70), 价格 240000, 货币 gold, 购买按钮 @ (1192, 207)
[2026-05-22 01:01:35] [INFO] [ShopBot] 物品 1 (y=311-405): '70装备泰拉剑商人亚彼荷可购买1次' → equipment (conf=0.70), 价格 380000, 货币 gold, 购买按钮 @ (1192, 358)
[2026-05-22 01:01:35] [INFO] [ShopBot] 物品 2 (y=456-550): '55装备奥利哈钢手镯可购买1次' → equipment (conf=0.70), 价格 240000, 货币 gold, 购买按钮 @ (1192, 503)
[2026-05-22 01:01:35] [INFO] [ShopBot] 物品 3 (y=601-705): '55装备灿烂精髓鞋子商人亚彼荷可购买1次' → equipment (conf=0.70), 价格 360000, 货币 gold, 购买按钮 @ (1192, 653)
[2026-05-22 01:01:35] [INFO] [ShopBot] 跳过物品: equipment
[2026-05-22 01:01:35] [INFO] [ShopBot] 跳过物品: equipment
[2026-05-22 01:01:35] [INFO] [ShopBot] 跳过物品: equipment
[2026-05-22 01:01:35] [INFO] [ShopBot] 跳过物品: equipment
[2026-05-22 01:01:35] [INFO] [ShopBot] 货架处理完成，共购买 0 个物品
[2026-05-22 01:01:35] [INFO] [ShopBot] 第 1 次查看，购买 0 个物品
[2026-05-22 01:01:35] [INFO] [ShopBot] 滑动 (1100, 400) -> (1100, 150), 时长 0.3s
[2026-05-22 01:01:37] [DEBUG] [ShopBot] 整区 OCR 检测到 31 个文字块，4 行
[2026-05-22 01:01:37] [INFO] [ShopBot] 物品 0 (y=154-260): '55装备暗龙红玉妮萨可购买1次' → equipment (conf=0.70), 价格 240000, 货币 gold, 购买按钮 @ (1192, 207)
[2026-05-22 01:01:37] [INFO] [ShopBot] 物品 1 (y=311-405): '70装备泰拉剑商人亚彼荷可购买1次' → equipment (conf=0.70), 价格 380000, 货币 gold, 购买按钮 @ (1192, 358)
[2026-05-22 01:01:37] [INFO] [ShopBot] 物品 2 (y=456-550): '55装备奥利哈钢手镯可购买1次' → equipment (conf=0.70), 价格 240000, 货币 gold, 购买按钮 @ (1192, 503)
[2026-05-22 01:01:37] [INFO] [ShopBot] 物品 3 (y=601-705): '55装备灿烂精髓鞋子商人亚彼荷可购买1次' → equipment (conf=0.70), 价格 360000, 货币 gold, 购买按钮 @ (1192, 653)
[2026-05-22 01:01:37] [INFO] [ShopBot] 已到达货架底部（第 2 次滑动后，识别结果无变化）
[2026-05-22 01:01:37] [INFO] [ShopBot] 寻找刷新按钮（第 1 次）
[2026-05-22 01:01:38] [DEBUG] [ShopBot] 找到刷新按钮 '立即更新' 在 (268, 659)
[2026-05-22 01:01:38] [INFO] [ShopBot] 点击刷新按钮 (268, 659)
[2026-05-22 01:01:38] [INFO] [ShopBot] 点击坐标 (268, 659)
[2026-05-22 01:01:39] [INFO] [ShopBot] 检测到刷新确认弹窗，点击确认 (748, 460)
[2026-05-22 01:01:39] [INFO] [ShopBot] 点击坐标 (748, 460)
[2026-05-22 01:01:39] [INFO] [ShopBot] 等待货架加载...
[2026-05-22 01:01:40] [INFO] [ShopBot] ===== 第 36 轮 =====
[2026-05-22 01:01:40] [INFO] [ShopBot] 滑动到货架顶部...
[2026-05-22 01:01:40] [INFO] [ShopBot] 滑动 (1100, 150) -> (1100, 400), 时长 0.3s
[2026-05-22 01:01:42] [DEBUG] [ShopBot] 整区 OCR 检测到 29 个文字块，5 行
[2026-05-22 01:01:42] [INFO] [ShopBot] 物品 0 (y=123-214): '55装备精巧的恶魔重甲商人亚彼荷可购买1次' → equipment (conf=0.70), 价格 240000, 货币 gold, 购买按钮 @ (1192, 168)
[2026-05-22 01:01:42] [INFO] [ShopBot] 物品 1 (y=267-359): '英雄太阳种子奈汉库伊可购买1次' → unknown (conf=0.00), 价格 29000, 货币 gold, 购买按钮 @ (1192, 313)
[2026-05-22 01:01:42] [INFO] [ShopBot] 物品 2 (y=412-504): '英雄精锐兵玛伊堤奈汉库伊可购买1次' → unknown (conf=0.00), 价格 29000, 货币 gold, 购买按钮 @ (1192, 458)
[2026-05-22 01:01:42] [INFO] [ShopBot] 物品 3 (y=556-650): '召唤誓约书签诺诺里可购买1次' → bookmark (conf=0.95), 价格 184000, 货币 gold, 购买按钮 @ (1192, 603)
[2026-05-22 01:01:42] [INFO] [ShopBot] 物品 4 (y=651-705): '' → unknown (conf=0.00), 价格 0, 货币 gold, 购买按钮 @ (1192, 678)
[2026-05-22 01:01:42] [INFO] [ShopBot] 跳过物品: equipment
[2026-05-22 01:01:42] [INFO] [ShopBot] 跳过物品: unknown
[2026-05-22 01:01:42] [INFO] [ShopBot] 跳过物品: unknown
[2026-05-22 01:01:42] [INFO] [ShopBot] 开始购买: bookmark, 价格: 184000
[2026-05-22 01:01:42] [INFO] [ShopBot] 点击购买按钮 @ (1192, 603)
[2026-05-22 01:01:42] [INFO] [ShopBot] 点击坐标 (1192, 603)
[2026-05-22 01:01:43] [DEBUG] [ShopBot] 找到按钮 '购买' 在 (736, 479)
[2026-05-22 01:01:44] [DEBUG] [ShopBot] 找到按钮 '取消' 在 (481, 524)
[2026-05-22 01:01:44] [DEBUG] [ShopBot] 找到按钮 '购买' 在 (818, 524)
[2026-05-22 01:01:44] [INFO] [ShopBot] 检测到确认弹窗
[2026-05-22 01:01:44] [INFO] [ShopBot] 点击确认按钮 @ (818, 508)
[2026-05-22 01:01:44] [INFO] [ShopBot] 点击坐标 (818, 508)
[2026-05-22 01:01:46] [DEBUG] [ShopBot] 找到按钮 '购买' 在 (736, 479)
[2026-05-22 01:01:48] [DEBUG] [ShopBot] 找到按钮 '购买' 在 (736, 479)
[2026-05-22 01:01:48] [INFO] [ShopBot] 购买成功: bookmark
[2026-05-22 01:01:48] [INFO] [ShopBot] 购买结果 - bookmark: 成功
[2026-05-22 01:01:49] [INFO] [ShopBot] 跳过物品: unknown
[2026-05-22 01:01:49] [INFO] [ShopBot] 货架处理完成，共购买 1 个物品
[2026-05-22 01:01:49] [INFO] [ShopBot] 第 0 次查看，购买 1 个物品
[2026-05-22 01:01:49] [INFO] [ShopBot] 滑动 (1100, 400) -> (1100, 150), 时长 0.3s
[2026-05-22 01:01:51] [DEBUG] [ShopBot] 整区 OCR 检测到 30 个文字块，4 行
[2026-05-22 01:01:51] [INFO] [ShopBot] 物品 0 (y=154-259): '英雄精锐兵玛伊堤奈汉库伊可购买1次' → unknown (conf=0.00), 价格 29000, 货币 gold, 购买按钮 @ (1192, 206)
[2026-05-22 01:01:51] [INFO] [ShopBot] 物品 1 (y=317-403): '召唤誓约书签诺诺里可购买1次' → bookmark (conf=0.95), 价格 184000, 货币 gold, 已售罄, 购买按钮 @ (1192, 360)
[2026-05-22 01:01:51] [INFO] [ShopBot] 物品 2 (y=456-550): '货币友情点数诺诺里50可购买1次' → unknown (conf=0.00), 价格 18000, 货币 gold, 购买按钮 @ (1192, 503)
[2026-05-22 01:01:51] [INFO] [ShopBot] 物品 3 (y=601-695): '55装备啤叫龙兽靴子商人亚彼荷可购买1次' → equipment (conf=0.70), 价格 480000, 货币 gold, 购买按钮 @ (1192, 648)
[2026-05-22 01:01:51] [INFO] [ShopBot] 跳过物品: unknown
[2026-05-22 01:01:51] [INFO] [ShopBot] 跳过已售罄物品: bookmark
[2026-05-22 01:01:51] [INFO] [ShopBot] 跳过物品: bookmark
[2026-05-22 01:01:51] [INFO] [ShopBot] 跳过物品: unknown
[2026-05-22 01:01:51] [INFO] [ShopBot] 跳过物品: equipment
[2026-05-22 01:01:51] [INFO] [ShopBot] 货架处理完成，共购买 0 个物品
[2026-05-22 01:01:51] [INFO] [ShopBot] 第 1 次查看，购买 0 个物品
[2026-05-22 01:01:51] [INFO] [ShopBot] 滑动 (1100, 400) -> (1100, 150), 时长 0.3s
[2026-05-22 01:01:53] [DEBUG] [ShopBot] 整区 OCR 检测到 30 个文字块，4 行
[2026-05-22 01:01:53] [INFO] [ShopBot] 物品 0 (y=154-259): '英雄精锐兵玛伊堤奈汉库伊可购买1次' → unknown (conf=0.00), 价格 29000, 货币 gold, 购买按钮 @ (1192, 206)
[2026-05-22 01:01:53] [INFO] [ShopBot] 物品 1 (y=317-403): '召唤誓约书签诺诺里可购买1次' → bookmark (conf=0.95), 价格 184000, 货币 gold, 已售罄, 购买按钮 @ (1192, 360)
[2026-05-22 01:01:53] [INFO] [ShopBot] 物品 2 (y=456-550): '货币友情点数诺诺里50可购买1次' → unknown (conf=0.00), 价格 18000, 货币 gold, 购买按钮 @ (1192, 503)
[2026-05-22 01:01:53] [INFO] [ShopBot] 物品 3 (y=601-695): '55装备啤叫龙兽靴子商人亚彼荷可购买1次' → equipment (conf=0.70), 价格 480000, 货币 gold, 购买按钮 @ (1192, 648)
[2026-05-22 01:01:53] [INFO] [ShopBot] 已到达货架底部（第 2 次滑动后，识别结果无变化）
[2026-05-22 01:01:53] [INFO] [ShopBot] 寻找刷新按钮（第 1 次）
[2026-05-22 01:01:53] [DEBUG] [ShopBot] 找到刷新按钮 '立即更新' 在 (268, 659)
[2026-05-22 01:01:53] [INFO] [ShopBot] 点击刷新按钮 (268, 659)
[2026-05-22 01:01:53] [INFO] [ShopBot] 点击坐标 (268, 659)
[2026-05-22 01:01:55] [INFO] [ShopBot] 检测到刷新确认弹窗，点击确认 (748, 459)
[2026-05-22 01:01:55] [INFO] [ShopBot] 点击坐标 (748, 459)
[2026-05-22 01:01:55] [INFO] [ShopBot] 等待货架加载...
[2026-05-22 01:01:56] [INFO] [ShopBot] ===== 第 37 轮 =====
[2026-05-22 01:01:56] [INFO] [ShopBot] 滑动到货架顶部...
[2026-05-22 01:01:56] [INFO] [ShopBot] 滑动 (1100, 150) -> (1100, 400), 时长 0.3s
[2026-05-22 01:01:58] [DEBUG] [ShopBot] 整区 OCR 检测到 31 个文字块，5 行
[2026-05-22 01:01:58] [INFO] [ShopBot] 物品 0 (y=119-211): '70装备泰拉头盔商人亚彼荷可购买1次' → equipment (conf=0.70), 价格 750000, 货币 gold, 购买按钮 @ (1192, 165)
[2026-05-22 01:01:58] [INFO] [ShopBot] 物品 1 (y=263-356): '货币友情点数诺诺里50可购买1次' → unknown (conf=0.00), 价格 18000, 货币 gold, 购买按钮 @ (1192, 309)
[2026-05-22 01:01:58] [INFO] [ShopBot] 物品 2 (y=408-501): '70装备破灭精髓宝珠商人亚彼荷可购买1次' → equipment (conf=0.70), 价格 380000, 货币 gold, 购买按钮 @ (1192, 454)
[2026-05-22 01:01:58] [INFO] [ShopBot] 物品 3 (y=554-646): '英雄守望狮鹫奈汉库伊可购买1次' → unknown (conf=0.00), 价格 29000, 货币 gold, 购买按钮 @ (1192, 600)
[2026-05-22 01:01:58] [INFO] [ShopBot] 物品 4 (y=648-705): '' → unknown (conf=0.00), 价格 0, 货币 gold, 购买按钮 @ (1192, 676)
[2026-05-22 01:01:58] [INFO] [ShopBot] 跳过物品: equipment
[2026-05-22 01:01:58] [INFO] [ShopBot] 跳过物品: unknown
[2026-05-22 01:01:58] [INFO] [ShopBot] 跳过物品: equipment
[2026-05-22 01:01:58] [INFO] [ShopBot] 跳过物品: unknown
[2026-05-22 01:01:58] [INFO] [ShopBot] 跳过物品: unknown
[2026-05-22 01:01:58] [INFO] [ShopBot] 货架处理完成，共购买 0 个物品
[2026-05-22 01:01:58] [INFO] [ShopBot] 第 0 次查看，购买 0 个物品
[2026-05-22 01:01:58] [INFO] [ShopBot] 滑动 (1100, 400) -> (1100, 150), 时长 0.3s
[2026-05-22 01:02:00] [DEBUG] [ShopBot] 整区 OCR 检测到 29 个文字块，4 行
[2026-05-22 01:02:00] [INFO] [ShopBot] 物品 0 (y=154-260): '70装备破灭精髓宝珠商人亚彼荷可购买1次' → equipment (conf=0.70), 价格 380000, 货币 gold, 购买按钮 @ (1192, 207)
[2026-05-22 01:02:00] [INFO] [ShopBot] 物品 1 (y=313-405): '英雄守望狮鹫奈汉库伊可购买1次' → unknown (conf=0.00), 价格 29000, 货币 gold, 购买按钮 @ (1192, 359)
[2026-05-22 01:02:00] [INFO] [ShopBot] 物品 2 (y=456-550): '55装备精巧的恶魔戒指可购买1次' → equipment (conf=0.70), 价格 480000, 货币 gold, 购买按钮 @ (1192, 503)
[2026-05-22 01:02:00] [INFO] [ShopBot] 物品 3 (y=602-705): '英雄阴沉的魔物奈汉库伊可购买1次' → unknown (conf=0.00), 价格 29000, 货币 gold, 购买按钮 @ (1192, 653)
[2026-05-22 01:02:00] [INFO] [ShopBot] 跳过物品: equipment
[2026-05-22 01:02:00] [INFO] [ShopBot] 跳过物品: unknown
[2026-05-22 01:02:00] [INFO] [ShopBot] 跳过物品: equipment
[2026-05-22 01:02:00] [INFO] [ShopBot] 跳过物品: unknown
[2026-05-22 01:02:00] [INFO] [ShopBot] 货架处理完成，共购买 0 个物品
[2026-05-22 01:02:00] [INFO] [ShopBot] 第 1 次查看，购买 0 个物品
[2026-05-22 01:02:00] [INFO] [ShopBot] 滑动 (1100, 400) -> (1100, 150), 时长 0.3s
[2026-05-22 01:02:02] [DEBUG] [ShopBot] 整区 OCR 检测到 29 个文字块，4 行
[2026-05-22 01:02:02] [INFO] [ShopBot] 物品 0 (y=154-260): '70装备破灭精髓宝珠商人亚彼荷可购买1次' → equipment (conf=0.70), 价格 380000, 货币 gold, 购买按钮 @ (1192, 207)
[2026-05-22 01:02:02] [INFO] [ShopBot] 物品 1 (y=313-405): '英雄守望狮鹫奈汉库伊可购买1次' → unknown (conf=0.00), 价格 29000, 货币 gold, 购买按钮 @ (1192, 359)
[2026-05-22 01:02:02] [INFO] [ShopBot] 物品 2 (y=456-550): '55装备精巧的恶魔戒指可购买1次' → equipment (conf=0.70), 价格 480000, 货币 gold, 购买按钮 @ (1192, 503)
[2026-05-22 01:02:02] [INFO] [ShopBot] 物品 3 (y=602-705): '英雄阴沉的魔物奈汉库伊可购买1次' → unknown (conf=0.00), 价格 29000, 货币 gold, 购买按钮 @ (1192, 653)
[2026-05-22 01:02:02] [INFO] [ShopBot] 已到达货架底部（第 2 次滑动后，识别结果无变化）
[2026-05-22 01:02:02] [INFO] [ShopBot] 寻找刷新按钮（第 1 次）
[2026-05-22 01:02:03] [DEBUG] [ShopBot] 找到刷新按钮 '立即更新' 在 (268, 659)
[2026-05-22 01:02:03] [INFO] [ShopBot] 点击刷新按钮 (268, 659)
[2026-05-22 01:02:03] [INFO] [ShopBot] 点击坐标 (268, 659)
[2026-05-22 01:02:05] [INFO] [ShopBot] 检测到刷新确认弹窗，点击确认 (748, 460)
[2026-05-22 01:02:05] [INFO] [ShopBot] 点击坐标 (748, 460)
[2026-05-22 01:02:05] [INFO] [ShopBot] 等待货架加载...
[2026-05-22 01:02:06] [INFO] [ShopBot] ===== 第 38 轮 =====
[2026-05-22 01:02:06] [INFO] [ShopBot] 滑动到货架顶部...
[2026-05-22 01:02:06] [INFO] [ShopBot] 滑动 (1100, 150) -> (1100, 400), 时长 0.3s
[2026-05-22 01:02:08] [DEBUG] [ShopBot] 整区 OCR 检测到 31 个文字块，4 行
[2026-05-22 01:02:08] [INFO] [ShopBot] 物品 0 (y=122-214): '货币友情点数诺诺里50可购买1次' → unknown (conf=0.00), 价格 18000, 货币 gold, 购买按钮 @ (1192, 168)
[2026-05-22 01:02:08] [INFO] [ShopBot] 物品 1 (y=266-359): '55装备奥利哈钢长剑商人亚彼荷可购买1次' → equipment (conf=0.70), 价格 240000, 货币 gold, 购买按钮 @ (1192, 312)
[2026-05-22 01:02:08] [INFO] [ShopBot] 物品 2 (y=411-504): '85装备地狱破灭精髓长袍商人亚彼荷可购买1次' → equipment (conf=0.70), 价格 540000, 货币 gold, 购买按钮 @ (1192, 457)
[2026-05-22 01:02:08] [INFO] [ShopBot] 物品 3 (y=556-705): '装备不祥的恶魔角饰头盔商人亚彼荷可购买1次' → equipment (conf=0.70), 价格 560000, 货币 gold, 购买按钮 @ (1192, 630)
[2026-05-22 01:02:08] [INFO] [ShopBot] 跳过物品: unknown
[2026-05-22 01:02:08] [INFO] [ShopBot] 跳过物品: equipment
[2026-05-22 01:02:08] [INFO] [ShopBot] 跳过物品: equipment
[2026-05-22 01:02:08] [INFO] [ShopBot] 跳过物品: equipment
[2026-05-22 01:02:08] [INFO] [ShopBot] 货架处理完成，共购买 0 个物品
[2026-05-22 01:02:08] [INFO] [ShopBot] 第 0 次查看，购买 0 个物品
[2026-05-22 01:02:08] [INFO] [ShopBot] 滑动 (1100, 400) -> (1100, 150), 时长 0.3s
[2026-05-22 01:02:10] [DEBUG] [ShopBot] 整区 OCR 检测到 29 个文字块，4 行
[2026-05-22 01:02:10] [INFO] [ShopBot] 物品 0 (y=154-260): '85装备地狱破灭精髓长袍商人亚彼荷可购买1次' → equipment (conf=0.70), 价格 540000, 货币 gold, 购买按钮 @ (1192, 207)
[2026-05-22 01:02:10] [INFO] [ShopBot] 物品 1 (y=311-405): '装备不祥的恶魔角饰头盔商人亚彼荷可购买1次' → equipment (conf=0.70), 价格 560000, 货币 gold, 购买按钮 @ (1192, 358)
[2026-05-22 01:02:10] [INFO] [ShopBot] 物品 2 (y=457-550): '英雄红玉鲁克斯奈汉库伊可购买1次' → unknown (conf=0.00), 价格 29000, 货币 gold, 购买按钮 @ (1192, 503)
[2026-05-22 01:02:10] [INFO] [ShopBot] 物品 3 (y=601-705): '装备勇士的背甲流星锤商人亚彼荷可购买1次' → equipment (conf=0.70), 价格 240000, 货币 gold, 购买按钮 @ (1192, 653)
[2026-05-22 01:02:10] [INFO] [ShopBot] 跳过物品: equipment
[2026-05-22 01:02:10] [INFO] [ShopBot] 跳过物品: equipment
[2026-05-22 01:02:10] [INFO] [ShopBot] 跳过物品: unknown
[2026-05-22 01:02:10] [INFO] [ShopBot] 跳过物品: equipment
[2026-05-22 01:02:10] [INFO] [ShopBot] 货架处理完成，共购买 0 个物品
[2026-05-22 01:02:10] [INFO] [ShopBot] 第 1 次查看，购买 0 个物品
[2026-05-22 01:02:10] [INFO] [ShopBot] 滑动 (1100, 400) -> (1100, 150), 时长 0.3s
[2026-05-22 01:02:13] [DEBUG] [ShopBot] 整区 OCR 检测到 29 个文字块，4 行
[2026-05-22 01:02:13] [INFO] [ShopBot] 物品 0 (y=154-260): '85装备地狱破灭精髓长袍商人亚彼荷可购买1次' → equipment (conf=0.70), 价格 540000, 货币 gold, 购买按钮 @ (1192, 207)
[2026-05-22 01:02:13] [INFO] [ShopBot] 物品 1 (y=311-405): '装备不祥的恶魔角饰头盔商人亚彼荷可购买1次' → equipment (conf=0.70), 价格 560000, 货币 gold, 购买按钮 @ (1192, 358)
[2026-05-22 01:02:13] [INFO] [ShopBot] 物品 2 (y=457-550): '英雄红玉鲁克斯奈汉库伊可购买1次' → unknown (conf=0.00), 价格 29000, 货币 gold, 购买按钮 @ (1192, 503)
[2026-05-22 01:02:13] [INFO] [ShopBot] 物品 3 (y=601-705): '装备勇士的背甲流星锤商人亚彼荷可购买1次' → equipment (conf=0.70), 价格 240000, 货币 gold, 购买按钮 @ (1192, 653)
[2026-05-22 01:02:13] [INFO] [ShopBot] 已到达货架底部（第 2 次滑动后，识别结果无变化）
[2026-05-22 01:02:13] [INFO] [ShopBot] 寻找刷新按钮（第 1 次）
[2026-05-22 01:02:13] [DEBUG] [ShopBot] 找到刷新按钮 '立即更新' 在 (268, 659)
[2026-05-22 01:02:13] [INFO] [ShopBot] 点击刷新按钮 (268, 659)
[2026-05-22 01:02:13] [INFO] [ShopBot] 点击坐标 (268, 659)
[2026-05-22 01:02:15] [INFO] [ShopBot] 检测到刷新确认弹窗，点击确认 (748, 460)
[2026-05-22 01:02:15] [INFO] [ShopBot] 点击坐标 (748, 460)
[2026-05-22 01:02:16] [INFO] [ShopBot] 等待货架加载...
[2026-05-22 01:02:17] [INFO] [ShopBot] ===== 第 39 轮 =====
[2026-05-22 01:02:17] [INFO] [ShopBot] 滑动到货架顶部...
[2026-05-22 01:02:17] [INFO] [ShopBot] 滑动 (1100, 150) -> (1100, 400), 时长 0.3s
[2026-05-22 01:02:18] [DEBUG] [ShopBot] 整区 OCR 检测到 29 个文字块，5 行
[2026-05-22 01:02:18] [INFO] [ShopBot] 物品 0 (y=123-215): '英雄泥巴普鲁兹奈汉库伊可购买1次' → unknown (conf=0.00), 价格 29000, 货币 gold, 购买按钮 @ (1192, 169)
[2026-05-22 01:02:18] [INFO] [ShopBot] 物品 1 (y=268-360): '英雄罗奇斯利爪兵奈汉库伊可购买1次' → unknown (conf=0.00), 价格 29000, 货币 gold, 购买按钮 @ (1192, 314)
[2026-05-22 01:02:18] [INFO] [ShopBot] 物品 2 (y=412-505): '货币友情点数诺诺里50可购买1次' → unknown (conf=0.00), 价格 18000, 货币 gold, 购买按钮 @ (1192, 458)
[2026-05-22 01:02:18] [INFO] [ShopBot] 物品 3 (y=558-650): '英雄腐败纽洛普奈汉库伊可购买1次' → unknown (conf=0.00), 价格 29000, 货币 gold, 购买按钮 @ (1192, 604)
[2026-05-22 01:02:18] [INFO] [ShopBot] 物品 4 (y=651-705): '' → unknown (conf=0.00), 价格 0, 货币 gold, 购买按钮 @ (1192, 678)
[2026-05-22 01:02:18] [INFO] [ShopBot] 跳过物品: unknown
[2026-05-22 01:02:18] [INFO] [ShopBot] 跳过物品: unknown
[2026-05-22 01:02:18] [INFO] [ShopBot] 跳过物品: unknown
[2026-05-22 01:02:18] [INFO] [ShopBot] 跳过物品: unknown
[2026-05-22 01:02:18] [INFO] [ShopBot] 跳过物品: unknown
[2026-05-22 01:02:18] [INFO] [ShopBot] 货架处理完成，共购买 0 个物品
[2026-05-22 01:02:18] [INFO] [ShopBot] 第 0 次查看，购买 0 个物品
[2026-05-22 01:02:18] [INFO] [ShopBot] 滑动 (1100, 400) -> (1100, 150), 时长 0.3s
[2026-05-22 01:02:21] [DEBUG] [ShopBot] 整区 OCR 检测到 31 个文字块，4 行
[2026-05-22 01:02:21] [INFO] [ShopBot] 物品 0 (y=154-260): '货币友情点数诺诺里可购买1次50' → unknown (conf=0.00), 价格 18000, 货币 gold, 购买按钮 @ (1192, 207)
[2026-05-22 01:02:21] [INFO] [ShopBot] 物品 1 (y=313-405): '英雄腐败纽洛普奈汉库伊可购买1次' → unknown (conf=0.00), 价格 29000, 货币 gold, 购买按钮 @ (1192, 359)
[2026-05-22 01:02:21] [INFO] [ShopBot] 物品 2 (y=456-550): '55装备奥利哈钢头盔商人亚彼荷可购买1次' → equipment (conf=0.70), 价格 240000, 货币 gold, 购买按钮 @ (1192, 503)
[2026-05-22 01:02:21] [INFO] [ShopBot] 物品 3 (y=599-705): '55装备精巧的恶魔项链妮萨可购买1次' → equipment (conf=0.70), 价格 240000, 货币 gold, 购买按钮 @ (1192, 652)
[2026-05-22 01:02:21] [INFO] [ShopBot] 跳过物品: unknown
[2026-05-22 01:02:21] [INFO] [ShopBot] 跳过物品: unknown
[2026-05-22 01:02:21] [INFO] [ShopBot] 跳过物品: equipment
[2026-05-22 01:02:21] [INFO] [ShopBot] 跳过物品: equipment
[2026-05-22 01:02:21] [INFO] [ShopBot] 货架处理完成，共购买 0 个物品
[2026-05-22 01:02:21] [INFO] [ShopBot] 第 1 次查看，购买 0 个物品
[2026-05-22 01:02:21] [INFO] [ShopBot] 滑动 (1100, 400) -> (1100, 150), 时长 0.3s
[2026-05-22 01:02:23] [DEBUG] [ShopBot] 整区 OCR 检测到 31 个文字块，4 行
[2026-05-22 01:02:23] [INFO] [ShopBot] 物品 0 (y=154-260): '货币友情点数诺诺里可购买1次50' → unknown (conf=0.00), 价格 18000, 货币 gold, 购买按钮 @ (1192, 207)
[2026-05-22 01:02:23] [INFO] [ShopBot] 物品 1 (y=313-405): '英雄腐败纽洛普奈汉库伊可购买1次' → unknown (conf=0.00), 价格 29000, 货币 gold, 购买按钮 @ (1192, 359)
[2026-05-22 01:02:23] [INFO] [ShopBot] 物品 2 (y=456-550): '55装备奥利哈钢头盔商人亚彼荷可购买1次' → equipment (conf=0.70), 价格 240000, 货币 gold, 购买按钮 @ (1192, 503)
[2026-05-22 01:02:23] [INFO] [ShopBot] 物品 3 (y=601-705): '55装备精巧的恶魔项链妮萨可购买1次' → equipment (conf=0.70), 价格 240000, 货币 gold, 购买按钮 @ (1192, 653)
[2026-05-22 01:02:23] [INFO] [ShopBot] 已到达货架底部（第 2 次滑动后，识别结果无变化）
[2026-05-22 01:02:23] [INFO] [ShopBot] 寻找刷新按钮（第 1 次）
[2026-05-22 01:02:24] [DEBUG] [ShopBot] 找到刷新按钮 '立即更新' 在 (268, 659)
[2026-05-22 01:02:24] [INFO] [ShopBot] 点击刷新按钮 (268, 659)
[2026-05-22 01:02:24] [INFO] [ShopBot] 点击坐标 (268, 659)
[2026-05-22 01:02:25] [INFO] [ShopBot] 检测到刷新确认弹窗，点击确认 (748, 460)
[2026-05-22 01:02:25] [INFO] [ShopBot] 点击坐标 (748, 460)
[2026-05-22 01:02:25] [INFO] [ShopBot] 等待货架加载...
[2026-05-22 01:02:26] [INFO] [ShopBot] ===== 第 40 轮 =====
[2026-05-22 01:02:26] [INFO] [ShopBot] 滑动到货架顶部...
[2026-05-22 01:02:26] [INFO] [ShopBot] 滑动 (1100, 150) -> (1100, 400), 时长 0.3s
[2026-05-22 01:02:28] [DEBUG] [ShopBot] 整区 OCR 检测到 31 个文字块，4 行
[2026-05-22 01:02:28] [INFO] [ShopBot] 物品 0 (y=122-214): '55装备蓝宝石项链妮萨可购买1次' → equipment (conf=0.70), 价格 240000, 货币 gold, 购买按钮 @ (1192, 168)
[2026-05-22 01:02:28] [INFO] [ShopBot] 物品 1 (y=267-359): '英雄提雷尔矛兵奈汉库伊可购买1次' → equipment (conf=0.65), 价格 29000, 货币 gold, 购买按钮 @ (1192, 313)
[2026-05-22 01:02:28] [INFO] [ShopBot] 物品 2 (y=411-504): '货币友情点数诺诺里50可购买1次' → unknown (conf=0.00), 价格 18000, 货币 gold, 购买按钮 @ (1192, 457)
[2026-05-22 01:02:28] [INFO] [ShopBot] 物品 3 (y=556-705): '装备70魔力龙兽皮甲商人亚彼荷可购买1次' → equipment (conf=0.70), 价格 380000, 货币 gold, 购买按钮 @ (1192, 630)
[2026-05-22 01:02:28] [INFO] [ShopBot] 跳过物品: equipment
[2026-05-22 01:02:28] [INFO] [ShopBot] 跳过物品: equipment
[2026-05-22 01:02:28] [INFO] [ShopBot] 跳过物品: unknown
[2026-05-22 01:02:28] [INFO] [ShopBot] 跳过物品: equipment
[2026-05-22 01:02:28] [INFO] [ShopBot] 货架处理完成，共购买 0 个物品
[2026-05-22 01:02:28] [INFO] [ShopBot] 第 0 次查看，购买 0 个物品
[2026-05-22 01:02:28] [INFO] [ShopBot] 滑动 (1100, 400) -> (1100, 150), 时长 0.3s
[2026-05-22 01:02:30] [DEBUG] [ShopBot] 整区 OCR 检测到 32 个文字块，4 行
[2026-05-22 01:02:30] [INFO] [ShopBot] 物品 0 (y=154-260): '货币友情点数诺诺里可购买1次50' → unknown (conf=0.00), 价格 18000, 货币 gold, 购买按钮 @ (1192, 207)
[2026-05-22 01:02:30] [INFO] [ShopBot] 物品 1 (y=311-405): '70装备魔力龙兽皮甲商人亚彼荷可购买1次' → equipment (conf=0.70), 价格 380000, 货币 gold, 购买按钮 @ (1192, 358)
[2026-05-22 01:02:30] [INFO] [ShopBot] 物品 2 (y=456-550): '55装备奥利哈钢靴子商人亚彼荷可购买1次' → equipment (conf=0.70), 价格 480000, 货币 gold, 购买按钮 @ (1192, 503)
[2026-05-22 01:02:30] [INFO] [ShopBot] 物品 3 (y=599-705): '55装备精巧的恶魔靴子商人亚彼荷可购买1次' → equipment (conf=0.70), 价格 360000, 货币 gold, 购买按钮 @ (1192, 652)
[2026-05-22 01:02:30] [INFO] [ShopBot] 跳过物品: unknown
[2026-05-22 01:02:30] [INFO] [ShopBot] 跳过物品: equipment
[2026-05-22 01:02:30] [INFO] [ShopBot] 跳过物品: equipment
[2026-05-22 01:02:30] [INFO] [ShopBot] 跳过物品: equipment
[2026-05-22 01:02:30] [INFO] [ShopBot] 货架处理完成，共购买 0 个物品
[2026-05-22 01:02:30] [INFO] [ShopBot] 第 1 次查看，购买 0 个物品
[2026-05-22 01:02:30] [INFO] [ShopBot] 滑动 (1100, 400) -> (1100, 150), 时长 0.3s
[2026-05-22 01:02:33] [DEBUG] [ShopBot] 整区 OCR 检测到 32 个文字块，4 行
[2026-05-22 01:02:33] [INFO] [ShopBot] 物品 0 (y=154-260): '货币友情点数诺诺里可购买1次50' → unknown (conf=0.00), 价格 18000, 货币 gold, 购买按钮 @ (1192, 207)
[2026-05-22 01:02:33] [INFO] [ShopBot] 物品 1 (y=311-405): '70装备魔力龙兽皮甲商人亚彼荷可购买1次' → equipment (conf=0.70), 价格 380000, 货币 gold, 购买按钮 @ (1192, 358)
[2026-05-22 01:02:33] [INFO] [ShopBot] 物品 2 (y=456-550): '55装备奥利哈钢靴子商人亚彼荷可购买1次' → equipment (conf=0.70), 价格 480000, 货币 gold, 购买按钮 @ (1192, 503)
[2026-05-22 01:02:33] [INFO] [ShopBot] 物品 3 (y=601-705): '55装备精巧的恶魔靴子商人亚彼荷可购买1次' → equipment (conf=0.70), 价格 360000, 货币 gold, 购买按钮 @ (1192, 653)
[2026-05-22 01:02:33] [INFO] [ShopBot] 已到达货架底部（第 2 次滑动后，识别结果无变化）
[2026-05-22 01:02:33] [INFO] [ShopBot] 寻找刷新按钮（第 1 次）
[2026-05-22 01:02:33] [DEBUG] [ShopBot] 找到刷新按钮 '立即更新' 在 (268, 659)
[2026-05-22 01:02:33] [INFO] [ShopBot] 点击刷新按钮 (268, 659)
[2026-05-22 01:02:33] [INFO] [ShopBot] 点击坐标 (268, 659)
[2026-05-22 01:02:35] [INFO] [ShopBot] 检测到刷新确认弹窗，点击确认 (748, 460)
[2026-05-22 01:02:35] [INFO] [ShopBot] 点击坐标 (748, 460)
[2026-05-22 01:02:35] [INFO] [ShopBot] 等待货架加载...
[2026-05-22 01:02:36] [INFO] [ShopBot] ===== 第 41 轮 =====
[2026-05-22 01:02:36] [INFO] [ShopBot] 滑动到货架顶部...
[2026-05-22 01:02:36] [INFO] [ShopBot] 滑动 (1100, 150) -> (1100, 400), 时长 0.3s
[2026-05-22 01:02:38] [DEBUG] [ShopBot] 整区 OCR 检测到 30 个文字块，5 行
[2026-05-22 01:02:38] [INFO] [ShopBot] 物品 0 (y=119-211): '55装备啤叫龙兽面具商人亚彼荷可购买1次' → equipment (conf=0.70), 价格 360000, 货币 gold, 购买按钮 @ (1192, 165)
[2026-05-22 01:02:38] [INFO] [ShopBot] 物品 1 (y=263-356): '55装备蓝宝石戒指妮萨可购买1次' → equipment (conf=0.70), 价格 360000, 货币 gold, 购买按钮 @ (1192, 309)
[2026-05-22 01:02:38] [INFO] [ShopBot] 物品 2 (y=408-501): '货币友情点数可购买1次50' → unknown (conf=0.00), 价格 18000, 货币 gold, 购买按钮 @ (1192, 454)
[2026-05-22 01:02:38] [INFO] [ShopBot] 物品 3 (y=554-646): '英雄猎人鲍特奈汉库伊可购买1次' → unknown (conf=0.00), 价格 29000, 货币 gold, 购买按钮 @ (1192, 600)
[2026-05-22 01:02:38] [INFO] [ShopBot] 物品 4 (y=648-705): '' → unknown (conf=0.00), 价格 0, 货币 gold, 购买按钮 @ (1192, 676)
[2026-05-22 01:02:38] [INFO] [ShopBot] 跳过物品: equipment
[2026-05-22 01:02:38] [INFO] [ShopBot] 跳过物品: equipment
[2026-05-22 01:02:38] [INFO] [ShopBot] 跳过物品: unknown
[2026-05-22 01:02:38] [INFO] [ShopBot] 跳过物品: unknown
[2026-05-22 01:02:38] [INFO] [ShopBot] 跳过物品: unknown
[2026-05-22 01:02:38] [INFO] [ShopBot] 货架处理完成，共购买 0 个物品
[2026-05-22 01:02:38] [INFO] [ShopBot] 第 0 次查看，购买 0 个物品
[2026-05-22 01:02:38] [INFO] [ShopBot] 滑动 (1100, 400) -> (1100, 150), 时长 0.3s
[2026-05-22 01:02:40] [DEBUG] [ShopBot] 整区 OCR 检测到 32 个文字块，5 行
[2026-05-22 01:02:40] [INFO] [ShopBot] 物品 0 (y=80-130): '蓝宝右戒指可购买1次' → equipment (conf=0.70), 价格 0, 货币 gold, 购买按钮 @ (1192, 105)
[2026-05-22 01:02:40] [INFO] [ShopBot] 物品 1 (y=183-276): '货币友情点数诺诺里50可购买1次' → unknown (conf=0.00), 价格 18000, 货币 gold, 购买按钮 @ (1192, 229)
[2026-05-22 01:02:40] [INFO] [ShopBot] 物品 2 (y=329-421): '英雄猎人鲍特奈汉库伊可购买1次' → unknown (conf=0.00), 价格 29000, 货币 gold, 购买按钮 @ (1192, 375)
[2026-05-22 01:02:40] [INFO] [ShopBot] 物品 3 (y=473-566): '装备啤叫龙兽皮甲商人亚彼荷可购买1次' → equipment (conf=0.70), 价格 360000, 货币 gold, 购买按钮 @ (1192, 519)
[2026-05-22 01:02:40] [INFO] [ShopBot] 物品 4 (y=600-705): '装备奥利哈钢手镯可购买1次' → equipment (conf=0.70), 价格 360000, 货币 gold, 购买按钮 @ (1192, 652)
[2026-05-22 01:02:40] [INFO] [ShopBot] 跳过物品: equipment
[2026-05-22 01:02:40] [INFO] [ShopBot] 跳过物品: unknown
[2026-05-22 01:02:40] [INFO] [ShopBot] 跳过物品: unknown
[2026-05-22 01:02:40] [INFO] [ShopBot] 跳过物品: equipment
[2026-05-22 01:02:40] [INFO] [ShopBot] 跳过物品: equipment
[2026-05-22 01:02:40] [INFO] [ShopBot] 货架处理完成，共购买 0 个物品
[2026-05-22 01:02:40] [INFO] [ShopBot] 第 1 次查看，购买 0 个物品
[2026-05-22 01:02:40] [INFO] [ShopBot] 滑动 (1100, 400) -> (1100, 150), 时长 0.3s
[2026-05-22 01:02:42] [DEBUG] [ShopBot] 整区 OCR 检测到 31 个文字块，4 行
[2026-05-22 01:02:42] [INFO] [ShopBot] 物品 0 (y=154-260): '货币友情点数诺诺里可购买1次50' → unknown (conf=0.00), 价格 18000, 货币 gold, 购买按钮 @ (1192, 207)
[2026-05-22 01:02:42] [INFO] [ShopBot] 物品 1 (y=313-405): '英雄猎人鲍特奈汉库伊可购买1次' → unknown (conf=0.00), 价格 29000, 货币 gold, 购买按钮 @ (1192, 359)
[2026-05-22 01:02:42] [INFO] [ShopBot] 物品 2 (y=456-550): '55装备啤叫龙兽皮甲商人亚彼荷可购买1次' → equipment (conf=0.70), 价格 360000, 货币 gold, 购买按钮 @ (1192, 503)
[2026-05-22 01:02:42] [INFO] [ShopBot] 物品 3 (y=601-705): '55装备奥利哈钢手镯妮萨可购买1次' → equipment (conf=0.70), 价格 360000, 货币 gold, 购买按钮 @ (1192, 653)
[2026-05-22 01:02:42] [INFO] [ShopBot] 跳过物品: unknown
[2026-05-22 01:02:42] [INFO] [ShopBot] 跳过物品: unknown
[2026-05-22 01:02:42] [INFO] [ShopBot] 跳过物品: equipment
[2026-05-22 01:02:42] [INFO] [ShopBot] 跳过物品: equipment
[2026-05-22 01:02:42] [INFO] [ShopBot] 货架处理完成，共购买 0 个物品
[2026-05-22 01:02:42] [INFO] [ShopBot] 第 2 次查看，购买 0 个物品
[2026-05-22 01:02:42] [INFO] [ShopBot] 滑动 (1100, 400) -> (1100, 150), 时长 0.3s
[2026-05-22 01:02:44] [DEBUG] [ShopBot] 整区 OCR 检测到 31 个文字块，4 行
[2026-05-22 01:02:44] [INFO] [ShopBot] 物品 0 (y=154-260): '货币友情点数诺诺里可购买1次50' → unknown (conf=0.00), 价格 18000, 货币 gold, 购买按钮 @ (1192, 207)
[2026-05-22 01:02:44] [INFO] [ShopBot] 物品 1 (y=313-405): '英雄猎人鲍特奈汉库伊可购买1次' → unknown (conf=0.00), 价格 29000, 货币 gold, 购买按钮 @ (1192, 359)
[2026-05-22 01:02:44] [INFO] [ShopBot] 物品 2 (y=456-550): '55装备啤叫龙兽皮甲商人亚彼荷可购买1次' → equipment (conf=0.70), 价格 360000, 货币 gold, 购买按钮 @ (1192, 503)
[2026-05-22 01:02:44] [INFO] [ShopBot] 物品 3 (y=601-705): '55装备奥利哈钢手镯妮萨可购买1次' → equipment (conf=0.70), 价格 360000, 货币 gold, 购买按钮 @ (1192, 653)
[2026-05-22 01:02:44] [INFO] [ShopBot] 已到达货架底部（第 3 次滑动后，识别结果无变化）
[2026-05-22 01:02:44] [INFO] [ShopBot] 寻找刷新按钮（第 1 次）
[2026-05-22 01:02:45] [DEBUG] [ShopBot] 找到刷新按钮 '立即更新' 在 (268, 659)
[2026-05-22 01:02:45] [INFO] [ShopBot] 点击刷新按钮 (268, 659)
[2026-05-22 01:02:45] [INFO] [ShopBot] 点击坐标 (268, 659)
[2026-05-22 01:02:47] [INFO] [ShopBot] 检测到刷新确认弹窗，点击确认 (748, 460)
[2026-05-22 01:02:47] [INFO] [ShopBot] 点击坐标 (748, 460)
[2026-05-22 01:02:47] [INFO] [ShopBot] 等待货架加载...
[2026-05-22 01:02:48] [INFO] [ShopBot] ===== 第 42 轮 =====
[2026-05-22 01:02:48] [INFO] [ShopBot] 滑动到货架顶部...
[2026-05-22 01:02:48] [INFO] [ShopBot] 滑动 (1100, 150) -> (1100, 400), 时长 0.3s
[2026-05-22 01:02:50] [DEBUG] [ShopBot] 整区 OCR 检测到 31 个文字块，4 行
[2026-05-22 01:02:50] [INFO] [ShopBot] 物品 0 (y=122-214): '55装备勇士的背甲头部护具商人亚彼荷可购买1次' → equipment (conf=0.70), 价格 240000, 货币 gold, 购买按钮 @ (1192, 168)
[2026-05-22 01:02:50] [INFO] [ShopBot] 物品 1 (y=266-359): '装备破灭精髓长袍商人亚彼荷可购买1次' → equipment (conf=0.70), 价格 380000, 货币 gold, 购买按钮 @ (1192, 312)
[2026-05-22 01:02:50] [INFO] [ShopBot] 物品 2 (y=411-504): '85装备暗黑钢铁脖围妮萨可购买1次' → equipment (conf=0.70), 价格 1100000, 货币 gold, 购买按钮 @ (1192, 457)
[2026-05-22 01:02:50] [INFO] [ShopBot] 物品 3 (y=556-705): '货币友情点数诺诺里50可购买1次' → unknown (conf=0.00), 价格 18000, 货币 gold, 购买按钮 @ (1192, 630)
[2026-05-22 01:02:50] [INFO] [ShopBot] 跳过物品: equipment
[2026-05-22 01:02:50] [INFO] [ShopBot] 跳过物品: equipment
[2026-05-22 01:02:50] [INFO] [ShopBot] 跳过物品: equipment
[2026-05-22 01:02:50] [INFO] [ShopBot] 跳过物品: unknown
[2026-05-22 01:02:50] [INFO] [ShopBot] 货架处理完成，共购买 0 个物品
[2026-05-22 01:02:50] [INFO] [ShopBot] 第 0 次查看，购买 0 个物品
[2026-05-22 01:02:50] [INFO] [ShopBot] 滑动 (1100, 400) -> (1100, 150), 时长 0.3s
[2026-05-22 01:02:53] [DEBUG] [ShopBot] 整区 OCR 检测到 34 个文字块，5 行
[2026-05-22 01:02:53] [INFO] [ShopBot] 物品 0 (y=80-134): '破火精髓长袍商人亚彼荷可购买1次' → fodder (conf=0.70), 价格 0, 货币 gold, 购买按钮 @ (1192, 107)
[2026-05-22 01:02:53] [INFO] [ShopBot] 物品 1 (y=187-280): '85装备暗黑钢铁脖围可购买1次' → equipment (conf=0.70), 价格 1100000, 货币 gold, 购买按钮 @ (1192, 233)
[2026-05-22 01:02:53] [INFO] [ShopBot] 物品 2 (y=332-425): '货币友情点数诺诺里50可购买1次' → unknown (conf=0.00), 价格 18000, 货币 gold, 购买按钮 @ (1192, 378)
[2026-05-22 01:02:53] [INFO] [ShopBot] 物品 3 (y=477-571): '装备70破灭精髓宝珠商人亚彼荷可购买1次' → equipment (conf=0.70), 价格 380000, 货币 gold, 购买按钮 @ (1192, 524)
[2026-05-22 01:02:53] [INFO] [ShopBot] 物品 4 (y=598-705): '英雄烈风龙族士兵可购买1次' → unknown (conf=0.00), 价格 29000, 货币 gold, 购买按钮 @ (1192, 651)
[2026-05-22 01:02:53] [INFO] [ShopBot] 跳过物品: fodder
[2026-05-22 01:02:53] [INFO] [ShopBot] 跳过物品: equipment
[2026-05-22 01:02:53] [INFO] [ShopBot] 跳过物品: unknown
[2026-05-22 01:02:53] [INFO] [ShopBot] 跳过物品: equipment
[2026-05-22 01:02:53] [INFO] [ShopBot] 跳过物品: unknown
[2026-05-22 01:02:53] [INFO] [ShopBot] 货架处理完成，共购买 0 个物品
[2026-05-22 01:02:53] [INFO] [ShopBot] 第 1 次查看，购买 0 个物品
[2026-05-22 01:02:53] [INFO] [ShopBot] 滑动 (1100, 400) -> (1100, 150), 时长 0.3s
[2026-05-22 01:02:55] [DEBUG] [ShopBot] 整区 OCR 检测到 31 个文字块，4 行
[2026-05-22 01:02:55] [INFO] [ShopBot] 物品 0 (y=154-260): '85装备暗黑钢铁脖围妮萨可购买1次' → equipment (conf=0.70), 价格 1100000, 货币 gold, 购买按钮 @ (1192, 207)
[2026-05-22 01:02:55] [INFO] [ShopBot] 物品 1 (y=311-405): '货币友情点数诺诺里50可购买1次' → unknown (conf=0.00), 价格 18000, 货币 gold, 购买按钮 @ (1192, 358)
[2026-05-22 01:02:55] [INFO] [ShopBot] 物品 2 (y=456-550): '70装备破灭精髓宝珠商人亚彼荷可购买1次' → equipment (conf=0.70), 价格 380000, 货币 gold, 购买按钮 @ (1192, 503)
[2026-05-22 01:02:55] [INFO] [ShopBot] 物品 3 (y=602-705): '英雄烈风龙族士兵奈汉库伊可购买1次' → unknown (conf=0.00), 价格 29000, 货币 gold, 购买按钮 @ (1192, 653)
[2026-05-22 01:02:55] [INFO] [ShopBot] 跳过物品: equipment
[2026-05-22 01:02:55] [INFO] [ShopBot] 跳过物品: unknown
[2026-05-22 01:02:55] [INFO] [ShopBot] 跳过物品: equipment
[2026-05-22 01:02:55] [INFO] [ShopBot] 跳过物品: unknown
[2026-05-22 01:02:55] [INFO] [ShopBot] 货架处理完成，共购买 0 个物品
[2026-05-22 01:02:55] [INFO] [ShopBot] 第 2 次查看，购买 0 个物品
[2026-05-22 01:02:55] [INFO] [ShopBot] 滑动 (1100, 400) -> (1100, 150), 时长 0.3s
[2026-05-22 01:02:57] [DEBUG] [ShopBot] 整区 OCR 检测到 31 个文字块，4 行
[2026-05-22 01:02:57] [INFO] [ShopBot] 物品 0 (y=154-260): '85装备暗黑钢铁脖围妮萨可购买1次' → equipment (conf=0.70), 价格 1100000, 货币 gold, 购买按钮 @ (1192, 207)
[2026-05-22 01:02:57] [INFO] [ShopBot] 物品 1 (y=311-405): '货币友情点数诺诺里50可购买1次' → unknown (conf=0.00), 价格 18000, 货币 gold, 购买按钮 @ (1192, 358)
[2026-05-22 01:02:57] [INFO] [ShopBot] 物品 2 (y=456-550): '70装备破灭精髓宝珠商人亚彼荷可购买1次' → equipment (conf=0.70), 价格 380000, 货币 gold, 购买按钮 @ (1192, 503)
[2026-05-22 01:02:57] [INFO] [ShopBot] 物品 3 (y=602-705): '英雄烈风龙族士兵奈汉库伊可购买1次' → unknown (conf=0.00), 价格 29000, 货币 gold, 购买按钮 @ (1192, 653)
[2026-05-22 01:02:57] [INFO] [ShopBot] 已到达货架底部（第 3 次滑动后，识别结果无变化）
[2026-05-22 01:02:57] [INFO] [ShopBot] 寻找刷新按钮（第 1 次）
[2026-05-22 01:02:58] [DEBUG] [ShopBot] 找到刷新按钮 '立即更新' 在 (268, 659)
[2026-05-22 01:02:58] [INFO] [ShopBot] 点击刷新按钮 (268, 659)
[2026-05-22 01:02:58] [INFO] [ShopBot] 点击坐标 (268, 659)
[2026-05-22 01:03:00] [INFO] [ShopBot] 检测到刷新确认弹窗，点击确认 (748, 460)
[2026-05-22 01:03:00] [INFO] [ShopBot] 点击坐标 (748, 460)
[2026-05-22 01:03:00] [INFO] [ShopBot] 等待货架加载...
[2026-05-22 01:03:01] [INFO] [ShopBot] ===== 第 43 轮 =====
[2026-05-22 01:03:01] [INFO] [ShopBot] 滑动到货架顶部...
[2026-05-22 01:03:01] [INFO] [ShopBot] 滑动 (1100, 150) -> (1100, 400), 时长 0.3s
[2026-05-22 01:03:03] [DEBUG] [ShopBot] 整区 OCR 检测到 32 个文字块，4 行
[2026-05-22 01:03:03] [INFO] [ShopBot] 物品 0 (y=127-218): '55装备奥利哈钢脖围妮萨可购买1次' → equipment (conf=0.70), 价格 240000, 货币 gold, 购买按钮 @ (1192, 172)
[2026-05-22 01:03:03] [INFO] [ShopBot] 物品 1 (y=270-363): '70装备不祥的恶魔高级靴子商人亚彼荷可购买1次' → equipment (conf=0.70), 价格 380000, 货币 gold, 购买按钮 @ (1192, 316)
[2026-05-22 01:03:03] [INFO] [ShopBot] 物品 2 (y=415-508): '货币友情点数诺诺里50可购买1次' → unknown (conf=0.00), 价格 18000, 货币 gold, 购买按钮 @ (1192, 461)
[2026-05-22 01:03:03] [INFO] [ShopBot] 物品 3 (y=560-705): '55装备奥利哈钢手镯妮萨可购买1次' → equipment (conf=0.70), 价格 360000, 货币 gold, 购买按钮 @ (1192, 632)
[2026-05-22 01:03:03] [INFO] [ShopBot] 跳过物品: equipment
[2026-05-22 01:03:03] [INFO] [ShopBot] 跳过物品: equipment
[2026-05-22 01:03:03] [INFO] [ShopBot] 跳过物品: unknown
[2026-05-22 01:03:03] [INFO] [ShopBot] 跳过物品: equipment
[2026-05-22 01:03:03] [INFO] [ShopBot] 货架处理完成，共购买 0 个物品
[2026-05-22 01:03:03] [INFO] [ShopBot] 第 0 次查看，购买 0 个物品
[2026-05-22 01:03:03] [INFO] [ShopBot] 滑动 (1100, 400) -> (1100, 150), 时长 0.3s
[2026-05-22 01:03:05] [DEBUG] [ShopBot] 整区 OCR 检测到 34 个文字块，5 行
[2026-05-22 01:03:05] [INFO] [ShopBot] 物品 0 (y=80-126): '商人亚彼荷可购买1次' → unknown (conf=0.00), 价格 0, 货币 gold, 购买按钮 @ (1192, 103)
[2026-05-22 01:03:05] [INFO] [ShopBot] 物品 1 (y=154-272): '货币友情点数若诺里50可购买1次' → unknown (conf=0.00), 价格 18000, 货币 gold, 购买按钮 @ (1192, 213)
[2026-05-22 01:03:05] [INFO] [ShopBot] 物品 2 (y=323-417): '装备奥利哈钢手镯可购买1次' → equipment (conf=0.70), 价格 360000, 货币 gold, 购买按钮 @ (1192, 370)
[2026-05-22 01:03:05] [INFO] [ShopBot] 物品 3 (y=468-562): '55装备灿烂精髓鞋子可购买1次商人亚彼荷' → equipment (conf=0.70), 价格 360000, 货币 gold, 购买按钮 @ (1192, 515)
[2026-05-22 01:03:05] [INFO] [ShopBot] 物品 4 (y=598-705): '装备55勇士的背甲靴子商人亚彼荷可购买1次' → equipment (conf=0.70), 价格 480000, 货币 gold, 购买按钮 @ (1192, 651)
[2026-05-22 01:03:05] [INFO] [ShopBot] 跳过物品: unknown
[2026-05-22 01:03:05] [INFO] [ShopBot] 跳过物品: unknown
[2026-05-22 01:03:05] [INFO] [ShopBot] 跳过物品: equipment
[2026-05-22 01:03:05] [INFO] [ShopBot] 跳过物品: equipment
[2026-05-22 01:03:05] [INFO] [ShopBot] 跳过物品: equipment
[2026-05-22 01:03:05] [INFO] [ShopBot] 货架处理完成，共购买 0 个物品
[2026-05-22 01:03:05] [INFO] [ShopBot] 第 1 次查看，购买 0 个物品
[2026-05-22 01:03:05] [INFO] [ShopBot] 滑动 (1100, 400) -> (1100, 150), 时长 0.3s
[2026-05-22 01:03:07] [DEBUG] [ShopBot] 整区 OCR 检测到 32 个文字块，4 行
[2026-05-22 01:03:07] [INFO] [ShopBot] 物品 0 (y=154-260): '货币友情点数诺诺里可购买1次50' → unknown (conf=0.00), 价格 18000, 货币 gold, 购买按钮 @ (1192, 207)
[2026-05-22 01:03:07] [INFO] [ShopBot] 物品 1 (y=311-405): '55装备奥利哈钢手镯妮萨可购买1次' → equipment (conf=0.70), 价格 360000, 货币 gold, 购买按钮 @ (1192, 358)
[2026-05-22 01:03:07] [INFO] [ShopBot] 物品 2 (y=456-550): '55装备灿烂精髓鞋子商人亚彼荷可购买1次' → equipment (conf=0.70), 价格 360000, 货币 gold, 购买按钮 @ (1192, 503)
[2026-05-22 01:03:07] [INFO] [ShopBot] 物品 3 (y=601-705): '55装备勇士的背甲靴子商人亚彼荷可购买1次' → equipment (conf=0.70), 价格 480000, 货币 gold, 购买按钮 @ (1192, 653)
[2026-05-22 01:03:07] [INFO] [ShopBot] 跳过物品: unknown
[2026-05-22 01:03:07] [INFO] [ShopBot] 跳过物品: equipment
[2026-05-22 01:03:07] [INFO] [ShopBot] 跳过物品: equipment
[2026-05-22 01:03:07] [INFO] [ShopBot] 跳过物品: equipment
[2026-05-22 01:03:07] [INFO] [ShopBot] 货架处理完成，共购买 0 个物品
[2026-05-22 01:03:07] [INFO] [ShopBot] 第 2 次查看，购买 0 个物品
[2026-05-22 01:03:07] [INFO] [ShopBot] 滑动 (1100, 400) -> (1100, 150), 时长 0.3s
[2026-05-22 01:03:10] [DEBUG] [ShopBot] 整区 OCR 检测到 31 个文字块，4 行
[2026-05-22 01:03:10] [INFO] [ShopBot] 物品 0 (y=154-260): '货币友情点数诺诺里可购买1次50' → unknown (conf=0.00), 价格 18000, 货币 gold, 购买按钮 @ (1192, 207)
[2026-05-22 01:03:10] [INFO] [ShopBot] 物品 1 (y=311-405): '55装备奥利哈钢手镯可购买1次' → equipment (conf=0.70), 价格 360000, 货币 gold, 购买按钮 @ (1192, 358)
[2026-05-22 01:03:10] [INFO] [ShopBot] 物品 2 (y=456-550): '55装备灿烂精髓鞋子商人亚彼荷可购买1次' → equipment (conf=0.70), 价格 360000, 货币 gold, 购买按钮 @ (1192, 503)
[2026-05-22 01:03:10] [INFO] [ShopBot] 物品 3 (y=601-705): '55装备勇士的背甲靴子商人亚彼荷可购买1次' → equipment (conf=0.70), 价格 480000, 货币 gold, 购买按钮 @ (1192, 653)
[2026-05-22 01:03:10] [INFO] [ShopBot] 跳过物品: unknown
[2026-05-22 01:03:10] [INFO] [ShopBot] 跳过物品: equipment
[2026-05-22 01:03:10] [INFO] [ShopBot] 跳过物品: equipment
[2026-05-22 01:03:10] [INFO] [ShopBot] 跳过物品: equipment
[2026-05-22 01:03:10] [INFO] [ShopBot] 货架处理完成，共购买 0 个物品
[2026-05-22 01:03:10] [INFO] [ShopBot] 第 3 次查看，购买 0 个物品
[2026-05-22 01:03:10] [INFO] [ShopBot] 滑动 (1100, 400) -> (1100, 150), 时长 0.3s
[2026-05-22 01:03:12] [DEBUG] [ShopBot] 整区 OCR 检测到 32 个文字块，4 行
[2026-05-22 01:03:12] [INFO] [ShopBot] 物品 0 (y=154-260): '货币友情点数诺诺里50可购买1次' → unknown (conf=0.00), 价格 18000, 货币 gold, 购买按钮 @ (1192, 207)
[2026-05-22 01:03:12] [INFO] [ShopBot] 物品 1 (y=311-405): '55装备奥利哈钢手镯妮萨可购买1次' → equipment (conf=0.70), 价格 360000, 货币 gold, 购买按钮 @ (1192, 358)
[2026-05-22 01:03:12] [INFO] [ShopBot] 物品 2 (y=456-550): '55装备灿烂精髓鞋子商人亚彼荷可购买1次' → equipment (conf=0.70), 价格 360000, 货币 gold, 购买按钮 @ (1192, 503)
[2026-05-22 01:03:12] [INFO] [ShopBot] 物品 3 (y=601-695): '55装备勇士的背甲靴子商人亚彼荷可购买1次' → equipment (conf=0.70), 价格 480000, 货币 gold, 购买按钮 @ (1192, 648)
[2026-05-22 01:03:12] [INFO] [ShopBot] 跳过物品: unknown
[2026-05-22 01:03:12] [INFO] [ShopBot] 跳过物品: equipment
[2026-05-22 01:03:12] [INFO] [ShopBot] 跳过物品: equipment
[2026-05-22 01:03:12] [INFO] [ShopBot] 跳过物品: equipment
[2026-05-22 01:03:12] [INFO] [ShopBot] 货架处理完成，共购买 0 个物品
[2026-05-22 01:03:12] [INFO] [ShopBot] 第 4 次查看，购买 0 个物品
[2026-05-22 01:03:12] [INFO] [ShopBot] 滑动 (1100, 400) -> (1100, 150), 时长 0.3s
[2026-05-22 01:03:15] [DEBUG] [ShopBot] 整区 OCR 检测到 32 个文字块，4 行
[2026-05-22 01:03:15] [INFO] [ShopBot] 物品 0 (y=154-260): '货币友情点数诺诺里50可购买1次' → unknown (conf=0.00), 价格 18000, 货币 gold, 购买按钮 @ (1192, 207)
[2026-05-22 01:03:15] [INFO] [ShopBot] 物品 1 (y=311-405): '55装备奥利哈钢手镯妮萨可购买1次' → equipment (conf=0.70), 价格 360000, 货币 gold, 购买按钮 @ (1192, 358)
[2026-05-22 01:03:15] [INFO] [ShopBot] 物品 2 (y=456-550): '55装备灿烂精髓鞋子商人亚彼荷可购买1次' → equipment (conf=0.70), 价格 360000, 货币 gold, 购买按钮 @ (1192, 503)
[2026-05-22 01:03:15] [INFO] [ShopBot] 物品 3 (y=601-695): '55装备勇士的背甲靴子商人亚彼荷可购买1次' → equipment (conf=0.70), 价格 480000, 货币 gold, 购买按钮 @ (1192, 648)
[2026-05-22 01:03:15] [INFO] [ShopBot] 已到达货架底部（第 5 次滑动后，识别结果无变化）
[2026-05-22 01:03:15] [INFO] [ShopBot] 寻找刷新按钮（第 1 次）
[2026-05-22 01:03:15] [DEBUG] [ShopBot] 找到刷新按钮 '立即更新' 在 (268, 659)
[2026-05-22 01:03:15] [INFO] [ShopBot] 点击刷新按钮 (268, 659)
[2026-05-22 01:03:15] [INFO] [ShopBot] 点击坐标 (268, 659)
[2026-05-22 01:03:17] [INFO] [ShopBot] 检测到刷新确认弹窗，点击确认 (748, 460)
[2026-05-22 01:03:17] [INFO] [ShopBot] 点击坐标 (748, 460)
[2026-05-22 01:03:17] [INFO] [ShopBot] 等待货架加载...
[2026-05-22 01:03:18] [INFO] [ShopBot] ===== 第 44 轮 =====
[2026-05-22 01:03:18] [INFO] [ShopBot] 滑动到货架顶部...
[2026-05-22 01:03:18] [INFO] [ShopBot] 滑动 (1100, 150) -> (1100, 400), 时长 0.3s
[2026-05-22 01:03:20] [DEBUG] [ShopBot] 整区 OCR 检测到 30 个文字块，5 行
[2026-05-22 01:03:20] [INFO] [ShopBot] 物品 0 (y=124-215): '英雄旅行者卡宁奈汉库伊可购买1次' → unknown (conf=0.00), 价格 29000, 货币 gold, 购买按钮 @ (1192, 169)
[2026-05-22 01:03:20] [INFO] [ShopBot] 物品 1 (y=267-361): '货币友情点数诺诺里可购买1次50' → unknown (conf=0.00), 价格 18000, 货币 gold, 购买按钮 @ (1192, 314)
[2026-05-22 01:03:20] [INFO] [ShopBot] 物品 2 (y=412-506): '装备55勇士的背甲戒指妮萨可购买1次' → equipment (conf=0.70), 价格 240000, 货币 gold, 购买按钮 @ (1192, 459)
[2026-05-22 01:03:20] [INFO] [ShopBot] 物品 3 (y=558-651): '英雄冷血弓兵奈汉库伊可购买1次' → equipment (conf=0.65), 价格 29000, 货币 gold, 购买按钮 @ (1192, 604)
[2026-05-22 01:03:20] [INFO] [ShopBot] 物品 4 (y=652-705): '' → unknown (conf=0.00), 价格 0, 货币 gold, 购买按钮 @ (1192, 678)
[2026-05-22 01:03:20] [INFO] [ShopBot] 跳过物品: unknown
[2026-05-22 01:03:20] [INFO] [ShopBot] 跳过物品: unknown
[2026-05-22 01:03:20] [INFO] [ShopBot] 跳过物品: equipment
[2026-05-22 01:03:20] [INFO] [ShopBot] 跳过物品: equipment
[2026-05-22 01:03:20] [INFO] [ShopBot] 跳过物品: unknown
[2026-05-22 01:03:20] [INFO] [ShopBot] 货架处理完成，共购买 0 个物品
[2026-05-22 01:03:20] [INFO] [ShopBot] 第 0 次查看，购买 0 个物品
[2026-05-22 01:03:20] [INFO] [ShopBot] 滑动 (1100, 400) -> (1100, 150), 时长 0.3s
[2026-05-22 01:03:22] [DEBUG] [ShopBot] 整区 OCR 检测到 31 个文字块，4 行
[2026-05-22 01:03:22] [INFO] [ShopBot] 物品 0 (y=154-260): '55装备勇士的背甲戒指妮萨可购买1次' → equipment (conf=0.70), 价格 240000, 货币 gold, 购买按钮 @ (1192, 207)
[2026-05-22 01:03:22] [INFO] [ShopBot] 物品 1 (y=313-405): '英雄冷血弓兵奈汉库伊可购买1次' → equipment (conf=0.65), 价格 29000, 货币 gold, 购买按钮 @ (1192, 359)
[2026-05-22 01:03:22] [INFO] [ShopBot] 物品 2 (y=456-550): '70装备魔力龙兽面具商人亚彼荷可购买1次' → equipment (conf=0.70), 价格 380000, 货币 gold, 购买按钮 @ (1192, 503)
[2026-05-22 01:03:22] [INFO] [ShopBot] 物品 3 (y=601-705): '70装备破灭精髓王冠商人亚彼荷可购买1次' → equipment (conf=0.70), 价格 560000, 货币 gold, 购买按钮 @ (1192, 653)
[2026-05-22 01:03:22] [INFO] [ShopBot] 跳过物品: equipment
[2026-05-22 01:03:22] [INFO] [ShopBot] 跳过物品: equipment
[2026-05-22 01:03:22] [INFO] [ShopBot] 跳过物品: equipment
[2026-05-22 01:03:22] [INFO] [ShopBot] 跳过物品: equipment
[2026-05-22 01:03:22] [INFO] [ShopBot] 货架处理完成，共购买 0 个物品
[2026-05-22 01:03:22] [INFO] [ShopBot] 第 1 次查看，购买 0 个物品
[2026-05-22 01:03:22] [INFO] [ShopBot] 滑动 (1100, 400) -> (1100, 150), 时长 0.3s
[2026-05-22 01:03:25] [DEBUG] [ShopBot] 整区 OCR 检测到 31 个文字块，4 行
[2026-05-22 01:03:25] [INFO] [ShopBot] 物品 0 (y=154-260): '55装备勇士的背甲戒指妮萨可购买1次' → equipment (conf=0.70), 价格 240000, 货币 gold, 购买按钮 @ (1192, 207)
[2026-05-22 01:03:25] [INFO] [ShopBot] 物品 1 (y=313-405): '英雄冷血弓兵奈汉库伊可购买1次' → equipment (conf=0.65), 价格 29000, 货币 gold, 购买按钮 @ (1192, 359)
[2026-05-22 01:03:25] [INFO] [ShopBot] 物品 2 (y=456-550): '70装备魔力龙兽面具商人亚彼荷可购买1次' → equipment (conf=0.70), 价格 380000, 货币 gold, 购买按钮 @ (1192, 503)
[2026-05-22 01:03:25] [INFO] [ShopBot] 物品 3 (y=601-705): '70装备破灭精髓王冠商人亚彼荷可购买1次' → equipment (conf=0.70), 价格 560000, 货币 gold, 购买按钮 @ (1192, 653)
[2026-05-22 01:03:25] [INFO] [ShopBot] 已到达货架底部（第 2 次滑动后，识别结果无变化）
[2026-05-22 01:03:25] [INFO] [ShopBot] 寻找刷新按钮（第 1 次）
[2026-05-22 01:03:25] [DEBUG] [ShopBot] 找到刷新按钮 '立即更新' 在 (268, 659)
[2026-05-22 01:03:25] [INFO] [ShopBot] 点击刷新按钮 (268, 659)
[2026-05-22 01:03:25] [INFO] [ShopBot] 点击坐标 (268, 659)
[2026-05-22 01:03:27] [INFO] [ShopBot] 检测到刷新确认弹窗，点击确认 (748, 460)
[2026-05-22 01:03:27] [INFO] [ShopBot] 点击坐标 (748, 460)
[2026-05-22 01:03:27] [INFO] [ShopBot] 等待货架加载...
[2026-05-22 01:03:28] [INFO] [ShopBot] ===== 第 45 轮 =====
[2026-05-22 01:03:28] [INFO] [ShopBot] 滑动到货架顶部...
[2026-05-22 01:03:28] [INFO] [ShopBot] 滑动 (1100, 150) -> (1100, 400), 时长 0.3s
[2026-05-22 01:03:29] [DEBUG] [ShopBot] 整区 OCR 检测到 30 个文字块，4 行
[2026-05-22 01:03:29] [INFO] [ShopBot] 物品 0 (y=124-215): '70装备破灭精髓王冠商人亚彼荷可购买1次' → equipment (conf=0.70), 价格 380000, 货币 gold, 购买按钮 @ (1192, 169)
[2026-05-22 01:03:29] [INFO] [ShopBot] 物品 1 (y=268-360): '英雄史嘉雷小恶魔奈汉库伊可购买1次' → unknown (conf=0.00), 价格 29000, 货币 gold, 购买按钮 @ (1192, 314)
[2026-05-22 01:03:29] [INFO] [ShopBot] 物品 2 (y=412-506): '装备55勇士的背甲头部护具商人亚彼荷可购买1次' → equipment (conf=0.70), 价格 360000, 货币 gold, 购买按钮 @ (1192, 459)
[2026-05-22 01:03:29] [INFO] [ShopBot] 物品 3 (y=558-705): '英雄腐败洛普拉奈汉库伊可购买1次' → unknown (conf=0.00), 价格 29000, 货币 gold, 购买按钮 @ (1192, 631)
[2026-05-22 01:03:29] [INFO] [ShopBot] 跳过物品: equipment
[2026-05-22 01:03:29] [INFO] [ShopBot] 跳过物品: unknown
[2026-05-22 01:03:29] [INFO] [ShopBot] 跳过物品: equipment
[2026-05-22 01:03:29] [INFO] [ShopBot] 跳过物品: unknown
[2026-05-22 01:03:29] [INFO] [ShopBot] 货架处理完成，共购买 0 个物品
[2026-05-22 01:03:29] [INFO] [ShopBot] 第 0 次查看，购买 0 个物品
[2026-05-22 01:03:29] [INFO] [ShopBot] 滑动 (1100, 400) -> (1100, 150), 时长 0.3s
[2026-05-22 01:03:32] [DEBUG] [ShopBot] 整区 OCR 检测到 33 个文字块，5 行
[2026-05-22 01:03:32] [INFO] [ShopBot] 物品 0 (y=80-134): '史嘉雷小恶魔奈汉库伊可购买1次' → unknown (conf=0.00), 价格 0, 货币 gold, 购买按钮 @ (1192, 107)
[2026-05-22 01:03:32] [INFO] [ShopBot] 物品 1 (y=187-280): '55装备勇士的背甲头部护具商人亚彼荷可购买1次' → equipment (conf=0.70), 价格 360000, 货币 gold, 购买按钮 @ (1192, 233)
[2026-05-22 01:03:32] [INFO] [ShopBot] 物品 2 (y=333-425): '英雄腐败洛普拉奈汉库伊可购买1次' → unknown (conf=0.00), 价格 29000, 货币 gold, 购买按钮 @ (1192, 379)
[2026-05-22 01:03:32] [INFO] [ShopBot] 物品 3 (y=477-571): '装备蜘蛛君主的胸甲商人亚彼荷可购买1次' → equipment (conf=0.70), 价格 380000, 货币 gold, 购买按钮 @ (1192, 524)
[2026-05-22 01:03:32] [INFO] [ShopBot] 物品 4 (y=622-705): '装备精巧的恶魔重甲可购买1次' → equipment (conf=0.70), 价格 240000, 货币 gold, 购买按钮 @ (1192, 663)
[2026-05-22 01:03:32] [INFO] [ShopBot] 跳过物品: unknown
[2026-05-22 01:03:32] [INFO] [ShopBot] 跳过物品: equipment
[2026-05-22 01:03:32] [INFO] [ShopBot] 跳过物品: unknown
[2026-05-22 01:03:32] [INFO] [ShopBot] 跳过物品: equipment
[2026-05-22 01:03:32] [INFO] [ShopBot] 跳过物品: equipment
[2026-05-22 01:03:32] [INFO] [ShopBot] 货架处理完成，共购买 0 个物品
[2026-05-22 01:03:32] [INFO] [ShopBot] 第 1 次查看，购买 0 个物品
[2026-05-22 01:03:32] [INFO] [ShopBot] 滑动 (1100, 400) -> (1100, 150), 时长 0.3s
[2026-05-22 01:03:34] [DEBUG] [ShopBot] 整区 OCR 检测到 31 个文字块，4 行
[2026-05-22 01:03:34] [INFO] [ShopBot] 物品 0 (y=154-260): '55装备勇士的背甲头部护具商人亚彼荷可购买1次' → equipment (conf=0.70), 价格 360000, 货币 gold, 购买按钮 @ (1192, 207)
[2026-05-22 01:03:34] [INFO] [ShopBot] 物品 1 (y=313-405): '英雄腐败洛普拉奈汉库伊可购买1次' → unknown (conf=0.00), 价格 29000, 货币 gold, 购买按钮 @ (1192, 359)
[2026-05-22 01:03:34] [INFO] [ShopBot] 物品 2 (y=456-550): '70装备蜘蛛君主的胸甲商人亚彼荷可购买1次' → equipment (conf=0.70), 价格 380000, 货币 gold, 购买按钮 @ (1192, 503)
[2026-05-22 01:03:34] [INFO] [ShopBot] 物品 3 (y=601-705): '55装备精巧的恶魔重甲商人亚彼荷可购买1次' → equipment (conf=0.70), 价格 240000, 货币 gold, 购买按钮 @ (1192, 653)
[2026-05-22 01:03:34] [INFO] [ShopBot] 跳过物品: equipment
[2026-05-22 01:03:34] [INFO] [ShopBot] 跳过物品: unknown
[2026-05-22 01:03:34] [INFO] [ShopBot] 跳过物品: equipment
[2026-05-22 01:03:34] [INFO] [ShopBot] 跳过物品: equipment
[2026-05-22 01:03:34] [INFO] [ShopBot] 货架处理完成，共购买 0 个物品
[2026-05-22 01:03:34] [INFO] [ShopBot] 第 2 次查看，购买 0 个物品
[2026-05-22 01:03:34] [INFO] [ShopBot] 滑动 (1100, 400) -> (1100, 150), 时长 0.3s
[2026-05-22 01:03:36] [DEBUG] [ShopBot] 整区 OCR 检测到 31 个文字块，4 行
[2026-05-22 01:03:36] [INFO] [ShopBot] 物品 0 (y=154-260): '55装备勇士的背甲头部护具商人亚彼荷可购买1次' → equipment (conf=0.70), 价格 360000, 货币 gold, 购买按钮 @ (1192, 207)
[2026-05-22 01:03:36] [INFO] [ShopBot] 物品 1 (y=313-405): '英雄腐败洛普拉奈汉库伊可购买1次' → unknown (conf=0.00), 价格 29000, 货币 gold, 购买按钮 @ (1192, 359)
[2026-05-22 01:03:36] [INFO] [ShopBot] 物品 2 (y=456-550): '70装备蜘蛛君主的胸甲商人亚彼荷可购买1次' → equipment (conf=0.70), 价格 380000, 货币 gold, 购买按钮 @ (1192, 503)
[2026-05-22 01:03:36] [INFO] [ShopBot] 物品 3 (y=601-695): '55装备精巧的恶魔重甲商人亚彼荷可购买1次' → equipment (conf=0.70), 价格 240000, 货币 gold, 购买按钮 @ (1192, 648)
[2026-05-22 01:03:36] [INFO] [ShopBot] 已到达货架底部（第 3 次滑动后，识别结果无变化）
[2026-05-22 01:03:36] [INFO] [ShopBot] 寻找刷新按钮（第 1 次）
[2026-05-22 01:03:37] [DEBUG] [ShopBot] 找到刷新按钮 '立即更新' 在 (268, 659)
[2026-05-22 01:03:37] [INFO] [ShopBot] 点击刷新按钮 (268, 659)
[2026-05-22 01:03:37] [INFO] [ShopBot] 点击坐标 (268, 659)
[2026-05-22 01:03:38] [INFO] [ShopBot] 检测到刷新确认弹窗，点击确认 (748, 460)
[2026-05-22 01:03:38] [INFO] [ShopBot] 点击坐标 (748, 460)
[2026-05-22 01:03:38] [INFO] [ShopBot] 等待货架加载...
[2026-05-22 01:03:39] [INFO] [ShopBot] ===== 第 46 轮 =====
[2026-05-22 01:03:39] [INFO] [ShopBot] 滑动到货架顶部...
[2026-05-22 01:03:39] [INFO] [ShopBot] 滑动 (1100, 150) -> (1100, 400), 时长 0.3s
[2026-05-22 01:03:41] [DEBUG] [ShopBot] 整区 OCR 检测到 30 个文字块，5 行
[2026-05-22 01:03:41] [INFO] [ShopBot] 物品 0 (y=122-213): '70装备钻石项链妮萨可购买1次' → equipment (conf=0.70), 价格 380000, 货币 gold, 购买按钮 @ (1192, 167)
[2026-05-22 01:03:41] [INFO] [ShopBot] 物品 1 (y=265-359): '装备不祥的恶魔角饰头盔商人亚彼荷可购买1次' → equipment (conf=0.70), 价格 560000, 货币 gold, 购买按钮 @ (1192, 312)
[2026-05-22 01:03:41] [INFO] [ShopBot] 物品 2 (y=410-504): '55装备暗龙红玉妮萨可购买1次' → equipment (conf=0.70), 价格 240000, 货币 gold, 购买按钮 @ (1192, 457)
[2026-05-22 01:03:41] [INFO] [ShopBot] 物品 3 (y=556-648): '英雄冷血弓兵奈汉库伊可购买1次' → equipment (conf=0.65), 价格 29000, 货币 gold, 购买按钮 @ (1192, 602)
[2026-05-22 01:03:41] [INFO] [ShopBot] 物品 4 (y=650-705): '' → unknown (conf=0.00), 价格 0, 货币 gold, 购买按钮 @ (1192, 677)
[2026-05-22 01:03:41] [INFO] [ShopBot] 跳过物品: equipment
[2026-05-22 01:03:41] [INFO] [ShopBot] 跳过物品: equipment
[2026-05-22 01:03:41] [INFO] [ShopBot] 跳过物品: equipment
[2026-05-22 01:03:41] [INFO] [ShopBot] 跳过物品: equipment
[2026-05-22 01:03:41] [INFO] [ShopBot] 跳过物品: unknown
[2026-05-22 01:03:41] [INFO] [ShopBot] 货架处理完成，共购买 0 个物品
[2026-05-22 01:03:41] [INFO] [ShopBot] 第 0 次查看，购买 0 个物品
[2026-05-22 01:03:41] [INFO] [ShopBot] 滑动 (1100, 400) -> (1100, 150), 时长 0.3s
[2026-05-22 01:03:43] [DEBUG] [ShopBot] 整区 OCR 检测到 30 个文字块，4 行
[2026-05-22 01:03:43] [INFO] [ShopBot] 物品 0 (y=154-260): '55装备暗龙红玉妮萨可购买1次' → equipment (conf=0.70), 价格 240000, 货币 gold, 购买按钮 @ (1192, 207)
[2026-05-22 01:03:43] [INFO] [ShopBot] 物品 1 (y=313-405): '英雄冷血弓兵奈汉库伊可购买1次' → equipment (conf=0.65), 价格 29000, 货币 gold, 购买按钮 @ (1192, 359)
[2026-05-22 01:03:43] [INFO] [ShopBot] 物品 2 (y=456-550): '70装备不详的恶魔戒指可购买1次' → equipment (conf=0.70), 价格 380000, 货币 gold, 购买按钮 @ (1192, 503)
[2026-05-22 01:03:43] [INFO] [ShopBot] 物品 3 (y=601-705): '货币友情点数诺诺里50可购买1次' → unknown (conf=0.00), 价格 18000, 货币 gold, 购买按钮 @ (1192, 653)
[2026-05-22 01:03:43] [INFO] [ShopBot] 跳过物品: equipment
[2026-05-22 01:03:43] [INFO] [ShopBot] 跳过物品: equipment
[2026-05-22 01:03:43] [INFO] [ShopBot] 跳过物品: equipment
[2026-05-22 01:03:43] [INFO] [ShopBot] 跳过物品: unknown
[2026-05-22 01:03:43] [INFO] [ShopBot] 货架处理完成，共购买 0 个物品
[2026-05-22 01:03:43] [INFO] [ShopBot] 第 1 次查看，购买 0 个物品
[2026-05-22 01:03:43] [INFO] [ShopBot] 滑动 (1100, 400) -> (1100, 150), 时长 0.3s
[2026-05-22 01:03:45] [DEBUG] [ShopBot] 整区 OCR 检测到 30 个文字块，4 行
[2026-05-22 01:03:45] [INFO] [ShopBot] 物品 0 (y=154-260): '55装备暗龙红玉妮萨可购买1次' → equipment (conf=0.70), 价格 240000, 货币 gold, 购买按钮 @ (1192, 207)
[2026-05-22 01:03:45] [INFO] [ShopBot] 物品 1 (y=313-405): '英雄冷血弓兵奈汉库伊可购买1次' → equipment (conf=0.65), 价格 29000, 货币 gold, 购买按钮 @ (1192, 359)
[2026-05-22 01:03:45] [INFO] [ShopBot] 物品 2 (y=456-550): '70装备不详的恶魔戒指可购买1次' → equipment (conf=0.70), 价格 380000, 货币 gold, 购买按钮 @ (1192, 503)
[2026-05-22 01:03:45] [INFO] [ShopBot] 物品 3 (y=601-705): '货币友情点数诺诺里50可购买1次' → unknown (conf=0.00), 价格 18000, 货币 gold, 购买按钮 @ (1192, 653)
[2026-05-22 01:03:45] [INFO] [ShopBot] 已到达货架底部（第 2 次滑动后，识别结果无变化）
[2026-05-22 01:03:45] [INFO] [ShopBot] 寻找刷新按钮（第 1 次）
[2026-05-22 01:03:45] [DEBUG] [ShopBot] 找到刷新按钮 '立即更新' 在 (268, 659)
[2026-05-22 01:03:45] [INFO] [ShopBot] 点击刷新按钮 (268, 659)
[2026-05-22 01:03:45] [INFO] [ShopBot] 点击坐标 (268, 659)
[2026-05-22 01:03:47] [INFO] [ShopBot] 检测到刷新确认弹窗，点击确认 (748, 460)
[2026-05-22 01:03:47] [INFO] [ShopBot] 点击坐标 (748, 460)
[2026-05-22 01:03:47] [INFO] [ShopBot] 等待货架加载...
[2026-05-22 01:03:48] [INFO] [ShopBot] ===== 第 47 轮 =====
[2026-05-22 01:03:48] [INFO] [ShopBot] 滑动到货架顶部...
[2026-05-22 01:03:48] [INFO] [ShopBot] 滑动 (1100, 150) -> (1100, 400), 时长 0.3s
[2026-05-22 01:03:50] [DEBUG] [ShopBot] 整区 OCR 检测到 31 个文字块，5 行
[2026-05-22 01:03:50] [INFO] [ShopBot] 物品 0 (y=121-212): '70装备不祥的恶魔高级靴子商人亚彼荷可购买1次' → equipment (conf=0.70), 价格 560000, 货币 gold, 购买按钮 @ (1192, 166)
[2026-05-22 01:03:50] [INFO] [ShopBot] 物品 1 (y=264-358): '70装备不祥的恶魔之双刃剑商人亚彼荷可购买1次' → equipment (conf=0.70), 价格 380000, 货币 gold, 购买按钮 @ (1192, 311)
[2026-05-22 01:03:50] [INFO] [ShopBot] 物品 2 (y=410-502): '英雄罗奇斯利爪兵可购买1次奈汉库伊' → unknown (conf=0.00), 价格 29000, 货币 gold, 购买按钮 @ (1192, 456)
[2026-05-22 01:03:50] [INFO] [ShopBot] 物品 3 (y=554-648): '装备55勇士的背甲戒指妮萨可购买1次' → equipment (conf=0.70), 价格 240000, 货币 gold, 购买按钮 @ (1192, 601)
[2026-05-22 01:03:50] [INFO] [ShopBot] 物品 4 (y=649-705): '' → unknown (conf=0.00), 价格 0, 货币 gold, 购买按钮 @ (1192, 677)
[2026-05-22 01:03:50] [INFO] [ShopBot] 跳过物品: equipment
[2026-05-22 01:03:50] [INFO] [ShopBot] 跳过物品: equipment
[2026-05-22 01:03:50] [INFO] [ShopBot] 跳过物品: unknown
[2026-05-22 01:03:50] [INFO] [ShopBot] 跳过物品: equipment
[2026-05-22 01:03:50] [INFO] [ShopBot] 跳过物品: unknown
[2026-05-22 01:03:50] [INFO] [ShopBot] 货架处理完成，共购买 0 个物品
[2026-05-22 01:03:50] [INFO] [ShopBot] 第 0 次查看，购买 0 个物品
[2026-05-22 01:03:50] [INFO] [ShopBot] 滑动 (1100, 400) -> (1100, 150), 时长 0.3s
[2026-05-22 01:03:52] [DEBUG] [ShopBot] 整区 OCR 检测到 30 个文字块，4 行
[2026-05-22 01:03:52] [INFO] [ShopBot] 物品 0 (y=154-259): '英雄罗奇斯利爪兵奈汉库伊可购买1次' → unknown (conf=0.00), 价格 29000, 货币 gold, 购买按钮 @ (1192, 206)
[2026-05-22 01:03:52] [INFO] [ShopBot] 物品 1 (y=311-405): '55装备勇士的背甲戒指妮萨可购买1次' → equipment (conf=0.70), 价格 240000, 货币 gold, 购买按钮 @ (1192, 358)
[2026-05-22 01:03:52] [INFO] [ShopBot] 物品 2 (y=456-550): '装备泰拉重甲商人亚彼荷可购买1次' → equipment (conf=0.70), 价格 380000, 货币 gold, 购买按钮 @ (1192, 503)
[2026-05-22 01:03:52] [INFO] [ShopBot] 物品 3 (y=597-705): '货币友情点数诺诺里50可购买1次' → unknown (conf=0.00), 价格 18000, 货币 gold, 购买按钮 @ (1192, 651)
[2026-05-22 01:03:52] [INFO] [ShopBot] 跳过物品: unknown
[2026-05-22 01:03:52] [INFO] [ShopBot] 跳过物品: equipment
[2026-05-22 01:03:52] [INFO] [ShopBot] 跳过物品: equipment
[2026-05-22 01:03:52] [INFO] [ShopBot] 跳过物品: unknown
[2026-05-22 01:03:52] [INFO] [ShopBot] 货架处理完成，共购买 0 个物品
[2026-05-22 01:03:52] [INFO] [ShopBot] 第 1 次查看，购买 0 个物品
[2026-05-22 01:03:52] [INFO] [ShopBot] 滑动 (1100, 400) -> (1100, 150), 时长 0.3s
[2026-05-22 01:03:54] [DEBUG] [ShopBot] 整区 OCR 检测到 30 个文字块，4 行
[2026-05-22 01:03:54] [INFO] [ShopBot] 物品 0 (y=154-259): '英雄罗奇斯利爪兵奈汉库伊可购买1次' → unknown (conf=0.00), 价格 29000, 货币 gold, 购买按钮 @ (1192, 206)
[2026-05-22 01:03:54] [INFO] [ShopBot] 物品 1 (y=311-405): '55装备勇士的背甲戒指妮萨可购买1次' → equipment (conf=0.70), 价格 240000, 货币 gold, 购买按钮 @ (1192, 358)
[2026-05-22 01:03:54] [INFO] [ShopBot] 物品 2 (y=456-550): '装备泰拉重甲商人亚彼荷可购买1次' → equipment (conf=0.70), 价格 380000, 货币 gold, 购买按钮 @ (1192, 503)
[2026-05-22 01:03:54] [INFO] [ShopBot] 物品 3 (y=601-705): '货币友情点数诺诺里50可购买1次' → unknown (conf=0.00), 价格 18000, 货币 gold, 购买按钮 @ (1192, 653)
[2026-05-22 01:03:54] [INFO] [ShopBot] 已到达货架底部（第 2 次滑动后，识别结果无变化）
[2026-05-22 01:03:54] [INFO] [ShopBot] 寻找刷新按钮（第 1 次）
[2026-05-22 01:03:55] [DEBUG] [ShopBot] 找到刷新按钮 '立即更新' 在 (268, 659)
[2026-05-22 01:03:55] [INFO] [ShopBot] 点击刷新按钮 (268, 659)
[2026-05-22 01:03:55] [INFO] [ShopBot] 点击坐标 (268, 659)
[2026-05-22 01:03:57] [INFO] [ShopBot] 检测到刷新确认弹窗，点击确认 (748, 460)
[2026-05-22 01:03:57] [INFO] [ShopBot] 点击坐标 (748, 460)
[2026-05-22 01:03:57] [INFO] [ShopBot] 等待货架加载...
[2026-05-22 01:03:58] [INFO] [ShopBot] ===== 第 48 轮 =====
[2026-05-22 01:03:58] [INFO] [ShopBot] 滑动到货架顶部...
[2026-05-22 01:03:58] [INFO] [ShopBot] 滑动 (1100, 150) -> (1100, 400), 时长 0.3s
[2026-05-22 01:03:59] [DEBUG] [ShopBot] 整区 OCR 检测到 31 个文字块，4 行
[2026-05-22 01:03:59] [INFO] [ShopBot] 物品 0 (y=124-215): '英雄铁血弓兵奈汉库伊可购买1次' → equipment (conf=0.65), 价格 29000, 货币 gold, 购买按钮 @ (1192, 169)
[2026-05-22 01:03:59] [INFO] [ShopBot] 物品 1 (y=267-361): '55装备精巧的恶魔项链妮萨可购买1次' → equipment (conf=0.70), 价格 240000, 货币 gold, 购买按钮 @ (1192, 314)
[2026-05-22 01:03:59] [INFO] [ShopBot] 物品 2 (y=412-506): '70装备泰拉头盔商人亚彼荷可购买1次' → equipment (conf=0.70), 价格 560000, 货币 gold, 购买按钮 @ (1192, 459)
[2026-05-22 01:03:59] [INFO] [ShopBot] 物品 3 (y=557-705): '装备70蜘蛛君主的靴子商人亚彼荷可购买1次' → equipment (conf=0.70), 价格 380000, 货币 gold, 购买按钮 @ (1192, 631)
[2026-05-22 01:03:59] [INFO] [ShopBot] 跳过物品: equipment
[2026-05-22 01:03:59] [INFO] [ShopBot] 跳过物品: equipment
[2026-05-22 01:03:59] [INFO] [ShopBot] 跳过物品: equipment
[2026-05-22 01:03:59] [INFO] [ShopBot] 跳过物品: equipment
[2026-05-22 01:03:59] [INFO] [ShopBot] 货架处理完成，共购买 0 个物品
[2026-05-22 01:03:59] [INFO] [ShopBot] 第 0 次查看，购买 0 个物品
[2026-05-22 01:03:59] [INFO] [ShopBot] 滑动 (1100, 400) -> (1100, 150), 时长 0.3s
[2026-05-22 01:04:02] [DEBUG] [ShopBot] 整区 OCR 检测到 30 个文字块，4 行
[2026-05-22 01:04:02] [INFO] [ShopBot] 物品 0 (y=154-260): '70装备泰拉头盔商人亚彼荷可购买1次' → equipment (conf=0.70), 价格 560000, 货币 gold, 购买按钮 @ (1192, 207)
[2026-05-22 01:04:02] [INFO] [ShopBot] 物品 1 (y=311-405): '装备蜘蛛君主的靴子商人亚彼荷可购买1次' → equipment (conf=0.70), 价格 380000, 货币 gold, 购买按钮 @ (1192, 358)
[2026-05-22 01:04:02] [INFO] [ShopBot] 物品 2 (y=456-550): '货币友情点数诺诺里50可购买1次' → unknown (conf=0.00), 价格 18000, 货币 gold, 购买按钮 @ (1192, 503)
[2026-05-22 01:04:02] [INFO] [ShopBot] 物品 3 (y=599-705): '英雄卡洛斯侦察兵奈汉库伊可购买1次' → unknown (conf=0.00), 价格 29000, 货币 gold, 购买按钮 @ (1192, 652)
[2026-05-22 01:04:02] [INFO] [ShopBot] 跳过物品: equipment
[2026-05-22 01:04:02] [INFO] [ShopBot] 跳过物品: equipment
[2026-05-22 01:04:02] [INFO] [ShopBot] 跳过物品: unknown
[2026-05-22 01:04:02] [INFO] [ShopBot] 跳过物品: unknown
[2026-05-22 01:04:02] [INFO] [ShopBot] 货架处理完成，共购买 0 个物品
[2026-05-22 01:04:02] [INFO] [ShopBot] 第 1 次查看，购买 0 个物品
[2026-05-22 01:04:02] [INFO] [ShopBot] 滑动 (1100, 400) -> (1100, 150), 时长 0.3s
[2026-05-22 01:04:04] [DEBUG] [ShopBot] 整区 OCR 检测到 30 个文字块，4 行
[2026-05-22 01:04:04] [INFO] [ShopBot] 物品 0 (y=154-260): '70装备泰拉头盔商人亚彼荷可购买1次' → equipment (conf=0.70), 价格 560000, 货币 gold, 购买按钮 @ (1192, 207)
[2026-05-22 01:04:04] [INFO] [ShopBot] 物品 1 (y=311-405): '装备蜘蛛君主的靴子商人亚彼荷可购买1次' → equipment (conf=0.70), 价格 380000, 货币 gold, 购买按钮 @ (1192, 358)
[2026-05-22 01:04:04] [INFO] [ShopBot] 物品 2 (y=456-550): '货币友情点数诺诺里50可购买1次' → unknown (conf=0.00), 价格 18000, 货币 gold, 购买按钮 @ (1192, 503)
[2026-05-22 01:04:04] [INFO] [ShopBot] 物品 3 (y=602-705): '英雄卡洛斯侦察兵奈汉库伊可购买1次' → unknown (conf=0.00), 价格 29000, 货币 gold, 购买按钮 @ (1192, 653)
[2026-05-22 01:04:04] [INFO] [ShopBot] 已到达货架底部（第 2 次滑动后，识别结果无变化）
[2026-05-22 01:04:04] [INFO] [ShopBot] 寻找刷新按钮（第 1 次）
[2026-05-22 01:04:05] [DEBUG] [ShopBot] 找到刷新按钮 '立即更新' 在 (268, 659)
[2026-05-22 01:04:05] [INFO] [ShopBot] 点击刷新按钮 (268, 659)
[2026-05-22 01:04:05] [INFO] [ShopBot] 点击坐标 (268, 659)
[2026-05-22 01:04:06] [INFO] [ShopBot] 检测到刷新确认弹窗，点击确认 (748, 459)
[2026-05-22 01:04:06] [INFO] [ShopBot] 点击坐标 (748, 459)
[2026-05-22 01:04:06] [INFO] [ShopBot] 等待货架加载...
[2026-05-22 01:04:07] [INFO] [ShopBot] ===== 第 49 轮 =====
[2026-05-22 01:04:07] [INFO] [ShopBot] 滑动到货架顶部...
[2026-05-22 01:04:07] [INFO] [ShopBot] 滑动 (1100, 150) -> (1100, 400), 时长 0.3s
[2026-05-22 01:04:09] [DEBUG] [ShopBot] 整区 OCR 检测到 29 个文字块，5 行
[2026-05-22 01:04:09] [INFO] [ShopBot] 物品 0 (y=122-213): '55装备灿烂精髓王冠商人亚彼荷可购买1次' → equipment (conf=0.70), 价格 240000, 货币 gold, 购买按钮 @ (1192, 167)
[2026-05-22 01:04:09] [INFO] [ShopBot] 物品 1 (y=266-358): '英雄泰拉纳德战斗兵奈汉库伊可购买1次' → unknown (conf=0.00), 价格 29000, 货币 gold, 购买按钮 @ (1192, 312)
[2026-05-22 01:04:09] [INFO] [ShopBot] 物品 2 (y=411-503): '英雄辅助型忠犬奈汉库伊可购买1次' → unknown (conf=0.00), 价格 29000, 货币 gold, 购买按钮 @ (1192, 457)
[2026-05-22 01:04:09] [INFO] [ShopBot] 物品 3 (y=556-649): '英雄不祥的魔物奈汉库伊可购买1次' → unknown (conf=0.00), 价格 29000, 货币 gold, 购买按钮 @ (1192, 602)
[2026-05-22 01:04:09] [INFO] [ShopBot] 物品 4 (y=650-705): '' → unknown (conf=0.00), 价格 0, 货币 gold, 购买按钮 @ (1192, 677)
[2026-05-22 01:04:09] [INFO] [ShopBot] 跳过物品: equipment
[2026-05-22 01:04:09] [INFO] [ShopBot] 跳过物品: unknown
[2026-05-22 01:04:09] [INFO] [ShopBot] 跳过物品: unknown
[2026-05-22 01:04:09] [INFO] [ShopBot] 跳过物品: unknown
[2026-05-22 01:04:09] [INFO] [ShopBot] 跳过物品: unknown
[2026-05-22 01:04:09] [INFO] [ShopBot] 货架处理完成，共购买 0 个物品
[2026-05-22 01:04:09] [INFO] [ShopBot] 第 0 次查看，购买 0 个物品
[2026-05-22 01:04:09] [INFO] [ShopBot] 滑动 (1100, 400) -> (1100, 150), 时长 0.3s
[2026-05-22 01:04:11] [DEBUG] [ShopBot] 整区 OCR 检测到 29 个文字块，4 行
[2026-05-22 01:04:11] [INFO] [ShopBot] 物品 0 (y=154-259): '英雄辅助型忠犬奈汉库伊可购买1次' → unknown (conf=0.00), 价格 29000, 货币 gold, 购买按钮 @ (1192, 206)
[2026-05-22 01:04:11] [INFO] [ShopBot] 物品 1 (y=313-405): '英雄不祥的魔物奈汉库伊可购买1次' → unknown (conf=0.00), 价格 29000, 货币 gold, 购买按钮 @ (1192, 359)
[2026-05-22 01:04:11] [INFO] [ShopBot] 物品 2 (y=456-550): '55装备勇士的背甲靴子商人亚彼荷可购买1次' → equipment (conf=0.70), 价格 480000, 货币 gold, 购买按钮 @ (1192, 503)
[2026-05-22 01:04:11] [INFO] [ShopBot] 物品 3 (y=602-705): '英雄圣剑骑士团剑兵奈汉库伊可购买1次' → equipment (conf=0.65), 价格 29000, 货币 gold, 购买按钮 @ (1192, 653)
[2026-05-22 01:04:11] [INFO] [ShopBot] 跳过物品: unknown
[2026-05-22 01:04:11] [INFO] [ShopBot] 跳过物品: unknown
[2026-05-22 01:04:11] [INFO] [ShopBot] 跳过物品: equipment
[2026-05-22 01:04:11] [INFO] [ShopBot] 跳过物品: equipment
[2026-05-22 01:04:11] [INFO] [ShopBot] 货架处理完成，共购买 0 个物品
[2026-05-22 01:04:11] [INFO] [ShopBot] 第 1 次查看，购买 0 个物品
[2026-05-22 01:04:11] [INFO] [ShopBot] 滑动 (1100, 400) -> (1100, 150), 时长 0.3s
[2026-05-22 01:04:14] [DEBUG] [ShopBot] 整区 OCR 检测到 29 个文字块，4 行
[2026-05-22 01:04:14] [INFO] [ShopBot] 物品 0 (y=154-259): '英雄辅助型忠犬奈汉库伊可购买1次' → unknown (conf=0.00), 价格 29000, 货币 gold, 购买按钮 @ (1192, 206)
[2026-05-22 01:04:14] [INFO] [ShopBot] 物品 1 (y=313-405): '英雄不祥的魔物奈汉库伊可购买1次' → unknown (conf=0.00), 价格 29000, 货币 gold, 购买按钮 @ (1192, 359)
[2026-05-22 01:04:14] [INFO] [ShopBot] 物品 2 (y=456-550): '55装备勇士的背甲靴子商人亚彼荷可购买1次' → equipment (conf=0.70), 价格 480000, 货币 gold, 购买按钮 @ (1192, 503)
[2026-05-22 01:04:14] [INFO] [ShopBot] 物品 3 (y=602-705): '英雄圣剑骑士团剑兵奈汉库伊可购买1次' → equipment (conf=0.65), 价格 29000, 货币 gold, 购买按钮 @ (1192, 653)
[2026-05-22 01:04:14] [INFO] [ShopBot] 已到达货架底部（第 2 次滑动后，识别结果无变化）
[2026-05-22 01:04:14] [INFO] [ShopBot] 寻找刷新按钮（第 1 次）
[2026-05-22 01:04:14] [DEBUG] [ShopBot] 找到刷新按钮 '立即更新' 在 (268, 659)
[2026-05-22 01:04:14] [INFO] [ShopBot] 点击刷新按钮 (268, 659)
[2026-05-22 01:04:14] [INFO] [ShopBot] 点击坐标 (268, 659)
[2026-05-22 01:04:16] [INFO] [ShopBot] 检测到刷新确认弹窗，点击确认 (748, 460)
[2026-05-22 01:04:16] [INFO] [ShopBot] 点击坐标 (748, 460)
[2026-05-22 01:04:17] [INFO] [ShopBot] 等待货架加载...
[2026-05-22 01:04:18] [INFO] [ShopBot] ===== 第 50 轮 =====
[2026-05-22 01:04:18] [INFO] [ShopBot] 滑动到货架顶部...
[2026-05-22 01:04:18] [INFO] [ShopBot] 滑动 (1100, 150) -> (1100, 400), 时长 0.3s
[2026-05-22 01:04:19] [DEBUG] [ShopBot] 整区 OCR 检测到 29 个文字块，5 行
[2026-05-22 01:04:19] [INFO] [ShopBot] 物品 0 (y=119-210): '英雄火焰席尔巴奈汉库伊可购买1次' → unknown (conf=0.00), 价格 29000, 货币 gold, 购买按钮 @ (1192, 164)
[2026-05-22 01:04:19] [INFO] [ShopBot] 物品 1 (y=263-355): '英雄阴谋纽洛普奈汉库伊可购买1次' → unknown (conf=0.00), 价格 29000, 货币 gold, 购买按钮 @ (1192, 309)
[2026-05-22 01:04:19] [INFO] [ShopBot] 物品 2 (y=407-501): '货币友情点数可购买1次50' → unknown (conf=0.00), 价格 18000, 货币 gold, 购买按钮 @ (1192, 454)
[2026-05-22 01:04:19] [INFO] [ShopBot] 物品 3 (y=552-646): '70装备魔力龙兽面具商人亚彼荷可购买1次' → equipment (conf=0.70), 价格 380000, 货币 gold, 购买按钮 @ (1192, 599)
[2026-05-22 01:04:19] [INFO] [ShopBot] 物品 4 (y=647-705): '' → unknown (conf=0.00), 价格 0, 货币 gold, 购买按钮 @ (1192, 676)
[2026-05-22 01:04:19] [INFO] [ShopBot] 跳过物品: unknown
[2026-05-22 01:04:19] [INFO] [ShopBot] 跳过物品: unknown
[2026-05-22 01:04:19] [INFO] [ShopBot] 跳过物品: unknown
[2026-05-22 01:04:19] [INFO] [ShopBot] 跳过物品: equipment
[2026-05-22 01:04:19] [INFO] [ShopBot] 跳过物品: unknown
[2026-05-22 01:04:19] [INFO] [ShopBot] 货架处理完成，共购买 0 个物品
[2026-05-22 01:04:19] [INFO] [ShopBot] 第 0 次查看，购买 0 个物品
[2026-05-22 01:04:19] [INFO] [ShopBot] 滑动 (1100, 400) -> (1100, 150), 时长 0.3s
[2026-05-22 01:04:22] [DEBUG] [ShopBot] 整区 OCR 检测到 31 个文字块，4 行
[2026-05-22 01:04:22] [INFO] [ShopBot] 物品 0 (y=154-260): '货币友情点数诺诺里可购买1次50' → unknown (conf=0.00), 价格 18000, 货币 gold, 购买按钮 @ (1192, 207)
[2026-05-22 01:04:22] [INFO] [ShopBot] 物品 1 (y=311-405): '70装备魔力龙兽面具商人亚彼荷可购买1次' → equipment (conf=0.70), 价格 380000, 货币 gold, 购买按钮 @ (1192, 358)
[2026-05-22 01:04:22] [INFO] [ShopBot] 物品 2 (y=457-550): '英雄爆裂的龙族士兵奈汉库伊可购买1次' → unknown (conf=0.00), 价格 29000, 货币 gold, 购买按钮 @ (1192, 503)
[2026-05-22 01:04:22] [INFO] [ShopBot] 物品 3 (y=601-705): '55装备精巧的恶魔之剑商人亚彼荷可购买1次' → equipment (conf=0.70), 价格 240000, 货币 gold, 购买按钮 @ (1192, 653)
[2026-05-22 01:04:22] [INFO] [ShopBot] 跳过物品: unknown
[2026-05-22 01:04:22] [INFO] [ShopBot] 跳过物品: equipment
[2026-05-22 01:04:22] [INFO] [ShopBot] 跳过物品: unknown
[2026-05-22 01:04:22] [INFO] [ShopBot] 跳过物品: equipment
[2026-05-22 01:04:22] [INFO] [ShopBot] 货架处理完成，共购买 0 个物品
[2026-05-22 01:04:22] [INFO] [ShopBot] 第 1 次查看，购买 0 个物品
[2026-05-22 01:04:22] [INFO] [ShopBot] 滑动 (1100, 400) -> (1100, 150), 时长 0.3s
[2026-05-22 01:04:24] [DEBUG] [ShopBot] 整区 OCR 检测到 31 个文字块，4 行
[2026-05-22 01:04:24] [INFO] [ShopBot] 物品 0 (y=154-260): '货币友情点数诺诺里可购买1次50' → unknown (conf=0.00), 价格 18000, 货币 gold, 购买按钮 @ (1192, 207)
[2026-05-22 01:04:24] [INFO] [ShopBot] 物品 1 (y=311-405): '70装备魔力龙兽面具商人亚彼荷可购买1次' → equipment (conf=0.70), 价格 380000, 货币 gold, 购买按钮 @ (1192, 358)
[2026-05-22 01:04:24] [INFO] [ShopBot] 物品 2 (y=457-550): '英雄爆裂的龙族士兵奈汉库伊可购买1次' → unknown (conf=0.00), 价格 29000, 货币 gold, 购买按钮 @ (1192, 503)
[2026-05-22 01:04:24] [INFO] [ShopBot] 物品 3 (y=601-705): '55装备精巧的恶魔之剑商人亚彼荷可购买1次' → equipment (conf=0.70), 价格 240000, 货币 gold, 购买按钮 @ (1192, 653)
[2026-05-22 01:04:24] [INFO] [ShopBot] 已到达货架底部（第 2 次滑动后，识别结果无变化）
[2026-05-22 01:04:24] [INFO] [ShopBot] 寻找刷新按钮（第 1 次）
[2026-05-22 01:04:24] [DEBUG] [ShopBot] 找到刷新按钮 '立即更新' 在 (268, 659)
[2026-05-22 01:04:24] [INFO] [ShopBot] 点击刷新按钮 (268, 659)
[2026-05-22 01:04:24] [INFO] [ShopBot] 点击坐标 (268, 659)
[2026-05-22 01:04:26] [INFO] [ShopBot] 检测到刷新确认弹窗，点击确认 (748, 460)
[2026-05-22 01:04:26] [INFO] [ShopBot] 点击坐标 (748, 460)
[2026-05-22 01:04:26] [INFO] [ShopBot] 等待货架加载...
[2026-05-22 01:04:27] [INFO] [ShopBot] ===== 第 51 轮 =====
[2026-05-22 01:04:27] [INFO] [ShopBot] 滑动到货架顶部...
[2026-05-22 01:04:27] [INFO] [ShopBot] 滑动 (1100, 150) -> (1100, 400), 时长 0.3s
[2026-05-22 01:04:29] [DEBUG] [ShopBot] 整区 OCR 检测到 30 个文字块，4 行
[2026-05-22 01:04:29] [INFO] [ShopBot] 物品 0 (y=124-216): '55装备奥利哈钢手镯可购买1次' → equipment (conf=0.70), 价格 360000, 货币 gold, 购买按钮 @ (1192, 170)
[2026-05-22 01:04:29] [INFO] [ShopBot] 物品 1 (y=269-361): '英雄阴影的魔物奈汉库伊可购买1次' → unknown (conf=0.00), 价格 29000, 货币 gold, 购买按钮 @ (1192, 315)
[2026-05-22 01:04:29] [INFO] [ShopBot] 物品 2 (y=413-506): '装备55奥利哈钢长剑商人亚彼荷可购买1次' → equipment (conf=0.70), 价格 240000, 货币 gold, 购买按钮 @ (1192, 459)
[2026-05-22 01:04:29] [INFO] [ShopBot] 物品 3 (y=558-705): '55装备奥利哈钢脖围妮萨可购买1次' → equipment (conf=0.70), 价格 240000, 货币 gold, 购买按钮 @ (1192, 631)
[2026-05-22 01:04:29] [INFO] [ShopBot] 跳过物品: equipment
[2026-05-22 01:04:29] [INFO] [ShopBot] 跳过物品: unknown
[2026-05-22 01:04:29] [INFO] [ShopBot] 跳过物品: equipment
[2026-05-22 01:04:29] [INFO] [ShopBot] 跳过物品: equipment
[2026-05-22 01:04:29] [INFO] [ShopBot] 货架处理完成，共购买 0 个物品
[2026-05-22 01:04:29] [INFO] [ShopBot] 第 0 次查看，购买 0 个物品
[2026-05-22 01:04:29] [INFO] [ShopBot] 滑动 (1100, 400) -> (1100, 150), 时长 0.3s
[2026-05-22 01:04:31] [DEBUG] [ShopBot] 整区 OCR 检测到 31 个文字块，4 行
[2026-05-22 01:04:31] [INFO] [ShopBot] 物品 0 (y=154-260): '55装备奥利哈钢长剑商人亚彼荷可购买1次' → equipment (conf=0.70), 价格 240000, 货币 gold, 购买按钮 @ (1192, 207)
[2026-05-22 01:04:31] [INFO] [ShopBot] 物品 1 (y=311-405): '55装备奥利哈钢脖围可购买1次' → equipment (conf=0.70), 价格 240000, 货币 gold, 购买按钮 @ (1192, 358)
[2026-05-22 01:04:31] [INFO] [ShopBot] 物品 2 (y=456-550): '货币友情点数诺诺里50可购买1次' → unknown (conf=0.00), 价格 18000, 货币 gold, 购买按钮 @ (1192, 503)
[2026-05-22 01:04:31] [INFO] [ShopBot] 物品 3 (y=601-705): '55装备精巧的恶魔之剑商人亚彼荷可购买1次' → equipment (conf=0.70), 价格 360000, 货币 gold, 购买按钮 @ (1192, 653)
[2026-05-22 01:04:31] [INFO] [ShopBot] 跳过物品: equipment
[2026-05-22 01:04:31] [INFO] [ShopBot] 跳过物品: equipment
[2026-05-22 01:04:31] [INFO] [ShopBot] 跳过物品: unknown
[2026-05-22 01:04:31] [INFO] [ShopBot] 跳过物品: equipment
[2026-05-22 01:04:31] [INFO] [ShopBot] 货架处理完成，共购买 0 个物品
[2026-05-22 01:04:31] [INFO] [ShopBot] 第 1 次查看，购买 0 个物品
[2026-05-22 01:04:31] [INFO] [ShopBot] 滑动 (1100, 400) -> (1100, 150), 时长 0.3s
[2026-05-22 01:04:33] [DEBUG] [ShopBot] 整区 OCR 检测到 31 个文字块，4 行
[2026-05-22 01:04:33] [INFO] [ShopBot] 物品 0 (y=154-260): '55装备奥利哈钢长剑商人亚彼荷可购买1次' → equipment (conf=0.70), 价格 240000, 货币 gold, 购买按钮 @ (1192, 207)
[2026-05-22 01:04:33] [INFO] [ShopBot] 物品 1 (y=311-405): '55装备奥利哈钢脖围可购买1次' → equipment (conf=0.70), 价格 240000, 货币 gold, 购买按钮 @ (1192, 358)
[2026-05-22 01:04:33] [INFO] [ShopBot] 物品 2 (y=456-550): '货币友情点数诺诺里50可购买1次' → unknown (conf=0.00), 价格 18000, 货币 gold, 购买按钮 @ (1192, 503)
[2026-05-22 01:04:33] [INFO] [ShopBot] 物品 3 (y=601-705): '55装备精巧的恶魔之剑商人亚彼荷可购买1次' → equipment (conf=0.70), 价格 360000, 货币 gold, 购买按钮 @ (1192, 653)
[2026-05-22 01:04:33] [INFO] [ShopBot] 已到达货架底部（第 2 次滑动后，识别结果无变化）
[2026-05-22 01:04:33] [INFO] [ShopBot] 寻找刷新按钮（第 1 次）
[2026-05-22 01:04:34] [DEBUG] [ShopBot] 找到刷新按钮 '立即更新' 在 (268, 659)
[2026-05-22 01:04:34] [INFO] [ShopBot] 点击刷新按钮 (268, 659)
[2026-05-22 01:04:34] [INFO] [ShopBot] 点击坐标 (268, 659)
[2026-05-22 01:04:36] [INFO] [ShopBot] 检测到刷新确认弹窗，点击确认 (748, 459)
[2026-05-22 01:04:36] [INFO] [ShopBot] 点击坐标 (748, 459)
[2026-05-22 01:04:36] [INFO] [ShopBot] 等待货架加载...
[2026-05-22 01:04:37] [INFO] [ShopBot] ===== 第 52 轮 =====
[2026-05-22 01:04:37] [INFO] [ShopBot] 滑动到货架顶部...
[2026-05-22 01:04:37] [INFO] [ShopBot] 滑动 (1100, 150) -> (1100, 400), 时长 0.3s
[2026-05-22 01:04:38] [DEBUG] [ShopBot] 整区 OCR 检测到 31 个文字块，4 行
[2026-05-22 01:04:38] [INFO] [ShopBot] 物品 0 (y=125-216): '70装备泰拉重甲商人亚彼荷可购买1次' → equipment (conf=0.70), 价格 380000, 货币 gold, 购买按钮 @ (1192, 170)
[2026-05-22 01:04:38] [INFO] [ShopBot] 物品 1 (y=268-361): '70装备蜘蛛君主的挂饰妮萨可购买1次' → equipment (conf=0.70), 价格 380000, 货币 gold, 购买按钮 @ (1192, 314)
[2026-05-22 01:04:38] [INFO] [ShopBot] 物品 2 (y=414-506): '英雄盾牌骑士团剑兵奈汉库伊可购买1次' → equipment (conf=0.70), 价格 29000, 货币 gold, 购买按钮 @ (1192, 460)
[2026-05-22 01:04:38] [INFO] [ShopBot] 物品 3 (y=558-705): '55装备蓝宝石项链妮语可购买1次' → equipment (conf=0.70), 价格 240000, 货币 gold, 购买按钮 @ (1192, 631)
[2026-05-22 01:04:38] [INFO] [ShopBot] 跳过物品: equipment
[2026-05-22 01:04:38] [INFO] [ShopBot] 跳过物品: equipment
[2026-05-22 01:04:38] [INFO] [ShopBot] 跳过物品: equipment
[2026-05-22 01:04:38] [INFO] [ShopBot] 跳过物品: equipment
[2026-05-22 01:04:38] [INFO] [ShopBot] 货架处理完成，共购买 0 个物品
[2026-05-22 01:04:38] [INFO] [ShopBot] 第 0 次查看，购买 0 个物品
[2026-05-22 01:04:38] [INFO] [ShopBot] 滑动 (1100, 400) -> (1100, 150), 时长 0.3s
[2026-05-22 01:04:40] [DEBUG] [ShopBot] 整区 OCR 检测到 29 个文字块，4 行
[2026-05-22 01:04:40] [INFO] [ShopBot] 物品 0 (y=154-259): '英雄盾牌骑士团剑兵奈汉库伊可购买1次' → equipment (conf=0.70), 价格 29000, 货币 gold, 购买按钮 @ (1192, 206)
[2026-05-22 01:04:40] [INFO] [ShopBot] 物品 1 (y=311-405): '55装备蓝宝石项链可购买1次' → equipment (conf=0.70), 价格 240000, 货币 gold, 购买按钮 @ (1192, 358)
[2026-05-22 01:04:40] [INFO] [ShopBot] 物品 2 (y=457-550): '英雄阴谋纽洛普奈汉库伊可购买1次' → unknown (conf=0.00), 价格 29000, 货币 gold, 购买按钮 @ (1192, 503)
[2026-05-22 01:04:40] [INFO] [ShopBot] 物品 3 (y=601-705): '货币友情点数诺诺里50可购买1次' → unknown (conf=0.00), 价格 18000, 货币 gold, 购买按钮 @ (1192, 653)
[2026-05-22 01:04:40] [INFO] [ShopBot] 跳过物品: equipment
[2026-05-22 01:04:40] [INFO] [ShopBot] 跳过物品: equipment
[2026-05-22 01:04:40] [INFO] [ShopBot] 跳过物品: unknown
[2026-05-22 01:04:40] [INFO] [ShopBot] 跳过物品: unknown
[2026-05-22 01:04:40] [INFO] [ShopBot] 货架处理完成，共购买 0 个物品
[2026-05-22 01:04:40] [INFO] [ShopBot] 第 1 次查看，购买 0 个物品
[2026-05-22 01:04:40] [INFO] [ShopBot] 滑动 (1100, 400) -> (1100, 150), 时长 0.3s
[2026-05-22 01:04:43] [DEBUG] [ShopBot] 整区 OCR 检测到 29 个文字块，4 行
[2026-05-22 01:04:43] [INFO] [ShopBot] 物品 0 (y=154-259): '英雄盾牌骑士团剑兵奈汉库伊可购买1次' → equipment (conf=0.70), 价格 29000, 货币 gold, 购买按钮 @ (1192, 206)
[2026-05-22 01:04:43] [INFO] [ShopBot] 物品 1 (y=311-405): '55装备蓝宝石项链可购买1次' → equipment (conf=0.70), 价格 240000, 货币 gold, 购买按钮 @ (1192, 358)
[2026-05-22 01:04:43] [INFO] [ShopBot] 物品 2 (y=457-550): '英雄阴谋纽洛普奈汉库伊可购买1次' → unknown (conf=0.00), 价格 29000, 货币 gold, 购买按钮 @ (1192, 503)
[2026-05-22 01:04:43] [INFO] [ShopBot] 物品 3 (y=601-705): '货币友情点数诺诺里50可购买1次' → unknown (conf=0.00), 价格 18000, 货币 gold, 购买按钮 @ (1192, 653)
[2026-05-22 01:04:43] [INFO] [ShopBot] 已到达货架底部（第 2 次滑动后，识别结果无变化）
[2026-05-22 01:04:43] [INFO] [ShopBot] 寻找刷新按钮（第 1 次）
[2026-05-22 01:04:43] [DEBUG] [ShopBot] 找到刷新按钮 '立即更新' 在 (268, 659)
[2026-05-22 01:04:43] [INFO] [ShopBot] 点击刷新按钮 (268, 659)
[2026-05-22 01:04:43] [INFO] [ShopBot] 点击坐标 (268, 659)
[2026-05-22 01:04:45] [INFO] [ShopBot] 检测到刷新确认弹窗，点击确认 (748, 460)
[2026-05-22 01:04:45] [INFO] [ShopBot] 点击坐标 (748, 460)
[2026-05-22 01:04:45] [INFO] [ShopBot] 等待货架加载...
[2026-05-22 01:04:46] [INFO] [ShopBot] ===== 第 53 轮 =====
[2026-05-22 01:04:46] [INFO] [ShopBot] 滑动到货架顶部...
[2026-05-22 01:04:46] [INFO] [ShopBot] 滑动 (1100, 150) -> (1100, 400), 时长 0.3s
[2026-05-22 01:04:48] [DEBUG] [ShopBot] 整区 OCR 检测到 32 个文字块，4 行
[2026-05-22 01:04:48] [INFO] [ShopBot] 物品 0 (y=120-212): '货币友情点数诺诺里50可购买1次' → unknown (conf=0.00), 价格 18000, 货币 gold, 购买按钮 @ (1192, 166)
[2026-05-22 01:04:48] [INFO] [ShopBot] 物品 1 (y=264-357): '55装备勇士的背甲头部护具商人亚彼荷可购买1次' → equipment (conf=0.70), 价格 240000, 货币 gold, 购买按钮 @ (1192, 310)
[2026-05-22 01:04:48] [INFO] [ShopBot] 物品 2 (y=409-502): '70装备不祥的恶魔角饰头盔商人亚彼荷可购买1次' → equipment (conf=0.70), 价格 380000, 货币 gold, 购买按钮 @ (1192, 455)
[2026-05-22 01:04:48] [INFO] [ShopBot] 物品 3 (y=554-705): '装备85不屈的蜘蛛英雄戒指妮萨可购买1次' → equipment (conf=0.70), 价格 540000, 货币 gold, 购买按钮 @ (1192, 629)
[2026-05-22 01:04:48] [INFO] [ShopBot] 跳过物品: unknown
[2026-05-22 01:04:48] [INFO] [ShopBot] 跳过物品: equipment
[2026-05-22 01:04:48] [INFO] [ShopBot] 跳过物品: equipment
[2026-05-22 01:04:48] [INFO] [ShopBot] 跳过物品: equipment
[2026-05-22 01:04:48] [INFO] [ShopBot] 货架处理完成，共购买 0 个物品
[2026-05-22 01:04:48] [INFO] [ShopBot] 第 0 次查看，购买 0 个物品
[2026-05-22 01:04:48] [INFO] [ShopBot] 滑动 (1100, 400) -> (1100, 150), 时长 0.3s
[2026-05-22 01:04:50] [DEBUG] [ShopBot] 整区 OCR 检测到 31 个文字块，4 行
[2026-05-22 01:04:50] [INFO] [ShopBot] 物品 0 (y=154-260): '70装备不祥的恶魔角饰头盔商人亚彼荷可购买1次' → equipment (conf=0.70), 价格 380000, 货币 gold, 购买按钮 @ (1192, 207)
[2026-05-22 01:04:50] [INFO] [ShopBot] 物品 1 (y=311-405): '85装备不屈的蜘蛛英雄戒指妮萨可购买1次' → equipment (conf=0.70), 价格 540000, 货币 gold, 购买按钮 @ (1192, 358)
[2026-05-22 01:04:50] [INFO] [ShopBot] 物品 2 (y=456-550): '55装备精巧的恶魔靴子商人亚彼荷可购买1次' → equipment (conf=0.70), 价格 360000, 货币 gold, 购买按钮 @ (1192, 503)
[2026-05-22 01:04:50] [INFO] [ShopBot] 物品 3 (y=597-705): '装备勇士的背甲流星锤商人亚彼荷可购买1次' → equipment (conf=0.70), 价格 360000, 货币 gold, 购买按钮 @ (1192, 651)
[2026-05-22 01:04:50] [INFO] [ShopBot] 跳过物品: equipment
[2026-05-22 01:04:50] [INFO] [ShopBot] 跳过物品: equipment
[2026-05-22 01:04:50] [INFO] [ShopBot] 跳过物品: equipment
[2026-05-22 01:04:50] [INFO] [ShopBot] 跳过物品: equipment
[2026-05-22 01:04:50] [INFO] [ShopBot] 货架处理完成，共购买 0 个物品
[2026-05-22 01:04:50] [INFO] [ShopBot] 第 1 次查看，购买 0 个物品
[2026-05-22 01:04:50] [INFO] [ShopBot] 滑动 (1100, 400) -> (1100, 150), 时长 0.3s
[2026-05-22 01:04:52] [DEBUG] [ShopBot] 整区 OCR 检测到 31 个文字块，4 行
[2026-05-22 01:04:52] [INFO] [ShopBot] 物品 0 (y=154-260): '70装备不祥的恶魔角饰头盔商人亚彼荷可购买1次' → equipment (conf=0.70), 价格 380000, 货币 gold, 购买按钮 @ (1192, 207)
[2026-05-22 01:04:52] [INFO] [ShopBot] 物品 1 (y=311-405): '85装备不屈的蜘蛛英雄戒指妮萨可购买1次' → equipment (conf=0.70), 价格 540000, 货币 gold, 购买按钮 @ (1192, 358)
[2026-05-22 01:04:52] [INFO] [ShopBot] 物品 2 (y=456-550): '55装备精巧的恶魔靴子商人亚彼荷可购买1次' → equipment (conf=0.70), 价格 360000, 货币 gold, 购买按钮 @ (1192, 503)
[2026-05-22 01:04:52] [INFO] [ShopBot] 物品 3 (y=601-705): '装备勇士的背甲流星锤商人亚彼荷可购买1次' → equipment (conf=0.70), 价格 360000, 货币 gold, 购买按钮 @ (1192, 653)
[2026-05-22 01:04:52] [INFO] [ShopBot] 已到达货架底部（第 2 次滑动后，识别结果无变化）
[2026-05-22 01:04:52] [INFO] [ShopBot] 寻找刷新按钮（第 1 次）
[2026-05-22 01:04:53] [DEBUG] [ShopBot] 找到刷新按钮 '立即更新' 在 (268, 659)
[2026-05-22 01:04:53] [INFO] [ShopBot] 点击刷新按钮 (268, 659)
[2026-05-22 01:04:53] [INFO] [ShopBot] 点击坐标 (268, 659)
[2026-05-22 01:04:55] [INFO] [ShopBot] 检测到刷新确认弹窗，点击确认 (748, 460)
[2026-05-22 01:04:55] [INFO] [ShopBot] 点击坐标 (748, 460)
[2026-05-22 01:04:55] [INFO] [ShopBot] 等待货架加载...
[2026-05-22 01:04:56] [INFO] [ShopBot] ===== 第 54 轮 =====
[2026-05-22 01:04:56] [INFO] [ShopBot] 滑动到货架顶部...
[2026-05-22 01:04:56] [INFO] [ShopBot] 滑动 (1100, 150) -> (1100, 400), 时长 0.3s
[2026-05-22 01:04:57] [DEBUG] [ShopBot] 整区 OCR 检测到 30 个文字块，4 行
[2026-05-22 01:04:57] [INFO] [ShopBot] 物品 0 (y=124-215): '货币友情点数诺诺里50可购买1次' → unknown (conf=0.00), 价格 18000, 货币 gold, 购买按钮 @ (1192, 169)
[2026-05-22 01:04:57] [INFO] [ShopBot] 物品 1 (y=268-360): '英雄绿林狮鹫奈汉库伊可购买1次' → unknown (conf=0.00), 价格 29000, 货币 gold, 购买按钮 @ (1192, 314)
[2026-05-22 01:04:57] [INFO] [ShopBot] 物品 2 (y=412-506): '装备55奥利哈钢重甲商人亚彼荷可购买1次' → equipment (conf=0.70), 价格 360000, 货币 gold, 购买按钮 @ (1192, 459)
[2026-05-22 01:04:57] [INFO] [ShopBot] 物品 3 (y=558-705): '英雄绿藻安卡拉奈汉库伊可购买1次' → unknown (conf=0.00), 价格 29000, 货币 gold, 购买按钮 @ (1192, 631)
[2026-05-22 01:04:57] [INFO] [ShopBot] 跳过物品: unknown
[2026-05-22 01:04:57] [INFO] [ShopBot] 跳过物品: unknown
[2026-05-22 01:04:57] [INFO] [ShopBot] 跳过物品: equipment
[2026-05-22 01:04:57] [INFO] [ShopBot] 跳过物品: unknown
[2026-05-22 01:04:57] [INFO] [ShopBot] 货架处理完成，共购买 0 个物品
[2026-05-22 01:04:57] [INFO] [ShopBot] 第 0 次查看，购买 0 个物品
[2026-05-22 01:04:57] [INFO] [ShopBot] 滑动 (1100, 400) -> (1100, 150), 时长 0.3s
[2026-05-22 01:05:00] [DEBUG] [ShopBot] 整区 OCR 检测到 30 个文字块，4 行
[2026-05-22 01:05:00] [INFO] [ShopBot] 物品 0 (y=154-260): '55装备奥利哈钢重甲商人亚彼荷可购买1次' → equipment (conf=0.70), 价格 360000, 货币 gold, 购买按钮 @ (1192, 207)
[2026-05-22 01:05:00] [INFO] [ShopBot] 物品 1 (y=313-405): '英雄绿藻安卡拉奈汉库伊可购买1次' → unknown (conf=0.00), 价格 29000, 货币 gold, 购买按钮 @ (1192, 359)
[2026-05-22 01:05:00] [INFO] [ShopBot] 物品 2 (y=456-550): '55装备奥利哈钢头盔商人亚彼荷可购买1次' → equipment (conf=0.70), 价格 240000, 货币 gold, 购买按钮 @ (1192, 503)
[2026-05-22 01:05:00] [INFO] [ShopBot] 物品 3 (y=602-705): '英雄蓝宝石龙奈汉库伊可购买1次' → unknown (conf=0.00), 价格 29000, 货币 gold, 购买按钮 @ (1192, 653)
[2026-05-22 01:05:00] [INFO] [ShopBot] 跳过物品: equipment
[2026-05-22 01:05:00] [INFO] [ShopBot] 跳过物品: unknown
[2026-05-22 01:05:00] [INFO] [ShopBot] 跳过物品: equipment
[2026-05-22 01:05:00] [INFO] [ShopBot] 跳过物品: unknown
[2026-05-22 01:05:00] [INFO] [ShopBot] 货架处理完成，共购买 0 个物品
[2026-05-22 01:05:00] [INFO] [ShopBot] 第 1 次查看，购买 0 个物品
[2026-05-22 01:05:00] [INFO] [ShopBot] 滑动 (1100, 400) -> (1100, 150), 时长 0.3s
[2026-05-22 01:05:02] [DEBUG] [ShopBot] 整区 OCR 检测到 30 个文字块，4 行
[2026-05-22 01:05:02] [INFO] [ShopBot] 物品 0 (y=154-260): '55装备奥利哈钢重甲商人亚彼荷可购买1次' → equipment (conf=0.70), 价格 360000, 货币 gold, 购买按钮 @ (1192, 207)
[2026-05-22 01:05:02] [INFO] [ShopBot] 物品 1 (y=313-405): '英雄绿藻安卡拉奈汉库伊可购买1次' → unknown (conf=0.00), 价格 29000, 货币 gold, 购买按钮 @ (1192, 359)
[2026-05-22 01:05:02] [INFO] [ShopBot] 物品 2 (y=456-550): '55装备奥利哈钢头盔商人亚彼荷可购买1次' → equipment (conf=0.70), 价格 240000, 货币 gold, 购买按钮 @ (1192, 503)
[2026-05-22 01:05:02] [INFO] [ShopBot] 物品 3 (y=602-705): '英雄蓝宝石龙奈汉库伊可购买1次' → unknown (conf=0.00), 价格 29000, 货币 gold, 购买按钮 @ (1192, 653)
[2026-05-22 01:05:02] [INFO] [ShopBot] 已到达货架底部（第 2 次滑动后，识别结果无变化）
[2026-05-22 01:05:02] [INFO] [ShopBot] 寻找刷新按钮（第 1 次）
[2026-05-22 01:05:03] [DEBUG] [ShopBot] 找到刷新按钮 '立即更新' 在 (268, 659)
[2026-05-22 01:05:03] [INFO] [ShopBot] 点击刷新按钮 (268, 659)
[2026-05-22 01:05:03] [INFO] [ShopBot] 点击坐标 (268, 659)
[2026-05-22 01:05:04] [INFO] [ShopBot] 检测到刷新确认弹窗，点击确认 (748, 460)
[2026-05-22 01:05:04] [INFO] [ShopBot] 点击坐标 (748, 460)
[2026-05-22 01:05:05] [INFO] [ShopBot] 等待货架加载...
[2026-05-22 01:05:06] [INFO] [ShopBot] ===== 第 55 轮 =====
[2026-05-22 01:05:06] [INFO] [ShopBot] 滑动到货架顶部...
[2026-05-22 01:05:06] [INFO] [ShopBot] 滑动 (1100, 150) -> (1100, 400), 时长 0.3s
[2026-05-22 01:05:07] [DEBUG] [ShopBot] 整区 OCR 检测到 31 个文字块，4 行
[2026-05-22 01:05:07] [INFO] [ShopBot] 物品 0 (y=124-216): '85装备深渊龙兽皮甲商人亚彼荷可购买1次' → equipment (conf=0.70), 价格 810000, 货币 gold, 购买按钮 @ (1192, 170)
[2026-05-22 01:05:07] [INFO] [ShopBot] 物品 1 (y=269-361): '英雄铁血剑兵奈汉库伊可购买1次' → equipment (conf=0.65), 价格 29000, 货币 gold, 购买按钮 @ (1192, 315)
[2026-05-22 01:05:07] [INFO] [ShopBot] 物品 2 (y=413-506): '55装备勇士的背甲头部护具商人亚彼荷可购买1次' → equipment (conf=0.70), 价格 480000, 货币 gold, 购买按钮 @ (1192, 459)
[2026-05-22 01:05:07] [INFO] [ShopBot] 物品 3 (y=558-705): '70装备蜘蛛君主的靴子商人亚彼荷可购买1次' → equipment (conf=0.70), 价格 380000, 货币 gold, 购买按钮 @ (1192, 631)
[2026-05-22 01:05:07] [INFO] [ShopBot] 跳过物品: equipment
[2026-05-22 01:05:07] [INFO] [ShopBot] 跳过物品: equipment
[2026-05-22 01:05:07] [INFO] [ShopBot] 跳过物品: equipment
[2026-05-22 01:05:07] [INFO] [ShopBot] 跳过物品: equipment
[2026-05-22 01:05:07] [INFO] [ShopBot] 货架处理完成，共购买 0 个物品
[2026-05-22 01:05:07] [INFO] [ShopBot] 第 0 次查看，购买 0 个物品
[2026-05-22 01:05:07] [INFO] [ShopBot] 滑动 (1100, 400) -> (1100, 150), 时长 0.3s
[2026-05-22 01:05:10] [DEBUG] [ShopBot] 整区 OCR 检测到 31 个文字块，4 行
[2026-05-22 01:05:10] [INFO] [ShopBot] 物品 0 (y=154-264): '55装备勇士的背甲头部护具商人亚彼荷可购买1次' → equipment (conf=0.70), 价格 480000, 货币 gold, 购买按钮 @ (1192, 209)
[2026-05-22 01:05:10] [INFO] [ShopBot] 物品 1 (y=316-410): '装备70蜘蛛君主的靴子商人亚彼荷可购买1次' → equipment (conf=0.70), 价格 380000, 货币 gold, 购买按钮 @ (1192, 363)
[2026-05-22 01:05:10] [INFO] [ShopBot] 物品 2 (y=461-555): '装备不祥的恶魔厚实重甲商人亚彼荷可购买1次' → equipment (conf=0.70), 价格 380000, 货币 gold, 购买按钮 @ (1192, 508)
[2026-05-22 01:05:10] [INFO] [ShopBot] 物品 3 (y=603-705): '55装备毒脚爪项链妮萨可购买1次' → equipment (conf=0.70), 价格 360000, 货币 gold, 购买按钮 @ (1192, 654)
[2026-05-22 01:05:10] [INFO] [ShopBot] 跳过物品: equipment
[2026-05-22 01:05:10] [INFO] [ShopBot] 跳过物品: equipment
[2026-05-22 01:05:10] [INFO] [ShopBot] 跳过物品: equipment
[2026-05-22 01:05:10] [INFO] [ShopBot] 跳过物品: equipment
[2026-05-22 01:05:10] [INFO] [ShopBot] 货架处理完成，共购买 0 个物品
[2026-05-22 01:05:10] [INFO] [ShopBot] 第 1 次查看，购买 0 个物品
[2026-05-22 01:05:10] [INFO] [ShopBot] 滑动 (1100, 400) -> (1100, 150), 时长 0.3s
[2026-05-22 01:05:12] [DEBUG] [ShopBot] 整区 OCR 检测到 30 个文字块，4 行
[2026-05-22 01:05:12] [INFO] [ShopBot] 物品 0 (y=154-260): '55装备勇士的背甲头部护具商人亚彼荷可购买1次' → equipment (conf=0.70), 价格 480000, 货币 gold, 购买按钮 @ (1192, 207)
[2026-05-22 01:05:12] [INFO] [ShopBot] 物品 1 (y=311-405): '装备蜘蛛君主的靴子商人亚彼荷可购买1次' → equipment (conf=0.70), 价格 380000, 货币 gold, 购买按钮 @ (1192, 358)
[2026-05-22 01:05:12] [INFO] [ShopBot] 物品 2 (y=456-550): '装备不祥的恶魔厚实重甲商人亚彼荷可购买1次' → equipment (conf=0.70), 价格 380000, 货币 gold, 购买按钮 @ (1192, 503)
[2026-05-22 01:05:12] [INFO] [ShopBot] 物品 3 (y=601-705): '55装备毒脚爪项链妮萨可购买1次' → equipment (conf=0.70), 价格 360000, 货币 gold, 购买按钮 @ (1192, 653)
[2026-05-22 01:05:12] [INFO] [ShopBot] 跳过物品: equipment
[2026-05-22 01:05:12] [INFO] [ShopBot] 跳过物品: equipment
[2026-05-22 01:05:12] [INFO] [ShopBot] 跳过物品: equipment
[2026-05-22 01:05:12] [INFO] [ShopBot] 跳过物品: equipment
[2026-05-22 01:05:12] [INFO] [ShopBot] 货架处理完成，共购买 0 个物品
[2026-05-22 01:05:12] [INFO] [ShopBot] 第 2 次查看，购买 0 个物品
[2026-05-22 01:05:12] [INFO] [ShopBot] 滑动 (1100, 400) -> (1100, 150), 时长 0.3s
[2026-05-22 01:05:15] [DEBUG] [ShopBot] 整区 OCR 检测到 30 个文字块，4 行
[2026-05-22 01:05:15] [INFO] [ShopBot] 物品 0 (y=154-260): '55装备勇士的背甲头部护具商人亚彼荷可购买1次' → equipment (conf=0.70), 价格 480000, 货币 gold, 购买按钮 @ (1192, 207)
[2026-05-22 01:05:15] [INFO] [ShopBot] 物品 1 (y=311-405): '装备蜘蛛君主的靴子商人亚彼荷可购买1次' → equipment (conf=0.70), 价格 380000, 货币 gold, 购买按钮 @ (1192, 358)
[2026-05-22 01:05:15] [INFO] [ShopBot] 物品 2 (y=456-550): '装备不祥的恶魔厚实重甲商人亚彼荷可购买1次' → equipment (conf=0.70), 价格 380000, 货币 gold, 购买按钮 @ (1192, 503)
[2026-05-22 01:05:15] [INFO] [ShopBot] 物品 3 (y=601-705): '55装备毒脚爪项链妮萨可购买1次' → equipment (conf=0.70), 价格 360000, 货币 gold, 购买按钮 @ (1192, 653)
[2026-05-22 01:05:15] [INFO] [ShopBot] 已到达货架底部（第 3 次滑动后，识别结果无变化）
[2026-05-22 01:05:15] [INFO] [ShopBot] 寻找刷新按钮（第 1 次）
[2026-05-22 01:05:15] [DEBUG] [ShopBot] 找到刷新按钮 '立即更新' 在 (268, 659)
[2026-05-22 01:05:15] [INFO] [ShopBot] 点击刷新按钮 (268, 659)
[2026-05-22 01:05:15] [INFO] [ShopBot] 点击坐标 (268, 659)
[2026-05-22 01:05:17] [INFO] [ShopBot] 检测到刷新确认弹窗，点击确认 (748, 460)
[2026-05-22 01:05:17] [INFO] [ShopBot] 点击坐标 (748, 460)
[2026-05-22 01:05:18] [INFO] [ShopBot] 等待货架加载...
[2026-05-22 01:05:19] [INFO] [ShopBot] ===== 第 56 轮 =====
[2026-05-22 01:05:19] [INFO] [ShopBot] 滑动到货架顶部...
[2026-05-22 01:05:19] [INFO] [ShopBot] 滑动 (1100, 150) -> (1100, 400), 时长 0.3s
[2026-05-22 01:05:20] [DEBUG] [ShopBot] 整区 OCR 检测到 28 个文字块，5 行
[2026-05-22 01:05:20] [INFO] [ShopBot] 物品 0 (y=122-213): '装备破灭精髓长袍商人亚彼荷可购买1次' → equipment (conf=0.70), 价格 560000, 货币 gold, 购买按钮 @ (1192, 167)
[2026-05-22 01:05:20] [INFO] [ShopBot] 物品 1 (y=266-358): '英雄守护龙族士兵奈汉库伊可购买1次' → unknown (conf=0.00), 价格 29000, 货币 gold, 购买按钮 @ (1192, 312)
[2026-05-22 01:05:20] [INFO] [ShopBot] 物品 2 (y=411-503): '英雄红玉奥拉奈汉库伊可购买1次' → unknown (conf=0.00), 价格 29000, 货币 gold, 购买按钮 @ (1192, 457)
[2026-05-22 01:05:20] [INFO] [ShopBot] 物品 3 (y=556-648): '英雄雪原安卡拉奈汉库伊可购买1次' → unknown (conf=0.00), 价格 29000, 货币 gold, 购买按钮 @ (1192, 602)
[2026-05-22 01:05:20] [INFO] [ShopBot] 物品 4 (y=650-705): '' → unknown (conf=0.00), 价格 0, 货币 gold, 购买按钮 @ (1192, 677)
[2026-05-22 01:05:20] [INFO] [ShopBot] 跳过物品: equipment
[2026-05-22 01:05:20] [INFO] [ShopBot] 跳过物品: unknown
[2026-05-22 01:05:20] [INFO] [ShopBot] 跳过物品: unknown
[2026-05-22 01:05:20] [INFO] [ShopBot] 跳过物品: unknown
[2026-05-22 01:05:20] [INFO] [ShopBot] 跳过物品: unknown
[2026-05-22 01:05:20] [INFO] [ShopBot] 货架处理完成，共购买 0 个物品
[2026-05-22 01:05:20] [INFO] [ShopBot] 第 0 次查看，购买 0 个物品
[2026-05-22 01:05:20] [INFO] [ShopBot] 滑动 (1100, 400) -> (1100, 150), 时长 0.3s
[2026-05-22 01:05:22] [DEBUG] [ShopBot] 整区 OCR 检测到 32 个文字块，5 行
[2026-05-22 01:05:22] [INFO] [ShopBot] 物品 0 (y=80-127): '奈汉库伊可购买1次' → unknown (conf=0.00), 价格 0, 货币 gold, 购买按钮 @ (1192, 103)
[2026-05-22 01:05:22] [INFO] [ShopBot] 物品 1 (y=180-272): '英雄红玉奥拉奈汉库伊可购买1次' → unknown (conf=0.00), 价格 29000, 货币 gold, 购买按钮 @ (1192, 226)
[2026-05-22 01:05:22] [INFO] [ShopBot] 物品 2 (y=325-417): '英雄雪原安卡拉奈汉库伊可购买1次' → unknown (conf=0.00), 价格 29000, 货币 gold, 购买按钮 @ (1192, 371)
[2026-05-22 01:05:22] [INFO] [ShopBot] 物品 3 (y=469-563): '装备灿烂精髓王冠可购买1次商人亚彼荷' → equipment (conf=0.70), 价格 480000, 货币 gold, 购买按钮 @ (1192, 516)
[2026-05-22 01:05:22] [INFO] [ShopBot] 物品 4 (y=603-705): '英雄组织上级信徒奈汉库伊可购买1次' → unknown (conf=0.00), 价格 29000, 货币 gold, 购买按钮 @ (1192, 654)
[2026-05-22 01:05:22] [INFO] [ShopBot] 跳过物品: unknown
[2026-05-22 01:05:22] [INFO] [ShopBot] 跳过物品: unknown
[2026-05-22 01:05:22] [INFO] [ShopBot] 跳过物品: unknown
[2026-05-22 01:05:22] [INFO] [ShopBot] 跳过物品: equipment
[2026-05-22 01:05:22] [INFO] [ShopBot] 跳过物品: unknown
[2026-05-22 01:05:22] [INFO] [ShopBot] 货架处理完成，共购买 0 个物品
[2026-05-22 01:05:22] [INFO] [ShopBot] 第 1 次查看，购买 0 个物品
[2026-05-22 01:05:22] [INFO] [ShopBot] 滑动 (1100, 400) -> (1100, 150), 时长 0.3s
[2026-05-22 01:05:25] [DEBUG] [ShopBot] 整区 OCR 检测到 29 个文字块，4 行
[2026-05-22 01:05:25] [INFO] [ShopBot] 物品 0 (y=154-259): '英雄红玉奥拉奈汉库伊可购买1次' → unknown (conf=0.00), 价格 29000, 货币 gold, 购买按钮 @ (1192, 206)
[2026-05-22 01:05:25] [INFO] [ShopBot] 物品 1 (y=313-405): '英雄雪原安卡拉奈汉库伊可购买1次' → unknown (conf=0.00), 价格 29000, 货币 gold, 购买按钮 @ (1192, 359)
[2026-05-22 01:05:25] [INFO] [ShopBot] 物品 2 (y=456-550): '55装备灿烂精髓王冠商人亚彼荷可购买1次' → equipment (conf=0.70), 价格 480000, 货币 gold, 购买按钮 @ (1192, 503)
[2026-05-22 01:05:25] [INFO] [ShopBot] 物品 3 (y=602-705): '英雄组织上级信徒奈汉库伊可购买1次' → unknown (conf=0.00), 价格 29000, 货币 gold, 购买按钮 @ (1192, 653)
[2026-05-22 01:05:25] [INFO] [ShopBot] 跳过物品: unknown
[2026-05-22 01:05:25] [INFO] [ShopBot] 跳过物品: unknown
[2026-05-22 01:05:25] [INFO] [ShopBot] 跳过物品: equipment
[2026-05-22 01:05:25] [INFO] [ShopBot] 跳过物品: unknown
[2026-05-22 01:05:25] [INFO] [ShopBot] 货架处理完成，共购买 0 个物品
[2026-05-22 01:05:25] [INFO] [ShopBot] 第 2 次查看，购买 0 个物品
[2026-05-22 01:05:25] [INFO] [ShopBot] 滑动 (1100, 400) -> (1100, 150), 时长 0.3s
[2026-05-22 01:05:27] [DEBUG] [ShopBot] 整区 OCR 检测到 29 个文字块，4 行
[2026-05-22 01:05:27] [INFO] [ShopBot] 物品 0 (y=154-259): '英雄红玉奥拉奈汉库伊可购买1次' → unknown (conf=0.00), 价格 29000, 货币 gold, 购买按钮 @ (1192, 206)
[2026-05-22 01:05:27] [INFO] [ShopBot] 物品 1 (y=313-405): '英雄雪原安卡拉奈汉库伊可购买1次' → unknown (conf=0.00), 价格 29000, 货币 gold, 购买按钮 @ (1192, 359)
[2026-05-22 01:05:27] [INFO] [ShopBot] 物品 2 (y=456-550): '55装备灿烂精髓王冠商人亚彼荷可购买1次' → equipment (conf=0.70), 价格 480000, 货币 gold, 购买按钮 @ (1192, 503)
[2026-05-22 01:05:27] [INFO] [ShopBot] 物品 3 (y=602-705): '英雄组织上级信徒奈汉库伊可购买1次' → unknown (conf=0.00), 价格 29000, 货币 gold, 购买按钮 @ (1192, 653)
[2026-05-22 01:05:27] [INFO] [ShopBot] 已到达货架底部（第 3 次滑动后，识别结果无变化）
[2026-05-22 01:05:27] [INFO] [ShopBot] 寻找刷新按钮（第 1 次）
[2026-05-22 01:05:27] [DEBUG] [ShopBot] 找到刷新按钮 '立即更新' 在 (268, 659)
[2026-05-22 01:05:27] [INFO] [ShopBot] 点击刷新按钮 (268, 659)
[2026-05-22 01:05:27] [INFO] [ShopBot] 点击坐标 (268, 659)
[2026-05-22 01:05:29] [INFO] [ShopBot] 检测到刷新确认弹窗，点击确认 (748, 460)
[2026-05-22 01:05:29] [INFO] [ShopBot] 点击坐标 (748, 460)
[2026-05-22 01:05:29] [INFO] [ShopBot] 等待货架加载...
[2026-05-22 01:05:30] [INFO] [ShopBot] ===== 第 57 轮 =====
[2026-05-22 01:05:30] [INFO] [ShopBot] 滑动到货架顶部...
[2026-05-22 01:05:30] [INFO] [ShopBot] 滑动 (1100, 150) -> (1100, 400), 时长 0.3s
[2026-05-22 01:05:32] [DEBUG] [ShopBot] 整区 OCR 检测到 29 个文字块，5 行
[2026-05-22 01:05:32] [INFO] [ShopBot] 物品 0 (y=120-212): '货币友情点数诺诺里50可购买1次' → unknown (conf=0.00), 价格 18000, 货币 gold, 购买按钮 @ (1192, 166)
[2026-05-22 01:05:32] [INFO] [ShopBot] 物品 1 (y=264-356): '英雄追踪队枪炮奈汉库伊可购买1次' → unknown (conf=0.00), 价格 29000, 货币 gold, 购买按钮 @ (1192, 310)
[2026-05-22 01:05:32] [INFO] [ShopBot] 物品 2 (y=408-502): '85装备暗黑钢铁脖围可购买1次' → equipment (conf=0.70), 价格 810000, 货币 gold, 购买按钮 @ (1192, 455)
[2026-05-22 01:05:32] [INFO] [ShopBot] 物品 3 (y=554-647): '英雄雷逢朵斯寒气魔法师奈汉库伊可购买1次' → unknown (conf=0.00), 价格 29000, 货币 gold, 购买按钮 @ (1192, 600)
[2026-05-22 01:05:32] [INFO] [ShopBot] 物品 4 (y=648-705): '' → unknown (conf=0.00), 价格 0, 货币 gold, 购买按钮 @ (1192, 676)
[2026-05-22 01:05:32] [INFO] [ShopBot] 跳过物品: unknown
[2026-05-22 01:05:32] [INFO] [ShopBot] 跳过物品: unknown
[2026-05-22 01:05:32] [INFO] [ShopBot] 跳过物品: equipment
[2026-05-22 01:05:32] [INFO] [ShopBot] 跳过物品: unknown
[2026-05-22 01:05:32] [INFO] [ShopBot] 跳过物品: unknown
[2026-05-22 01:05:32] [INFO] [ShopBot] 货架处理完成，共购买 0 个物品
[2026-05-22 01:05:32] [INFO] [ShopBot] 第 0 次查看，购买 0 个物品
[2026-05-22 01:05:32] [INFO] [ShopBot] 滑动 (1100, 400) -> (1100, 150), 时长 0.3s
[2026-05-22 01:05:35] [DEBUG] [ShopBot] 整区 OCR 检测到 29 个文字块，4 行
[2026-05-22 01:05:35] [INFO] [ShopBot] 物品 0 (y=154-260): '85装备暗黑钢铁脖围妮萨可购买1次' → equipment (conf=0.70), 价格 810000, 货币 gold, 购买按钮 @ (1192, 207)
[2026-05-22 01:05:35] [INFO] [ShopBot] 物品 1 (y=313-405): '英雄雷逢朵斯寒气魔法师奈汉库伊可购买1次' → unknown (conf=0.00), 价格 29000, 货币 gold, 购买按钮 @ (1192, 359)
[2026-05-22 01:05:35] [INFO] [ShopBot] 物品 2 (y=458-550): '英雄罗奇斯精锐兵奈汉库伊可购买1次' → unknown (conf=0.00), 价格 29000, 货币 gold, 购买按钮 @ (1192, 504)
[2026-05-22 01:05:35] [INFO] [ShopBot] 物品 3 (y=595-705): '英雄罗奇斯劳动者奈汉库伊可购买1次' → unknown (conf=0.00), 价格 29000, 货币 gold, 购买按钮 @ (1192, 650)
[2026-05-22 01:05:35] [INFO] [ShopBot] 跳过物品: equipment
[2026-05-22 01:05:35] [INFO] [ShopBot] 跳过物品: unknown
[2026-05-22 01:05:35] [INFO] [ShopBot] 跳过物品: unknown
[2026-05-22 01:05:35] [INFO] [ShopBot] 跳过物品: unknown
[2026-05-22 01:05:35] [INFO] [ShopBot] 货架处理完成，共购买 0 个物品
[2026-05-22 01:05:35] [INFO] [ShopBot] 第 1 次查看，购买 0 个物品
[2026-05-22 01:05:35] [INFO] [ShopBot] 滑动 (1100, 400) -> (1100, 150), 时长 0.3s
[2026-05-22 01:05:37] [DEBUG] [ShopBot] 整区 OCR 检测到 29 个文字块，4 行
[2026-05-22 01:05:37] [INFO] [ShopBot] 物品 0 (y=154-260): '85装备暗黑钢铁脖围妮萨可购买1次' → equipment (conf=0.70), 价格 810000, 货币 gold, 购买按钮 @ (1192, 207)
[2026-05-22 01:05:37] [INFO] [ShopBot] 物品 1 (y=313-405): '英雄雷逢朵斯寒气魔法师奈汉库伊可购买1次' → unknown (conf=0.00), 价格 29000, 货币 gold, 购买按钮 @ (1192, 359)
[2026-05-22 01:05:37] [INFO] [ShopBot] 物品 2 (y=457-550): '英雄罗奇斯精锐兵奈汉库伊可购买1次' → unknown (conf=0.00), 价格 29000, 货币 gold, 购买按钮 @ (1192, 503)
[2026-05-22 01:05:37] [INFO] [ShopBot] 物品 3 (y=602-705): '英雄罗奇斯劳动者奈汉库伊可购买1次' → unknown (conf=0.00), 价格 29000, 货币 gold, 购买按钮 @ (1192, 653)
[2026-05-22 01:05:37] [INFO] [ShopBot] 已到达货架底部（第 2 次滑动后，识别结果无变化）
[2026-05-22 01:05:37] [INFO] [ShopBot] 寻找刷新按钮（第 1 次）
[2026-05-22 01:05:37] [DEBUG] [ShopBot] 找到刷新按钮 '立即更新' 在 (268, 659)
[2026-05-22 01:05:37] [INFO] [ShopBot] 点击刷新按钮 (268, 659)
[2026-05-22 01:05:37] [INFO] [ShopBot] 点击坐标 (268, 659)
[2026-05-22 01:05:39] [INFO] [ShopBot] 检测到刷新确认弹窗，点击确认 (748, 460)
[2026-05-22 01:05:39] [INFO] [ShopBot] 点击坐标 (748, 460)
[2026-05-22 01:05:39] [INFO] [ShopBot] 等待货架加载...
[2026-05-22 01:05:40] [INFO] [ShopBot] ===== 第 58 轮 =====
[2026-05-22 01:05:40] [INFO] [ShopBot] 滑动到货架顶部...
[2026-05-22 01:05:40] [INFO] [ShopBot] 滑动 (1100, 150) -> (1100, 400), 时长 0.3s
[2026-05-22 01:05:42] [DEBUG] [ShopBot] 整区 OCR 检测到 31 个文字块，4 行
[2026-05-22 01:05:42] [INFO] [ShopBot] 物品 0 (y=124-215): '70装备不祥的恶魔之双刃剑商人亚彼荷可购买1次' → equipment (conf=0.70), 价格 560000, 货币 gold, 购买按钮 @ (1192, 169)
[2026-05-22 01:05:42] [INFO] [ShopBot] 物品 1 (y=268-360): '英雄史嘉雷小恶魔奈汉库伊可购买1次' → unknown (conf=0.00), 价格 29000, 货币 gold, 购买按钮 @ (1192, 314)
[2026-05-22 01:05:42] [INFO] [ShopBot] 物品 2 (y=412-506): '装备55奥利哈钢重甲商人亚彼荷可购买1次' → equipment (conf=0.70), 价格 240000, 货币 gold, 购买按钮 @ (1192, 459)
[2026-05-22 01:05:42] [INFO] [ShopBot] 物品 3 (y=557-705): '55装备精巧的恶魔之剑商人亚彼荷可购买1次' → equipment (conf=0.70), 价格 240000, 货币 gold, 购买按钮 @ (1192, 631)
[2026-05-22 01:05:42] [INFO] [ShopBot] 跳过物品: equipment
[2026-05-22 01:05:42] [INFO] [ShopBot] 跳过物品: unknown
[2026-05-22 01:05:42] [INFO] [ShopBot] 跳过物品: equipment
[2026-05-22 01:05:42] [INFO] [ShopBot] 跳过物品: equipment
[2026-05-22 01:05:42] [INFO] [ShopBot] 货架处理完成，共购买 0 个物品
[2026-05-22 01:05:42] [INFO] [ShopBot] 第 0 次查看，购买 0 个物品
[2026-05-22 01:05:42] [INFO] [ShopBot] 滑动 (1100, 400) -> (1100, 150), 时长 0.3s
[2026-05-22 01:05:44] [DEBUG] [ShopBot] 整区 OCR 检测到 31 个文字块，4 行
[2026-05-22 01:05:44] [INFO] [ShopBot] 物品 0 (y=154-260): '55装备奥利哈钢重甲商人亚彼荷可购买1次' → equipment (conf=0.70), 价格 240000, 货币 gold, 购买按钮 @ (1192, 207)
[2026-05-22 01:05:44] [INFO] [ShopBot] 物品 1 (y=311-405): '55装备精巧的恶魔之剑商人亚彼荷可购买1次' → equipment (conf=0.70), 价格 240000, 货币 gold, 购买按钮 @ (1192, 358)
[2026-05-22 01:05:44] [INFO] [ShopBot] 物品 2 (y=456-550): '货币友情点数诺诺里50可购买1次' → unknown (conf=0.00), 价格 18000, 货币 gold, 购买按钮 @ (1192, 503)
[2026-05-22 01:05:44] [INFO] [ShopBot] 物品 3 (y=602-705): '英雄霜风席尔巴奈汉库伊可购买1次' → unknown (conf=0.00), 价格 29000, 货币 gold, 购买按钮 @ (1192, 653)
[2026-05-22 01:05:44] [INFO] [ShopBot] 跳过物品: equipment
[2026-05-22 01:05:44] [INFO] [ShopBot] 跳过物品: equipment
[2026-05-22 01:05:44] [INFO] [ShopBot] 跳过物品: unknown
[2026-05-22 01:05:44] [INFO] [ShopBot] 跳过物品: unknown
[2026-05-22 01:05:44] [INFO] [ShopBot] 货架处理完成，共购买 0 个物品
[2026-05-22 01:05:44] [INFO] [ShopBot] 第 1 次查看，购买 0 个物品
[2026-05-22 01:05:44] [INFO] [ShopBot] 滑动 (1100, 400) -> (1100, 150), 时长 0.3s
[2026-05-22 01:05:46] [DEBUG] [ShopBot] 整区 OCR 检测到 31 个文字块，4 行
[2026-05-22 01:05:46] [INFO] [ShopBot] 物品 0 (y=154-260): '55装备奥利哈钢重甲商人亚彼荷可购买1次' → equipment (conf=0.70), 价格 240000, 货币 gold, 购买按钮 @ (1192, 207)
[2026-05-22 01:05:46] [INFO] [ShopBot] 物品 1 (y=311-405): '55装备精巧的恶魔之剑商人亚彼荷可购买1次' → equipment (conf=0.70), 价格 240000, 货币 gold, 购买按钮 @ (1192, 358)
[2026-05-22 01:05:46] [INFO] [ShopBot] 物品 2 (y=456-550): '货币友情点数诺诺里50可购买1次' → unknown (conf=0.00), 价格 18000, 货币 gold, 购买按钮 @ (1192, 503)
[2026-05-22 01:05:46] [INFO] [ShopBot] 物品 3 (y=602-705): '英雄霜风席尔巴奈汉库伊可购买1次' → unknown (conf=0.00), 价格 29000, 货币 gold, 购买按钮 @ (1192, 653)
[2026-05-22 01:05:46] [INFO] [ShopBot] 已到达货架底部（第 2 次滑动后，识别结果无变化）
[2026-05-22 01:05:46] [INFO] [ShopBot] 寻找刷新按钮（第 1 次）
[2026-05-22 01:05:47] [DEBUG] [ShopBot] 找到刷新按钮 '立即更新' 在 (268, 659)
[2026-05-22 01:05:47] [INFO] [ShopBot] 点击刷新按钮 (268, 659)
[2026-05-22 01:05:47] [INFO] [ShopBot] 点击坐标 (268, 659)
[2026-05-22 01:05:48] [INFO] [ShopBot] 检测到刷新确认弹窗，点击确认 (748, 459)
[2026-05-22 01:05:48] [INFO] [ShopBot] 点击坐标 (748, 459)
[2026-05-22 01:05:49] [INFO] [ShopBot] 等待货架加载...
[2026-05-22 01:05:50] [INFO] [ShopBot] ===== 第 59 轮 =====
[2026-05-22 01:05:50] [INFO] [ShopBot] 滑动到货架顶部...
[2026-05-22 01:05:50] [INFO] [ShopBot] 滑动 (1100, 150) -> (1100, 400), 时长 0.3s
[2026-05-22 01:05:51] [DEBUG] [ShopBot] 整区 OCR 检测到 30 个文字块，4 行
[2026-05-22 01:05:51] [INFO] [ShopBot] 物品 0 (y=124-215): '英雄提雷尔矛兵奈汉库伊可购买1次' → equipment (conf=0.65), 价格 29000, 货币 gold, 购买按钮 @ (1192, 169)
[2026-05-22 01:05:51] [INFO] [ShopBot] 物品 1 (y=268-361): '70装备泰拉重甲商人亚彼荷可购买1次' → equipment (conf=0.70), 价格 380000, 货币 gold, 购买按钮 @ (1192, 314)
[2026-05-22 01:05:51] [INFO] [ShopBot] 物品 2 (y=414-505): '英雄寒冰普纽洛奈汉库伊可购买1次' → unknown (conf=0.00), 价格 29000, 货币 gold, 购买按钮 @ (1192, 459)
[2026-05-22 01:05:51] [INFO] [ShopBot] 物品 3 (y=558-705): '55装备勇士的背甲靴子商人亚彼荷可购买1次' → equipment (conf=0.70), 价格 360000, 货币 gold, 购买按钮 @ (1192, 631)
[2026-05-22 01:05:51] [INFO] [ShopBot] 跳过物品: equipment
[2026-05-22 01:05:51] [INFO] [ShopBot] 跳过物品: equipment
[2026-05-22 01:05:51] [INFO] [ShopBot] 跳过物品: unknown
[2026-05-22 01:05:51] [INFO] [ShopBot] 跳过物品: equipment
[2026-05-22 01:05:51] [INFO] [ShopBot] 货架处理完成，共购买 0 个物品
[2026-05-22 01:05:51] [INFO] [ShopBot] 第 0 次查看，购买 0 个物品
[2026-05-22 01:05:51] [INFO] [ShopBot] 滑动 (1100, 400) -> (1100, 150), 时长 0.3s
[2026-05-22 01:05:53] [DEBUG] [ShopBot] 整区 OCR 检测到 35 个文字块，5 行
[2026-05-22 01:05:53] [INFO] [ShopBot] 物品 0 (y=80-130): '泰拉商人亚彼荷可购买1次' → unknown (conf=0.00), 价格 0, 货币 gold, 购买按钮 @ (1192, 105)
[2026-05-22 01:05:53] [INFO] [ShopBot] 物品 1 (y=184-276): '英雄寒冰普纽洛奈汉库伊可购买1次' → unknown (conf=0.00), 价格 29000, 货币 gold, 购买按钮 @ (1192, 230)
[2026-05-22 01:05:53] [INFO] [ShopBot] 物品 2 (y=328-421): '55装备勇士的背甲靴子商人亚彼荷可购买1次' → equipment (conf=0.70), 价格 360000, 货币 gold, 购买按钮 @ (1192, 374)
[2026-05-22 01:05:53] [INFO] [ShopBot] 物品 3 (y=474-566): '英雄罗奇斯利爪兵奈汉库伊可购买1次' → unknown (conf=0.00), 价格 29000, 货币 gold, 购买按钮 @ (1192, 520)
[2026-05-22 01:05:53] [INFO] [ShopBot] 物品 4 (y=603-705): '70装备破灭精髓宝珠亚彼荷可购买1次' → equipment (conf=0.70), 价格 380000, 货币 gold, 购买按钮 @ (1192, 654)
[2026-05-22 01:05:53] [INFO] [ShopBot] 跳过物品: unknown
[2026-05-22 01:05:53] [INFO] [ShopBot] 跳过物品: unknown
[2026-05-22 01:05:53] [INFO] [ShopBot] 跳过物品: equipment
[2026-05-22 01:05:53] [INFO] [ShopBot] 跳过物品: unknown
[2026-05-22 01:05:53] [INFO] [ShopBot] 跳过物品: equipment
[2026-05-22 01:05:53] [INFO] [ShopBot] 货架处理完成，共购买 0 个物品
[2026-05-22 01:05:53] [INFO] [ShopBot] 第 1 次查看，购买 0 个物品
[2026-05-22 01:05:53] [INFO] [ShopBot] 滑动 (1100, 400) -> (1100, 150), 时长 0.3s
[2026-05-22 01:05:56] [DEBUG] [ShopBot] 整区 OCR 检测到 30 个文字块，4 行
[2026-05-22 01:05:56] [INFO] [ShopBot] 物品 0 (y=154-259): '英雄寒冰普纽洛奈汉库伊可购买1次' → unknown (conf=0.00), 价格 29000, 货币 gold, 购买按钮 @ (1192, 206)
[2026-05-22 01:05:56] [INFO] [ShopBot] 物品 1 (y=311-405): '55装备勇士的背甲靴子商人亚彼荷可购买1次' → equipment (conf=0.70), 价格 360000, 货币 gold, 购买按钮 @ (1192, 358)
[2026-05-22 01:05:56] [INFO] [ShopBot] 物品 2 (y=457-550): '英雄罗奇斯利爪兵奈汉库伊可购买1次' → unknown (conf=0.00), 价格 29000, 货币 gold, 购买按钮 @ (1192, 503)
[2026-05-22 01:05:56] [INFO] [ShopBot] 物品 3 (y=601-705): '70装备破灭精髓宝珠商人亚彼荷可购买1次' → equipment (conf=0.70), 价格 380000, 货币 gold, 购买按钮 @ (1192, 653)
[2026-05-22 01:05:56] [INFO] [ShopBot] 跳过物品: unknown
[2026-05-22 01:05:56] [INFO] [ShopBot] 跳过物品: equipment
[2026-05-22 01:05:56] [INFO] [ShopBot] 跳过物品: unknown
[2026-05-22 01:05:56] [INFO] [ShopBot] 跳过物品: equipment
[2026-05-22 01:05:56] [INFO] [ShopBot] 货架处理完成，共购买 0 个物品
[2026-05-22 01:05:56] [INFO] [ShopBot] 第 2 次查看，购买 0 个物品
[2026-05-22 01:05:56] [INFO] [ShopBot] 滑动 (1100, 400) -> (1100, 150), 时长 0.3s
[2026-05-22 01:05:58] [DEBUG] [ShopBot] 整区 OCR 检测到 30 个文字块，4 行
[2026-05-22 01:05:58] [INFO] [ShopBot] 物品 0 (y=154-259): '英雄寒冰普纽洛奈汉库伊可购买1次' → unknown (conf=0.00), 价格 29000, 货币 gold, 购买按钮 @ (1192, 206)
[2026-05-22 01:05:58] [INFO] [ShopBot] 物品 1 (y=311-405): '55装备勇士的背甲靴子商人亚彼荷可购买1次' → equipment (conf=0.70), 价格 360000, 货币 gold, 购买按钮 @ (1192, 358)
[2026-05-22 01:05:58] [INFO] [ShopBot] 物品 2 (y=458-550): '英雄罗奇斯利爪兵奈汉库伊可购买1次' → unknown (conf=0.00), 价格 29000, 货币 gold, 购买按钮 @ (1192, 504)
[2026-05-22 01:05:58] [INFO] [ShopBot] 物品 3 (y=601-705): '70装备破灭精髓宝珠商人亚彼荷可购买1次' → equipment (conf=0.70), 价格 380000, 货币 gold, 购买按钮 @ (1192, 653)
[2026-05-22 01:05:58] [INFO] [ShopBot] 已到达货架底部（第 3 次滑动后，识别结果无变化）
[2026-05-22 01:05:58] [INFO] [ShopBot] 寻找刷新按钮（第 1 次）
[2026-05-22 01:05:58] [DEBUG] [ShopBot] 找到刷新按钮 '立即更新' 在 (268, 659)
[2026-05-22 01:05:58] [INFO] [ShopBot] 点击刷新按钮 (268, 659)
[2026-05-22 01:05:58] [INFO] [ShopBot] 点击坐标 (268, 659)
[2026-05-22 01:06:00] [INFO] [ShopBot] 检测到刷新确认弹窗，点击确认 (748, 460)
[2026-05-22 01:06:00] [INFO] [ShopBot] 点击坐标 (748, 460)
[2026-05-22 01:06:00] [INFO] [ShopBot] 等待货架加载...
[2026-05-22 01:06:01] [INFO] [ShopBot] ===== 第 60 轮 =====
[2026-05-22 01:06:01] [INFO] [ShopBot] 滑动到货架顶部...
[2026-05-22 01:06:01] [INFO] [ShopBot] 滑动 (1100, 150) -> (1100, 400), 时长 0.3s
[2026-05-22 01:06:03] [DEBUG] [ShopBot] 整区 OCR 检测到 31 个文字块，4 行
[2026-05-22 01:06:03] [INFO] [ShopBot] 物品 0 (y=123-215): '货币友情点数诺诺里50可购买1次' → unknown (conf=0.00), 价格 18000, 货币 gold, 购买按钮 @ (1192, 169)
[2026-05-22 01:06:03] [INFO] [ShopBot] 物品 1 (y=267-360): '70装备魔力龙兽靴子商人亚彼荷可购买1次' → equipment (conf=0.70), 价格 560000, 货币 gold, 购买按钮 @ (1192, 313)
[2026-05-22 01:06:03] [INFO] [ShopBot] 物品 2 (y=413-505): '英雄因佩提欧枪炮奈汉库伊可购买1次' → unknown (conf=0.00), 价格 29000, 货币 gold, 购买按钮 @ (1192, 459)
[2026-05-22 01:06:03] [INFO] [ShopBot] 物品 3 (y=557-705): '装备85深渊龙兽骨刃剑商人亚彼荷可购买1次' → equipment (conf=0.70), 价格 810000, 货币 gold, 购买按钮 @ (1192, 631)
[2026-05-22 01:06:03] [INFO] [ShopBot] 跳过物品: unknown
[2026-05-22 01:06:03] [INFO] [ShopBot] 跳过物品: equipment
[2026-05-22 01:06:03] [INFO] [ShopBot] 跳过物品: unknown
[2026-05-22 01:06:03] [INFO] [ShopBot] 跳过物品: equipment
[2026-05-22 01:06:03] [INFO] [ShopBot] 货架处理完成，共购买 0 个物品
[2026-05-22 01:06:03] [INFO] [ShopBot] 第 0 次查看，购买 0 个物品
[2026-05-22 01:06:03] [INFO] [ShopBot] 滑动 (1100, 400) -> (1100, 150), 时长 0.3s
[2026-05-22 01:06:05] [DEBUG] [ShopBot] 整区 OCR 检测到 29 个文字块，4 行
[2026-05-22 01:06:05] [INFO] [ShopBot] 物品 0 (y=154-259): '英雄因佩提欧枪炮奈汉库伊可购买1次' → unknown (conf=0.00), 价格 29000, 货币 gold, 购买按钮 @ (1192, 206)
[2026-05-22 01:06:05] [INFO] [ShopBot] 物品 1 (y=311-405): '85装备深渊龙兽骨刃剑商人亚彼荷可购买1次' → equipment (conf=0.70), 价格 810000, 货币 gold, 购买按钮 @ (1192, 358)
[2026-05-22 01:06:05] [INFO] [ShopBot] 物品 2 (y=456-550): '55装备蓝宝石项链可购买1次' → equipment (conf=0.70), 价格 360000, 货币 gold, 购买按钮 @ (1192, 503)
[2026-05-22 01:06:05] [INFO] [ShopBot] 物品 3 (y=602-705): '英雄大海鲍特奈汉库伊可购买1次' → unknown (conf=0.00), 价格 29000, 货币 gold, 购买按钮 @ (1192, 653)
[2026-05-22 01:06:05] [INFO] [ShopBot] 跳过物品: unknown
[2026-05-22 01:06:05] [INFO] [ShopBot] 跳过物品: equipment
[2026-05-22 01:06:05] [INFO] [ShopBot] 跳过物品: equipment
[2026-05-22 01:06:05] [INFO] [ShopBot] 跳过物品: unknown
[2026-05-22 01:06:05] [INFO] [ShopBot] 货架处理完成，共购买 0 个物品
[2026-05-22 01:06:05] [INFO] [ShopBot] 第 1 次查看，购买 0 个物品
[2026-05-22 01:06:05] [INFO] [ShopBot] 滑动 (1100, 400) -> (1100, 150), 时长 0.3s
[2026-05-22 01:06:07] [DEBUG] [ShopBot] 整区 OCR 检测到 29 个文字块，4 行
[2026-05-22 01:06:07] [INFO] [ShopBot] 物品 0 (y=154-259): '英雄因佩提欧枪炮奈汉库伊可购买1次' → unknown (conf=0.00), 价格 29000, 货币 gold, 购买按钮 @ (1192, 206)
[2026-05-22 01:06:07] [INFO] [ShopBot] 物品 1 (y=311-405): '85装备深渊龙兽骨刃剑商人亚彼荷可购买1次' → equipment (conf=0.70), 价格 810000, 货币 gold, 购买按钮 @ (1192, 358)
[2026-05-22 01:06:07] [INFO] [ShopBot] 物品 2 (y=456-550): '55装备蓝宝石项链可购买1次' → equipment (conf=0.70), 价格 360000, 货币 gold, 购买按钮 @ (1192, 503)
[2026-05-22 01:06:07] [INFO] [ShopBot] 物品 3 (y=602-705): '英雄大海鲍特奈汉库伊可购买1次' → unknown (conf=0.00), 价格 29000, 货币 gold, 购买按钮 @ (1192, 653)
[2026-05-22 01:06:07] [INFO] [ShopBot] 已到达货架底部（第 2 次滑动后，识别结果无变化）
[2026-05-22 01:06:07] [INFO] [ShopBot] 寻找刷新按钮（第 1 次）
[2026-05-22 01:06:08] [DEBUG] [ShopBot] 找到刷新按钮 '立即更新' 在 (268, 659)
[2026-05-22 01:06:08] [INFO] [ShopBot] 点击刷新按钮 (268, 659)
[2026-05-22 01:06:08] [INFO] [ShopBot] 点击坐标 (268, 659)
[2026-05-22 01:06:09] [INFO] [ShopBot] 检测到刷新确认弹窗，点击确认 (748, 460)
[2026-05-22 01:06:09] [INFO] [ShopBot] 点击坐标 (748, 460)
[2026-05-22 01:06:10] [INFO] [ShopBot] 等待货架加载...
[2026-05-22 01:06:11] [INFO] [ShopBot] ===== 第 61 轮 =====
[2026-05-22 01:06:11] [INFO] [ShopBot] 滑动到货架顶部...
[2026-05-22 01:06:11] [INFO] [ShopBot] 滑动 (1100, 150) -> (1100, 400), 时长 0.3s
[2026-05-22 01:06:12] [DEBUG] [ShopBot] 整区 OCR 检测到 31 个文字块，5 行
[2026-05-22 01:06:12] [INFO] [ShopBot] 物品 0 (y=122-214): '55装备灿烂精髓王冠商人亚彼荷可购买1次' → equipment (conf=0.70), 价格 240000, 货币 gold, 购买按钮 @ (1192, 168)
[2026-05-22 01:06:12] [INFO] [ShopBot] 物品 1 (y=265-359): '55装备奥利哈钢靴子商人亚彼荷可购买1次' → equipment (conf=0.70), 价格 360000, 货币 gold, 购买按钮 @ (1192, 312)
[2026-05-22 01:06:12] [INFO] [ShopBot] 物品 2 (y=410-504): '85装备地狱破灭精髓王冠商人亚彼荷可购买1次' → equipment (conf=0.70), 价格 540000, 货币 gold, 购买按钮 @ (1192, 457)
[2026-05-22 01:06:12] [INFO] [ShopBot] 物品 3 (y=556-649): '英雄钟乳石陆龟奈汉库伊可购买1次' → unknown (conf=0.00), 价格 29000, 货币 gold, 购买按钮 @ (1192, 602)
[2026-05-22 01:06:12] [INFO] [ShopBot] 物品 4 (y=650-705): '' → unknown (conf=0.00), 价格 0, 货币 gold, 购买按钮 @ (1192, 677)
[2026-05-22 01:06:12] [INFO] [ShopBot] 跳过物品: equipment
[2026-05-22 01:06:12] [INFO] [ShopBot] 跳过物品: equipment
[2026-05-22 01:06:12] [INFO] [ShopBot] 跳过物品: equipment
[2026-05-22 01:06:12] [INFO] [ShopBot] 跳过物品: unknown
[2026-05-22 01:06:12] [INFO] [ShopBot] 跳过物品: unknown
[2026-05-22 01:06:12] [INFO] [ShopBot] 货架处理完成，共购买 0 个物品
[2026-05-22 01:06:12] [INFO] [ShopBot] 第 0 次查看，购买 0 个物品
[2026-05-22 01:06:12] [INFO] [ShopBot] 滑动 (1100, 400) -> (1100, 150), 时长 0.3s
[2026-05-22 01:06:15] [DEBUG] [ShopBot] 整区 OCR 检测到 33 个文字块，5 行
[2026-05-22 01:06:15] [INFO] [ShopBot] 物品 0 (y=80-127): '商人亚彼荷可购买1次' → unknown (conf=0.00), 价格 0, 货币 gold, 购买按钮 @ (1192, 103)
[2026-05-22 01:06:15] [INFO] [ShopBot] 物品 1 (y=179-273): '85装备地狱破灭精髓王冠商人亚彼荷可购买1次' → equipment (conf=0.70), 价格 540000, 货币 gold, 购买按钮 @ (1192, 226)
[2026-05-22 01:06:15] [INFO] [ShopBot] 物品 2 (y=325-417): '英雄钟乳石陆龟奈汉库伊可购买1次' → unknown (conf=0.00), 价格 29000, 货币 gold, 购买按钮 @ (1192, 371)
[2026-05-22 01:06:15] [INFO] [ShopBot] 物品 3 (y=469-563): '货币友情点数可购买1次诺诺里50' → unknown (conf=0.00), 价格 18000, 货币 gold, 购买按钮 @ (1192, 516)
[2026-05-22 01:06:15] [INFO] [ShopBot] 物品 4 (y=601-705): '装备泰拉之眼可购买1次' → equipment (conf=0.70), 价格 380000, 货币 gold, 购买按钮 @ (1192, 653)
[2026-05-22 01:06:15] [INFO] [ShopBot] 跳过物品: unknown
[2026-05-22 01:06:15] [INFO] [ShopBot] 跳过物品: equipment
[2026-05-22 01:06:15] [INFO] [ShopBot] 跳过物品: unknown
[2026-05-22 01:06:15] [INFO] [ShopBot] 跳过物品: unknown
[2026-05-22 01:06:15] [INFO] [ShopBot] 跳过物品: equipment
[2026-05-22 01:06:15] [INFO] [ShopBot] 货架处理完成，共购买 0 个物品
[2026-05-22 01:06:15] [INFO] [ShopBot] 第 1 次查看，购买 0 个物品
[2026-05-22 01:06:15] [INFO] [ShopBot] 滑动 (1100, 400) -> (1100, 150), 时长 0.3s
[2026-05-22 01:06:17] [DEBUG] [ShopBot] 整区 OCR 检测到 30 个文字块，4 行
[2026-05-22 01:06:17] [INFO] [ShopBot] 物品 0 (y=154-260): '85装备地狱破灭精髓王冠商人亚彼荷可购买1次' → equipment (conf=0.70), 价格 540000, 货币 gold, 购买按钮 @ (1192, 207)
[2026-05-22 01:06:17] [INFO] [ShopBot] 物品 1 (y=313-405): '英雄钟乳石陆龟奈汉库伊可购买1次' → unknown (conf=0.00), 价格 29000, 货币 gold, 购买按钮 @ (1192, 359)
[2026-05-22 01:06:17] [INFO] [ShopBot] 物品 2 (y=456-550): '货币友情点数诺诺里50可购买1次' → unknown (conf=0.00), 价格 18000, 货币 gold, 购买按钮 @ (1192, 503)
[2026-05-22 01:06:17] [INFO] [ShopBot] 物品 3 (y=601-705): '装备泰拉之眼妮萨可购买1次' → equipment (conf=0.70), 价格 380000, 货币 gold, 购买按钮 @ (1192, 653)
[2026-05-22 01:06:17] [INFO] [ShopBot] 跳过物品: equipment
[2026-05-22 01:06:17] [INFO] [ShopBot] 跳过物品: unknown
[2026-05-22 01:06:17] [INFO] [ShopBot] 跳过物品: unknown
[2026-05-22 01:06:17] [INFO] [ShopBot] 跳过物品: equipment
[2026-05-22 01:06:17] [INFO] [ShopBot] 货架处理完成，共购买 0 个物品
[2026-05-22 01:06:17] [INFO] [ShopBot] 第 2 次查看，购买 0 个物品
[2026-05-22 01:06:17] [INFO] [ShopBot] 滑动 (1100, 400) -> (1100, 150), 时长 0.3s
[2026-05-22 01:06:20] [DEBUG] [ShopBot] 整区 OCR 检测到 30 个文字块，4 行
[2026-05-22 01:06:20] [INFO] [ShopBot] 物品 0 (y=154-260): '85装备地狱破灭精髓王冠商人亚彼荷可购买1次' → equipment (conf=0.70), 价格 540000, 货币 gold, 购买按钮 @ (1192, 207)
[2026-05-22 01:06:20] [INFO] [ShopBot] 物品 1 (y=313-405): '英雄钟乳石陆龟奈汉库伊可购买1次' → unknown (conf=0.00), 价格 29000, 货币 gold, 购买按钮 @ (1192, 359)
[2026-05-22 01:06:20] [INFO] [ShopBot] 物品 2 (y=456-550): '货币友情点数诺诺里50可购买1次' → unknown (conf=0.00), 价格 18000, 货币 gold, 购买按钮 @ (1192, 503)
[2026-05-22 01:06:20] [INFO] [ShopBot] 物品 3 (y=601-705): '装备泰拉之眼妮萨可购买1次' → equipment (conf=0.70), 价格 380000, 货币 gold, 购买按钮 @ (1192, 653)
[2026-05-22 01:06:20] [INFO] [ShopBot] 已到达货架底部（第 3 次滑动后，识别结果无变化）
[2026-05-22 01:06:20] [INFO] [ShopBot] 寻找刷新按钮（第 1 次）
[2026-05-22 01:06:20] [DEBUG] [ShopBot] 找到刷新按钮 '立即更新' 在 (268, 659)
[2026-05-22 01:06:20] [INFO] [ShopBot] 点击刷新按钮 (268, 659)
[2026-05-22 01:06:20] [INFO] [ShopBot] 点击坐标 (268, 659)
[2026-05-22 01:06:22] [INFO] [ShopBot] 检测到刷新确认弹窗，点击确认 (748, 459)
[2026-05-22 01:06:22] [INFO] [ShopBot] 点击坐标 (748, 459)
[2026-05-22 01:06:22] [INFO] [ShopBot] 等待货架加载...
[2026-05-22 01:06:23] [INFO] [ShopBot] ===== 第 62 轮 =====
[2026-05-22 01:06:23] [INFO] [ShopBot] 滑动到货架顶部...
[2026-05-22 01:06:23] [INFO] [ShopBot] 滑动 (1100, 150) -> (1100, 400), 时长 0.3s
[2026-05-22 01:06:25] [DEBUG] [ShopBot] 整区 OCR 检测到 32 个文字块，5 行
[2026-05-22 01:06:25] [INFO] [ShopBot] 物品 0 (y=123-215): '货币友情点数诺诺里50可购买1次' → unknown (conf=0.00), 价格 18000, 货币 gold, 购买按钮 @ (1192, 169)
[2026-05-22 01:06:25] [INFO] [ShopBot] 物品 1 (y=266-360): '55装备精巧的恶魔靴子商人亚彼荷可购买1次' → equipment (conf=0.70), 价格 360000, 货币 gold, 购买按钮 @ (1192, 313)
[2026-05-22 01:06:25] [INFO] [ShopBot] 物品 2 (y=411-505): '召唤神秘奖牌诺诺里50可购买1次' → mystic_medal (conf=0.90), 价格 280000, 货币 gold, 购买按钮 @ (1192, 458)
[2026-05-22 01:06:25] [INFO] [ShopBot] 物品 3 (y=556-650): '装备55奥利哈钢手镯妮萨可购买1次' → equipment (conf=0.70), 价格 240000, 货币 gold, 购买按钮 @ (1192, 603)
[2026-05-22 01:06:25] [INFO] [ShopBot] 物品 4 (y=651-705): '' → unknown (conf=0.00), 价格 0, 货币 gold, 购买按钮 @ (1192, 678)
[2026-05-22 01:06:25] [INFO] [ShopBot] 跳过物品: unknown
[2026-05-22 01:06:25] [INFO] [ShopBot] 跳过物品: equipment
[2026-05-22 01:06:25] [INFO] [ShopBot] 开始购买: mystic_medal, 价格: 280000
[2026-05-22 01:06:25] [INFO] [ShopBot] 点击购买按钮 @ (1192, 458)
[2026-05-22 01:06:25] [INFO] [ShopBot] 点击坐标 (1192, 458)
[2026-05-22 01:06:27] [DEBUG] [ShopBot] 找到按钮 '购买' 在 (736, 479)
[2026-05-22 01:06:28] [DEBUG] [ShopBot] 找到按钮 '取消' 在 (481, 524)
[2026-05-22 01:06:29] [DEBUG] [ShopBot] 找到按钮 '购买' 在 (818, 524)
[2026-05-22 01:06:29] [INFO] [ShopBot] 检测到确认弹窗
[2026-05-22 01:06:29] [INFO] [ShopBot] 点击确认按钮 @ (818, 508)
[2026-05-22 01:06:29] [INFO] [ShopBot] 点击坐标 (818, 508)
[2026-05-22 01:06:31] [DEBUG] [ShopBot] 找到按钮 '购买' 在 (736, 479)
[2026-05-22 01:06:33] [DEBUG] [ShopBot] 找到按钮 '购买' 在 (736, 479)
[2026-05-22 01:06:33] [INFO] [ShopBot] 购买成功: mystic_medal
[2026-05-22 01:06:33] [INFO] [ShopBot] 购买结果 - mystic_medal: 成功
[2026-05-22 01:06:34] [INFO] [ShopBot] 跳过物品: equipment
[2026-05-22 01:06:34] [INFO] [ShopBot] 跳过物品: unknown
[2026-05-22 01:06:34] [INFO] [ShopBot] 货架处理完成，共购买 1 个物品
[2026-05-22 01:06:34] [INFO] [ShopBot] 第 0 次查看，购买 1 个物品
[2026-05-22 01:06:34] [INFO] [ShopBot] 滑动 (1100, 400) -> (1100, 150), 时长 0.3s
[2026-05-22 01:06:36] [DEBUG] [ShopBot] 整区 OCR 检测到 30 个文字块，4 行
[2026-05-22 01:06:36] [INFO] [ShopBot] 物品 0 (y=154-259): '召唤神秘奖牌诺诺里50可购买1次' → mystic_medal (conf=0.90), 价格 280000, 货币 gold, 已售罄, 购买按钮 @ (1192, 206)
[2026-05-22 01:06:36] [INFO] [ShopBot] 物品 1 (y=311-405): '55装备奥利哈钢手镯妮萨可购买1次' → equipment (conf=0.70), 价格 240000, 货币 gold, 购买按钮 @ (1192, 358)
[2026-05-22 01:06:36] [INFO] [ShopBot] 物品 2 (y=458-550): '英雄红玉奥拉奈汉库伊可购买1次' → unknown (conf=0.00), 价格 29000, 货币 gold, 购买按钮 @ (1192, 504)
[2026-05-22 01:06:36] [INFO] [ShopBot] 物品 3 (y=602-705): '英雄盛夏安卡拉奈汉库伊可购买1次' → unknown (conf=0.00), 价格 29000, 货币 gold, 购买按钮 @ (1192, 653)
[2026-05-22 01:06:36] [INFO] [ShopBot] 跳过已售罄物品: mystic_medal
[2026-05-22 01:06:36] [INFO] [ShopBot] 跳过物品: mystic_medal
[2026-05-22 01:06:36] [INFO] [ShopBot] 跳过物品: equipment
[2026-05-22 01:06:36] [INFO] [ShopBot] 跳过物品: unknown
[2026-05-22 01:06:36] [INFO] [ShopBot] 跳过物品: unknown
[2026-05-22 01:06:36] [INFO] [ShopBot] 货架处理完成，共购买 0 个物品
[2026-05-22 01:06:36] [INFO] [ShopBot] 第 1 次查看，购买 0 个物品
[2026-05-22 01:06:36] [INFO] [ShopBot] 滑动 (1100, 400) -> (1100, 150), 时长 0.3s
[2026-05-22 01:06:38] [DEBUG] [ShopBot] 整区 OCR 检测到 30 个文字块，4 行
[2026-05-22 01:06:38] [INFO] [ShopBot] 物品 0 (y=154-259): '召唤神秘奖牌诺诺里50可购买1次' → mystic_medal (conf=0.90), 价格 280000, 货币 gold, 已售罄, 购买按钮 @ (1192, 206)
[2026-05-22 01:06:38] [INFO] [ShopBot] 物品 1 (y=311-405): '55装备奥利哈钢手镯妮萨可购买1次' → equipment (conf=0.70), 价格 240000, 货币 gold, 购买按钮 @ (1192, 358)
[2026-05-22 01:06:38] [INFO] [ShopBot] 物品 2 (y=457-550): '英雄红玉奥拉奈汉库伊可购买1次' → unknown (conf=0.00), 价格 29000, 货币 gold, 购买按钮 @ (1192, 503)
[2026-05-22 01:06:38] [INFO] [ShopBot] 物品 3 (y=602-705): '英雄盛夏安卡拉奈汉库伊可购买1次' → unknown (conf=0.00), 价格 29000, 货币 gold, 购买按钮 @ (1192, 653)
[2026-05-22 01:06:38] [INFO] [ShopBot] 已到达货架底部（第 2 次滑动后，识别结果无变化）
[2026-05-22 01:06:38] [INFO] [ShopBot] 寻找刷新按钮（第 1 次）
[2026-05-22 01:06:39] [DEBUG] [ShopBot] 找到刷新按钮 '立即更新' 在 (268, 659)
[2026-05-22 01:06:39] [INFO] [ShopBot] 点击刷新按钮 (268, 659)
[2026-05-22 01:06:39] [INFO] [ShopBot] 点击坐标 (268, 659)
[2026-05-22 01:06:41] [INFO] [ShopBot] 检测到刷新确认弹窗，点击确认 (748, 460)
[2026-05-22 01:06:41] [INFO] [ShopBot] 点击坐标 (748, 460)
[2026-05-22 01:06:41] [INFO] [ShopBot] 等待货架加载...
[2026-05-22 01:06:42] [INFO] [ShopBot] ===== 第 63 轮 =====
[2026-05-22 01:06:42] [INFO] [ShopBot] 滑动到货架顶部...
[2026-05-22 01:06:42] [INFO] [ShopBot] 滑动 (1100, 150) -> (1100, 400), 时长 0.3s
[2026-05-22 01:06:43] [DEBUG] [ShopBot] 整区 OCR 检测到 30 个文字块，4 行
[2026-05-22 01:06:43] [INFO] [ShopBot] 物品 0 (y=119-211): '55装备啤叫龙兽靴子商人亚彼荷可购买1次' → equipment (conf=0.70), 价格 360000, 货币 gold, 购买按钮 @ (1192, 165)
[2026-05-22 01:06:43] [INFO] [ShopBot] 物品 1 (y=264-356): '英雄卡洛斯侦察兵奈汉库伊可购买1次' → unknown (conf=0.00), 价格 29000, 货币 gold, 购买按钮 @ (1192, 310)
[2026-05-22 01:06:43] [INFO] [ShopBot] 物品 2 (y=408-501): '货币友情点数可购买1次50' → unknown (conf=0.00), 价格 18000, 货币 gold, 购买按钮 @ (1192, 454)
[2026-05-22 01:06:43] [INFO] [ShopBot] 物品 3 (y=553-705): '装备85深渊龙兽靴子商人亚彼荷可购买1次' → equipment (conf=0.70), 价格 540000, 货币 gold, 购买按钮 @ (1192, 629)
[2026-05-22 01:06:43] [INFO] [ShopBot] 跳过物品: equipment
[2026-05-22 01:06:43] [INFO] [ShopBot] 跳过物品: unknown
[2026-05-22 01:06:43] [INFO] [ShopBot] 跳过物品: unknown
[2026-05-22 01:06:43] [INFO] [ShopBot] 跳过物品: equipment
[2026-05-22 01:06:43] [INFO] [ShopBot] 货架处理完成，共购买 0 个物品
[2026-05-22 01:06:43] [INFO] [ShopBot] 第 0 次查看，购买 0 个物品
[2026-05-22 01:06:43] [INFO] [ShopBot] 滑动 (1100, 400) -> (1100, 150), 时长 0.3s
[2026-05-22 01:06:46] [DEBUG] [ShopBot] 整区 OCR 检测到 31 个文字块，4 行
[2026-05-22 01:06:46] [INFO] [ShopBot] 物品 0 (y=154-260): '货币友情点数诺诺里可购买1次50' → unknown (conf=0.00), 价格 18000, 货币 gold, 购买按钮 @ (1192, 207)
[2026-05-22 01:06:46] [INFO] [ShopBot] 物品 1 (y=311-405): '85装备深渊龙兽靴子商人亚彼荷可购买1次' → equipment (conf=0.70), 价格 540000, 货币 gold, 购买按钮 @ (1192, 358)
[2026-05-22 01:06:46] [INFO] [ShopBot] 物品 2 (y=457-550): '英雄钟乳石陆龟奈汉库伊可购买1次' → unknown (conf=0.00), 价格 29000, 货币 gold, 购买按钮 @ (1192, 503)
[2026-05-22 01:06:46] [INFO] [ShopBot] 物品 3 (y=601-705): '85装备不屈的蜘蛛英雄戒指妮萨可购买1次' → equipment (conf=0.70), 价格 1100000, 货币 gold, 购买按钮 @ (1192, 653)
[2026-05-22 01:06:46] [INFO] [ShopBot] 跳过物品: unknown
[2026-05-22 01:06:46] [INFO] [ShopBot] 跳过物品: equipment
[2026-05-22 01:06:46] [INFO] [ShopBot] 跳过物品: unknown
[2026-05-22 01:06:46] [INFO] [ShopBot] 跳过物品: equipment
[2026-05-22 01:06:46] [INFO] [ShopBot] 货架处理完成，共购买 0 个物品
[2026-05-22 01:06:46] [INFO] [ShopBot] 第 1 次查看，购买 0 个物品
[2026-05-22 01:06:46] [INFO] [ShopBot] 滑动 (1100, 400) -> (1100, 150), 时长 0.3s
[2026-05-22 01:06:48] [DEBUG] [ShopBot] 整区 OCR 检测到 31 个文字块，4 行
[2026-05-22 01:06:48] [INFO] [ShopBot] 物品 0 (y=154-260): '货币友情点数诺诺里可购买1次50' → unknown (conf=0.00), 价格 18000, 货币 gold, 购买按钮 @ (1192, 207)
[2026-05-22 01:06:48] [INFO] [ShopBot] 物品 1 (y=311-405): '85装备深渊龙兽靴子商人亚彼荷可购买1次' → equipment (conf=0.70), 价格 540000, 货币 gold, 购买按钮 @ (1192, 358)
[2026-05-22 01:06:48] [INFO] [ShopBot] 物品 2 (y=457-550): '英雄钟乳石陆龟奈汉库伊可购买1次' → unknown (conf=0.00), 价格 29000, 货币 gold, 购买按钮 @ (1192, 503)
[2026-05-22 01:06:48] [INFO] [ShopBot] 物品 3 (y=601-705): '85装备不屈的蜘蛛英雄戒指妮萨可购买1次' → equipment (conf=0.70), 价格 1100000, 货币 gold, 购买按钮 @ (1192, 653)
[2026-05-22 01:06:48] [INFO] [ShopBot] 已到达货架底部（第 2 次滑动后，识别结果无变化）
[2026-05-22 01:06:48] [INFO] [ShopBot] 寻找刷新按钮（第 1 次）
[2026-05-22 01:06:48] [DEBUG] [ShopBot] 找到刷新按钮 '立即更新' 在 (268, 659)
[2026-05-22 01:06:48] [INFO] [ShopBot] 点击刷新按钮 (268, 659)
[2026-05-22 01:06:48] [INFO] [ShopBot] 点击坐标 (268, 659)
[2026-05-22 01:06:50] [INFO] [ShopBot] 检测到刷新确认弹窗，点击确认 (748, 460)
[2026-05-22 01:06:50] [INFO] [ShopBot] 点击坐标 (748, 460)
[2026-05-22 01:06:50] [INFO] [ShopBot] 等待货架加载...
[2026-05-22 01:06:51] [INFO] [ShopBot] ===== 第 64 轮 =====
[2026-05-22 01:06:51] [INFO] [ShopBot] 滑动到货架顶部...
[2026-05-22 01:06:51] [INFO] [ShopBot] 滑动 (1100, 150) -> (1100, 400), 时长 0.3s
[2026-05-22 01:06:53] [DEBUG] [ShopBot] 整区 OCR 检测到 29 个文字块，5 行
[2026-05-22 01:06:53] [INFO] [ShopBot] 物品 0 (y=119-210): '英雄蓝宝石龙奈汉库伊可购买1次' → unknown (conf=0.00), 价格 29000, 货币 gold, 购买按钮 @ (1192, 164)
[2026-05-22 01:06:53] [INFO] [ShopBot] 物品 1 (y=264-356): '英雄骨头史莱姆奈汉库伊可购买1次' → fodder (conf=0.65), 价格 29000, 货币 gold, 购买按钮 @ (1192, 310)
[2026-05-22 01:06:53] [INFO] [ShopBot] 物品 2 (y=408-500): '英雄守望者卡宁奈汉库伊可购买1次' → unknown (conf=0.00), 价格 29000, 货币 gold, 购买按钮 @ (1192, 454)
[2026-05-22 01:06:53] [INFO] [ShopBot] 物品 3 (y=552-646): '55装备精巧的恶魔靴子商人亚彼荷可购买1次' → equipment (conf=0.70), 价格 240000, 货币 gold, 购买按钮 @ (1192, 599)
[2026-05-22 01:06:53] [INFO] [ShopBot] 物品 4 (y=647-705): '' → unknown (conf=0.00), 价格 0, 货币 gold, 购买按钮 @ (1192, 676)
[2026-05-22 01:06:53] [INFO] [ShopBot] 跳过物品: unknown
[2026-05-22 01:06:53] [INFO] [ShopBot] 跳过物品: fodder
[2026-05-22 01:06:53] [INFO] [ShopBot] 跳过物品: unknown
[2026-05-22 01:06:53] [INFO] [ShopBot] 跳过物品: equipment
[2026-05-22 01:06:53] [INFO] [ShopBot] 跳过物品: unknown
[2026-05-22 01:06:53] [INFO] [ShopBot] 货架处理完成，共购买 0 个物品
[2026-05-22 01:06:53] [INFO] [ShopBot] 第 0 次查看，购买 0 个物品
[2026-05-22 01:06:53] [INFO] [ShopBot] 滑动 (1100, 400) -> (1100, 150), 时长 0.3s
[2026-05-22 01:06:55] [DEBUG] [ShopBot] 整区 OCR 检测到 30 个文字块，4 行
[2026-05-22 01:06:55] [INFO] [ShopBot] 物品 0 (y=154-262): '英雄守望者卡宁奈汉库伊可购买1次' → unknown (conf=0.00), 价格 29000, 货币 gold, 购买按钮 @ (1192, 208)
[2026-05-22 01:06:55] [INFO] [ShopBot] 物品 1 (y=314-408): '装备55精巧的恶魔靴子商人亚彼荷可购买1次' → equipment (conf=0.70), 价格 240000, 货币 gold, 购买按钮 @ (1192, 361)
[2026-05-22 01:06:55] [INFO] [ShopBot] 物品 2 (y=459-553): '货币友情点数诺诺里50可购买1次' → unknown (conf=0.00), 价格 18000, 货币 gold, 购买按钮 @ (1192, 506)
[2026-05-22 01:06:55] [INFO] [ShopBot] 物品 3 (y=605-705): '英雄怪异的魔物奈汉库伊可购买1次' → unknown (conf=0.00), 价格 29000, 货币 gold, 购买按钮 @ (1192, 655)
[2026-05-22 01:06:55] [INFO] [ShopBot] 跳过物品: unknown
[2026-05-22 01:06:55] [INFO] [ShopBot] 跳过物品: equipment
[2026-05-22 01:06:55] [INFO] [ShopBot] 跳过物品: unknown
[2026-05-22 01:06:55] [INFO] [ShopBot] 跳过物品: unknown
[2026-05-22 01:06:55] [INFO] [ShopBot] 货架处理完成，共购买 0 个物品
[2026-05-22 01:06:55] [INFO] [ShopBot] 第 1 次查看，购买 0 个物品
[2026-05-22 01:06:55] [INFO] [ShopBot] 滑动 (1100, 400) -> (1100, 150), 时长 0.3s
[2026-05-22 01:06:57] [DEBUG] [ShopBot] 整区 OCR 检测到 30 个文字块，4 行
[2026-05-22 01:06:57] [INFO] [ShopBot] 物品 0 (y=154-259): '英雄守望者卡宁奈汉库伊可购买1次' → unknown (conf=0.00), 价格 29000, 货币 gold, 购买按钮 @ (1192, 206)
[2026-05-22 01:06:57] [INFO] [ShopBot] 物品 1 (y=311-405): '55装备精巧的恶魔靴子商人亚彼荷可购买1次' → equipment (conf=0.70), 价格 240000, 货币 gold, 购买按钮 @ (1192, 358)
[2026-05-22 01:06:57] [INFO] [ShopBot] 物品 2 (y=456-550): '货币友情点数诺诺里50可购买1次' → unknown (conf=0.00), 价格 18000, 货币 gold, 购买按钮 @ (1192, 503)
[2026-05-22 01:06:57] [INFO] [ShopBot] 物品 3 (y=602-705): '英雄怪异的魔物奈汉库伊可购买1次' → unknown (conf=0.00), 价格 29000, 货币 gold, 购买按钮 @ (1192, 653)
[2026-05-22 01:06:57] [INFO] [ShopBot] 跳过物品: unknown
[2026-05-22 01:06:57] [INFO] [ShopBot] 跳过物品: equipment
[2026-05-22 01:06:57] [INFO] [ShopBot] 跳过物品: unknown
[2026-05-22 01:06:57] [INFO] [ShopBot] 跳过物品: unknown
[2026-05-22 01:06:57] [INFO] [ShopBot] 货架处理完成，共购买 0 个物品
[2026-05-22 01:06:57] [INFO] [ShopBot] 第 2 次查看，购买 0 个物品
[2026-05-22 01:06:57] [INFO] [ShopBot] 滑动 (1100, 400) -> (1100, 150), 时长 0.3s
[2026-05-22 01:06:59] [DEBUG] [ShopBot] 整区 OCR 检测到 30 个文字块，4 行
[2026-05-22 01:06:59] [INFO] [ShopBot] 物品 0 (y=154-259): '英雄守望者卡宁奈汉库伊可购买1次' → unknown (conf=0.00), 价格 29000, 货币 gold, 购买按钮 @ (1192, 206)
[2026-05-22 01:06:59] [INFO] [ShopBot] 物品 1 (y=311-405): '55装备精巧的恶魔靴子商人亚彼荷可购买1次' → equipment (conf=0.70), 价格 240000, 货币 gold, 购买按钮 @ (1192, 358)
[2026-05-22 01:06:59] [INFO] [ShopBot] 物品 2 (y=456-550): '货币友情点数诺诺里50可购买1次' → unknown (conf=0.00), 价格 18000, 货币 gold, 购买按钮 @ (1192, 503)
[2026-05-22 01:06:59] [INFO] [ShopBot] 物品 3 (y=602-705): '英雄怪异的魔物奈汉库伊可购买1次' → unknown (conf=0.00), 价格 29000, 货币 gold, 购买按钮 @ (1192, 653)
[2026-05-22 01:06:59] [INFO] [ShopBot] 已到达货架底部（第 3 次滑动后，识别结果无变化）
[2026-05-22 01:06:59] [INFO] [ShopBot] 寻找刷新按钮（第 1 次）
[2026-05-22 01:07:00] [DEBUG] [ShopBot] 找到刷新按钮 '立即更新' 在 (268, 659)
[2026-05-22 01:07:00] [INFO] [ShopBot] 点击刷新按钮 (268, 659)
[2026-05-22 01:07:00] [INFO] [ShopBot] 点击坐标 (268, 659)
[2026-05-22 01:07:02] [INFO] [ShopBot] 检测到刷新确认弹窗，点击确认 (748, 459)
[2026-05-22 01:07:02] [INFO] [ShopBot] 点击坐标 (748, 459)
[2026-05-22 01:07:02] [INFO] [ShopBot] 等待货架加载...
[2026-05-22 01:07:03] [INFO] [ShopBot] ===== 第 65 轮 =====
[2026-05-22 01:07:03] [INFO] [ShopBot] 滑动到货架顶部...
[2026-05-22 01:07:03] [INFO] [ShopBot] 滑动 (1100, 150) -> (1100, 400), 时长 0.3s
[2026-05-22 01:07:05] [DEBUG] [ShopBot] 整区 OCR 检测到 32 个文字块，4 行
[2026-05-22 01:07:05] [INFO] [ShopBot] 物品 0 (y=124-215): '55装备灿烂精髓鞋子商人亚彼荷可购买1次' → equipment (conf=0.70), 价格 360000, 货币 gold, 购买按钮 @ (1192, 169)
[2026-05-22 01:07:05] [INFO] [ShopBot] 物品 1 (y=267-360): '70装备蜘蛛君主的靴子商人亚彼荷可购买1次' → equipment (conf=0.70), 价格 560000, 货币 gold, 购买按钮 @ (1192, 313)
[2026-05-22 01:07:05] [INFO] [ShopBot] 物品 2 (y=412-505): '55装备奥利哈钢头盔商人亚彼荷可购买1次' → equipment (conf=0.70), 价格 360000, 货币 gold, 购买按钮 @ (1192, 458)
[2026-05-22 01:07:05] [INFO] [ShopBot] 物品 3 (y=557-705): '货币友情点数诺诺里50可购买1次' → unknown (conf=0.00), 价格 18000, 货币 gold, 购买按钮 @ (1192, 631)
[2026-05-22 01:07:05] [INFO] [ShopBot] 跳过物品: equipment
[2026-05-22 01:07:05] [INFO] [ShopBot] 跳过物品: equipment
[2026-05-22 01:07:05] [INFO] [ShopBot] 跳过物品: equipment
[2026-05-22 01:07:05] [INFO] [ShopBot] 跳过物品: unknown
[2026-05-22 01:07:05] [INFO] [ShopBot] 货架处理完成，共购买 0 个物品
[2026-05-22 01:07:05] [INFO] [ShopBot] 第 0 次查看，购买 0 个物品
[2026-05-22 01:07:05] [INFO] [ShopBot] 滑动 (1100, 400) -> (1100, 150), 时长 0.3s
[2026-05-22 01:07:07] [DEBUG] [ShopBot] 整区 OCR 检测到 29 个文字块，4 行
[2026-05-22 01:07:07] [INFO] [ShopBot] 物品 0 (y=154-260): '55装备奥利哈钢头盔商人亚彼荷可购买1次' → equipment (conf=0.70), 价格 360000, 货币 gold, 购买按钮 @ (1192, 207)
[2026-05-22 01:07:07] [INFO] [ShopBot] 物品 1 (y=312-405): '货币友情点数50可购买1次' → unknown (conf=0.00), 价格 18000, 货币 gold, 购买按钮 @ (1192, 358)
[2026-05-22 01:07:07] [INFO] [ShopBot] 物品 2 (y=457-550): '55装备勇士的背甲戒指可购买1次' → equipment (conf=0.70), 价格 360000, 货币 gold, 购买按钮 @ (1192, 503)
[2026-05-22 01:07:07] [INFO] [ShopBot] 物品 3 (y=602-705): '英雄印迪戈小恶魔奈汉库伊可购买1次' → unknown (conf=0.00), 价格 29000, 货币 gold, 购买按钮 @ (1192, 653)
[2026-05-22 01:07:07] [INFO] [ShopBot] 跳过物品: equipment
[2026-05-22 01:07:07] [INFO] [ShopBot] 跳过物品: unknown
[2026-05-22 01:07:07] [INFO] [ShopBot] 跳过物品: equipment
[2026-05-22 01:07:07] [INFO] [ShopBot] 跳过物品: unknown
[2026-05-22 01:07:07] [INFO] [ShopBot] 货架处理完成，共购买 0 个物品
[2026-05-22 01:07:07] [INFO] [ShopBot] 第 1 次查看，购买 0 个物品
[2026-05-22 01:07:07] [INFO] [ShopBot] 滑动 (1100, 400) -> (1100, 150), 时长 0.3s
[2026-05-22 01:07:09] [DEBUG] [ShopBot] 整区 OCR 检测到 30 个文字块，4 行
[2026-05-22 01:07:09] [INFO] [ShopBot] 物品 0 (y=154-260): '55装备奥利哈钢头盔商人亚彼荷可购买1次' → equipment (conf=0.70), 价格 360000, 货币 gold, 购买按钮 @ (1192, 207)
[2026-05-22 01:07:09] [INFO] [ShopBot] 物品 1 (y=311-405): '货币友情点数诺诺里50可购买1次' → unknown (conf=0.00), 价格 18000, 货币 gold, 购买按钮 @ (1192, 358)
[2026-05-22 01:07:09] [INFO] [ShopBot] 物品 2 (y=456-550): '55装备勇士的背甲戒指可购买1次' → equipment (conf=0.70), 价格 360000, 货币 gold, 购买按钮 @ (1192, 503)
[2026-05-22 01:07:09] [INFO] [ShopBot] 物品 3 (y=602-705): '英雄印迪戈小恶魔奈汉库伊可购买1次' → unknown (conf=0.00), 价格 29000, 货币 gold, 购买按钮 @ (1192, 653)
[2026-05-22 01:07:09] [INFO] [ShopBot] 跳过物品: equipment
[2026-05-22 01:07:09] [INFO] [ShopBot] 跳过物品: unknown
[2026-05-22 01:07:09] [INFO] [ShopBot] 跳过物品: equipment
[2026-05-22 01:07:09] [INFO] [ShopBot] 跳过物品: unknown
[2026-05-22 01:07:09] [INFO] [ShopBot] 货架处理完成，共购买 0 个物品
[2026-05-22 01:07:09] [INFO] [ShopBot] 第 2 次查看，购买 0 个物品
[2026-05-22 01:07:09] [INFO] [ShopBot] 滑动 (1100, 400) -> (1100, 150), 时长 0.3s
[2026-05-22 01:07:12] [DEBUG] [ShopBot] 整区 OCR 检测到 30 个文字块，4 行
[2026-05-22 01:07:12] [INFO] [ShopBot] 物品 0 (y=154-260): '55装备奥利哈钢头盔商人亚彼荷可购买1次' → equipment (conf=0.70), 价格 360000, 货币 gold, 购买按钮 @ (1192, 207)
[2026-05-22 01:07:12] [INFO] [ShopBot] 物品 1 (y=311-405): '货币友情点数诺诺里50可购买1次' → unknown (conf=0.00), 价格 18000, 货币 gold, 购买按钮 @ (1192, 358)
[2026-05-22 01:07:12] [INFO] [ShopBot] 物品 2 (y=456-550): '55装备勇士的背甲戒指可购买1次' → equipment (conf=0.70), 价格 360000, 货币 gold, 购买按钮 @ (1192, 503)
[2026-05-22 01:07:12] [INFO] [ShopBot] 物品 3 (y=602-705): '英雄印迪戈小恶魔奈汉库伊可购买1次' → unknown (conf=0.00), 价格 29000, 货币 gold, 购买按钮 @ (1192, 653)
[2026-05-22 01:07:12] [INFO] [ShopBot] 已到达货架底部（第 3 次滑动后，识别结果无变化）
[2026-05-22 01:07:12] [INFO] [ShopBot] 寻找刷新按钮（第 1 次）
[2026-05-22 01:07:12] [DEBUG] [ShopBot] 找到刷新按钮 '立即更新' 在 (268, 659)
[2026-05-22 01:07:12] [INFO] [ShopBot] 点击刷新按钮 (268, 659)
[2026-05-22 01:07:12] [INFO] [ShopBot] 点击坐标 (268, 659)
[2026-05-22 01:07:14] [INFO] [ShopBot] 检测到刷新确认弹窗，点击确认 (748, 460)
[2026-05-22 01:07:14] [INFO] [ShopBot] 点击坐标 (748, 460)
[2026-05-22 01:07:14] [INFO] [ShopBot] 等待货架加载...
[2026-05-22 01:07:15] [INFO] [ShopBot] ===== 第 66 轮 =====
[2026-05-22 01:07:15] [INFO] [ShopBot] 滑动到货架顶部...
[2026-05-22 01:07:15] [INFO] [ShopBot] 滑动 (1100, 150) -> (1100, 400), 时长 0.3s
[2026-05-22 01:07:17] [DEBUG] [ShopBot] 整区 OCR 检测到 30 个文字块，5 行
[2026-05-22 01:07:17] [INFO] [ShopBot] 物品 0 (y=122-213): '英雄腐败普纽洛奈汉库伊可购买1次' → unknown (conf=0.00), 价格 29000, 货币 gold, 购买按钮 @ (1192, 167)
[2026-05-22 01:07:17] [INFO] [ShopBot] 物品 1 (y=267-359): '英雄霸王史莱姆奈汉库伊可购买1次' → fodder (conf=0.65), 价格 29000, 货币 gold, 购买按钮 @ (1192, 313)
[2026-05-22 01:07:17] [INFO] [ShopBot] 物品 2 (y=410-504): '货币友情点数诺诺里50可购买1次' → unknown (conf=0.00), 价格 18000, 货币 gold, 购买按钮 @ (1192, 457)
[2026-05-22 01:07:17] [INFO] [ShopBot] 物品 3 (y=555-649): '装备55啤叫龙兽靴子商人亚彼荷可购买1次' → equipment (conf=0.70), 价格 240000, 货币 gold, 购买按钮 @ (1192, 602)
[2026-05-22 01:07:17] [INFO] [ShopBot] 物品 4 (y=650-705): '' → unknown (conf=0.00), 价格 0, 货币 gold, 购买按钮 @ (1192, 677)
[2026-05-22 01:07:17] [INFO] [ShopBot] 跳过物品: unknown
[2026-05-22 01:07:17] [INFO] [ShopBot] 跳过物品: fodder
[2026-05-22 01:07:17] [INFO] [ShopBot] 跳过物品: unknown
[2026-05-22 01:07:17] [INFO] [ShopBot] 跳过物品: equipment
[2026-05-22 01:07:17] [INFO] [ShopBot] 跳过物品: unknown
[2026-05-22 01:07:17] [INFO] [ShopBot] 货架处理完成，共购买 0 个物品
[2026-05-22 01:07:17] [INFO] [ShopBot] 第 0 次查看，购买 0 个物品
[2026-05-22 01:07:17] [INFO] [ShopBot] 滑动 (1100, 400) -> (1100, 150), 时长 0.3s
[2026-05-22 01:07:19] [DEBUG] [ShopBot] 整区 OCR 检测到 29 个文字块，4 行
[2026-05-22 01:07:19] [INFO] [ShopBot] 物品 0 (y=154-264): '货币友情点数50可购买1次' → unknown (conf=0.00), 价格 18000, 货币 gold, 购买按钮 @ (1192, 209)
[2026-05-22 01:07:19] [INFO] [ShopBot] 物品 1 (y=316-410): '装备55啤叫龙兽靴子商人亚彼荷可购买1次' → equipment (conf=0.70), 价格 240000, 货币 gold, 购买按钮 @ (1192, 363)
[2026-05-22 01:07:19] [INFO] [ShopBot] 物品 2 (y=462-554): '英雄大海鲍特奈汉库伊可购买1次' → unknown (conf=0.00), 价格 29000, 货币 gold, 购买按钮 @ (1192, 508)
[2026-05-22 01:07:19] [INFO] [ShopBot] 物品 3 (y=601-705): '英雄史嘉雷小恶魔奈汉库伊可购买1次' → unknown (conf=0.00), 价格 29000, 货币 gold, 购买按钮 @ (1192, 653)
[2026-05-22 01:07:19] [INFO] [ShopBot] 跳过物品: unknown
[2026-05-22 01:07:19] [INFO] [ShopBot] 跳过物品: equipment
[2026-05-22 01:07:19] [INFO] [ShopBot] 跳过物品: unknown
[2026-05-22 01:07:19] [INFO] [ShopBot] 跳过物品: unknown
[2026-05-22 01:07:19] [INFO] [ShopBot] 货架处理完成，共购买 0 个物品
[2026-05-22 01:07:19] [INFO] [ShopBot] 第 1 次查看，购买 0 个物品
[2026-05-22 01:07:19] [INFO] [ShopBot] 滑动 (1100, 400) -> (1100, 150), 时长 0.3s
[2026-05-22 01:07:21] [DEBUG] [ShopBot] 整区 OCR 检测到 30 个文字块，4 行
[2026-05-22 01:07:21] [INFO] [ShopBot] 物品 0 (y=154-260): '货币友情点数诺诺里可购买1次50' → unknown (conf=0.00), 价格 18000, 货币 gold, 购买按钮 @ (1192, 207)
[2026-05-22 01:07:21] [INFO] [ShopBot] 物品 1 (y=311-405): '55装备啤叫龙兽靴子商人亚彼荷可购买1次' → equipment (conf=0.70), 价格 240000, 货币 gold, 购买按钮 @ (1192, 358)
[2026-05-22 01:07:21] [INFO] [ShopBot] 物品 2 (y=457-550): '英雄大海鲍特奈汉库伊可购买1次' → unknown (conf=0.00), 价格 29000, 货币 gold, 购买按钮 @ (1192, 503)
[2026-05-22 01:07:21] [INFO] [ShopBot] 物品 3 (y=602-705): '英雄史嘉雷小恶魔奈汉库伊可购买1次' → unknown (conf=0.00), 价格 29000, 货币 gold, 购买按钮 @ (1192, 653)
[2026-05-22 01:07:21] [INFO] [ShopBot] 跳过物品: unknown
[2026-05-22 01:07:21] [INFO] [ShopBot] 跳过物品: equipment
[2026-05-22 01:07:21] [INFO] [ShopBot] 跳过物品: unknown
[2026-05-22 01:07:21] [INFO] [ShopBot] 跳过物品: unknown
[2026-05-22 01:07:21] [INFO] [ShopBot] 货架处理完成，共购买 0 个物品
[2026-05-22 01:07:21] [INFO] [ShopBot] 第 2 次查看，购买 0 个物品
[2026-05-22 01:07:21] [INFO] [ShopBot] 滑动 (1100, 400) -> (1100, 150), 时长 0.3s
[2026-05-22 01:07:23] [DEBUG] [ShopBot] 整区 OCR 检测到 30 个文字块，4 行
[2026-05-22 01:07:23] [INFO] [ShopBot] 物品 0 (y=154-260): '货币友情点数诺诺里可购买1次50' → unknown (conf=0.00), 价格 18000, 货币 gold, 购买按钮 @ (1192, 207)
[2026-05-22 01:07:23] [INFO] [ShopBot] 物品 1 (y=311-405): '55装备啤叫龙兽靴子商人亚彼荷可购买1次' → equipment (conf=0.70), 价格 240000, 货币 gold, 购买按钮 @ (1192, 358)
[2026-05-22 01:07:23] [INFO] [ShopBot] 物品 2 (y=458-550): '英雄大海鲍特奈汉库伊可购买1次' → unknown (conf=0.00), 价格 29000, 货币 gold, 购买按钮 @ (1192, 504)
[2026-05-22 01:07:23] [INFO] [ShopBot] 物品 3 (y=602-705): '英雄史嘉雷小恶魔奈汉库伊可购买1次' → unknown (conf=0.00), 价格 29000, 货币 gold, 购买按钮 @ (1192, 653)
[2026-05-22 01:07:23] [INFO] [ShopBot] 已到达货架底部（第 3 次滑动后，识别结果无变化）
[2026-05-22 01:07:23] [INFO] [ShopBot] 寻找刷新按钮（第 1 次）
[2026-05-22 01:07:24] [DEBUG] [ShopBot] 找到刷新按钮 '立即更新' 在 (268, 659)
[2026-05-22 01:07:24] [INFO] [ShopBot] 点击刷新按钮 (268, 659)
[2026-05-22 01:07:24] [INFO] [ShopBot] 点击坐标 (268, 659)
[2026-05-22 01:07:25] [INFO] [ShopBot] 检测到刷新确认弹窗，点击确认 (748, 460)
[2026-05-22 01:07:25] [INFO] [ShopBot] 点击坐标 (748, 460)
[2026-05-22 01:07:25] [INFO] [ShopBot] 等待货架加载...
[2026-05-22 01:07:26] [INFO] [ShopBot] ===== 第 67 轮 =====
[2026-05-22 01:07:26] [INFO] [ShopBot] 滑动到货架顶部...
[2026-05-22 01:07:26] [INFO] [ShopBot] 滑动 (1100, 150) -> (1100, 400), 时长 0.3s
[2026-05-22 01:07:28] [DEBUG] [ShopBot] 整区 OCR 检测到 30 个文字块，4 行
[2026-05-22 01:07:28] [INFO] [ShopBot] 物品 0 (y=124-215): '英雄腐败纽洛普奈汉库伊可购买1次' → unknown (conf=0.00), 价格 29000, 货币 gold, 购买按钮 @ (1192, 169)
[2026-05-22 01:07:28] [INFO] [ShopBot] 物品 1 (y=267-361): '70装备蜘蛛君主的头盔商人亚彼荷可购买1次' → equipment (conf=0.70), 价格 560000, 货币 gold, 购买按钮 @ (1192, 314)
[2026-05-22 01:07:28] [INFO] [ShopBot] 物品 2 (y=413-505): '英雄腐败普纽洛奈汉库伊可购买1次' → unknown (conf=0.00), 价格 29000, 货币 gold, 购买按钮 @ (1192, 459)
[2026-05-22 01:07:28] [INFO] [ShopBot] 物品 3 (y=557-705): '货币友情点数诺诺里50可购买1次' → unknown (conf=0.00), 价格 18000, 货币 gold, 购买按钮 @ (1192, 631)
[2026-05-22 01:07:28] [INFO] [ShopBot] 跳过物品: unknown
[2026-05-22 01:07:28] [INFO] [ShopBot] 跳过物品: equipment
[2026-05-22 01:07:28] [INFO] [ShopBot] 跳过物品: unknown
[2026-05-22 01:07:28] [INFO] [ShopBot] 跳过物品: unknown
[2026-05-22 01:07:28] [INFO] [ShopBot] 货架处理完成，共购买 0 个物品
[2026-05-22 01:07:28] [INFO] [ShopBot] 第 0 次查看，购买 0 个物品
[2026-05-22 01:07:28] [INFO] [ShopBot] 滑动 (1100, 400) -> (1100, 150), 时长 0.3s
[2026-05-22 01:07:30] [DEBUG] [ShopBot] 整区 OCR 检测到 29 个文字块，4 行
[2026-05-22 01:07:30] [INFO] [ShopBot] 物品 0 (y=154-259): '英雄腐败普纽洛奈汉库伊可购买1次' → unknown (conf=0.00), 价格 29000, 货币 gold, 购买按钮 @ (1192, 206)
[2026-05-22 01:07:30] [INFO] [ShopBot] 物品 1 (y=311-405): '货币友情点数诺诺里50可购买1次' → unknown (conf=0.00), 价格 18000, 货币 gold, 购买按钮 @ (1192, 358)
[2026-05-22 01:07:30] [INFO] [ShopBot] 物品 2 (y=457-550): '英雄苍之庇佑团祭司奈汉库伊可购买1次' → unknown (conf=0.00), 价格 29000, 货币 gold, 购买按钮 @ (1192, 503)
[2026-05-22 01:07:30] [INFO] [ShopBot] 物品 3 (y=601-705): '装备泰拉之眼妮萨可购买1次' → equipment (conf=0.70), 价格 560000, 货币 gold, 购买按钮 @ (1192, 653)
[2026-05-22 01:07:30] [INFO] [ShopBot] 跳过物品: unknown
[2026-05-22 01:07:30] [INFO] [ShopBot] 跳过物品: unknown
[2026-05-22 01:07:30] [INFO] [ShopBot] 跳过物品: unknown
[2026-05-22 01:07:30] [INFO] [ShopBot] 跳过物品: equipment
[2026-05-22 01:07:30] [INFO] [ShopBot] 货架处理完成，共购买 0 个物品
[2026-05-22 01:07:30] [INFO] [ShopBot] 第 1 次查看，购买 0 个物品
[2026-05-22 01:07:30] [INFO] [ShopBot] 滑动 (1100, 400) -> (1100, 150), 时长 0.3s
[2026-05-22 01:07:33] [DEBUG] [ShopBot] 整区 OCR 检测到 29 个文字块，4 行
[2026-05-22 01:07:33] [INFO] [ShopBot] 物品 0 (y=154-259): '英雄腐败普纽洛奈汉库伊可购买1次' → unknown (conf=0.00), 价格 29000, 货币 gold, 购买按钮 @ (1192, 206)
[2026-05-22 01:07:33] [INFO] [ShopBot] 物品 1 (y=311-405): '货币友情点数诺诺里50可购买1次' → unknown (conf=0.00), 价格 18000, 货币 gold, 购买按钮 @ (1192, 358)
[2026-05-22 01:07:33] [INFO] [ShopBot] 物品 2 (y=457-550): '英雄苍之庇佑团祭司奈汉库伊可购买1次' → unknown (conf=0.00), 价格 29000, 货币 gold, 购买按钮 @ (1192, 503)
[2026-05-22 01:07:33] [INFO] [ShopBot] 物品 3 (y=601-705): '装备泰拉之眼妮萨可购买1次' → equipment (conf=0.70), 价格 560000, 货币 gold, 购买按钮 @ (1192, 653)
[2026-05-22 01:07:33] [INFO] [ShopBot] 已到达货架底部（第 2 次滑动后，识别结果无变化）
[2026-05-22 01:07:33] [INFO] [ShopBot] 寻找刷新按钮（第 1 次）
[2026-05-22 01:07:33] [DEBUG] [ShopBot] 找到刷新按钮 '立即更新' 在 (268, 659)
[2026-05-22 01:07:33] [INFO] [ShopBot] 点击刷新按钮 (268, 659)
[2026-05-22 01:07:33] [INFO] [ShopBot] 点击坐标 (268, 659)
[2026-05-22 01:07:35] [INFO] [ShopBot] 检测到刷新确认弹窗，点击确认 (748, 460)
[2026-05-22 01:07:35] [INFO] [ShopBot] 点击坐标 (748, 460)
[2026-05-22 01:07:35] [INFO] [ShopBot] 等待货架加载...
[2026-05-22 01:07:36] [INFO] [ShopBot] ===== 第 68 轮 =====
[2026-05-22 01:07:36] [INFO] [ShopBot] 滑动到货架顶部...
[2026-05-22 01:07:36] [INFO] [ShopBot] 滑动 (1100, 150) -> (1100, 400), 时长 0.3s
[2026-05-22 01:07:37] [DEBUG] [ShopBot] 整区 OCR 检测到 31 个文字块，5 行
[2026-05-22 01:07:37] [INFO] [ShopBot] 物品 0 (y=122-213): '55装备勇士的背甲戒指妮萨可购买1次' → equipment (conf=0.70), 价格 360000, 货币 gold, 购买按钮 @ (1192, 167)
[2026-05-22 01:07:37] [INFO] [ShopBot] 物品 1 (y=265-359): '70装备不祥的恶魔之双刃剑商人亚彼荷可购买1次' → equipment (conf=0.70), 价格 380000, 货币 gold, 购买按钮 @ (1192, 312)
[2026-05-22 01:07:37] [INFO] [ShopBot] 物品 2 (y=411-503): '英雄熔岩陆龟奈汉库伊可购买1次' → unknown (conf=0.00), 价格 29000, 货币 gold, 购买按钮 @ (1192, 457)
[2026-05-22 01:07:37] [INFO] [ShopBot] 物品 3 (y=555-649): '装备85深渊刀刃项链妮萨可购买1次' → equipment (conf=0.70), 价格 810000, 货币 gold, 购买按钮 @ (1192, 602)
[2026-05-22 01:07:37] [INFO] [ShopBot] 物品 4 (y=650-705): '' → unknown (conf=0.00), 价格 0, 货币 gold, 购买按钮 @ (1192, 677)
[2026-05-22 01:07:37] [INFO] [ShopBot] 跳过物品: equipment
[2026-05-22 01:07:37] [INFO] [ShopBot] 跳过物品: equipment
[2026-05-22 01:07:37] [INFO] [ShopBot] 跳过物品: unknown
[2026-05-22 01:07:37] [INFO] [ShopBot] 跳过物品: equipment
[2026-05-22 01:07:37] [INFO] [ShopBot] 跳过物品: unknown
[2026-05-22 01:07:37] [INFO] [ShopBot] 货架处理完成，共购买 0 个物品
[2026-05-22 01:07:37] [INFO] [ShopBot] 第 0 次查看，购买 0 个物品
[2026-05-22 01:07:37] [INFO] [ShopBot] 滑动 (1100, 400) -> (1100, 150), 时长 0.3s
[2026-05-22 01:07:40] [DEBUG] [ShopBot] 整区 OCR 检测到 35 个文字块，5 行
[2026-05-22 01:07:40] [INFO] [ShopBot] 物品 0 (y=80-120): '商人亚彼荷可购买1次' → unknown (conf=0.00), 价格 0, 货币 gold, 购买按钮 @ (1192, 100)
[2026-05-22 01:07:40] [INFO] [ShopBot] 物品 1 (y=154-266): '英雄熔岩陆龟奈汉库伊可购买1次' → unknown (conf=0.00), 价格 29000, 货币 gold, 购买按钮 @ (1192, 210)
[2026-05-22 01:07:40] [INFO] [ShopBot] 物品 2 (y=318-411): '85装备深渊刀刃项链妮萨可购买1次' → equipment (conf=0.70), 价格 810000, 货币 gold, 购买按钮 @ (1192, 364)
[2026-05-22 01:07:40] [INFO] [ShopBot] 物品 3 (y=463-556): '货币友情点数诺诺里50可购买1次' → unknown (conf=0.00), 价格 18000, 货币 gold, 购买按钮 @ (1192, 509)
[2026-05-22 01:07:40] [INFO] [ShopBot] 物品 4 (y=608-705): '85装备暗黑钢铁重甲商人亚彼荷可购买1次' → equipment (conf=0.70), 价格 810000, 货币 gold, 购买按钮 @ (1192, 656)
[2026-05-22 01:07:40] [INFO] [ShopBot] 跳过物品: unknown
[2026-05-22 01:07:40] [INFO] [ShopBot] 跳过物品: unknown
[2026-05-22 01:07:40] [INFO] [ShopBot] 跳过物品: equipment
[2026-05-22 01:07:40] [INFO] [ShopBot] 跳过物品: unknown
[2026-05-22 01:07:40] [INFO] [ShopBot] 跳过物品: equipment
[2026-05-22 01:07:40] [INFO] [ShopBot] 货架处理完成，共购买 0 个物品
[2026-05-22 01:07:40] [INFO] [ShopBot] 第 1 次查看，购买 0 个物品
[2026-05-22 01:07:40] [INFO] [ShopBot] 滑动 (1100, 400) -> (1100, 150), 时长 0.3s
[2026-05-22 01:07:42] [DEBUG] [ShopBot] 整区 OCR 检测到 30 个文字块，4 行
[2026-05-22 01:07:42] [INFO] [ShopBot] 物品 0 (y=154-259): '英雄熔岩陆龟奈汉库伊可购买1次' → unknown (conf=0.00), 价格 29000, 货币 gold, 购买按钮 @ (1192, 206)
[2026-05-22 01:07:42] [INFO] [ShopBot] 物品 1 (y=311-405): '85装备深渊刀刃项链可购买1次' → equipment (conf=0.70), 价格 810000, 货币 gold, 购买按钮 @ (1192, 358)
[2026-05-22 01:07:42] [INFO] [ShopBot] 物品 2 (y=456-550): '货币友情点数诺诺里50可购买1次' → unknown (conf=0.00), 价格 18000, 货币 gold, 购买按钮 @ (1192, 503)
[2026-05-22 01:07:42] [INFO] [ShopBot] 物品 3 (y=601-705): '85装备暗黑钢铁重甲商人亚彼荷可购买1次' → equipment (conf=0.70), 价格 810000, 货币 gold, 购买按钮 @ (1192, 653)
[2026-05-22 01:07:42] [INFO] [ShopBot] 跳过物品: unknown
[2026-05-22 01:07:42] [INFO] [ShopBot] 跳过物品: equipment
[2026-05-22 01:07:42] [INFO] [ShopBot] 跳过物品: unknown
[2026-05-22 01:07:42] [INFO] [ShopBot] 跳过物品: equipment
[2026-05-22 01:07:42] [INFO] [ShopBot] 货架处理完成，共购买 0 个物品
[2026-05-22 01:07:42] [INFO] [ShopBot] 第 2 次查看，购买 0 个物品
[2026-05-22 01:07:42] [INFO] [ShopBot] 滑动 (1100, 400) -> (1100, 150), 时长 0.3s
[2026-05-22 01:07:44] [DEBUG] [ShopBot] 整区 OCR 检测到 30 个文字块，4 行
[2026-05-22 01:07:44] [INFO] [ShopBot] 物品 0 (y=154-259): '英雄熔岩陆龟奈汉库伊可购买1次' → unknown (conf=0.00), 价格 29000, 货币 gold, 购买按钮 @ (1192, 206)
[2026-05-22 01:07:44] [INFO] [ShopBot] 物品 1 (y=311-405): '85装备深渊刀刃项链可购买1次' → equipment (conf=0.70), 价格 810000, 货币 gold, 购买按钮 @ (1192, 358)
[2026-05-22 01:07:44] [INFO] [ShopBot] 物品 2 (y=456-550): '货币友情点数诺诺里50可购买1次' → unknown (conf=0.00), 价格 18000, 货币 gold, 购买按钮 @ (1192, 503)
[2026-05-22 01:07:44] [INFO] [ShopBot] 物品 3 (y=601-705): '85装备暗黑钢铁重甲商人亚彼荷可购买1次' → equipment (conf=0.70), 价格 810000, 货币 gold, 购买按钮 @ (1192, 653)
[2026-05-22 01:07:44] [INFO] [ShopBot] 已到达货架底部（第 3 次滑动后，识别结果无变化）
[2026-05-22 01:07:44] [INFO] [ShopBot] 寻找刷新按钮（第 1 次）
[2026-05-22 01:07:45] [DEBUG] [ShopBot] 找到刷新按钮 '立即更新' 在 (268, 659)
[2026-05-22 01:07:45] [INFO] [ShopBot] 点击刷新按钮 (268, 659)
[2026-05-22 01:07:45] [INFO] [ShopBot] 点击坐标 (268, 659)
[2026-05-22 01:07:46] [INFO] [ShopBot] 检测到刷新确认弹窗，点击确认 (748, 459)
[2026-05-22 01:07:46] [INFO] [ShopBot] 点击坐标 (748, 459)
[2026-05-22 01:07:47] [INFO] [ShopBot] 等待货架加载...
[2026-05-22 01:07:48] [INFO] [ShopBot] ===== 第 69 轮 =====
[2026-05-22 01:07:48] [INFO] [ShopBot] 滑动到货架顶部...
[2026-05-22 01:07:48] [INFO] [ShopBot] 滑动 (1100, 150) -> (1100, 400), 时长 0.3s
[2026-05-22 01:07:49] [DEBUG] [ShopBot] 整区 OCR 检测到 31 个文字块，4 行
[2026-05-22 01:07:49] [INFO] [ShopBot] 物品 0 (y=119-211): '55装备精巧的恶魔重甲商人亚彼荷可购买1次' → equipment (conf=0.70), 价格 360000, 货币 gold, 购买按钮 @ (1192, 165)
[2026-05-22 01:07:49] [INFO] [ShopBot] 物品 1 (y=263-356): '55装备啤叫龙兽靴子商人亚彼荷可购买1次' → equipment (conf=0.70), 价格 480000, 货币 gold, 购买按钮 @ (1192, 309)
[2026-05-22 01:07:49] [INFO] [ShopBot] 物品 2 (y=408-501): '85装备不屈的蜘蛛英雄挂饰可购买1次' → equipment (conf=0.70), 价格 810000, 货币 gold, 购买按钮 @ (1192, 454)
[2026-05-22 01:07:49] [INFO] [ShopBot] 物品 3 (y=553-705): '70装备钻石戒指妮萨可购买1次' → equipment (conf=0.70), 价格 380000, 货币 gold, 购买按钮 @ (1192, 629)
[2026-05-22 01:07:49] [INFO] [ShopBot] 跳过物品: equipment
[2026-05-22 01:07:49] [INFO] [ShopBot] 跳过物品: equipment
[2026-05-22 01:07:49] [INFO] [ShopBot] 跳过物品: equipment
[2026-05-22 01:07:49] [INFO] [ShopBot] 跳过物品: equipment
[2026-05-22 01:07:49] [INFO] [ShopBot] 货架处理完成，共购买 0 个物品
[2026-05-22 01:07:49] [INFO] [ShopBot] 第 0 次查看，购买 0 个物品
[2026-05-22 01:07:49] [INFO] [ShopBot] 滑动 (1100, 400) -> (1100, 150), 时长 0.3s
[2026-05-22 01:07:52] [DEBUG] [ShopBot] 整区 OCR 检测到 29 个文字块，4 行
[2026-05-22 01:07:52] [INFO] [ShopBot] 物品 0 (y=154-260): '装备不屈的蜘蛛英雄挂饰妮萨可购买1次' → equipment (conf=0.70), 价格 810000, 货币 gold, 购买按钮 @ (1192, 207)
[2026-05-22 01:07:52] [INFO] [ShopBot] 物品 1 (y=311-405): '70装备钻石戒指可购买1次' → equipment (conf=0.70), 价格 380000, 货币 gold, 购买按钮 @ (1192, 358)
[2026-05-22 01:07:52] [INFO] [ShopBot] 物品 2 (y=456-550): '货币友情点数诺诺里50可购买1次' → unknown (conf=0.00), 价格 18000, 货币 gold, 购买按钮 @ (1192, 503)
[2026-05-22 01:07:52] [INFO] [ShopBot] 物品 3 (y=601-705): '装备破灭精髓长袍商人亚彼荷可购买1次' → equipment (conf=0.70), 价格 380000, 货币 gold, 购买按钮 @ (1192, 653)
[2026-05-22 01:07:52] [INFO] [ShopBot] 跳过物品: equipment
[2026-05-22 01:07:52] [INFO] [ShopBot] 跳过物品: equipment
[2026-05-22 01:07:52] [INFO] [ShopBot] 跳过物品: unknown
[2026-05-22 01:07:52] [INFO] [ShopBot] 跳过物品: equipment
[2026-05-22 01:07:52] [INFO] [ShopBot] 货架处理完成，共购买 0 个物品
[2026-05-22 01:07:52] [INFO] [ShopBot] 第 1 次查看，购买 0 个物品
[2026-05-22 01:07:52] [INFO] [ShopBot] 滑动 (1100, 400) -> (1100, 150), 时长 0.3s
[2026-05-22 01:07:54] [DEBUG] [ShopBot] 整区 OCR 检测到 29 个文字块，4 行
[2026-05-22 01:07:54] [INFO] [ShopBot] 物品 0 (y=154-260): '装备不屈的蜘蛛英雄挂饰妮萨可购买1次' → equipment (conf=0.70), 价格 810000, 货币 gold, 购买按钮 @ (1192, 207)
[2026-05-22 01:07:54] [INFO] [ShopBot] 物品 1 (y=311-405): '70装备钻石戒指可购买1次' → equipment (conf=0.70), 价格 380000, 货币 gold, 购买按钮 @ (1192, 358)
[2026-05-22 01:07:54] [INFO] [ShopBot] 物品 2 (y=456-550): '货币友情点数诺诺里50可购买1次' → unknown (conf=0.00), 价格 18000, 货币 gold, 购买按钮 @ (1192, 503)
[2026-05-22 01:07:54] [INFO] [ShopBot] 物品 3 (y=601-705): '装备破灭精髓长袍商人亚彼荷可购买1次' → equipment (conf=0.70), 价格 380000, 货币 gold, 购买按钮 @ (1192, 653)
[2026-05-22 01:07:54] [INFO] [ShopBot] 已到达货架底部（第 2 次滑动后，识别结果无变化）
[2026-05-22 01:07:54] [INFO] [ShopBot] 寻找刷新按钮（第 1 次）
[2026-05-22 01:07:55] [DEBUG] [ShopBot] 找到刷新按钮 '立即更新' 在 (268, 659)
[2026-05-22 01:07:55] [INFO] [ShopBot] 点击刷新按钮 (268, 659)
[2026-05-22 01:07:55] [INFO] [ShopBot] 点击坐标 (268, 659)
[2026-05-22 01:07:56] [INFO] [ShopBot] 检测到刷新确认弹窗，点击确认 (748, 459)
[2026-05-22 01:07:56] [INFO] [ShopBot] 点击坐标 (748, 459)
[2026-05-22 01:07:56] [INFO] [ShopBot] 等待货架加载...
[2026-05-22 01:07:57] [INFO] [ShopBot] ===== 第 70 轮 =====
[2026-05-22 01:07:57] [INFO] [ShopBot] 滑动到货架顶部...
[2026-05-22 01:07:57] [INFO] [ShopBot] 滑动 (1100, 150) -> (1100, 400), 时长 0.3s
[2026-05-22 01:07:59] [DEBUG] [ShopBot] 整区 OCR 检测到 30 个文字块，4 行
[2026-05-22 01:07:59] [INFO] [ShopBot] 物品 0 (y=123-214): '英雄浪云风兽奈汉库伊可购买1次' → unknown (conf=0.00), 价格 29000, 货币 gold, 购买按钮 @ (1192, 168)
[2026-05-22 01:07:59] [INFO] [ShopBot] 物品 1 (y=267-360): '55装备啤叫龙兽面具商人亚彼荷可购买1次' → equipment (conf=0.70), 价格 240000, 货币 gold, 购买按钮 @ (1192, 313)
[2026-05-22 01:07:59] [INFO] [ShopBot] 物品 2 (y=413-505): '英雄亚罗奈枪炮奈汉库伊可购买1次' → unknown (conf=0.00), 价格 29000, 货币 gold, 购买按钮 @ (1192, 459)
[2026-05-22 01:07:59] [INFO] [ShopBot] 物品 3 (y=557-705): '装备85深渊龙兽皮甲商人亚彼荷可购买1次' → equipment (conf=0.70), 价格 810000, 货币 gold, 购买按钮 @ (1192, 631)
[2026-05-22 01:07:59] [INFO] [ShopBot] 跳过物品: unknown
[2026-05-22 01:07:59] [INFO] [ShopBot] 跳过物品: equipment
[2026-05-22 01:07:59] [INFO] [ShopBot] 跳过物品: unknown
[2026-05-22 01:07:59] [INFO] [ShopBot] 跳过物品: equipment
[2026-05-22 01:07:59] [INFO] [ShopBot] 货架处理完成，共购买 0 个物品
[2026-05-22 01:07:59] [INFO] [ShopBot] 第 0 次查看，购买 0 个物品
[2026-05-22 01:07:59] [INFO] [ShopBot] 滑动 (1100, 400) -> (1100, 150), 时长 0.3s
[2026-05-22 01:08:01] [DEBUG] [ShopBot] 整区 OCR 检测到 31 个文字块，4 行
[2026-05-22 01:08:01] [INFO] [ShopBot] 物品 0 (y=154-259): '英雄亚罗奈枪炮奈汉库伊可购买1次' → unknown (conf=0.00), 价格 29000, 货币 gold, 购买按钮 @ (1192, 206)
[2026-05-22 01:08:01] [INFO] [ShopBot] 物品 1 (y=311-405): '85装备深渊龙兽皮甲商人亚彼荷可购买1次' → equipment (conf=0.70), 价格 810000, 货币 gold, 购买按钮 @ (1192, 358)
[2026-05-22 01:08:01] [INFO] [ShopBot] 物品 2 (y=456-550): '货币友情点数诺诺里50可购买1次' → unknown (conf=0.00), 价格 18000, 货币 gold, 购买按钮 @ (1192, 503)
[2026-05-22 01:08:01] [INFO] [ShopBot] 物品 3 (y=599-705): '55装备精巧的恶魔靴子商人亚彼荷可购买1次' → equipment (conf=0.70), 价格 240000, 货币 gold, 购买按钮 @ (1192, 652)
[2026-05-22 01:08:01] [INFO] [ShopBot] 跳过物品: unknown
[2026-05-22 01:08:01] [INFO] [ShopBot] 跳过物品: equipment
[2026-05-22 01:08:01] [INFO] [ShopBot] 跳过物品: unknown
[2026-05-22 01:08:01] [INFO] [ShopBot] 跳过物品: equipment
[2026-05-22 01:08:01] [INFO] [ShopBot] 货架处理完成，共购买 0 个物品
[2026-05-22 01:08:01] [INFO] [ShopBot] 第 1 次查看，购买 0 个物品
[2026-05-22 01:08:01] [INFO] [ShopBot] 滑动 (1100, 400) -> (1100, 150), 时长 0.3s
[2026-05-22 01:08:04] [DEBUG] [ShopBot] 整区 OCR 检测到 31 个文字块，4 行
[2026-05-22 01:08:04] [INFO] [ShopBot] 物品 0 (y=154-259): '英雄亚罗奈枪炮奈汉库伊可购买1次' → unknown (conf=0.00), 价格 29000, 货币 gold, 购买按钮 @ (1192, 206)
[2026-05-22 01:08:04] [INFO] [ShopBot] 物品 1 (y=311-405): '85装备深渊龙兽皮甲商人亚彼荷可购买1次' → equipment (conf=0.70), 价格 810000, 货币 gold, 购买按钮 @ (1192, 358)
[2026-05-22 01:08:04] [INFO] [ShopBot] 物品 2 (y=456-550): '货币友情点数诺诺里50可购买1次' → unknown (conf=0.00), 价格 18000, 货币 gold, 购买按钮 @ (1192, 503)
[2026-05-22 01:08:04] [INFO] [ShopBot] 物品 3 (y=601-705): '55装备精巧的恶魔靴子商人亚彼荷可购买1次' → equipment (conf=0.70), 价格 240000, 货币 gold, 购买按钮 @ (1192, 653)
[2026-05-22 01:08:04] [INFO] [ShopBot] 已到达货架底部（第 2 次滑动后，识别结果无变化）
[2026-05-22 01:08:04] [INFO] [ShopBot] 寻找刷新按钮（第 1 次）
[2026-05-22 01:08:04] [DEBUG] [ShopBot] 找到刷新按钮 '立即更新' 在 (268, 659)
[2026-05-22 01:08:04] [INFO] [ShopBot] 点击刷新按钮 (268, 659)
[2026-05-22 01:08:04] [INFO] [ShopBot] 点击坐标 (268, 659)
[2026-05-22 01:08:06] [INFO] [ShopBot] 检测到刷新确认弹窗，点击确认 (748, 459)
[2026-05-22 01:08:06] [INFO] [ShopBot] 点击坐标 (748, 459)
[2026-05-22 01:08:06] [INFO] [ShopBot] 等待货架加载...
[2026-05-22 01:08:07] [INFO] [ShopBot] ===== 第 71 轮 =====
[2026-05-22 01:08:07] [INFO] [ShopBot] 滑动到货架顶部...
[2026-05-22 01:08:07] [INFO] [ShopBot] 滑动 (1100, 150) -> (1100, 400), 时长 0.3s
[2026-05-22 01:08:09] [DEBUG] [ShopBot] 整区 OCR 检测到 30 个文字块，5 行
[2026-05-22 01:08:09] [INFO] [ShopBot] 物品 0 (y=121-213): '70装备蜘蛛君主的挂饰可购买1次' → equipment (conf=0.70), 价格 380000, 货币 gold, 购买按钮 @ (1192, 167)
[2026-05-22 01:08:09] [INFO] [ShopBot] 物品 1 (y=264-358): '货币友情点数诺诺里50可购买1次' → unknown (conf=0.00), 价格 18000, 货币 gold, 购买按钮 @ (1192, 311)
[2026-05-22 01:08:09] [INFO] [ShopBot] 物品 2 (y=410-502): '英雄寒气碎片奈汉库伊可购买1次' → unknown (conf=0.00), 价格 29000, 货币 gold, 购买按钮 @ (1192, 456)
[2026-05-22 01:08:09] [INFO] [ShopBot] 物品 3 (y=554-648): '装备55啤叫龙兽骨刃剑商人亚彼荷可购买1次' → equipment (conf=0.70), 价格 360000, 货币 gold, 购买按钮 @ (1192, 601)
[2026-05-22 01:08:09] [INFO] [ShopBot] 物品 4 (y=649-705): '' → unknown (conf=0.00), 价格 0, 货币 gold, 购买按钮 @ (1192, 677)
[2026-05-22 01:08:09] [INFO] [ShopBot] 跳过物品: equipment
[2026-05-22 01:08:09] [INFO] [ShopBot] 跳过物品: unknown
[2026-05-22 01:08:09] [INFO] [ShopBot] 跳过物品: unknown
[2026-05-22 01:08:09] [INFO] [ShopBot] 跳过物品: equipment
[2026-05-22 01:08:09] [INFO] [ShopBot] 跳过物品: unknown
[2026-05-22 01:08:09] [INFO] [ShopBot] 货架处理完成，共购买 0 个物品
[2026-05-22 01:08:09] [INFO] [ShopBot] 第 0 次查看，购买 0 个物品
[2026-05-22 01:08:09] [INFO] [ShopBot] 滑动 (1100, 400) -> (1100, 150), 时长 0.3s
[2026-05-22 01:08:12] [DEBUG] [ShopBot] 整区 OCR 检测到 30 个文字块，4 行
[2026-05-22 01:08:12] [INFO] [ShopBot] 物品 0 (y=154-259): '英雄寒气碎片奈汉库伊可购买1次' → unknown (conf=0.00), 价格 29000, 货币 gold, 购买按钮 @ (1192, 206)
[2026-05-22 01:08:12] [INFO] [ShopBot] 物品 1 (y=311-405): '55装备啤叫龙兽骨刃剑商人亚彼荷可购买1次' → equipment (conf=0.70), 价格 360000, 货币 gold, 购买按钮 @ (1192, 358)
[2026-05-22 01:08:12] [INFO] [ShopBot] 物品 2 (y=456-550): '装备魔力龙兽皮甲商人亚彼荷可购买1次' → equipment (conf=0.70), 价格 560000, 货币 gold, 购买按钮 @ (1192, 503)
[2026-05-22 01:08:12] [INFO] [ShopBot] 物品 3 (y=601-705): '85装备不屈的蜘蛛英雄靴子商人亚彼荷可购买1次' → equipment (conf=0.70), 价格 540000, 货币 gold, 购买按钮 @ (1192, 653)
[2026-05-22 01:08:12] [INFO] [ShopBot] 跳过物品: unknown
[2026-05-22 01:08:12] [INFO] [ShopBot] 跳过物品: equipment
[2026-05-22 01:08:12] [INFO] [ShopBot] 跳过物品: equipment
[2026-05-22 01:08:12] [INFO] [ShopBot] 跳过物品: equipment
[2026-05-22 01:08:12] [INFO] [ShopBot] 货架处理完成，共购买 0 个物品
[2026-05-22 01:08:12] [INFO] [ShopBot] 第 1 次查看，购买 0 个物品
[2026-05-22 01:08:12] [INFO] [ShopBot] 滑动 (1100, 400) -> (1100, 150), 时长 0.3s
[2026-05-22 01:08:14] [DEBUG] [ShopBot] 整区 OCR 检测到 30 个文字块，4 行
[2026-05-22 01:08:14] [INFO] [ShopBot] 物品 0 (y=154-259): '英雄寒气碎片奈汉库伊可购买1次' → unknown (conf=0.00), 价格 29000, 货币 gold, 购买按钮 @ (1192, 206)
[2026-05-22 01:08:14] [INFO] [ShopBot] 物品 1 (y=311-405): '55装备啤叫龙兽骨刃剑商人亚彼荷可购买1次' → equipment (conf=0.70), 价格 360000, 货币 gold, 购买按钮 @ (1192, 358)
[2026-05-22 01:08:14] [INFO] [ShopBot] 物品 2 (y=456-550): '装备魔力龙兽皮甲商人亚彼荷可购买1次' → equipment (conf=0.70), 价格 560000, 货币 gold, 购买按钮 @ (1192, 503)
[2026-05-22 01:08:14] [INFO] [ShopBot] 物品 3 (y=601-705): '85装备不屈的蜘蛛英雄靴子商人亚彼荷可购买1次' → equipment (conf=0.70), 价格 540000, 货币 gold, 购买按钮 @ (1192, 653)
[2026-05-22 01:08:14] [INFO] [ShopBot] 已到达货架底部（第 2 次滑动后，识别结果无变化）
[2026-05-22 01:08:14] [INFO] [ShopBot] 寻找刷新按钮（第 1 次）
[2026-05-22 01:08:15] [DEBUG] [ShopBot] 找到刷新按钮 '立即更新' 在 (268, 659)
[2026-05-22 01:08:15] [INFO] [ShopBot] 点击刷新按钮 (268, 659)
[2026-05-22 01:08:15] [INFO] [ShopBot] 点击坐标 (268, 659)
[2026-05-22 01:08:16] [INFO] [ShopBot] 检测到刷新确认弹窗，点击确认 (748, 460)
[2026-05-22 01:08:16] [INFO] [ShopBot] 点击坐标 (748, 460)
[2026-05-22 01:08:17] [INFO] [ShopBot] 等待货架加载...
[2026-05-22 01:08:18] [INFO] [ShopBot] ===== 第 72 轮 =====
[2026-05-22 01:08:18] [INFO] [ShopBot] 滑动到货架顶部...
[2026-05-22 01:08:18] [INFO] [ShopBot] 滑动 (1100, 150) -> (1100, 400), 时长 0.3s
[2026-05-22 01:08:19] [DEBUG] [ShopBot] 整区 OCR 检测到 31 个文字块，4 行
[2026-05-22 01:08:19] [INFO] [ShopBot] 物品 0 (y=125-216): '货币友情点数诺诺里50可购买1次' → unknown (conf=0.00), 价格 18000, 货币 gold, 购买按钮 @ (1192, 170)
[2026-05-22 01:08:19] [INFO] [ShopBot] 物品 1 (y=269-361): '英雄守望狮鹫奈汉库伊可购买1次' → unknown (conf=0.00), 价格 29000, 货币 gold, 购买按钮 @ (1192, 315)
[2026-05-22 01:08:19] [INFO] [ShopBot] 物品 2 (y=413-507): '装备55勇士的背甲项链妮萨可购买1次' → equipment (conf=0.70), 价格 240000, 货币 gold, 购买按钮 @ (1192, 460)
[2026-05-22 01:08:19] [INFO] [ShopBot] 物品 3 (y=558-705): '55装备奥利哈钢重甲商人亚彼荷可购买1次' → equipment (conf=0.70), 价格 240000, 货币 gold, 购买按钮 @ (1192, 631)
[2026-05-22 01:08:19] [INFO] [ShopBot] 跳过物品: unknown
[2026-05-22 01:08:19] [INFO] [ShopBot] 跳过物品: unknown
[2026-05-22 01:08:19] [INFO] [ShopBot] 跳过物品: equipment
[2026-05-22 01:08:19] [INFO] [ShopBot] 跳过物品: equipment
[2026-05-22 01:08:19] [INFO] [ShopBot] 货架处理完成，共购买 0 个物品
[2026-05-22 01:08:19] [INFO] [ShopBot] 第 0 次查看，购买 0 个物品
[2026-05-22 01:08:19] [INFO] [ShopBot] 滑动 (1100, 400) -> (1100, 150), 时长 0.3s
[2026-05-22 01:08:22] [DEBUG] [ShopBot] 整区 OCR 检测到 34 个文字块，5 行
[2026-05-22 01:08:22] [INFO] [ShopBot] 物品 0 (y=80-129): '宁皇狮鸟奈汉库伊可购买1次' → unknown (conf=0.00), 价格 0, 货币 gold, 购买按钮 @ (1192, 104)
[2026-05-22 01:08:22] [INFO] [ShopBot] 物品 1 (y=182-275): '55装备勇士的背甲项链妮萨可购买1次' → equipment (conf=0.70), 价格 240000, 货币 gold, 购买按钮 @ (1192, 228)
[2026-05-22 01:08:22] [INFO] [ShopBot] 物品 2 (y=327-420): '55装备奥利哈钢重甲商人亚彼荷可购买1次' → equipment (conf=0.70), 价格 240000, 货币 gold, 购买按钮 @ (1192, 373)
[2026-05-22 01:08:22] [INFO] [ShopBot] 物品 3 (y=473-565): '英雄追踪队枪炮奈汉库伊可购买1次' → unknown (conf=0.00), 价格 29000, 货币 gold, 购买按钮 @ (1192, 519)
[2026-05-22 01:08:22] [INFO] [ShopBot] 物品 4 (y=602-705): '英雄寒气碎片可购买1次' → unknown (conf=0.00), 价格 29000, 货币 gold, 购买按钮 @ (1192, 653)
[2026-05-22 01:08:22] [INFO] [ShopBot] 跳过物品: unknown
[2026-05-22 01:08:22] [INFO] [ShopBot] 跳过物品: equipment
[2026-05-22 01:08:22] [INFO] [ShopBot] 跳过物品: equipment
[2026-05-22 01:08:22] [INFO] [ShopBot] 跳过物品: unknown
[2026-05-22 01:08:22] [INFO] [ShopBot] 跳过物品: unknown
[2026-05-22 01:08:22] [INFO] [ShopBot] 货架处理完成，共购买 0 个物品
[2026-05-22 01:08:22] [INFO] [ShopBot] 第 1 次查看，购买 0 个物品
[2026-05-22 01:08:22] [INFO] [ShopBot] 滑动 (1100, 400) -> (1100, 150), 时长 0.3s
[2026-05-22 01:08:24] [DEBUG] [ShopBot] 整区 OCR 检测到 30 个文字块，4 行
[2026-05-22 01:08:24] [INFO] [ShopBot] 物品 0 (y=154-260): '55装备勇士的背甲项链妮萨可购买1次' → equipment (conf=0.70), 价格 240000, 货币 gold, 购买按钮 @ (1192, 207)
[2026-05-22 01:08:24] [INFO] [ShopBot] 物品 1 (y=311-405): '55装备奥利哈钢重甲商人亚彼荷可购买1次' → equipment (conf=0.70), 价格 240000, 货币 gold, 购买按钮 @ (1192, 358)
[2026-05-22 01:08:24] [INFO] [ShopBot] 物品 2 (y=457-550): '英雄追踪队枪炮奈汉库伊可购买1次' → unknown (conf=0.00), 价格 29000, 货币 gold, 购买按钮 @ (1192, 503)
[2026-05-22 01:08:24] [INFO] [ShopBot] 物品 3 (y=602-705): '英雄寒气碎片奈汉库伊可购买1次' → unknown (conf=0.00), 价格 29000, 货币 gold, 购买按钮 @ (1192, 653)
[2026-05-22 01:08:24] [INFO] [ShopBot] 跳过物品: equipment
[2026-05-22 01:08:24] [INFO] [ShopBot] 跳过物品: equipment
[2026-05-22 01:08:24] [INFO] [ShopBot] 跳过物品: unknown
[2026-05-22 01:08:24] [INFO] [ShopBot] 跳过物品: unknown
[2026-05-22 01:08:24] [INFO] [ShopBot] 货架处理完成，共购买 0 个物品
[2026-05-22 01:08:24] [INFO] [ShopBot] 第 2 次查看，购买 0 个物品
[2026-05-22 01:08:24] [INFO] [ShopBot] 滑动 (1100, 400) -> (1100, 150), 时长 0.3s
[2026-05-22 01:08:26] [DEBUG] [ShopBot] 整区 OCR 检测到 30 个文字块，4 行
[2026-05-22 01:08:26] [INFO] [ShopBot] 物品 0 (y=154-260): '55装备勇士的背甲项链妮萨可购买1次' → equipment (conf=0.70), 价格 240000, 货币 gold, 购买按钮 @ (1192, 207)
[2026-05-22 01:08:26] [INFO] [ShopBot] 物品 1 (y=311-405): '55装备奥利哈钢重甲商人亚彼荷可购买1次' → equipment (conf=0.70), 价格 240000, 货币 gold, 购买按钮 @ (1192, 358)
[2026-05-22 01:08:26] [INFO] [ShopBot] 物品 2 (y=458-550): '英雄追踪队枪炮奈汉库伊可购买1次' → unknown (conf=0.00), 价格 29000, 货币 gold, 购买按钮 @ (1192, 504)
[2026-05-22 01:08:26] [INFO] [ShopBot] 物品 3 (y=602-705): '英雄寒气碎片奈汉库伊可购买1次' → unknown (conf=0.00), 价格 29000, 货币 gold, 购买按钮 @ (1192, 653)
[2026-05-22 01:08:26] [INFO] [ShopBot] 已到达货架底部（第 3 次滑动后，识别结果无变化）
[2026-05-22 01:08:26] [INFO] [ShopBot] 寻找刷新按钮（第 1 次）
[2026-05-22 01:08:27] [DEBUG] [ShopBot] 找到刷新按钮 '立即更新' 在 (268, 659)
[2026-05-22 01:08:27] [INFO] [ShopBot] 点击刷新按钮 (268, 659)
[2026-05-22 01:08:27] [INFO] [ShopBot] 点击坐标 (268, 659)
[2026-05-22 01:08:28] [INFO] [ShopBot] 检测到刷新确认弹窗，点击确认 (748, 460)
[2026-05-22 01:08:28] [INFO] [ShopBot] 点击坐标 (748, 460)
[2026-05-22 01:08:28] [INFO] [ShopBot] 等待货架加载...
[2026-05-22 01:08:29] [INFO] [ShopBot] ===== 第 73 轮 =====
[2026-05-22 01:08:29] [INFO] [ShopBot] 滑动到货架顶部...
[2026-05-22 01:08:29] [INFO] [ShopBot] 滑动 (1100, 150) -> (1100, 400), 时长 0.3s
[2026-05-22 01:08:31] [DEBUG] [ShopBot] 整区 OCR 检测到 30 个文字块，5 行
[2026-05-22 01:08:31] [INFO] [ShopBot] 物品 0 (y=121-212): '70装备不祥的恶魔高级靴子商人亚彼荷可购买1次' → equipment (conf=0.70), 价格 380000, 货币 gold, 购买按钮 @ (1192, 166)
[2026-05-22 01:08:31] [INFO] [ShopBot] 物品 1 (y=265-357): '英雄青苔陆龟奈汉库伊可购买1次' → unknown (conf=0.00), 价格 29000, 货币 gold, 购买按钮 @ (1192, 311)
[2026-05-22 01:08:31] [INFO] [ShopBot] 物品 2 (y=409-503): '55装备精巧的恶魔头盔可购买1次商人亚彼荷' → equipment (conf=0.70), 价格 240000, 货币 gold, 购买按钮 @ (1192, 456)
[2026-05-22 01:08:31] [INFO] [ShopBot] 物品 3 (y=555-647): '英雄组织下级魔法师奈汉库伊可购买1次' → unknown (conf=0.00), 价格 29000, 货币 gold, 购买按钮 @ (1192, 601)
[2026-05-22 01:08:31] [INFO] [ShopBot] 物品 4 (y=649-705): '' → unknown (conf=0.00), 价格 0, 货币 gold, 购买按钮 @ (1192, 677)
[2026-05-22 01:08:31] [INFO] [ShopBot] 跳过物品: equipment
[2026-05-22 01:08:31] [INFO] [ShopBot] 跳过物品: unknown
[2026-05-22 01:08:31] [INFO] [ShopBot] 跳过物品: equipment
[2026-05-22 01:08:31] [INFO] [ShopBot] 跳过物品: unknown
[2026-05-22 01:08:31] [INFO] [ShopBot] 跳过物品: unknown
[2026-05-22 01:08:31] [INFO] [ShopBot] 货架处理完成，共购买 0 个物品
[2026-05-22 01:08:31] [INFO] [ShopBot] 第 0 次查看，购买 0 个物品
[2026-05-22 01:08:31] [INFO] [ShopBot] 滑动 (1100, 400) -> (1100, 150), 时长 0.3s
[2026-05-22 01:08:33] [DEBUG] [ShopBot] 整区 OCR 检测到 30 个文字块，4 行
[2026-05-22 01:08:33] [INFO] [ShopBot] 物品 0 (y=154-260): '55装备精巧的恶魔头盔商人亚彼荷可购买1次' → equipment (conf=0.70), 价格 240000, 货币 gold, 购买按钮 @ (1192, 207)
[2026-05-22 01:08:33] [INFO] [ShopBot] 物品 1 (y=313-405): '英雄组织下级魔法师奈汉库伊可购买1次' → unknown (conf=0.00), 价格 29000, 货币 gold, 购买按钮 @ (1192, 359)
[2026-05-22 01:08:33] [INFO] [ShopBot] 物品 2 (y=456-550): '货币友情点数诺诺里50可购买1次' → unknown (conf=0.00), 价格 18000, 货币 gold, 购买按钮 @ (1192, 503)
[2026-05-22 01:08:33] [INFO] [ShopBot] 物品 3 (y=602-705): '英雄铁血矛兵奈汉库伊可购买1次' → equipment (conf=0.65), 价格 29000, 货币 gold, 购买按钮 @ (1192, 653)
[2026-05-22 01:08:33] [INFO] [ShopBot] 跳过物品: equipment
[2026-05-22 01:08:33] [INFO] [ShopBot] 跳过物品: unknown
[2026-05-22 01:08:33] [INFO] [ShopBot] 跳过物品: unknown
[2026-05-22 01:08:33] [INFO] [ShopBot] 跳过物品: equipment
[2026-05-22 01:08:33] [INFO] [ShopBot] 货架处理完成，共购买 0 个物品
[2026-05-22 01:08:33] [INFO] [ShopBot] 第 1 次查看，购买 0 个物品
[2026-05-22 01:08:33] [INFO] [ShopBot] 滑动 (1100, 400) -> (1100, 150), 时长 0.3s
[2026-05-22 01:08:36] [DEBUG] [ShopBot] 整区 OCR 检测到 30 个文字块，4 行
[2026-05-22 01:08:36] [INFO] [ShopBot] 物品 0 (y=154-260): '55装备精巧的恶魔头盔商人亚彼荷可购买1次' → equipment (conf=0.70), 价格 240000, 货币 gold, 购买按钮 @ (1192, 207)
[2026-05-22 01:08:36] [INFO] [ShopBot] 物品 1 (y=313-405): '英雄组织下级魔法师奈汉库伊可购买1次' → unknown (conf=0.00), 价格 29000, 货币 gold, 购买按钮 @ (1192, 359)
[2026-05-22 01:08:36] [INFO] [ShopBot] 物品 2 (y=456-550): '货币友情点数诺诺里50可购买1次' → unknown (conf=0.00), 价格 18000, 货币 gold, 购买按钮 @ (1192, 503)
[2026-05-22 01:08:36] [INFO] [ShopBot] 物品 3 (y=602-705): '英雄铁血矛兵奈汉库伊可购买1次' → equipment (conf=0.65), 价格 29000, 货币 gold, 购买按钮 @ (1192, 653)
[2026-05-22 01:08:36] [INFO] [ShopBot] 已到达货架底部（第 2 次滑动后，识别结果无变化）
[2026-05-22 01:08:36] [INFO] [ShopBot] 寻找刷新按钮（第 1 次）
[2026-05-22 01:08:36] [DEBUG] [ShopBot] 找到刷新按钮 '立即更新' 在 (268, 659)
[2026-05-22 01:08:36] [INFO] [ShopBot] 点击刷新按钮 (268, 659)
[2026-05-22 01:08:36] [INFO] [ShopBot] 点击坐标 (268, 659)
[2026-05-22 01:08:38] [INFO] [ShopBot] 检测到刷新确认弹窗，点击确认 (748, 459)
[2026-05-22 01:08:38] [INFO] [ShopBot] 点击坐标 (748, 459)
[2026-05-22 01:08:38] [INFO] [ShopBot] 等待货架加载...
[2026-05-22 01:08:39] [INFO] [ShopBot] ===== 第 74 轮 =====
[2026-05-22 01:08:39] [INFO] [ShopBot] 滑动到货架顶部...
[2026-05-22 01:08:39] [INFO] [ShopBot] 滑动 (1100, 150) -> (1100, 400), 时长 0.3s
[2026-05-22 01:08:41] [DEBUG] [ShopBot] 整区 OCR 检测到 33 个文字块，4 行
[2026-05-22 01:08:41] [INFO] [ShopBot] 物品 0 (y=124-216): '85装备不屈的蜘蛛英雄流星锤商人亚彼荷可购买1次' → equipment (conf=0.70), 价格 540000, 货币 gold, 购买按钮 @ (1192, 170)
[2026-05-22 01:08:41] [INFO] [ShopBot] 物品 1 (y=267-361): '70装备泰拉头盔商人亚彼荷可购买1次' → equipment (conf=0.70), 价格 560000, 货币 gold, 购买按钮 @ (1192, 314)
[2026-05-22 01:08:41] [INFO] [ShopBot] 物品 2 (y=412-506): '装备55精巧的恶魔重甲2商人亚彼荷可购买1次' → equipment (conf=0.70), 价格 240000, 货币 gold, 购买按钮 @ (1192, 459)
[2026-05-22 01:08:41] [INFO] [ShopBot] 物品 3 (y=557-705): '55装备奥利哈钢头盔商人亚彼荷可购买1次' → equipment (conf=0.70), 价格 240000, 货币 gold, 购买按钮 @ (1192, 631)
[2026-05-22 01:08:41] [INFO] [ShopBot] 跳过物品: equipment
[2026-05-22 01:08:41] [INFO] [ShopBot] 跳过物品: equipment
[2026-05-22 01:08:41] [INFO] [ShopBot] 跳过物品: equipment
[2026-05-22 01:08:41] [INFO] [ShopBot] 跳过物品: equipment
[2026-05-22 01:08:41] [INFO] [ShopBot] 货架处理完成，共购买 0 个物品
[2026-05-22 01:08:41] [INFO] [ShopBot] 第 0 次查看，购买 0 个物品
[2026-05-22 01:08:41] [INFO] [ShopBot] 滑动 (1100, 400) -> (1100, 150), 时长 0.3s
[2026-05-22 01:08:43] [DEBUG] [ShopBot] 整区 OCR 检测到 32 个文字块，4 行
[2026-05-22 01:08:43] [INFO] [ShopBot] 物品 0 (y=154-264): '55装备精巧的恶魔重甲商人亚彼荷可购买1次' → equipment (conf=0.70), 价格 240000, 货币 gold, 购买按钮 @ (1192, 209)
[2026-05-22 01:08:43] [INFO] [ShopBot] 物品 1 (y=316-410): '装备55奥利哈钢头盔商人亚彼荷可购买1次' → equipment (conf=0.70), 价格 240000, 货币 gold, 购买按钮 @ (1192, 363)
[2026-05-22 01:08:43] [INFO] [ShopBot] 物品 2 (y=461-555): '货币友情点数诺诺里50可购买1次' → unknown (conf=0.00), 价格 18000, 货币 gold, 购买按钮 @ (1192, 508)
[2026-05-22 01:08:43] [INFO] [ShopBot] 物品 3 (y=599-705): '85装备深渊刀刃项链妮萨可购买1次' → equipment (conf=0.70), 价格 540000, 货币 gold, 购买按钮 @ (1192, 652)
[2026-05-22 01:08:43] [INFO] [ShopBot] 跳过物品: equipment
[2026-05-22 01:08:43] [INFO] [ShopBot] 跳过物品: equipment
[2026-05-22 01:08:43] [INFO] [ShopBot] 跳过物品: unknown
[2026-05-22 01:08:43] [INFO] [ShopBot] 跳过物品: equipment
[2026-05-22 01:08:43] [INFO] [ShopBot] 货架处理完成，共购买 0 个物品
[2026-05-22 01:08:43] [INFO] [ShopBot] 第 1 次查看，购买 0 个物品
[2026-05-22 01:08:43] [INFO] [ShopBot] 滑动 (1100, 400) -> (1100, 150), 时长 0.3s
[2026-05-22 01:08:45] [DEBUG] [ShopBot] 整区 OCR 检测到 32 个文字块，4 行
[2026-05-22 01:08:45] [INFO] [ShopBot] 物品 0 (y=154-260): '55装备精巧的恶魔重甲商人亚彼荷可购买1次' → equipment (conf=0.70), 价格 240000, 货币 gold, 购买按钮 @ (1192, 207)
[2026-05-22 01:08:45] [INFO] [ShopBot] 物品 1 (y=311-405): '55装备奥利哈钢头盔商人亚彼荷可购买1次' → equipment (conf=0.70), 价格 240000, 货币 gold, 购买按钮 @ (1192, 358)
[2026-05-22 01:08:45] [INFO] [ShopBot] 物品 2 (y=456-550): '货币友情点数诺诺里50可购买1次' → unknown (conf=0.00), 价格 18000, 货币 gold, 购买按钮 @ (1192, 503)
[2026-05-22 01:08:45] [INFO] [ShopBot] 物品 3 (y=601-705): '85装备深渊刀刃项链妮萨可购买1次' → equipment (conf=0.70), 价格 540000, 货币 gold, 购买按钮 @ (1192, 653)
[2026-05-22 01:08:45] [INFO] [ShopBot] 跳过物品: equipment
[2026-05-22 01:08:45] [INFO] [ShopBot] 跳过物品: equipment
[2026-05-22 01:08:45] [INFO] [ShopBot] 跳过物品: unknown
[2026-05-22 01:08:45] [INFO] [ShopBot] 跳过物品: equipment
[2026-05-22 01:08:45] [INFO] [ShopBot] 货架处理完成，共购买 0 个物品
[2026-05-22 01:08:45] [INFO] [ShopBot] 第 2 次查看，购买 0 个物品
[2026-05-22 01:08:45] [INFO] [ShopBot] 滑动 (1100, 400) -> (1100, 150), 时长 0.3s
[2026-05-22 01:08:48] [DEBUG] [ShopBot] 整区 OCR 检测到 32 个文字块，4 行
[2026-05-22 01:08:48] [INFO] [ShopBot] 物品 0 (y=154-260): '55装备精巧的恶魔重甲商人亚彼荷可购买1次' → equipment (conf=0.70), 价格 240000, 货币 gold, 购买按钮 @ (1192, 207)
[2026-05-22 01:08:48] [INFO] [ShopBot] 物品 1 (y=311-405): '55装备奥利哈钢头盔商人亚彼荷可购买1次' → equipment (conf=0.70), 价格 240000, 货币 gold, 购买按钮 @ (1192, 358)
[2026-05-22 01:08:48] [INFO] [ShopBot] 物品 2 (y=456-550): '货币友情点数诺诺里50可购买1次' → unknown (conf=0.00), 价格 18000, 货币 gold, 购买按钮 @ (1192, 503)
[2026-05-22 01:08:48] [INFO] [ShopBot] 物品 3 (y=601-705): '85装备深渊刀刃项链妮萨可购买1次' → equipment (conf=0.70), 价格 540000, 货币 gold, 购买按钮 @ (1192, 653)
[2026-05-22 01:08:48] [INFO] [ShopBot] 已到达货架底部（第 3 次滑动后，识别结果无变化）
[2026-05-22 01:08:48] [INFO] [ShopBot] 寻找刷新按钮（第 1 次）
[2026-05-22 01:08:48] [DEBUG] [ShopBot] 找到刷新按钮 '立即更新' 在 (268, 659)
[2026-05-22 01:08:48] [INFO] [ShopBot] 点击刷新按钮 (268, 659)
[2026-05-22 01:08:48] [INFO] [ShopBot] 点击坐标 (268, 659)
[2026-05-22 01:08:50] [INFO] [ShopBot] 检测到刷新确认弹窗，点击确认 (748, 459)
[2026-05-22 01:08:50] [INFO] [ShopBot] 点击坐标 (748, 459)
[2026-05-22 01:08:50] [INFO] [ShopBot] 等待货架加载...
[2026-05-22 01:08:51] [INFO] [ShopBot] ===== 第 75 轮 =====
[2026-05-22 01:08:51] [INFO] [ShopBot] 滑动到货架顶部...
[2026-05-22 01:08:51] [INFO] [ShopBot] 滑动 (1100, 150) -> (1100, 400), 时长 0.3s
[2026-05-22 01:08:53] [DEBUG] [ShopBot] 整区 OCR 检测到 31 个文字块，5 行
[2026-05-22 01:08:53] [INFO] [ShopBot] 物品 0 (y=121-213): '70装备泰拉的心脏妮萨可购买1次' → equipment (conf=0.70), 价格 560000, 货币 gold, 购买按钮 @ (1192, 167)
[2026-05-22 01:08:53] [INFO] [ShopBot] 物品 1 (y=264-358): '70装备蜘蛛君主的流星锤商人亚彼荷可购买1次' → equipment (conf=0.70), 价格 560000, 货币 gold, 购买按钮 @ (1192, 311)
[2026-05-22 01:08:53] [INFO] [ShopBot] 物品 2 (y=411-502): '英雄受苦的龙族士兵奈汉库伊可购买1次' → unknown (conf=0.00), 价格 29000, 货币 gold, 购买按钮 @ (1192, 456)
[2026-05-22 01:08:53] [INFO] [ShopBot] 物品 3 (y=554-648): '装备55精巧的恶魔靴子商人亚彼荷可购买1次' → equipment (conf=0.70), 价格 360000, 货币 gold, 购买按钮 @ (1192, 601)
[2026-05-22 01:08:53] [INFO] [ShopBot] 物品 4 (y=649-705): '' → unknown (conf=0.00), 价格 0, 货币 gold, 购买按钮 @ (1192, 677)
[2026-05-22 01:08:53] [INFO] [ShopBot] 跳过物品: equipment
[2026-05-22 01:08:53] [INFO] [ShopBot] 跳过物品: equipment
[2026-05-22 01:08:53] [INFO] [ShopBot] 跳过物品: unknown
[2026-05-22 01:08:53] [INFO] [ShopBot] 跳过物品: equipment
[2026-05-22 01:08:53] [INFO] [ShopBot] 跳过物品: unknown
[2026-05-22 01:08:53] [INFO] [ShopBot] 货架处理完成，共购买 0 个物品
[2026-05-22 01:08:53] [INFO] [ShopBot] 第 0 次查看，购买 0 个物品
[2026-05-22 01:08:53] [INFO] [ShopBot] 滑动 (1100, 400) -> (1100, 150), 时长 0.3s
[2026-05-22 01:08:55] [DEBUG] [ShopBot] 整区 OCR 检测到 30 个文字块，4 行
[2026-05-22 01:08:55] [INFO] [ShopBot] 物品 0 (y=154-259): '英雄受苦的龙族士兵奈汉库伊可购买1次' → unknown (conf=0.00), 价格 29000, 货币 gold, 购买按钮 @ (1192, 206)
[2026-05-22 01:08:55] [INFO] [ShopBot] 物品 1 (y=311-405): '55装备精巧的恶魔靴子商人亚彼荷可购买1次' → equipment (conf=0.70), 价格 360000, 货币 gold, 购买按钮 @ (1192, 358)
[2026-05-22 01:08:55] [INFO] [ShopBot] 物品 2 (y=456-550): '55装备毒脚爪项链可购买1次' → equipment (conf=0.70), 价格 240000, 货币 gold, 购买按钮 @ (1192, 503)
[2026-05-22 01:08:55] [INFO] [ShopBot] 物品 3 (y=601-705): '55装备勇士的背甲戒指妮萨可购买1次' → equipment (conf=0.70), 价格 240000, 货币 gold, 购买按钮 @ (1192, 653)
[2026-05-22 01:08:55] [INFO] [ShopBot] 跳过物品: unknown
[2026-05-22 01:08:55] [INFO] [ShopBot] 跳过物品: equipment
[2026-05-22 01:08:55] [INFO] [ShopBot] 跳过物品: equipment
[2026-05-22 01:08:55] [INFO] [ShopBot] 跳过物品: equipment
[2026-05-22 01:08:55] [INFO] [ShopBot] 货架处理完成，共购买 0 个物品
[2026-05-22 01:08:55] [INFO] [ShopBot] 第 1 次查看，购买 0 个物品
[2026-05-22 01:08:55] [INFO] [ShopBot] 滑动 (1100, 400) -> (1100, 150), 时长 0.3s
[2026-05-22 01:08:57] [DEBUG] [ShopBot] 整区 OCR 检测到 30 个文字块，4 行
[2026-05-22 01:08:57] [INFO] [ShopBot] 物品 0 (y=154-259): '英雄受苦的龙族士兵奈汉库伊可购买1次' → unknown (conf=0.00), 价格 29000, 货币 gold, 购买按钮 @ (1192, 206)
[2026-05-22 01:08:57] [INFO] [ShopBot] 物品 1 (y=311-405): '55装备精巧的恶魔靴子商人亚彼荷可购买1次' → equipment (conf=0.70), 价格 360000, 货币 gold, 购买按钮 @ (1192, 358)
[2026-05-22 01:08:57] [INFO] [ShopBot] 物品 2 (y=456-550): '55装备毒脚爪项链可购买1次' → equipment (conf=0.70), 价格 240000, 货币 gold, 购买按钮 @ (1192, 503)
[2026-05-22 01:08:57] [INFO] [ShopBot] 物品 3 (y=601-705): '55装备勇士的背甲戒指妮萨可购买1次' → equipment (conf=0.70), 价格 240000, 货币 gold, 购买按钮 @ (1192, 653)
[2026-05-22 01:08:57] [INFO] [ShopBot] 已到达货架底部（第 2 次滑动后，识别结果无变化）
[2026-05-22 01:08:57] [INFO] [ShopBot] 寻找刷新按钮（第 1 次）
[2026-05-22 01:08:58] [DEBUG] [ShopBot] 找到刷新按钮 '立即更新' 在 (268, 659)
[2026-05-22 01:08:58] [INFO] [ShopBot] 点击刷新按钮 (268, 659)
[2026-05-22 01:08:58] [INFO] [ShopBot] 点击坐标 (268, 659)
[2026-05-22 01:08:59] [INFO] [ShopBot] 检测到刷新确认弹窗，点击确认 (748, 460)
[2026-05-22 01:08:59] [INFO] [ShopBot] 点击坐标 (748, 460)
[2026-05-22 01:09:00] [INFO] [ShopBot] 等待货架加载...
[2026-05-22 01:09:01] [INFO] [ShopBot] ===== 第 76 轮 =====
[2026-05-22 01:09:01] [INFO] [ShopBot] 滑动到货架顶部...
[2026-05-22 01:09:01] [INFO] [ShopBot] 滑动 (1100, 150) -> (1100, 400), 时长 0.3s
[2026-05-22 01:09:02] [DEBUG] [ShopBot] 整区 OCR 检测到 30 个文字块，4 行
[2026-05-22 01:09:02] [INFO] [ShopBot] 物品 0 (y=123-215): '85装备暗黑钢铁靴子商人亚彼荷可购买1次' → equipment (conf=0.70), 价格 810000, 货币 gold, 购买按钮 @ (1192, 169)
[2026-05-22 01:09:02] [INFO] [ShopBot] 物品 1 (y=267-360): '55装备精巧的恶魔之剑商人亚彼荷可购买1次' → equipment (conf=0.70), 价格 240000, 货币 gold, 购买按钮 @ (1192, 313)
[2026-05-22 01:09:02] [INFO] [ShopBot] 物品 2 (y=413-505): '英雄血腥史莱姆奈汉库伊可购买1次' → fodder (conf=0.65), 价格 29000, 货币 gold, 购买按钮 @ (1192, 459)
[2026-05-22 01:09:02] [INFO] [ShopBot] 物品 3 (y=557-705): '装备不祥的恶魔厚实重甲商人亚彼荷可购买1次' → equipment (conf=0.70), 价格 560000, 货币 gold, 购买按钮 @ (1192, 631)
[2026-05-22 01:09:02] [INFO] [ShopBot] 跳过物品: equipment
[2026-05-22 01:09:02] [INFO] [ShopBot] 跳过物品: equipment
[2026-05-22 01:09:02] [INFO] [ShopBot] 跳过物品: fodder
[2026-05-22 01:09:02] [INFO] [ShopBot] 跳过物品: equipment
[2026-05-22 01:09:02] [INFO] [ShopBot] 货架处理完成，共购买 0 个物品
[2026-05-22 01:09:02] [INFO] [ShopBot] 第 0 次查看，购买 0 个物品
[2026-05-22 01:09:02] [INFO] [ShopBot] 滑动 (1100, 400) -> (1100, 150), 时长 0.3s
[2026-05-22 01:09:05] [DEBUG] [ShopBot] 整区 OCR 检测到 28 个文字块，4 行
[2026-05-22 01:09:05] [INFO] [ShopBot] 物品 0 (y=154-259): '英雄血腥史莱姆奈汉库伊可购买1次' → fodder (conf=0.65), 价格 29000, 货币 gold, 购买按钮 @ (1192, 206)
[2026-05-22 01:09:05] [INFO] [ShopBot] 物品 1 (y=311-405): '装备不祥的恶魔厚实重甲商人亚彼荷可购买1次' → equipment (conf=0.70), 价格 560000, 货币 gold, 购买按钮 @ (1192, 358)
[2026-05-22 01:09:05] [INFO] [ShopBot] 物品 2 (y=457-550): '英雄猎人卡宁奈汉库伊可购买1次' → unknown (conf=0.00), 价格 29000, 货币 gold, 购买按钮 @ (1192, 503)
[2026-05-22 01:09:05] [INFO] [ShopBot] 物品 3 (y=602-705): '英雄泰拉纳德战斗兵奈汉库伊可购买1次' → unknown (conf=0.00), 价格 29000, 货币 gold, 购买按钮 @ (1192, 653)
[2026-05-22 01:09:05] [INFO] [ShopBot] 跳过物品: fodder
[2026-05-22 01:09:05] [INFO] [ShopBot] 跳过物品: equipment
[2026-05-22 01:09:05] [INFO] [ShopBot] 跳过物品: unknown
[2026-05-22 01:09:05] [INFO] [ShopBot] 跳过物品: unknown
[2026-05-22 01:09:05] [INFO] [ShopBot] 货架处理完成，共购买 0 个物品
[2026-05-22 01:09:05] [INFO] [ShopBot] 第 1 次查看，购买 0 个物品
[2026-05-22 01:09:05] [INFO] [ShopBot] 滑动 (1100, 400) -> (1100, 150), 时长 0.3s
[2026-05-22 01:09:07] [DEBUG] [ShopBot] 整区 OCR 检测到 28 个文字块，4 行
[2026-05-22 01:09:07] [INFO] [ShopBot] 物品 0 (y=154-259): '英雄血腥史莱姆奈汉库伊可购买1次' → fodder (conf=0.65), 价格 29000, 货币 gold, 购买按钮 @ (1192, 206)
[2026-05-22 01:09:07] [INFO] [ShopBot] 物品 1 (y=311-405): '装备不祥的恶魔厚实重甲商人亚彼荷可购买1次' → equipment (conf=0.70), 价格 560000, 货币 gold, 购买按钮 @ (1192, 358)
[2026-05-22 01:09:07] [INFO] [ShopBot] 物品 2 (y=457-550): '英雄猎人卡宁奈汉库伊可购买1次' → unknown (conf=0.00), 价格 29000, 货币 gold, 购买按钮 @ (1192, 503)
[2026-05-22 01:09:07] [INFO] [ShopBot] 物品 3 (y=602-705): '英雄泰拉纳德战斗兵奈汉库伊可购买1次' → unknown (conf=0.00), 价格 29000, 货币 gold, 购买按钮 @ (1192, 653)
[2026-05-22 01:09:07] [INFO] [ShopBot] 已到达货架底部（第 2 次滑动后，识别结果无变化）
[2026-05-22 01:09:07] [INFO] [ShopBot] 寻找刷新按钮（第 1 次）
[2026-05-22 01:09:08] [DEBUG] [ShopBot] 找到刷新按钮 '立即更新' 在 (268, 659)
[2026-05-22 01:09:08] [INFO] [ShopBot] 点击刷新按钮 (268, 659)
[2026-05-22 01:09:08] [INFO] [ShopBot] 点击坐标 (268, 659)
[2026-05-22 01:09:09] [INFO] [ShopBot] 检测到刷新确认弹窗，点击确认 (748, 460)
[2026-05-22 01:09:09] [INFO] [ShopBot] 点击坐标 (748, 460)
[2026-05-22 01:09:10] [INFO] [ShopBot] 等待货架加载...
[2026-05-22 01:09:11] [INFO] [ShopBot] ===== 第 77 轮 =====
[2026-05-22 01:09:11] [INFO] [ShopBot] 滑动到货架顶部...
[2026-05-22 01:09:11] [INFO] [ShopBot] 滑动 (1100, 150) -> (1100, 400), 时长 0.3s
[2026-05-22 01:09:13] [DEBUG] [ShopBot] 整区 OCR 检测到 32 个文字块，4 行
[2026-05-22 01:09:13] [INFO] [ShopBot] 物品 0 (y=122-214): '55装备奥利哈钢手镯妮萨可购买1次' → equipment (conf=0.70), 价格 240000, 货币 gold, 购买按钮 @ (1192, 168)
[2026-05-22 01:09:13] [INFO] [ShopBot] 物品 1 (y=266-359): '55装备灿烂精髓王冠商人亚彼荷可购买1次' → equipment (conf=0.70), 价格 240000, 货币 gold, 购买按钮 @ (1192, 312)
[2026-05-22 01:09:13] [INFO] [ShopBot] 物品 2 (y=411-504): '70装备不祥的恶魔之双刃剑商人亚彼荷可购买1次' → equipment (conf=0.70), 价格 940000, 货币 gold, 购买按钮 @ (1192, 457)
[2026-05-22 01:09:13] [INFO] [ShopBot] 物品 3 (y=556-705): '装备55啤叫龙兽皮甲商人亚彼荷可购买1次' → equipment (conf=0.70), 价格 240000, 货币 gold, 购买按钮 @ (1192, 630)
[2026-05-22 01:09:13] [INFO] [ShopBot] 跳过物品: equipment
[2026-05-22 01:09:13] [INFO] [ShopBot] 跳过物品: equipment
[2026-05-22 01:09:13] [INFO] [ShopBot] 跳过物品: equipment
[2026-05-22 01:09:13] [INFO] [ShopBot] 跳过物品: equipment
[2026-05-22 01:09:13] [INFO] [ShopBot] 货架处理完成，共购买 0 个物品
[2026-05-22 01:09:13] [INFO] [ShopBot] 第 0 次查看，购买 0 个物品
[2026-05-22 01:09:13] [INFO] [ShopBot] 滑动 (1100, 400) -> (1100, 150), 时长 0.3s
[2026-05-22 01:09:15] [DEBUG] [ShopBot] 整区 OCR 检测到 32 个文字块，4 行
[2026-05-22 01:09:15] [INFO] [ShopBot] 物品 0 (y=154-260): '70装备不祥的恶魔之双刃剑商人亚彼荷可购买1次' → equipment (conf=0.70), 价格 940000, 货币 gold, 购买按钮 @ (1192, 207)
[2026-05-22 01:09:15] [INFO] [ShopBot] 物品 1 (y=311-405): '55装备啤叫龙兽皮甲商人亚彼荷可购买1次' → equipment (conf=0.70), 价格 240000, 货币 gold, 购买按钮 @ (1192, 358)
[2026-05-22 01:09:15] [INFO] [ShopBot] 物品 2 (y=456-550): '55装备奥利哈钢头盔商人亚彼荷可购买1次' → equipment (conf=0.70), 价格 240000, 货币 gold, 购买按钮 @ (1192, 503)
[2026-05-22 01:09:15] [INFO] [ShopBot] 物品 3 (y=595-705): '货币友情点数诺诺里50可购买1次' → unknown (conf=0.00), 价格 18000, 货币 gold, 购买按钮 @ (1192, 650)
[2026-05-22 01:09:15] [INFO] [ShopBot] 跳过物品: equipment
[2026-05-22 01:09:15] [INFO] [ShopBot] 跳过物品: equipment
[2026-05-22 01:09:15] [INFO] [ShopBot] 跳过物品: equipment
[2026-05-22 01:09:15] [INFO] [ShopBot] 跳过物品: unknown
[2026-05-22 01:09:15] [INFO] [ShopBot] 货架处理完成，共购买 0 个物品
[2026-05-22 01:09:15] [INFO] [ShopBot] 第 1 次查看，购买 0 个物品
[2026-05-22 01:09:15] [INFO] [ShopBot] 滑动 (1100, 400) -> (1100, 150), 时长 0.3s
[2026-05-22 01:09:17] [DEBUG] [ShopBot] 整区 OCR 检测到 32 个文字块，4 行
[2026-05-22 01:09:17] [INFO] [ShopBot] 物品 0 (y=154-260): '70装备不祥的恶魔之双刃剑商人亚彼荷可购买1次' → equipment (conf=0.70), 价格 940000, 货币 gold, 购买按钮 @ (1192, 207)
[2026-05-22 01:09:17] [INFO] [ShopBot] 物品 1 (y=311-405): '55装备啤叫龙兽皮甲商人亚彼荷可购买1次' → equipment (conf=0.70), 价格 240000, 货币 gold, 购买按钮 @ (1192, 358)
[2026-05-22 01:09:17] [INFO] [ShopBot] 物品 2 (y=456-550): '55装备奥利哈钢头盔商人亚彼荷可购买1次' → equipment (conf=0.70), 价格 240000, 货币 gold, 购买按钮 @ (1192, 503)
[2026-05-22 01:09:17] [INFO] [ShopBot] 物品 3 (y=601-705): '货币友情点数诺诺里50可购买1次' → unknown (conf=0.00), 价格 18000, 货币 gold, 购买按钮 @ (1192, 653)
[2026-05-22 01:09:17] [INFO] [ShopBot] 已到达货架底部（第 2 次滑动后，识别结果无变化）
[2026-05-22 01:09:17] [INFO] [ShopBot] 寻找刷新按钮（第 1 次）
[2026-05-22 01:09:18] [DEBUG] [ShopBot] 找到刷新按钮 '立即更新' 在 (268, 659)
[2026-05-22 01:09:18] [INFO] [ShopBot] 点击刷新按钮 (268, 659)
[2026-05-22 01:09:18] [INFO] [ShopBot] 点击坐标 (268, 659)
[2026-05-22 01:09:20] [INFO] [ShopBot] 检测到刷新确认弹窗，点击确认 (748, 460)
[2026-05-22 01:09:20] [INFO] [ShopBot] 点击坐标 (748, 460)
[2026-05-22 01:09:20] [INFO] [ShopBot] 等待货架加载...
[2026-05-22 01:09:21] [INFO] [ShopBot] ===== 第 78 轮 =====
[2026-05-22 01:09:21] [INFO] [ShopBot] 滑动到货架顶部...
[2026-05-22 01:09:21] [INFO] [ShopBot] 滑动 (1100, 150) -> (1100, 400), 时长 0.3s
[2026-05-22 01:09:22] [DEBUG] [ShopBot] 整区 OCR 检测到 30 个文字块，5 行
[2026-05-22 01:09:22] [INFO] [ShopBot] 物品 0 (y=121-212): '英雄罗奇斯战斗君主奈汉库伊可购买1次' → unknown (conf=0.00), 价格 29000, 货币 gold, 购买按钮 @ (1192, 166)
[2026-05-22 01:09:22] [INFO] [ShopBot] 物品 1 (y=264-358): '55装备奥利哈钢长剑商人亚彼荷可购买1次' → equipment (conf=0.70), 价格 240000, 货币 gold, 购买按钮 @ (1192, 311)
[2026-05-22 01:09:22] [INFO] [ShopBot] 物品 2 (y=409-503): '70装备泰拉头盔可购买1次商人亚彼荷' → equipment (conf=0.70), 价格 560000, 货币 gold, 购买按钮 @ (1192, 456)
[2026-05-22 01:09:22] [INFO] [ShopBot] 物品 3 (y=555-648): '英雄草绿种子奈汉库伊可购买1次' → unknown (conf=0.00), 价格 29000, 货币 gold, 购买按钮 @ (1192, 601)
[2026-05-22 01:09:22] [INFO] [ShopBot] 物品 4 (y=649-705): '' → unknown (conf=0.00), 价格 0, 货币 gold, 购买按钮 @ (1192, 677)
[2026-05-22 01:09:22] [INFO] [ShopBot] 跳过物品: unknown
[2026-05-22 01:09:22] [INFO] [ShopBot] 跳过物品: equipment
[2026-05-22 01:09:22] [INFO] [ShopBot] 跳过物品: equipment
[2026-05-22 01:09:22] [INFO] [ShopBot] 跳过物品: unknown
[2026-05-22 01:09:22] [INFO] [ShopBot] 跳过物品: unknown
[2026-05-22 01:09:22] [INFO] [ShopBot] 货架处理完成，共购买 0 个物品
[2026-05-22 01:09:22] [INFO] [ShopBot] 第 0 次查看，购买 0 个物品
[2026-05-22 01:09:22] [INFO] [ShopBot] 滑动 (1100, 400) -> (1100, 150), 时长 0.3s
[2026-05-22 01:09:25] [DEBUG] [ShopBot] 整区 OCR 检测到 31 个文字块，4 行
[2026-05-22 01:09:25] [INFO] [ShopBot] 物品 0 (y=154-260): '70装备泰拉头盔商人亚彼荷可购买1次' → equipment (conf=0.70), 价格 560000, 货币 gold, 购买按钮 @ (1192, 207)
[2026-05-22 01:09:25] [INFO] [ShopBot] 物品 1 (y=313-405): '英雄草绿种子奈汉库伊可购买1次' → unknown (conf=0.00), 价格 29000, 货币 gold, 购买按钮 @ (1192, 359)
[2026-05-22 01:09:25] [INFO] [ShopBot] 物品 2 (y=456-550): '55装备啤叫龙兽靴子商人亚彼荷可购买1次' → equipment (conf=0.70), 价格 480000, 货币 gold, 购买按钮 @ (1192, 503)
[2026-05-22 01:09:25] [INFO] [ShopBot] 物品 3 (y=601-705): '55装备奥利哈钢重甲商人亚彼荷可购买1次' → equipment (conf=0.70), 价格 240000, 货币 gold, 购买按钮 @ (1192, 653)
[2026-05-22 01:09:25] [INFO] [ShopBot] 跳过物品: equipment
[2026-05-22 01:09:25] [INFO] [ShopBot] 跳过物品: unknown
[2026-05-22 01:09:25] [INFO] [ShopBot] 跳过物品: equipment
[2026-05-22 01:09:25] [INFO] [ShopBot] 跳过物品: equipment
[2026-05-22 01:09:25] [INFO] [ShopBot] 货架处理完成，共购买 0 个物品
[2026-05-22 01:09:25] [INFO] [ShopBot] 第 1 次查看，购买 0 个物品
[2026-05-22 01:09:25] [INFO] [ShopBot] 滑动 (1100, 400) -> (1100, 150), 时长 0.3s
[2026-05-22 01:09:27] [DEBUG] [ShopBot] 整区 OCR 检测到 31 个文字块，4 行
[2026-05-22 01:09:27] [INFO] [ShopBot] 物品 0 (y=154-260): '70装备泰拉头盔商人亚彼荷可购买1次' → equipment (conf=0.70), 价格 560000, 货币 gold, 购买按钮 @ (1192, 207)
[2026-05-22 01:09:27] [INFO] [ShopBot] 物品 1 (y=313-405): '英雄草绿种子奈汉库伊可购买1次' → unknown (conf=0.00), 价格 29000, 货币 gold, 购买按钮 @ (1192, 359)
[2026-05-22 01:09:27] [INFO] [ShopBot] 物品 2 (y=456-550): '55装备啤叫龙兽靴子商人亚彼荷可购买1次' → equipment (conf=0.70), 价格 480000, 货币 gold, 购买按钮 @ (1192, 503)
[2026-05-22 01:09:27] [INFO] [ShopBot] 物品 3 (y=601-705): '55装备奥利哈钢重甲商人亚彼荷可购买1次' → equipment (conf=0.70), 价格 240000, 货币 gold, 购买按钮 @ (1192, 653)
[2026-05-22 01:09:27] [INFO] [ShopBot] 已到达货架底部（第 2 次滑动后，识别结果无变化）
[2026-05-22 01:09:27] [INFO] [ShopBot] 寻找刷新按钮（第 1 次）
[2026-05-22 01:09:28] [DEBUG] [ShopBot] 找到刷新按钮 '立即更新' 在 (268, 659)
[2026-05-22 01:09:28] [INFO] [ShopBot] 点击刷新按钮 (268, 659)
[2026-05-22 01:09:28] [INFO] [ShopBot] 点击坐标 (268, 659)
[2026-05-22 01:09:29] [INFO] [ShopBot] 检测到刷新确认弹窗，点击确认 (748, 460)
[2026-05-22 01:09:29] [INFO] [ShopBot] 点击坐标 (748, 460)
[2026-05-22 01:09:29] [INFO] [ShopBot] 等待货架加载...
[2026-05-22 01:09:30] [INFO] [ShopBot] ===== 第 79 轮 =====
[2026-05-22 01:09:30] [INFO] [ShopBot] 滑动到货架顶部...
[2026-05-22 01:09:30] [INFO] [ShopBot] 滑动 (1100, 150) -> (1100, 400), 时长 0.3s
[2026-05-22 01:09:32] [DEBUG] [ShopBot] 整区 OCR 检测到 31 个文字块，5 行
[2026-05-22 01:09:32] [INFO] [ShopBot] 物品 0 (y=122-213): '55装备精巧的恶魔头盔商人亚彼荷可购买1次' → equipment (conf=0.70), 价格 240000, 货币 gold, 购买按钮 @ (1192, 167)
[2026-05-22 01:09:32] [INFO] [ShopBot] 物品 1 (y=266-358): '英雄腐败普纽洛奈汉库伊可购买1次' → unknown (conf=0.00), 价格 29000, 货币 gold, 购买按钮 @ (1192, 312)
[2026-05-22 01:09:32] [INFO] [ShopBot] 物品 2 (y=410-504): '55装备啤叫龙兽皮甲商人亚彼荷可购买1次' → equipment (conf=0.70), 价格 240000, 货币 gold, 购买按钮 @ (1192, 457)
[2026-05-22 01:09:32] [INFO] [ShopBot] 物品 3 (y=555-649): '装备55奥利哈钢脖围妮萨可购买1次' → equipment (conf=0.70), 价格 240000, 货币 gold, 购买按钮 @ (1192, 602)
[2026-05-22 01:09:32] [INFO] [ShopBot] 物品 4 (y=650-705): '' → unknown (conf=0.00), 价格 0, 货币 gold, 购买按钮 @ (1192, 677)
[2026-05-22 01:09:32] [INFO] [ShopBot] 跳过物品: equipment
[2026-05-22 01:09:32] [INFO] [ShopBot] 跳过物品: unknown
[2026-05-22 01:09:32] [INFO] [ShopBot] 跳过物品: equipment
[2026-05-22 01:09:32] [INFO] [ShopBot] 跳过物品: equipment
[2026-05-22 01:09:32] [INFO] [ShopBot] 跳过物品: unknown
[2026-05-22 01:09:32] [INFO] [ShopBot] 货架处理完成，共购买 0 个物品
[2026-05-22 01:09:32] [INFO] [ShopBot] 第 0 次查看，购买 0 个物品
[2026-05-22 01:09:32] [INFO] [ShopBot] 滑动 (1100, 400) -> (1100, 150), 时长 0.3s
[2026-05-22 01:09:34] [DEBUG] [ShopBot] 整区 OCR 检测到 31 个文字块，4 行
[2026-05-22 01:09:34] [INFO] [ShopBot] 物品 0 (y=154-260): '55装备啤叫龙兽皮甲商人亚彼荷可购买1次' → equipment (conf=0.70), 价格 240000, 货币 gold, 购买按钮 @ (1192, 207)
[2026-05-22 01:09:34] [INFO] [ShopBot] 物品 1 (y=311-405): '55装备奥利哈钢脖围妮萨可购买1次' → equipment (conf=0.70), 价格 240000, 货币 gold, 购买按钮 @ (1192, 358)
[2026-05-22 01:09:34] [INFO] [ShopBot] 物品 2 (y=457-550): '英雄黑曜石龙奈汉库伊可购买1次' → unknown (conf=0.00), 价格 29000, 货币 gold, 购买按钮 @ (1192, 503)
[2026-05-22 01:09:34] [INFO] [ShopBot] 物品 3 (y=601-705): '70装备不祥的恶魔之双刃剑商人亚彼荷可购买1次' → equipment (conf=0.70), 价格 380000, 货币 gold, 购买按钮 @ (1192, 653)
[2026-05-22 01:09:34] [INFO] [ShopBot] 跳过物品: equipment
[2026-05-22 01:09:34] [INFO] [ShopBot] 跳过物品: equipment
[2026-05-22 01:09:34] [INFO] [ShopBot] 跳过物品: unknown
[2026-05-22 01:09:34] [INFO] [ShopBot] 跳过物品: equipment
[2026-05-22 01:09:34] [INFO] [ShopBot] 货架处理完成，共购买 0 个物品
[2026-05-22 01:09:34] [INFO] [ShopBot] 第 1 次查看，购买 0 个物品
[2026-05-22 01:09:34] [INFO] [ShopBot] 滑动 (1100, 400) -> (1100, 150), 时长 0.3s
[2026-05-22 01:09:37] [DEBUG] [ShopBot] 整区 OCR 检测到 31 个文字块，4 行
[2026-05-22 01:09:37] [INFO] [ShopBot] 物品 0 (y=154-260): '55装备啤叫龙兽皮甲商人亚彼荷可购买1次' → equipment (conf=0.70), 价格 240000, 货币 gold, 购买按钮 @ (1192, 207)
[2026-05-22 01:09:37] [INFO] [ShopBot] 物品 1 (y=311-405): '55装备奥利哈钢脖围妮萨可购买1次' → equipment (conf=0.70), 价格 240000, 货币 gold, 购买按钮 @ (1192, 358)
[2026-05-22 01:09:37] [INFO] [ShopBot] 物品 2 (y=457-550): '英雄黑曜石龙奈汉库伊可购买1次' → unknown (conf=0.00), 价格 29000, 货币 gold, 购买按钮 @ (1192, 503)
[2026-05-22 01:09:37] [INFO] [ShopBot] 物品 3 (y=601-705): '70装备不祥的恶魔之双刃剑商人亚彼荷可购买1次' → equipment (conf=0.70), 价格 380000, 货币 gold, 购买按钮 @ (1192, 653)
[2026-05-22 01:09:37] [INFO] [ShopBot] 已到达货架底部（第 2 次滑动后，识别结果无变化）
[2026-05-22 01:09:37] [INFO] [ShopBot] 寻找刷新按钮（第 1 次）
[2026-05-22 01:09:37] [DEBUG] [ShopBot] 找到刷新按钮 '立即更新' 在 (268, 659)
[2026-05-22 01:09:37] [INFO] [ShopBot] 点击刷新按钮 (268, 659)
[2026-05-22 01:09:37] [INFO] [ShopBot] 点击坐标 (268, 659)
[2026-05-22 01:09:39] [INFO] [ShopBot] 检测到刷新确认弹窗，点击确认 (748, 460)
[2026-05-22 01:09:39] [INFO] [ShopBot] 点击坐标 (748, 460)
[2026-05-22 01:09:39] [INFO] [ShopBot] 等待货架加载...
[2026-05-22 01:09:40] [INFO] [ShopBot] ===== 第 80 轮 =====
[2026-05-22 01:09:40] [INFO] [ShopBot] 滑动到货架顶部...
[2026-05-22 01:09:40] [INFO] [ShopBot] 滑动 (1100, 150) -> (1100, 400), 时长 0.3s
[2026-05-22 01:09:42] [DEBUG] [ShopBot] 整区 OCR 检测到 29 个文字块，5 行
[2026-05-22 01:09:42] [INFO] [ShopBot] 物品 0 (y=121-212): '英雄红玉鲁克斯奈汉库伊可购买1次' → unknown (conf=0.00), 价格 29000, 货币 gold, 购买按钮 @ (1192, 166)
[2026-05-22 01:09:42] [INFO] [ShopBot] 物品 1 (y=265-357): '英雄罗奇斯精锐兵奈汉库伊可购买1次' → unknown (conf=0.00), 价格 29000, 货币 gold, 购买按钮 @ (1192, 311)
[2026-05-22 01:09:42] [INFO] [ShopBot] 物品 2 (y=409-502): '55装备勇士的背甲靴子可购买1次商人亚彼荷' → equipment (conf=0.70), 价格 360000, 货币 gold, 购买按钮 @ (1192, 455)
[2026-05-22 01:09:42] [INFO] [ShopBot] 物品 3 (y=555-647): '英雄守护龙族士兵奈汉库伊可购买1次' → unknown (conf=0.00), 价格 29000, 货币 gold, 购买按钮 @ (1192, 601)
[2026-05-22 01:09:42] [INFO] [ShopBot] 物品 4 (y=649-705): '' → unknown (conf=0.00), 价格 0, 货币 gold, 购买按钮 @ (1192, 677)
[2026-05-22 01:09:42] [INFO] [ShopBot] 跳过物品: unknown
[2026-05-22 01:09:42] [INFO] [ShopBot] 跳过物品: unknown
[2026-05-22 01:09:42] [INFO] [ShopBot] 跳过物品: equipment
[2026-05-22 01:09:42] [INFO] [ShopBot] 跳过物品: unknown
[2026-05-22 01:09:42] [INFO] [ShopBot] 跳过物品: unknown
[2026-05-22 01:09:42] [INFO] [ShopBot] 货架处理完成，共购买 0 个物品
[2026-05-22 01:09:42] [INFO] [ShopBot] 第 0 次查看，购买 0 个物品
[2026-05-22 01:09:42] [INFO] [ShopBot] 滑动 (1100, 400) -> (1100, 150), 时长 0.3s
[2026-05-22 01:09:44] [DEBUG] [ShopBot] 整区 OCR 检测到 30 个文字块，4 行
[2026-05-22 01:09:44] [INFO] [ShopBot] 物品 0 (y=154-260): '55装备勇士的背甲靴子商人亚彼荷可购买1次' → equipment (conf=0.70), 价格 360000, 货币 gold, 购买按钮 @ (1192, 207)
[2026-05-22 01:09:44] [INFO] [ShopBot] 物品 1 (y=313-405): '英雄守护龙族士兵奈汉库伊可购买1次' → unknown (conf=0.00), 价格 29000, 货币 gold, 购买按钮 @ (1192, 359)
[2026-05-22 01:09:44] [INFO] [ShopBot] 物品 2 (y=456-550): '55装备勇士的背甲头部护具商人亚彼荷可购买1次' → equipment (conf=0.70), 价格 360000, 货币 gold, 购买按钮 @ (1192, 503)
[2026-05-22 01:09:44] [INFO] [ShopBot] 物品 3 (y=602-705): '英雄黄水晶龙奈汉库伊可购买1次' → unknown (conf=0.00), 价格 29000, 货币 gold, 购买按钮 @ (1192, 653)
[2026-05-22 01:09:44] [INFO] [ShopBot] 跳过物品: equipment
[2026-05-22 01:09:44] [INFO] [ShopBot] 跳过物品: unknown
[2026-05-22 01:09:44] [INFO] [ShopBot] 跳过物品: equipment
[2026-05-22 01:09:44] [INFO] [ShopBot] 跳过物品: unknown
[2026-05-22 01:09:44] [INFO] [ShopBot] 货架处理完成，共购买 0 个物品
[2026-05-22 01:09:44] [INFO] [ShopBot] 第 1 次查看，购买 0 个物品
[2026-05-22 01:09:44] [INFO] [ShopBot] 滑动 (1100, 400) -> (1100, 150), 时长 0.3s
[2026-05-22 01:09:47] [DEBUG] [ShopBot] 整区 OCR 检测到 30 个文字块，4 行
[2026-05-22 01:09:47] [INFO] [ShopBot] 物品 0 (y=154-260): '55装备勇士的背甲靴子商人亚彼荷可购买1次' → equipment (conf=0.70), 价格 360000, 货币 gold, 购买按钮 @ (1192, 207)
[2026-05-22 01:09:47] [INFO] [ShopBot] 物品 1 (y=313-405): '英雄守护龙族士兵奈汉库伊可购买1次' → unknown (conf=0.00), 价格 29000, 货币 gold, 购买按钮 @ (1192, 359)
[2026-05-22 01:09:47] [INFO] [ShopBot] 物品 2 (y=456-550): '55装备勇士的背甲头部护具商人亚彼荷可购买1次' → equipment (conf=0.70), 价格 360000, 货币 gold, 购买按钮 @ (1192, 503)
[2026-05-22 01:09:47] [INFO] [ShopBot] 物品 3 (y=602-705): '英雄黄水晶龙奈汉库伊可购买1次' → unknown (conf=0.00), 价格 29000, 货币 gold, 购买按钮 @ (1192, 653)
[2026-05-22 01:09:47] [INFO] [ShopBot] 已到达货架底部（第 2 次滑动后，识别结果无变化）
[2026-05-22 01:09:47] [INFO] [ShopBot] 寻找刷新按钮（第 1 次）
[2026-05-22 01:09:47] [DEBUG] [ShopBot] 找到刷新按钮 '立即更新' 在 (268, 659)
[2026-05-22 01:09:47] [INFO] [ShopBot] 点击刷新按钮 (268, 659)
[2026-05-22 01:09:47] [INFO] [ShopBot] 点击坐标 (268, 659)
[2026-05-22 01:09:49] [INFO] [ShopBot] 检测到刷新确认弹窗，点击确认 (748, 460)
[2026-05-22 01:09:49] [INFO] [ShopBot] 点击坐标 (748, 460)
[2026-05-22 01:09:49] [INFO] [ShopBot] 等待货架加载...
[2026-05-22 01:09:50] [INFO] [ShopBot] ===== 第 81 轮 =====
[2026-05-22 01:09:50] [INFO] [ShopBot] 滑动到货架顶部...
[2026-05-22 01:09:50] [INFO] [ShopBot] 滑动 (1100, 150) -> (1100, 400), 时长 0.3s
[2026-05-22 01:09:52] [DEBUG] [ShopBot] 整区 OCR 检测到 32 个文字块，4 行
[2026-05-22 01:09:52] [INFO] [ShopBot] 物品 0 (y=127-218): '55装备精巧的恶魔靴子商人亚彼荷可购买1次' → equipment (conf=0.70), 价格 360000, 货币 gold, 购买按钮 @ (1192, 172)
[2026-05-22 01:09:52] [INFO] [ShopBot] 物品 1 (y=270-364): '70装备蜘蛛君主的靴子商人亚彼荷可购买1次' → equipment (conf=0.70), 价格 380000, 货币 gold, 购买按钮 @ (1192, 317)
[2026-05-22 01:09:52] [INFO] [ShopBot] 物品 2 (y=415-508): '装备70不详的恶魔戒指妮萨可购买1次' → equipment (conf=0.70), 价格 560000, 货币 gold, 购买按钮 @ (1192, 461)
[2026-05-22 01:09:52] [INFO] [ShopBot] 物品 3 (y=560-705): '货币友情点数诺诺里50可购买1次' → unknown (conf=0.00), 价格 18000, 货币 gold, 购买按钮 @ (1192, 632)
[2026-05-22 01:09:52] [INFO] [ShopBot] 跳过物品: equipment
[2026-05-22 01:09:52] [INFO] [ShopBot] 跳过物品: equipment
[2026-05-22 01:09:52] [INFO] [ShopBot] 跳过物品: equipment
[2026-05-22 01:09:52] [INFO] [ShopBot] 跳过物品: unknown
[2026-05-22 01:09:52] [INFO] [ShopBot] 货架处理完成，共购买 0 个物品
[2026-05-22 01:09:52] [INFO] [ShopBot] 第 0 次查看，购买 0 个物品
[2026-05-22 01:09:52] [INFO] [ShopBot] 滑动 (1100, 400) -> (1100, 150), 时长 0.3s
[2026-05-22 01:09:54] [DEBUG] [ShopBot] 整区 OCR 检测到 30 个文字块，4 行
[2026-05-22 01:09:54] [INFO] [ShopBot] 物品 0 (y=154-265): '70装备不详的恶魔戒指可购买1次' → equipment (conf=0.70), 价格 560000, 货币 gold, 购买按钮 @ (1192, 209)
[2026-05-22 01:09:54] [INFO] [ShopBot] 物品 1 (y=317-410): '货币友情点数诺诺里50可购买1次' → unknown (conf=0.00), 价格 18000, 货币 gold, 购买按钮 @ (1192, 363)
[2026-05-22 01:09:54] [INFO] [ShopBot] 物品 2 (y=462-555): '55装备啤叫龙兽面具商人亚彼荷可购买1次' → equipment (conf=0.70), 价格 600000, 货币 gold, 购买按钮 @ (1192, 508)
[2026-05-22 01:09:54] [INFO] [ShopBot] 物品 3 (y=601-705): '英雄铁血弓兵奈汉库伊可购买1次' → equipment (conf=0.65), 价格 29000, 货币 gold, 购买按钮 @ (1192, 653)
[2026-05-22 01:09:54] [INFO] [ShopBot] 跳过物品: equipment
[2026-05-22 01:09:54] [INFO] [ShopBot] 跳过物品: unknown
[2026-05-22 01:09:54] [INFO] [ShopBot] 跳过物品: equipment
[2026-05-22 01:09:54] [INFO] [ShopBot] 跳过物品: equipment
[2026-05-22 01:09:54] [INFO] [ShopBot] 货架处理完成，共购买 0 个物品
[2026-05-22 01:09:54] [INFO] [ShopBot] 第 1 次查看，购买 0 个物品
[2026-05-22 01:09:54] [INFO] [ShopBot] 滑动 (1100, 400) -> (1100, 150), 时长 0.3s
[2026-05-22 01:09:56] [DEBUG] [ShopBot] 整区 OCR 检测到 31 个文字块，4 行
[2026-05-22 01:09:56] [INFO] [ShopBot] 物品 0 (y=154-260): '70装备不详的恶魔戒指妮萨可购买1次' → equipment (conf=0.70), 价格 560000, 货币 gold, 购买按钮 @ (1192, 207)
[2026-05-22 01:09:56] [INFO] [ShopBot] 物品 1 (y=311-405): '货币友情点数诺诺里50可购买1次' → unknown (conf=0.00), 价格 18000, 货币 gold, 购买按钮 @ (1192, 358)
[2026-05-22 01:09:56] [INFO] [ShopBot] 物品 2 (y=456-550): '55装备啤叫龙兽面具商人亚彼荷可购买1次' → equipment (conf=0.70), 价格 600000, 货币 gold, 购买按钮 @ (1192, 503)
[2026-05-22 01:09:56] [INFO] [ShopBot] 物品 3 (y=602-705): '英雄铁血弓兵奈汉库伊可购买1次' → equipment (conf=0.65), 价格 29000, 货币 gold, 购买按钮 @ (1192, 653)
[2026-05-22 01:09:56] [INFO] [ShopBot] 跳过物品: equipment
[2026-05-22 01:09:56] [INFO] [ShopBot] 跳过物品: unknown
[2026-05-22 01:09:56] [INFO] [ShopBot] 跳过物品: equipment
[2026-05-22 01:09:56] [INFO] [ShopBot] 跳过物品: equipment
[2026-05-22 01:09:56] [INFO] [ShopBot] 货架处理完成，共购买 0 个物品
[2026-05-22 01:09:56] [INFO] [ShopBot] 第 2 次查看，购买 0 个物品
[2026-05-22 01:09:56] [INFO] [ShopBot] 滑动 (1100, 400) -> (1100, 150), 时长 0.3s
[2026-05-22 01:09:59] [DEBUG] [ShopBot] 整区 OCR 检测到 31 个文字块，4 行
[2026-05-22 01:09:59] [INFO] [ShopBot] 物品 0 (y=154-260): '70装备不详的恶魔戒指妮萨可购买1次' → equipment (conf=0.70), 价格 560000, 货币 gold, 购买按钮 @ (1192, 207)
[2026-05-22 01:09:59] [INFO] [ShopBot] 物品 1 (y=311-405): '货币友情点数诺诺里50可购买1次' → unknown (conf=0.00), 价格 18000, 货币 gold, 购买按钮 @ (1192, 358)
[2026-05-22 01:09:59] [INFO] [ShopBot] 物品 2 (y=456-550): '55装备啤叫龙兽面具商人亚彼荷可购买1次' → equipment (conf=0.70), 价格 600000, 货币 gold, 购买按钮 @ (1192, 503)
[2026-05-22 01:09:59] [INFO] [ShopBot] 物品 3 (y=602-705): '英雄铁血弓兵奈汉库伊可购买1次' → equipment (conf=0.65), 价格 29000, 货币 gold, 购买按钮 @ (1192, 653)
[2026-05-22 01:09:59] [INFO] [ShopBot] 已到达货架底部（第 3 次滑动后，识别结果无变化）
[2026-05-22 01:09:59] [INFO] [ShopBot] 寻找刷新按钮（第 1 次）
[2026-05-22 01:09:59] [DEBUG] [ShopBot] 找到刷新按钮 '立即更新' 在 (268, 659)
[2026-05-22 01:09:59] [INFO] [ShopBot] 点击刷新按钮 (268, 659)
[2026-05-22 01:09:59] [INFO] [ShopBot] 点击坐标 (268, 659)
[2026-05-22 01:10:01] [INFO] [ShopBot] 检测到刷新确认弹窗，点击确认 (748, 460)
[2026-05-22 01:10:01] [INFO] [ShopBot] 点击坐标 (748, 460)
[2026-05-22 01:10:01] [INFO] [ShopBot] 等待货架加载...
[2026-05-22 01:10:02] [INFO] [ShopBot] ===== 第 82 轮 =====
[2026-05-22 01:10:02] [INFO] [ShopBot] 滑动到货架顶部...
[2026-05-22 01:10:02] [INFO] [ShopBot] 滑动 (1100, 150) -> (1100, 400), 时长 0.3s
[2026-05-22 01:10:04] [DEBUG] [ShopBot] 整区 OCR 检测到 29 个文字块，4 行
[2026-05-22 01:10:04] [INFO] [ShopBot] 物品 0 (y=122-213): '英雄寒冰洛普拉奈汉库伊可购买1次' → unknown (conf=0.00), 价格 29000, 货币 gold, 购买按钮 @ (1192, 167)
[2026-05-22 01:10:04] [INFO] [ShopBot] 物品 1 (y=265-358): '装备蜘蛛君主的挂饰妮萨可购买1次' → equipment (conf=0.70), 价格 560000, 货币 gold, 购买按钮 @ (1192, 311)
[2026-05-22 01:10:04] [INFO] [ShopBot] 物品 2 (y=410-503): '装备破灭精髓长袍商人亚彼荷可购买1次' → equipment (conf=0.70), 价格 940000, 货币 gold, 购买按钮 @ (1192, 456)
[2026-05-22 01:10:04] [INFO] [ShopBot] 物品 3 (y=555-705): '装备55精巧的恶魔头盔商人亚彼荷可购买1次' → equipment (conf=0.70), 价格 360000, 货币 gold, 购买按钮 @ (1192, 630)
[2026-05-22 01:10:04] [INFO] [ShopBot] 跳过物品: unknown
[2026-05-22 01:10:04] [INFO] [ShopBot] 跳过物品: equipment
[2026-05-22 01:10:04] [INFO] [ShopBot] 跳过物品: equipment
[2026-05-22 01:10:04] [INFO] [ShopBot] 跳过物品: equipment
[2026-05-22 01:10:04] [INFO] [ShopBot] 货架处理完成，共购买 0 个物品
[2026-05-22 01:10:04] [INFO] [ShopBot] 第 0 次查看，购买 0 个物品
[2026-05-22 01:10:04] [INFO] [ShopBot] 滑动 (1100, 400) -> (1100, 150), 时长 0.3s
[2026-05-22 01:10:06] [DEBUG] [ShopBot] 整区 OCR 检测到 30 个文字块，4 行
[2026-05-22 01:10:06] [INFO] [ShopBot] 物品 0 (y=154-260): '装备破灭精髓长袍商人亚彼荷可购买1次' → equipment (conf=0.70), 价格 940000, 货币 gold, 购买按钮 @ (1192, 207)
[2026-05-22 01:10:06] [INFO] [ShopBot] 物品 1 (y=311-405): '55装备精巧的恶魔头盔商人亚彼荷可购买1次' → equipment (conf=0.70), 价格 360000, 货币 gold, 购买按钮 @ (1192, 358)
[2026-05-22 01:10:06] [INFO] [ShopBot] 物品 2 (y=456-550): '货币友情点数诺诺里50可购买1次' → unknown (conf=0.00), 价格 18000, 货币 gold, 购买按钮 @ (1192, 503)
[2026-05-22 01:10:06] [INFO] [ShopBot] 物品 3 (y=602-705): '英雄蓝宝石龙奈汉库伊可购买1次' → unknown (conf=0.00), 价格 29000, 货币 gold, 购买按钮 @ (1192, 653)
[2026-05-22 01:10:06] [INFO] [ShopBot] 跳过物品: equipment
[2026-05-22 01:10:06] [INFO] [ShopBot] 跳过物品: equipment
[2026-05-22 01:10:06] [INFO] [ShopBot] 跳过物品: unknown
[2026-05-22 01:10:06] [INFO] [ShopBot] 跳过物品: unknown
[2026-05-22 01:10:06] [INFO] [ShopBot] 货架处理完成，共购买 0 个物品
[2026-05-22 01:10:06] [INFO] [ShopBot] 第 1 次查看，购买 0 个物品
[2026-05-22 01:10:06] [INFO] [ShopBot] 滑动 (1100, 400) -> (1100, 150), 时长 0.3s
[2026-05-22 01:10:08] [DEBUG] [ShopBot] 整区 OCR 检测到 30 个文字块，4 行
[2026-05-22 01:10:08] [INFO] [ShopBot] 物品 0 (y=154-260): '装备破灭精髓长袍商人亚彼荷可购买1次' → equipment (conf=0.70), 价格 940000, 货币 gold, 购买按钮 @ (1192, 207)
[2026-05-22 01:10:08] [INFO] [ShopBot] 物品 1 (y=311-405): '55装备精巧的恶魔头盔商人亚彼荷可购买1次' → equipment (conf=0.70), 价格 360000, 货币 gold, 购买按钮 @ (1192, 358)
[2026-05-22 01:10:08] [INFO] [ShopBot] 物品 2 (y=456-550): '货币友情点数诺诺里50可购买1次' → unknown (conf=0.00), 价格 18000, 货币 gold, 购买按钮 @ (1192, 503)
[2026-05-22 01:10:08] [INFO] [ShopBot] 物品 3 (y=602-705): '英雄蓝宝石龙奈汉库伊可购买1次' → unknown (conf=0.00), 价格 29000, 货币 gold, 购买按钮 @ (1192, 653)
[2026-05-22 01:10:08] [INFO] [ShopBot] 已到达货架底部（第 2 次滑动后，识别结果无变化）
[2026-05-22 01:10:08] [INFO] [ShopBot] 寻找刷新按钮（第 1 次）
[2026-05-22 01:10:09] [DEBUG] [ShopBot] 找到刷新按钮 '立即更新' 在 (268, 659)
[2026-05-22 01:10:09] [INFO] [ShopBot] 点击刷新按钮 (268, 659)
[2026-05-22 01:10:09] [INFO] [ShopBot] 点击坐标 (268, 659)
[2026-05-22 01:10:11] [INFO] [ShopBot] 检测到刷新确认弹窗，点击确认 (748, 459)
[2026-05-22 01:10:11] [INFO] [ShopBot] 点击坐标 (748, 459)
[2026-05-22 01:10:11] [INFO] [ShopBot] 等待货架加载...
[2026-05-22 01:10:12] [INFO] [ShopBot] ===== 第 83 轮 =====
[2026-05-22 01:10:12] [INFO] [ShopBot] 滑动到货架顶部...
[2026-05-22 01:10:12] [INFO] [ShopBot] 滑动 (1100, 150) -> (1100, 400), 时长 0.3s
[2026-05-22 01:10:13] [DEBUG] [ShopBot] 整区 OCR 检测到 31 个文字块，5 行
[2026-05-22 01:10:13] [INFO] [ShopBot] 物品 0 (y=121-213): '召唤誓约书签诺诺里可购买1次' → bookmark (conf=0.95), 价格 184000, 货币 gold, 购买按钮 @ (1192, 167)
[2026-05-22 01:10:13] [INFO] [ShopBot] 物品 1 (y=264-358): '55装备勇士的背甲项链妮萨可购买1次' → equipment (conf=0.70), 价格 240000, 货币 gold, 购买按钮 @ (1192, 311)
[2026-05-22 01:10:13] [INFO] [ShopBot] 物品 2 (y=409-503): '55装备啤叫龙兽皮甲可购买1次商人亚彼荷' → equipment (conf=0.70), 价格 360000, 货币 gold, 购买按钮 @ (1192, 456)
[2026-05-22 01:10:13] [INFO] [ShopBot] 物品 3 (y=554-648): '装备70不祥的恶魔之双刃剑商人亚彼荷可购买1次' → equipment (conf=0.70), 价格 380000, 货币 gold, 购买按钮 @ (1192, 601)
[2026-05-22 01:10:13] [INFO] [ShopBot] 物品 4 (y=649-705): '' → unknown (conf=0.00), 价格 0, 货币 gold, 购买按钮 @ (1192, 677)
[2026-05-22 01:10:13] [INFO] [ShopBot] 开始购买: bookmark, 价格: 184000
[2026-05-22 01:10:13] [INFO] [ShopBot] 点击购买按钮 @ (1192, 167)
[2026-05-22 01:10:13] [INFO] [ShopBot] 点击坐标 (1192, 167)
[2026-05-22 01:10:15] [DEBUG] [ShopBot] 找到按钮 '购买' 在 (736, 479)
[2026-05-22 01:10:16] [DEBUG] [ShopBot] 找到按钮 '取消' 在 (481, 524)
[2026-05-22 01:10:16] [DEBUG] [ShopBot] 找到按钮 '购买' 在 (818, 524)
[2026-05-22 01:10:17] [INFO] [ShopBot] 检测到确认弹窗
[2026-05-22 01:10:17] [INFO] [ShopBot] 点击确认按钮 @ (818, 508)
[2026-05-22 01:10:17] [INFO] [ShopBot] 点击坐标 (818, 508)
[2026-05-22 01:10:18] [DEBUG] [ShopBot] 找到按钮 '购买' 在 (736, 479)
[2026-05-22 01:10:21] [DEBUG] [ShopBot] 找到按钮 '购买' 在 (736, 479)
[2026-05-22 01:10:21] [INFO] [ShopBot] 购买成功: bookmark
[2026-05-22 01:10:21] [INFO] [ShopBot] 购买结果 - bookmark: 成功
[2026-05-22 01:10:22] [INFO] [ShopBot] 跳过物品: equipment
[2026-05-22 01:10:22] [INFO] [ShopBot] 跳过物品: equipment
[2026-05-22 01:10:22] [INFO] [ShopBot] 跳过物品: equipment
[2026-05-22 01:10:22] [INFO] [ShopBot] 跳过物品: unknown
[2026-05-22 01:10:22] [INFO] [ShopBot] 货架处理完成，共购买 1 个物品
[2026-05-22 01:10:22] [INFO] [ShopBot] 第 0 次查看，购买 1 个物品
[2026-05-22 01:10:22] [INFO] [ShopBot] 滑动 (1100, 400) -> (1100, 150), 时长 0.3s
[2026-05-22 01:10:24] [DEBUG] [ShopBot] 整区 OCR 检测到 31 个文字块，4 行
[2026-05-22 01:10:24] [INFO] [ShopBot] 物品 0 (y=154-264): '55装备啤叫龙兽皮甲商人亚彼荷可购买1次' → equipment (conf=0.70), 价格 360000, 货币 gold, 购买按钮 @ (1192, 209)
[2026-05-22 01:10:24] [INFO] [ShopBot] 物品 1 (y=316-410): '装备70不祥的恶魔之双刃剑商人亚彼荷可购买1次' → equipment (conf=0.70), 价格 380000, 货币 gold, 购买按钮 @ (1192, 363)
[2026-05-22 01:10:24] [INFO] [ShopBot] 物品 2 (y=462-554): '英雄史嘉雷小恶魔奈汉库伊可购买1次' → unknown (conf=0.00), 价格 29000, 货币 gold, 购买按钮 @ (1192, 508)
[2026-05-22 01:10:24] [INFO] [ShopBot] 物品 3 (y=602-705): '85装备深渊刀刃项链妮萨可购买1次' → equipment (conf=0.70), 价格 540000, 货币 gold, 购买按钮 @ (1192, 653)
[2026-05-22 01:10:24] [INFO] [ShopBot] 跳过物品: equipment
[2026-05-22 01:10:24] [INFO] [ShopBot] 跳过物品: equipment
[2026-05-22 01:10:24] [INFO] [ShopBot] 跳过物品: unknown
[2026-05-22 01:10:24] [INFO] [ShopBot] 跳过物品: equipment
[2026-05-22 01:10:24] [INFO] [ShopBot] 货架处理完成，共购买 0 个物品
[2026-05-22 01:10:24] [INFO] [ShopBot] 第 1 次查看，购买 0 个物品
[2026-05-22 01:10:24] [INFO] [ShopBot] 滑动 (1100, 400) -> (1100, 150), 时长 0.3s
[2026-05-22 01:10:26] [DEBUG] [ShopBot] 整区 OCR 检测到 31 个文字块，4 行
[2026-05-22 01:10:26] [INFO] [ShopBot] 物品 0 (y=154-260): '55装备啤叫龙兽皮甲商人亚彼荷可购买1次' → equipment (conf=0.70), 价格 360000, 货币 gold, 购买按钮 @ (1192, 207)
[2026-05-22 01:10:26] [INFO] [ShopBot] 物品 1 (y=311-405): '70装备不祥的恶魔之双刃剑商人亚彼荷可购买1次' → equipment (conf=0.70), 价格 380000, 货币 gold, 购买按钮 @ (1192, 358)
[2026-05-22 01:10:26] [INFO] [ShopBot] 物品 2 (y=457-550): '英雄史嘉雷小恶魔奈汉库伊可购买1次' → unknown (conf=0.00), 价格 29000, 货币 gold, 购买按钮 @ (1192, 503)
[2026-05-22 01:10:26] [INFO] [ShopBot] 物品 3 (y=601-705): '85装备深渊刀刃项链妮萨可购买1次' → equipment (conf=0.70), 价格 540000, 货币 gold, 购买按钮 @ (1192, 653)
[2026-05-22 01:10:26] [INFO] [ShopBot] 跳过物品: equipment
[2026-05-22 01:10:26] [INFO] [ShopBot] 跳过物品: equipment
[2026-05-22 01:10:26] [INFO] [ShopBot] 跳过物品: unknown
[2026-05-22 01:10:26] [INFO] [ShopBot] 跳过物品: equipment
[2026-05-22 01:10:26] [INFO] [ShopBot] 货架处理完成，共购买 0 个物品
[2026-05-22 01:10:26] [INFO] [ShopBot] 第 2 次查看，购买 0 个物品
[2026-05-22 01:10:26] [INFO] [ShopBot] 滑动 (1100, 400) -> (1100, 150), 时长 0.3s
[2026-05-22 01:10:28] [DEBUG] [ShopBot] 整区 OCR 检测到 31 个文字块，4 行
[2026-05-22 01:10:28] [INFO] [ShopBot] 物品 0 (y=154-260): '55装备啤叫龙兽皮甲商人亚彼荷可购买1次' → equipment (conf=0.70), 价格 360000, 货币 gold, 购买按钮 @ (1192, 207)
[2026-05-22 01:10:28] [INFO] [ShopBot] 物品 1 (y=311-405): '70装备不祥的恶魔之双刃剑商人亚彼荷可购买1次' → equipment (conf=0.70), 价格 380000, 货币 gold, 购买按钮 @ (1192, 358)
[2026-05-22 01:10:28] [INFO] [ShopBot] 物品 2 (y=458-550): '英雄史嘉雷小恶魔奈汉库伊可购买1次' → unknown (conf=0.00), 价格 29000, 货币 gold, 购买按钮 @ (1192, 504)
[2026-05-22 01:10:28] [INFO] [ShopBot] 物品 3 (y=601-705): '85装备深渊刀刃项链妮萨可购买1次' → equipment (conf=0.70), 价格 540000, 货币 gold, 购买按钮 @ (1192, 653)
[2026-05-22 01:10:28] [INFO] [ShopBot] 已到达货架底部（第 3 次滑动后，识别结果无变化）
[2026-05-22 01:10:28] [INFO] [ShopBot] 寻找刷新按钮（第 1 次）
[2026-05-22 01:10:29] [DEBUG] [ShopBot] 找到刷新按钮 '立即更新' 在 (268, 659)
[2026-05-22 01:10:29] [INFO] [ShopBot] 点击刷新按钮 (268, 659)
[2026-05-22 01:10:29] [INFO] [ShopBot] 点击坐标 (268, 659)
[2026-05-22 01:10:31] [INFO] [ShopBot] 检测到刷新确认弹窗，点击确认 (748, 460)
[2026-05-22 01:10:31] [INFO] [ShopBot] 点击坐标 (748, 460)
[2026-05-22 01:10:31] [INFO] [ShopBot] 等待货架加载...
[2026-05-22 01:10:32] [INFO] [ShopBot] ===== 第 84 轮 =====
[2026-05-22 01:10:32] [INFO] [ShopBot] 滑动到货架顶部...
[2026-05-22 01:10:32] [INFO] [ShopBot] 滑动 (1100, 150) -> (1100, 400), 时长 0.3s
[2026-05-22 01:10:34] [DEBUG] [ShopBot] 整区 OCR 检测到 29 个文字块，4 行
[2026-05-22 01:10:34] [INFO] [ShopBot] 物品 0 (y=125-217): '货币友情点数50可购买1次' → unknown (conf=0.00), 价格 18000, 货币 gold, 购买按钮 @ (1192, 171)
[2026-05-22 01:10:34] [INFO] [ShopBot] 物品 1 (y=270-362): '英雄腐败纽洛普可购买1次奈汉库伊' → unknown (conf=0.00), 价格 29000, 货币 gold, 购买按钮 @ (1192, 316)
[2026-05-22 01:10:34] [INFO] [ShopBot] 物品 2 (y=415-507): '英雄烈风龙族士兵奈汉库伊可购买1次' → unknown (conf=0.00), 价格 29000, 货币 gold, 购买按钮 @ (1192, 461)
[2026-05-22 01:10:34] [INFO] [ShopBot] 物品 3 (y=559-705): '70装备不详的恶魔戒指妮萨可购买1次' → equipment (conf=0.70), 价格 380000, 货币 gold, 购买按钮 @ (1192, 632)
[2026-05-22 01:10:34] [INFO] [ShopBot] 跳过物品: unknown
[2026-05-22 01:10:34] [INFO] [ShopBot] 跳过物品: unknown
[2026-05-22 01:10:34] [INFO] [ShopBot] 跳过物品: unknown
[2026-05-22 01:10:34] [INFO] [ShopBot] 跳过物品: equipment
[2026-05-22 01:10:34] [INFO] [ShopBot] 货架处理完成，共购买 0 个物品
[2026-05-22 01:10:34] [INFO] [ShopBot] 第 0 次查看，购买 0 个物品
[2026-05-22 01:10:34] [INFO] [ShopBot] 滑动 (1100, 400) -> (1100, 150), 时长 0.3s
[2026-05-22 01:10:36] [DEBUG] [ShopBot] 整区 OCR 检测到 29 个文字块，4 行
[2026-05-22 01:10:36] [INFO] [ShopBot] 物品 0 (y=154-259): '英雄烈风龙族士兵奈汉库伊可购买1次' → unknown (conf=0.00), 价格 29000, 货币 gold, 购买按钮 @ (1192, 206)
[2026-05-22 01:10:36] [INFO] [ShopBot] 物品 1 (y=311-405): '70装备不详的恶魔戒指可购买1次' → equipment (conf=0.70), 价格 380000, 货币 gold, 购买按钮 @ (1192, 358)
[2026-05-22 01:10:36] [INFO] [ShopBot] 物品 2 (y=456-550): '装备破灭精髓鞋子商人亚彼荷可购买1次' → equipment (conf=0.70), 价格 380000, 货币 gold, 购买按钮 @ (1192, 503)
[2026-05-22 01:10:36] [INFO] [ShopBot] 物品 3 (y=597-705): '55装备奥利哈钢靴子商人亚彼荷可购买1次' → equipment (conf=0.70), 价格 240000, 货币 gold, 购买按钮 @ (1192, 651)
[2026-05-22 01:10:36] [INFO] [ShopBot] 跳过物品: unknown
[2026-05-22 01:10:36] [INFO] [ShopBot] 跳过物品: equipment
[2026-05-22 01:10:36] [INFO] [ShopBot] 跳过物品: equipment
[2026-05-22 01:10:36] [INFO] [ShopBot] 跳过物品: equipment
[2026-05-22 01:10:36] [INFO] [ShopBot] 货架处理完成，共购买 0 个物品
[2026-05-22 01:10:36] [INFO] [ShopBot] 第 1 次查看，购买 0 个物品
[2026-05-22 01:10:36] [INFO] [ShopBot] 滑动 (1100, 400) -> (1100, 150), 时长 0.3s
[2026-05-22 01:10:38] [DEBUG] [ShopBot] 整区 OCR 检测到 29 个文字块，4 行
[2026-05-22 01:10:38] [INFO] [ShopBot] 物品 0 (y=154-259): '英雄烈风龙族士兵奈汉库伊可购买1次' → unknown (conf=0.00), 价格 29000, 货币 gold, 购买按钮 @ (1192, 206)
[2026-05-22 01:10:38] [INFO] [ShopBot] 物品 1 (y=311-405): '70装备不详的恶魔戒指可购买1次' → equipment (conf=0.70), 价格 380000, 货币 gold, 购买按钮 @ (1192, 358)
[2026-05-22 01:10:38] [INFO] [ShopBot] 物品 2 (y=456-550): '装备破灭精髓鞋子商人亚彼荷可购买1次' → equipment (conf=0.70), 价格 380000, 货币 gold, 购买按钮 @ (1192, 503)
[2026-05-22 01:10:38] [INFO] [ShopBot] 物品 3 (y=601-705): '55装备奥利哈钢靴子商人亚彼荷可购买1次' → equipment (conf=0.70), 价格 240000, 货币 gold, 购买按钮 @ (1192, 653)
[2026-05-22 01:10:38] [INFO] [ShopBot] 已到达货架底部（第 2 次滑动后，识别结果无变化）
[2026-05-22 01:10:38] [INFO] [ShopBot] 寻找刷新按钮（第 1 次）
[2026-05-22 01:10:39] [DEBUG] [ShopBot] 找到刷新按钮 '立即更新' 在 (268, 659)
[2026-05-22 01:10:39] [INFO] [ShopBot] 点击刷新按钮 (268, 659)
[2026-05-22 01:10:39] [INFO] [ShopBot] 点击坐标 (268, 659)
[2026-05-22 01:10:40] [INFO] [ShopBot] 检测到刷新确认弹窗，点击确认 (748, 460)
[2026-05-22 01:10:40] [INFO] [ShopBot] 点击坐标 (748, 460)
[2026-05-22 01:10:40] [INFO] [ShopBot] 等待货架加载...
[2026-05-22 01:10:41] [INFO] [ShopBot] ===== 第 85 轮 =====
[2026-05-22 01:10:41] [INFO] [ShopBot] 滑动到货架顶部...
[2026-05-22 01:10:41] [INFO] [ShopBot] 滑动 (1100, 150) -> (1100, 400), 时长 0.3s
[2026-05-22 01:10:43] [DEBUG] [ShopBot] 整区 OCR 检测到 31 个文字块，4 行
[2026-05-22 01:10:43] [INFO] [ShopBot] 物品 0 (y=122-214): '85装备不屈的蜘蛛英雄胸甲商人亚彼荷可购买1次' → equipment (conf=0.70), 价格 540000, 货币 gold, 购买按钮 @ (1192, 168)
[2026-05-22 01:10:43] [INFO] [ShopBot] 物品 1 (y=267-359): '英雄霜风席尔巴奈汉库伊可购买1次' → unknown (conf=0.00), 价格 29000, 货币 gold, 购买按钮 @ (1192, 313)
[2026-05-22 01:10:43] [INFO] [ShopBot] 物品 2 (y=411-504): '货币友情点数诺诺里50可购买1次' → unknown (conf=0.00), 价格 18000, 货币 gold, 购买按钮 @ (1192, 457)
[2026-05-22 01:10:43] [INFO] [ShopBot] 物品 3 (y=556-705): '装备55啤叫龙兽靴子商人亚彼荷可购买1次' → equipment (conf=0.70), 价格 240000, 货币 gold, 购买按钮 @ (1192, 630)
[2026-05-22 01:10:43] [INFO] [ShopBot] 跳过物品: equipment
[2026-05-22 01:10:43] [INFO] [ShopBot] 跳过物品: unknown
[2026-05-22 01:10:43] [INFO] [ShopBot] 跳过物品: unknown
[2026-05-22 01:10:43] [INFO] [ShopBot] 跳过物品: equipment
[2026-05-22 01:10:43] [INFO] [ShopBot] 货架处理完成，共购买 0 个物品
[2026-05-22 01:10:43] [INFO] [ShopBot] 第 0 次查看，购买 0 个物品
[2026-05-22 01:10:43] [INFO] [ShopBot] 滑动 (1100, 400) -> (1100, 150), 时长 0.3s
[2026-05-22 01:10:45] [DEBUG] [ShopBot] 整区 OCR 检测到 31 个文字块，4 行
[2026-05-22 01:10:45] [INFO] [ShopBot] 物品 0 (y=154-260): '货币友情点数诺诺里可购买1次50' → unknown (conf=0.00), 价格 18000, 货币 gold, 购买按钮 @ (1192, 207)
[2026-05-22 01:10:45] [INFO] [ShopBot] 物品 1 (y=311-405): '55装备啤叫龙兽靴子商人亚彼荷可购买1次' → equipment (conf=0.70), 价格 240000, 货币 gold, 购买按钮 @ (1192, 358)
[2026-05-22 01:10:45] [INFO] [ShopBot] 物品 2 (y=457-550): '英雄黑曜石龙奈汉库伊可购买1次' → unknown (conf=0.00), 价格 29000, 货币 gold, 购买按钮 @ (1192, 503)
[2026-05-22 01:10:45] [INFO] [ShopBot] 物品 3 (y=601-705): '70装备蜘蛛君主的胸甲商人亚彼荷可购买1次' → equipment (conf=0.70), 价格 380000, 货币 gold, 购买按钮 @ (1192, 653)
[2026-05-22 01:10:45] [INFO] [ShopBot] 跳过物品: unknown
[2026-05-22 01:10:45] [INFO] [ShopBot] 跳过物品: equipment
[2026-05-22 01:10:45] [INFO] [ShopBot] 跳过物品: unknown
[2026-05-22 01:10:45] [INFO] [ShopBot] 跳过物品: equipment
[2026-05-22 01:10:45] [INFO] [ShopBot] 货架处理完成，共购买 0 个物品
[2026-05-22 01:10:45] [INFO] [ShopBot] 第 1 次查看，购买 0 个物品
[2026-05-22 01:10:45] [INFO] [ShopBot] 滑动 (1100, 400) -> (1100, 150), 时长 0.3s
[2026-05-22 01:10:48] [DEBUG] [ShopBot] 整区 OCR 检测到 31 个文字块，4 行
[2026-05-22 01:10:48] [INFO] [ShopBot] 物品 0 (y=154-260): '货币友情点数诺诺里可购买1次50' → unknown (conf=0.00), 价格 18000, 货币 gold, 购买按钮 @ (1192, 207)
[2026-05-22 01:10:48] [INFO] [ShopBot] 物品 1 (y=311-405): '55装备啤叫龙兽靴子商人亚彼荷可购买1次' → equipment (conf=0.70), 价格 240000, 货币 gold, 购买按钮 @ (1192, 358)
[2026-05-22 01:10:48] [INFO] [ShopBot] 物品 2 (y=457-550): '英雄黑曜石龙奈汉库伊可购买1次' → unknown (conf=0.00), 价格 29000, 货币 gold, 购买按钮 @ (1192, 503)
[2026-05-22 01:10:48] [INFO] [ShopBot] 物品 3 (y=601-705): '70装备蜘蛛君主的胸甲商人亚彼荷可购买1次' → equipment (conf=0.70), 价格 380000, 货币 gold, 购买按钮 @ (1192, 653)
[2026-05-22 01:10:48] [INFO] [ShopBot] 已到达货架底部（第 2 次滑动后，识别结果无变化）
[2026-05-22 01:10:48] [INFO] [ShopBot] 寻找刷新按钮（第 1 次）
[2026-05-22 01:10:48] [DEBUG] [ShopBot] 找到刷新按钮 '立即更新' 在 (268, 659)
[2026-05-22 01:10:48] [INFO] [ShopBot] 点击刷新按钮 (268, 659)
[2026-05-22 01:10:48] [INFO] [ShopBot] 点击坐标 (268, 659)
[2026-05-22 01:10:50] [INFO] [ShopBot] 检测到刷新确认弹窗，点击确认 (748, 460)
[2026-05-22 01:10:50] [INFO] [ShopBot] 点击坐标 (748, 460)
[2026-05-22 01:10:50] [INFO] [ShopBot] 等待货架加载...
[2026-05-22 01:10:51] [INFO] [ShopBot] ===== 第 86 轮 =====
[2026-05-22 01:10:51] [INFO] [ShopBot] 滑动到货架顶部...
[2026-05-22 01:10:51] [INFO] [ShopBot] 滑动 (1100, 150) -> (1100, 400), 时长 0.3s
[2026-05-22 01:10:53] [DEBUG] [ShopBot] 整区 OCR 检测到 29 个文字块，5 行
[2026-05-22 01:10:53] [INFO] [ShopBot] 物品 0 (y=122-213): '英雄冰霜鲍特奈汉库伊可购买1次' → unknown (conf=0.00), 价格 29000, 货币 gold, 购买按钮 @ (1192, 167)
[2026-05-22 01:10:53] [INFO] [ShopBot] 物品 1 (y=265-359): '装备不祥的恶魔角饰头盔商人亚彼荷可购买1次' → equipment (conf=0.70), 价格 380000, 货币 gold, 购买按钮 @ (1192, 312)
[2026-05-22 01:10:53] [INFO] [ShopBot] 物品 2 (y=411-503): '英雄烈风龙族士兵奈汉库伊可购买1次' → unknown (conf=0.00), 价格 29000, 货币 gold, 购买按钮 @ (1192, 457)
[2026-05-22 01:10:53] [INFO] [ShopBot] 物品 3 (y=555-649): '装备55勇士的背甲项链妮萨可购买1次' → equipment (conf=0.70), 价格 360000, 货币 gold, 购买按钮 @ (1192, 602)
[2026-05-22 01:10:53] [INFO] [ShopBot] 物品 4 (y=650-705): '' → unknown (conf=0.00), 价格 0, 货币 gold, 购买按钮 @ (1192, 677)
[2026-05-22 01:10:53] [INFO] [ShopBot] 跳过物品: unknown
[2026-05-22 01:10:53] [INFO] [ShopBot] 跳过物品: equipment
[2026-05-22 01:10:53] [INFO] [ShopBot] 跳过物品: unknown
[2026-05-22 01:10:53] [INFO] [ShopBot] 跳过物品: equipment
[2026-05-22 01:10:53] [INFO] [ShopBot] 跳过物品: unknown
[2026-05-22 01:10:53] [INFO] [ShopBot] 货架处理完成，共购买 0 个物品
[2026-05-22 01:10:53] [INFO] [ShopBot] 第 0 次查看，购买 0 个物品
[2026-05-22 01:10:53] [INFO] [ShopBot] 滑动 (1100, 400) -> (1100, 150), 时长 0.3s
[2026-05-22 01:10:55] [DEBUG] [ShopBot] 整区 OCR 检测到 30 个文字块，4 行
[2026-05-22 01:10:55] [INFO] [ShopBot] 物品 0 (y=154-259): '英雄烈风龙族士兵奈汉库伊可购买1次' → unknown (conf=0.00), 价格 29000, 货币 gold, 购买按钮 @ (1192, 206)
[2026-05-22 01:10:55] [INFO] [ShopBot] 物品 1 (y=311-405): '55装备勇士的背甲项链妮萨可购买1次' → equipment (conf=0.70), 价格 360000, 货币 gold, 购买按钮 @ (1192, 358)
[2026-05-22 01:10:55] [INFO] [ShopBot] 物品 2 (y=456-550): '85装备黑曜石戒指可购买1次' → equipment (conf=0.70), 价格 540000, 货币 gold, 购买按钮 @ (1192, 503)
[2026-05-22 01:10:55] [INFO] [ShopBot] 物品 3 (y=597-705): '货币友情点数诺诺里50可购买1次' → unknown (conf=0.00), 价格 18000, 货币 gold, 购买按钮 @ (1192, 651)
[2026-05-22 01:10:55] [INFO] [ShopBot] 跳过物品: unknown
[2026-05-22 01:10:55] [INFO] [ShopBot] 跳过物品: equipment
[2026-05-22 01:10:55] [INFO] [ShopBot] 跳过物品: equipment
[2026-05-22 01:10:55] [INFO] [ShopBot] 跳过物品: unknown
[2026-05-22 01:10:55] [INFO] [ShopBot] 货架处理完成，共购买 0 个物品
[2026-05-22 01:10:55] [INFO] [ShopBot] 第 1 次查看，购买 0 个物品
[2026-05-22 01:10:55] [INFO] [ShopBot] 滑动 (1100, 400) -> (1100, 150), 时长 0.3s
[2026-05-22 01:10:57] [DEBUG] [ShopBot] 整区 OCR 检测到 29 个文字块，4 行
[2026-05-22 01:10:57] [INFO] [ShopBot] 物品 0 (y=154-259): '英雄烈风龙族士兵奈汉库伊可购买1次' → unknown (conf=0.00), 价格 29000, 货币 gold, 购买按钮 @ (1192, 206)
[2026-05-22 01:10:57] [INFO] [ShopBot] 物品 1 (y=311-405): '55装备勇士的背甲项链可购买1次' → equipment (conf=0.70), 价格 360000, 货币 gold, 购买按钮 @ (1192, 358)
[2026-05-22 01:10:57] [INFO] [ShopBot] 物品 2 (y=456-550): '85装备黑曜石戒指可购买1次' → equipment (conf=0.70), 价格 540000, 货币 gold, 购买按钮 @ (1192, 503)
[2026-05-22 01:10:57] [INFO] [ShopBot] 物品 3 (y=601-705): '货币友情点数诺诺里50可购买1次' → unknown (conf=0.00), 价格 18000, 货币 gold, 购买按钮 @ (1192, 653)
[2026-05-22 01:10:57] [INFO] [ShopBot] 跳过物品: unknown
[2026-05-22 01:10:57] [INFO] [ShopBot] 跳过物品: equipment
[2026-05-22 01:10:57] [INFO] [ShopBot] 跳过物品: equipment
[2026-05-22 01:10:57] [INFO] [ShopBot] 跳过物品: unknown
[2026-05-22 01:10:57] [INFO] [ShopBot] 货架处理完成，共购买 0 个物品
[2026-05-22 01:10:57] [INFO] [ShopBot] 第 2 次查看，购买 0 个物品
[2026-05-22 01:10:57] [INFO] [ShopBot] 滑动 (1100, 400) -> (1100, 150), 时长 0.3s
[2026-05-22 01:11:00] [DEBUG] [ShopBot] 整区 OCR 检测到 29 个文字块，4 行
[2026-05-22 01:11:00] [INFO] [ShopBot] 物品 0 (y=154-259): '英雄烈风龙族士兵奈汉库伊可购买1次' → unknown (conf=0.00), 价格 29000, 货币 gold, 购买按钮 @ (1192, 206)
[2026-05-22 01:11:00] [INFO] [ShopBot] 物品 1 (y=311-405): '55装备勇士的背甲项链可购买1次' → equipment (conf=0.70), 价格 360000, 货币 gold, 购买按钮 @ (1192, 358)
[2026-05-22 01:11:00] [INFO] [ShopBot] 物品 2 (y=456-550): '85装备黑曜石戒指可购买1次' → equipment (conf=0.70), 价格 540000, 货币 gold, 购买按钮 @ (1192, 503)
[2026-05-22 01:11:00] [INFO] [ShopBot] 物品 3 (y=601-705): '货币友情点数诺诺里50可购买1次' → unknown (conf=0.00), 价格 18000, 货币 gold, 购买按钮 @ (1192, 653)
[2026-05-22 01:11:00] [INFO] [ShopBot] 已到达货架底部（第 3 次滑动后，识别结果无变化）
[2026-05-22 01:11:00] [INFO] [ShopBot] 寻找刷新按钮（第 1 次）
[2026-05-22 01:11:00] [DEBUG] [ShopBot] 找到刷新按钮 '立即更新' 在 (268, 659)
[2026-05-22 01:11:00] [INFO] [ShopBot] 点击刷新按钮 (268, 659)
[2026-05-22 01:11:00] [INFO] [ShopBot] 点击坐标 (268, 659)
[2026-05-22 01:11:02] [INFO] [ShopBot] 检测到刷新确认弹窗，点击确认 (748, 460)
[2026-05-22 01:11:02] [INFO] [ShopBot] 点击坐标 (748, 460)
[2026-05-22 01:11:02] [INFO] [ShopBot] 等待货架加载...
[2026-05-22 01:11:03] [INFO] [ShopBot] ===== 第 87 轮 =====
[2026-05-22 01:11:03] [INFO] [ShopBot] 滑动到货架顶部...
[2026-05-22 01:11:03] [INFO] [ShopBot] 滑动 (1100, 150) -> (1100, 400), 时长 0.3s
[2026-05-22 01:11:05] [DEBUG] [ShopBot] 整区 OCR 检测到 32 个文字块，4 行
[2026-05-22 01:11:05] [INFO] [ShopBot] 物品 0 (y=122-214): '85装备深渊龙兽皮甲商人亚彼荷可购买1次' → equipment (conf=0.70), 价格 810000, 货币 gold, 购买按钮 @ (1192, 168)
[2026-05-22 01:11:05] [INFO] [ShopBot] 物品 1 (y=266-359): '85装备暗黑钢铁脖围妮萨可购买1次' → equipment (conf=0.70), 价格 540000, 货币 gold, 购买按钮 @ (1192, 312)
[2026-05-22 01:11:05] [INFO] [ShopBot] 物品 2 (y=411-504): '55装备奥利哈钢头盔商人亚彼荷可购买1次' → equipment (conf=0.70), 价格 360000, 货币 gold, 购买按钮 @ (1192, 457)
[2026-05-22 01:11:05] [INFO] [ShopBot] 物品 3 (y=556-705): '装备85不屈的蜘蛛英雄胸甲商人亚彼荷可购买1次' → equipment (conf=0.70), 价格 810000, 货币 gold, 购买按钮 @ (1192, 630)
[2026-05-22 01:11:05] [INFO] [ShopBot] 跳过物品: equipment
[2026-05-22 01:11:05] [INFO] [ShopBot] 跳过物品: equipment
[2026-05-22 01:11:05] [INFO] [ShopBot] 跳过物品: equipment
[2026-05-22 01:11:05] [INFO] [ShopBot] 跳过物品: equipment
[2026-05-22 01:11:05] [INFO] [ShopBot] 货架处理完成，共购买 0 个物品
[2026-05-22 01:11:05] [INFO] [ShopBot] 第 0 次查看，购买 0 个物品
[2026-05-22 01:11:05] [INFO] [ShopBot] 滑动 (1100, 400) -> (1100, 150), 时长 0.3s
[2026-05-22 01:11:07] [DEBUG] [ShopBot] 整区 OCR 检测到 31 个文字块，4 行
[2026-05-22 01:11:07] [INFO] [ShopBot] 物品 0 (y=154-260): '55装备奥利哈钢头盔商人亚彼荷可购买1次' → equipment (conf=0.70), 价格 360000, 货币 gold, 购买按钮 @ (1192, 207)
[2026-05-22 01:11:07] [INFO] [ShopBot] 物品 1 (y=311-405): '85装备不屈的蜘蛛英雄胸甲商人亚彼荷可购买1次' → equipment (conf=0.70), 价格 810000, 货币 gold, 购买按钮 @ (1192, 358)
[2026-05-22 01:11:07] [INFO] [ShopBot] 物品 2 (y=456-550): '装备不祥的恶魔角饰头盔商人亚彼荷可购买1次' → equipment (conf=0.70), 价格 380000, 货币 gold, 购买按钮 @ (1192, 503)
[2026-05-22 01:11:07] [INFO] [ShopBot] 物品 3 (y=601-705): '70装备不祥的恶魔之双刃剑商人亚彼荷可购买1次' → equipment (conf=0.70), 价格 380000, 货币 gold, 购买按钮 @ (1192, 653)
[2026-05-22 01:11:07] [INFO] [ShopBot] 跳过物品: equipment
[2026-05-22 01:11:07] [INFO] [ShopBot] 跳过物品: equipment
[2026-05-22 01:11:07] [INFO] [ShopBot] 跳过物品: equipment
[2026-05-22 01:11:07] [INFO] [ShopBot] 跳过物品: equipment
[2026-05-22 01:11:07] [INFO] [ShopBot] 货架处理完成，共购买 0 个物品
[2026-05-22 01:11:07] [INFO] [ShopBot] 第 1 次查看，购买 0 个物品
[2026-05-22 01:11:07] [INFO] [ShopBot] 滑动 (1100, 400) -> (1100, 150), 时长 0.3s
[2026-05-22 01:11:09] [DEBUG] [ShopBot] 整区 OCR 检测到 31 个文字块，4 行
[2026-05-22 01:11:09] [INFO] [ShopBot] 物品 0 (y=154-260): '55装备奥利哈钢头盔商人亚彼荷可购买1次' → equipment (conf=0.70), 价格 360000, 货币 gold, 购买按钮 @ (1192, 207)
[2026-05-22 01:11:09] [INFO] [ShopBot] 物品 1 (y=311-405): '85装备不屈的蜘蛛英雄胸甲商人亚彼荷可购买1次' → equipment (conf=0.70), 价格 810000, 货币 gold, 购买按钮 @ (1192, 358)
[2026-05-22 01:11:09] [INFO] [ShopBot] 物品 2 (y=456-550): '装备不祥的恶魔角饰头盔商人亚彼荷可购买1次' → equipment (conf=0.70), 价格 380000, 货币 gold, 购买按钮 @ (1192, 503)
[2026-05-22 01:11:09] [INFO] [ShopBot] 物品 3 (y=601-705): '70装备不祥的恶魔之双刃剑商人亚彼荷可购买1次' → equipment (conf=0.70), 价格 380000, 货币 gold, 购买按钮 @ (1192, 653)
[2026-05-22 01:11:09] [INFO] [ShopBot] 已到达货架底部（第 2 次滑动后，识别结果无变化）
[2026-05-22 01:11:09] [INFO] [ShopBot] 寻找刷新按钮（第 1 次）
[2026-05-22 01:11:10] [DEBUG] [ShopBot] 找到刷新按钮 '立即更新' 在 (268, 659)
[2026-05-22 01:11:10] [INFO] [ShopBot] 点击刷新按钮 (268, 659)
[2026-05-22 01:11:10] [INFO] [ShopBot] 点击坐标 (268, 659)
[2026-05-22 01:11:11] [INFO] [ShopBot] 检测到刷新确认弹窗，点击确认 (748, 460)
[2026-05-22 01:11:11] [INFO] [ShopBot] 点击坐标 (748, 460)
[2026-05-22 01:11:12] [INFO] [ShopBot] 等待货架加载...
[2026-05-22 01:11:13] [INFO] [ShopBot] ===== 第 88 轮 =====
[2026-05-22 01:11:13] [INFO] [ShopBot] 滑动到货架顶部...
[2026-05-22 01:11:13] [INFO] [ShopBot] 滑动 (1100, 150) -> (1100, 400), 时长 0.3s
[2026-05-22 01:11:14] [DEBUG] [ShopBot] 整区 OCR 检测到 29 个文字块，5 行
[2026-05-22 01:11:14] [INFO] [ShopBot] 物品 0 (y=122-213): '英雄罗奇斯精锐兵奈汉库伊可购买1次' → unknown (conf=0.00), 价格 29000, 货币 gold, 购买按钮 @ (1192, 167)
[2026-05-22 01:11:14] [INFO] [ShopBot] 物品 1 (y=265-359): '55装备精巧的恶魔重甲商人亚彼荷可购买1次' → equipment (conf=0.70), 价格 240000, 货币 gold, 购买按钮 @ (1192, 312)
[2026-05-22 01:11:14] [INFO] [ShopBot] 物品 2 (y=410-503): '55装备奥利哈钢手镯可购买1次' → equipment (conf=0.70), 价格 360000, 货币 gold, 购买按钮 @ (1192, 456)
[2026-05-22 01:11:14] [INFO] [ShopBot] 物品 3 (y=556-648): '英雄精锐兵拉宾奈汉库伊可购买1次' → unknown (conf=0.00), 价格 29000, 货币 gold, 购买按钮 @ (1192, 602)
[2026-05-22 01:11:14] [INFO] [ShopBot] 物品 4 (y=650-705): '' → unknown (conf=0.00), 价格 0, 货币 gold, 购买按钮 @ (1192, 677)
[2026-05-22 01:11:14] [INFO] [ShopBot] 跳过物品: unknown
[2026-05-22 01:11:14] [INFO] [ShopBot] 跳过物品: equipment
[2026-05-22 01:11:14] [INFO] [ShopBot] 跳过物品: equipment
[2026-05-22 01:11:14] [INFO] [ShopBot] 跳过物品: unknown
[2026-05-22 01:11:14] [INFO] [ShopBot] 跳过物品: unknown
[2026-05-22 01:11:14] [INFO] [ShopBot] 货架处理完成，共购买 0 个物品
[2026-05-22 01:11:14] [INFO] [ShopBot] 第 0 次查看，购买 0 个物品
[2026-05-22 01:11:14] [INFO] [ShopBot] 滑动 (1100, 400) -> (1100, 150), 时长 0.3s
[2026-05-22 01:11:17] [DEBUG] [ShopBot] 整区 OCR 检测到 32 个文字块，5 行
[2026-05-22 01:11:17] [INFO] [ShopBot] 物品 0 (y=80-136): '精巧的恶魔重甲商人亚彼荷可购买1次' → unknown (conf=0.00), 价格 0, 货币 gold, 购买按钮 @ (1192, 108)
[2026-05-22 01:11:17] [INFO] [ShopBot] 物品 1 (y=188-282): '装备奥利哈钢手镯可购买1次妮面' → equipment (conf=0.70), 价格 360000, 货币 gold, 购买按钮 @ (1192, 235)
[2026-05-22 01:11:17] [INFO] [ShopBot] 物品 2 (y=335-427): '英雄精锐兵拉宾奈汉库伊可购买1次' → unknown (conf=0.00), 价格 29000, 货币 gold, 购买按钮 @ (1192, 381)
[2026-05-22 01:11:17] [INFO] [ShopBot] 物品 3 (y=478-572): '70装备魔力龙兽面具商人亚彼荷可购买1次' → equipment (conf=0.70), 价格 380000, 货币 gold, 购买按钮 @ (1192, 525)
[2026-05-22 01:11:17] [INFO] [ShopBot] 物品 4 (y=603-705): '装备泰拉之眼' → equipment (conf=0.70), 价格 380000, 货币 gold, 购买按钮 @ (1192, 654)
[2026-05-22 01:11:17] [INFO] [ShopBot] 跳过物品: unknown
[2026-05-22 01:11:17] [INFO] [ShopBot] 跳过物品: equipment
[2026-05-22 01:11:17] [INFO] [ShopBot] 跳过物品: unknown
[2026-05-22 01:11:17] [INFO] [ShopBot] 跳过物品: equipment
[2026-05-22 01:11:17] [INFO] [ShopBot] 跳过物品: equipment
[2026-05-22 01:11:17] [INFO] [ShopBot] 货架处理完成，共购买 0 个物品
[2026-05-22 01:11:17] [INFO] [ShopBot] 第 1 次查看，购买 0 个物品
[2026-05-22 01:11:17] [INFO] [ShopBot] 滑动 (1100, 400) -> (1100, 150), 时长 0.3s
[2026-05-22 01:11:19] [DEBUG] [ShopBot] 整区 OCR 检测到 30 个文字块，4 行
[2026-05-22 01:11:19] [INFO] [ShopBot] 物品 0 (y=154-260): '55装备奥利哈钢手镯妮萨可购买1次' → equipment (conf=0.70), 价格 360000, 货币 gold, 购买按钮 @ (1192, 207)
[2026-05-22 01:11:19] [INFO] [ShopBot] 物品 1 (y=313-405): '英雄精锐兵拉宾奈汉库伊可购买1次' → unknown (conf=0.00), 价格 29000, 货币 gold, 购买按钮 @ (1192, 359)
[2026-05-22 01:11:19] [INFO] [ShopBot] 物品 2 (y=456-550): '70装备魔力龙兽面具商人亚彼荷可购买1次' → equipment (conf=0.70), 价格 380000, 货币 gold, 购买按钮 @ (1192, 503)
[2026-05-22 01:11:19] [INFO] [ShopBot] 物品 3 (y=601-705): '装备泰拉之眼妮萨可购买1次' → equipment (conf=0.70), 价格 380000, 货币 gold, 购买按钮 @ (1192, 653)
[2026-05-22 01:11:19] [INFO] [ShopBot] 跳过物品: equipment
[2026-05-22 01:11:19] [INFO] [ShopBot] 跳过物品: unknown
[2026-05-22 01:11:19] [INFO] [ShopBot] 跳过物品: equipment
[2026-05-22 01:11:19] [INFO] [ShopBot] 跳过物品: equipment
[2026-05-22 01:11:19] [INFO] [ShopBot] 货架处理完成，共购买 0 个物品
[2026-05-22 01:11:19] [INFO] [ShopBot] 第 2 次查看，购买 0 个物品
[2026-05-22 01:11:19] [INFO] [ShopBot] 滑动 (1100, 400) -> (1100, 150), 时长 0.3s
[2026-05-22 01:11:21] [DEBUG] [ShopBot] 整区 OCR 检测到 29 个文字块，4 行
[2026-05-22 01:11:21] [INFO] [ShopBot] 物品 0 (y=154-260): '55装备奥利哈钢手镯妮萨可购买1次' → equipment (conf=0.70), 价格 360000, 货币 gold, 购买按钮 @ (1192, 207)
[2026-05-22 01:11:21] [INFO] [ShopBot] 物品 1 (y=313-405): '英雄精锐兵拉宾奈汉库伊可购买1次' → unknown (conf=0.00), 价格 29000, 货币 gold, 购买按钮 @ (1192, 359)
[2026-05-22 01:11:21] [INFO] [ShopBot] 物品 2 (y=456-550): '装备魔力龙兽面具商人亚彼荷可购买1次' → equipment (conf=0.70), 价格 380000, 货币 gold, 购买按钮 @ (1192, 503)
[2026-05-22 01:11:21] [INFO] [ShopBot] 物品 3 (y=601-705): '装备泰拉之眼妮萨可购买1次' → equipment (conf=0.70), 价格 380000, 货币 gold, 购买按钮 @ (1192, 653)
[2026-05-22 01:11:21] [INFO] [ShopBot] 跳过物品: equipment
[2026-05-22 01:11:21] [INFO] [ShopBot] 跳过物品: unknown
[2026-05-22 01:11:21] [INFO] [ShopBot] 跳过物品: equipment
[2026-05-22 01:11:21] [INFO] [ShopBot] 跳过物品: equipment
[2026-05-22 01:11:21] [INFO] [ShopBot] 货架处理完成，共购买 0 个物品
[2026-05-22 01:11:21] [INFO] [ShopBot] 第 3 次查看，购买 0 个物品
[2026-05-22 01:11:21] [INFO] [ShopBot] 滑动 (1100, 400) -> (1100, 150), 时长 0.3s
[2026-05-22 01:11:23] [DEBUG] [ShopBot] 整区 OCR 检测到 31 个文字块，4 行
[2026-05-22 01:11:23] [INFO] [ShopBot] 物品 0 (y=154-260): '55装备奥利哈钢手镯妮萨可购买1次' → equipment (conf=0.70), 价格 360000, 货币 gold, 购买按钮 @ (1192, 207)
[2026-05-22 01:11:23] [INFO] [ShopBot] 物品 1 (y=313-405): '英雄精锐兵拉宾奈汉库伊可购买1次' → unknown (conf=0.00), 价格 29000, 货币 gold, 购买按钮 @ (1192, 359)
[2026-05-22 01:11:23] [INFO] [ShopBot] 物品 2 (y=456-550): '70装备魔力龙兽面具商人亚彼荷可购买1次' → equipment (conf=0.70), 价格 380000, 货币 gold, 购买按钮 @ (1192, 503)
[2026-05-22 01:11:23] [INFO] [ShopBot] 物品 3 (y=601-695): '70装备泰拉之眼妮萨可购买1次' → equipment (conf=0.70), 价格 380000, 货币 gold, 购买按钮 @ (1192, 648)
[2026-05-22 01:11:23] [INFO] [ShopBot] 跳过物品: equipment
[2026-05-22 01:11:23] [INFO] [ShopBot] 跳过物品: unknown
[2026-05-22 01:11:23] [INFO] [ShopBot] 跳过物品: equipment
[2026-05-22 01:11:23] [INFO] [ShopBot] 跳过物品: equipment
[2026-05-22 01:11:23] [INFO] [ShopBot] 货架处理完成，共购买 0 个物品
[2026-05-22 01:11:23] [INFO] [ShopBot] 第 4 次查看，购买 0 个物品
[2026-05-22 01:11:23] [INFO] [ShopBot] 滑动 (1100, 400) -> (1100, 150), 时长 0.3s
[2026-05-22 01:11:26] [DEBUG] [ShopBot] 整区 OCR 检测到 29 个文字块，4 行
[2026-05-22 01:11:26] [INFO] [ShopBot] 物品 0 (y=154-260): '55装备奥利哈钢手镯妮萨可购买1次' → equipment (conf=0.70), 价格 360000, 货币 gold, 购买按钮 @ (1192, 207)
[2026-05-22 01:11:26] [INFO] [ShopBot] 物品 1 (y=313-405): '英雄精锐兵拉宾奈汉库伊可购买1次' → unknown (conf=0.00), 价格 29000, 货币 gold, 购买按钮 @ (1192, 359)
[2026-05-22 01:11:26] [INFO] [ShopBot] 物品 2 (y=456-550): '70装备魔力龙兽面具商人亚彼荷可购买1次' → equipment (conf=0.70), 价格 380000, 货币 gold, 购买按钮 @ (1192, 503)
[2026-05-22 01:11:26] [INFO] [ShopBot] 物品 3 (y=601-705): '装备泰拉之眼可购买1次' → equipment (conf=0.70), 价格 380000, 货币 gold, 购买按钮 @ (1192, 653)
[2026-05-22 01:11:26] [INFO] [ShopBot] 跳过物品: equipment
[2026-05-22 01:11:26] [INFO] [ShopBot] 跳过物品: unknown
[2026-05-22 01:11:26] [INFO] [ShopBot] 跳过物品: equipment
[2026-05-22 01:11:26] [INFO] [ShopBot] 跳过物品: equipment
[2026-05-22 01:11:26] [INFO] [ShopBot] 货架处理完成，共购买 0 个物品
[2026-05-22 01:11:26] [INFO] [ShopBot] 第 5 次查看，购买 0 个物品
[2026-05-22 01:11:26] [INFO] [ShopBot] 滑动 (1100, 400) -> (1100, 150), 时长 0.3s
[2026-05-22 01:11:28] [DEBUG] [ShopBot] 整区 OCR 检测到 30 个文字块，4 行
[2026-05-22 01:11:28] [INFO] [ShopBot] 物品 0 (y=154-260): '55装备奥利哈钢手镯妮萨可购买1次' → equipment (conf=0.70), 价格 360000, 货币 gold, 购买按钮 @ (1192, 207)
[2026-05-22 01:11:28] [INFO] [ShopBot] 物品 1 (y=313-405): '英雄精锐兵拉宾奈汉库伊可购买1次' → unknown (conf=0.00), 价格 29000, 货币 gold, 购买按钮 @ (1192, 359)
[2026-05-22 01:11:28] [INFO] [ShopBot] 物品 2 (y=456-550): '70装备魔力龙兽面具商人亚彼荷可购买1次' → equipment (conf=0.70), 价格 380000, 货币 gold, 购买按钮 @ (1192, 503)
[2026-05-22 01:11:28] [INFO] [ShopBot] 物品 3 (y=601-705): '装备泰拉之眼妮萨可购买1次' → equipment (conf=0.70), 价格 380000, 货币 gold, 购买按钮 @ (1192, 653)
[2026-05-22 01:11:28] [INFO] [ShopBot] 跳过物品: equipment
[2026-05-22 01:11:28] [INFO] [ShopBot] 跳过物品: unknown
[2026-05-22 01:11:28] [INFO] [ShopBot] 跳过物品: equipment
[2026-05-22 01:11:28] [INFO] [ShopBot] 跳过物品: equipment
[2026-05-22 01:11:28] [INFO] [ShopBot] 货架处理完成，共购买 0 个物品
[2026-05-22 01:11:28] [INFO] [ShopBot] 第 6 次查看，购买 0 个物品
[2026-05-22 01:11:28] [INFO] [ShopBot] 滑动 (1100, 400) -> (1100, 150), 时长 0.3s
[2026-05-22 01:11:30] [DEBUG] [ShopBot] 整区 OCR 检测到 30 个文字块，4 行
[2026-05-22 01:11:30] [INFO] [ShopBot] 物品 0 (y=154-260): '55装备奥利哈钢手镯妮萨可购买1次' → equipment (conf=0.70), 价格 360000, 货币 gold, 购买按钮 @ (1192, 207)
[2026-05-22 01:11:30] [INFO] [ShopBot] 物品 1 (y=313-405): '英雄精锐兵拉宾奈汉库伊可购买1次' → unknown (conf=0.00), 价格 29000, 货币 gold, 购买按钮 @ (1192, 359)
[2026-05-22 01:11:30] [INFO] [ShopBot] 物品 2 (y=456-550): '70装备魔力龙兽面具商人亚彼荷可购买1次' → equipment (conf=0.70), 价格 380000, 货币 gold, 购买按钮 @ (1192, 503)
[2026-05-22 01:11:30] [INFO] [ShopBot] 物品 3 (y=601-705): '装备泰拉之眼妮萨可购买1次' → equipment (conf=0.70), 价格 380000, 货币 gold, 购买按钮 @ (1192, 653)
[2026-05-22 01:11:30] [INFO] [ShopBot] 已到达货架底部（第 7 次滑动后，识别结果无变化）
[2026-05-22 01:11:30] [INFO] [ShopBot] 寻找刷新按钮（第 1 次）
[2026-05-22 01:11:31] [DEBUG] [ShopBot] 找到刷新按钮 '立即更新' 在 (268, 659)
[2026-05-22 01:11:31] [INFO] [ShopBot] 点击刷新按钮 (268, 659)
[2026-05-22 01:11:31] [INFO] [ShopBot] 点击坐标 (268, 659)
[2026-05-22 01:11:32] [INFO] [ShopBot] 检测到刷新确认弹窗，点击确认 (748, 460)
[2026-05-22 01:11:32] [INFO] [ShopBot] 点击坐标 (748, 460)
[2026-05-22 01:11:33] [INFO] [ShopBot] 等待货架加载...
[2026-05-22 01:11:34] [INFO] [ShopBot] ===== 第 89 轮 =====
[2026-05-22 01:11:34] [INFO] [ShopBot] 滑动到货架顶部...
[2026-05-22 01:11:34] [INFO] [ShopBot] 滑动 (1100, 150) -> (1100, 400), 时长 0.3s
[2026-05-22 01:11:35] [DEBUG] [ShopBot] 整区 OCR 检测到 32 个文字块，5 行
[2026-05-22 01:11:35] [INFO] [ShopBot] 物品 0 (y=122-213): '55装备精巧的恶魔头盔商人亚彼荷可购买1次' → equipment (conf=0.70), 价格 240000, 货币 gold, 购买按钮 @ (1192, 167)
[2026-05-22 01:11:35] [INFO] [ShopBot] 物品 1 (y=265-359): '货币友情点数诺诺里50可购买1次' → unknown (conf=0.00), 价格 18000, 货币 gold, 购买按钮 @ (1192, 312)
[2026-05-22 01:11:35] [INFO] [ShopBot] 物品 2 (y=410-504): '55装备暗龙红玉妮萨可购买1次' → equipment (conf=0.70), 价格 240000, 货币 gold, 购买按钮 @ (1192, 457)
[2026-05-22 01:11:35] [INFO] [ShopBot] 物品 3 (y=555-649): '装备55啤叫龙兽皮甲商人亚彼荷可购买1次' → equipment (conf=0.70), 价格 360000, 货币 gold, 购买按钮 @ (1192, 602)
[2026-05-22 01:11:35] [INFO] [ShopBot] 物品 4 (y=650-705): '' → unknown (conf=0.00), 价格 0, 货币 gold, 购买按钮 @ (1192, 677)
[2026-05-22 01:11:35] [INFO] [ShopBot] 跳过物品: equipment
[2026-05-22 01:11:35] [INFO] [ShopBot] 跳过物品: unknown
[2026-05-22 01:11:35] [INFO] [ShopBot] 跳过物品: equipment
[2026-05-22 01:11:35] [INFO] [ShopBot] 跳过物品: equipment
[2026-05-22 01:11:35] [INFO] [ShopBot] 跳过物品: unknown
[2026-05-22 01:11:35] [INFO] [ShopBot] 货架处理完成，共购买 0 个物品
[2026-05-22 01:11:35] [INFO] [ShopBot] 第 0 次查看，购买 0 个物品
[2026-05-22 01:11:35] [INFO] [ShopBot] 滑动 (1100, 400) -> (1100, 150), 时长 0.3s
[2026-05-22 01:11:37] [DEBUG] [ShopBot] 整区 OCR 检测到 31 个文字块，4 行
[2026-05-22 01:11:37] [INFO] [ShopBot] 物品 0 (y=154-260): '55装备暗龙红玉妮萨可购买1次' → equipment (conf=0.70), 价格 240000, 货币 gold, 购买按钮 @ (1192, 207)
[2026-05-22 01:11:37] [INFO] [ShopBot] 物品 1 (y=311-405): '55装备啤叫龙兽皮甲商人亚彼荷可购买1次' → equipment (conf=0.70), 价格 360000, 货币 gold, 购买按钮 @ (1192, 358)
[2026-05-22 01:11:37] [INFO] [ShopBot] 物品 2 (y=457-550): '英雄大海鲍特奈汉库伊可购买1次' → unknown (conf=0.00), 价格 29000, 货币 gold, 购买按钮 @ (1192, 503)
[2026-05-22 01:11:37] [INFO] [ShopBot] 物品 3 (y=601-705): '70装备泰拉剑商人亚彼荷可购买1次' → equipment (conf=0.70), 价格 380000, 货币 gold, 购买按钮 @ (1192, 653)
[2026-05-22 01:11:37] [INFO] [ShopBot] 跳过物品: equipment
[2026-05-22 01:11:37] [INFO] [ShopBot] 跳过物品: equipment
[2026-05-22 01:11:37] [INFO] [ShopBot] 跳过物品: unknown
[2026-05-22 01:11:37] [INFO] [ShopBot] 跳过物品: equipment
[2026-05-22 01:11:37] [INFO] [ShopBot] 货架处理完成，共购买 0 个物品
[2026-05-22 01:11:37] [INFO] [ShopBot] 第 1 次查看，购买 0 个物品
[2026-05-22 01:11:37] [INFO] [ShopBot] 滑动 (1100, 400) -> (1100, 150), 时长 0.3s
[2026-05-22 01:11:40] [DEBUG] [ShopBot] 整区 OCR 检测到 31 个文字块，4 行
[2026-05-22 01:11:40] [INFO] [ShopBot] 物品 0 (y=154-260): '55装备暗龙红玉妮萨可购买1次' → equipment (conf=0.70), 价格 240000, 货币 gold, 购买按钮 @ (1192, 207)
[2026-05-22 01:11:40] [INFO] [ShopBot] 物品 1 (y=311-405): '55装备啤叫龙兽皮甲商人亚彼荷可购买1次' → equipment (conf=0.70), 价格 360000, 货币 gold, 购买按钮 @ (1192, 358)
[2026-05-22 01:11:40] [INFO] [ShopBot] 物品 2 (y=457-550): '英雄大海鲍特奈汉库伊可购买1次' → unknown (conf=0.00), 价格 29000, 货币 gold, 购买按钮 @ (1192, 503)
[2026-05-22 01:11:40] [INFO] [ShopBot] 物品 3 (y=601-705): '70装备泰拉剑商人亚彼荷可购买1次' → equipment (conf=0.70), 价格 380000, 货币 gold, 购买按钮 @ (1192, 653)
[2026-05-22 01:11:40] [INFO] [ShopBot] 已到达货架底部（第 2 次滑动后，识别结果无变化）
[2026-05-22 01:11:40] [INFO] [ShopBot] 寻找刷新按钮（第 1 次）
[2026-05-22 01:11:40] [DEBUG] [ShopBot] 找到刷新按钮 '立即更新' 在 (268, 659)
[2026-05-22 01:11:40] [INFO] [ShopBot] 点击刷新按钮 (268, 659)
[2026-05-22 01:11:40] [INFO] [ShopBot] 点击坐标 (268, 659)
[2026-05-22 01:11:42] [INFO] [ShopBot] 检测到刷新确认弹窗，点击确认 (748, 460)
[2026-05-22 01:11:42] [INFO] [ShopBot] 点击坐标 (748, 460)
[2026-05-22 01:11:42] [INFO] [ShopBot] 等待货架加载...
[2026-05-22 01:11:43] [INFO] [ShopBot] ===== 第 90 轮 =====
[2026-05-22 01:11:43] [INFO] [ShopBot] 滑动到货架顶部...
[2026-05-22 01:11:43] [INFO] [ShopBot] 滑动 (1100, 150) -> (1100, 400), 时长 0.3s
[2026-05-22 01:11:45] [DEBUG] [ShopBot] 整区 OCR 检测到 29 个文字块，5 行
[2026-05-22 01:11:45] [INFO] [ShopBot] 物品 0 (y=121-212): '英雄悲叹狮鹫奈汉库伊可购买1次' → unknown (conf=0.00), 价格 29000, 货币 gold, 购买按钮 @ (1192, 166)
[2026-05-22 01:11:45] [INFO] [ShopBot] 物品 1 (y=264-357): '货币友情点数诺诺里50可购买1次' → unknown (conf=0.00), 价格 18000, 货币 gold, 购买按钮 @ (1192, 310)
[2026-05-22 01:11:45] [INFO] [ShopBot] 物品 2 (y=410-502): '英雄漆黑陆龟可购买1次奈汉库伊' → unknown (conf=0.00), 价格 29000, 货币 gold, 购买按钮 @ (1192, 456)
[2026-05-22 01:11:45] [INFO] [ShopBot] 物品 3 (y=555-647): '英雄雷逢朵斯火焰魔法师奈汉库伊可购买1次' → unknown (conf=0.00), 价格 29000, 货币 gold, 购买按钮 @ (1192, 601)
[2026-05-22 01:11:45] [INFO] [ShopBot] 物品 4 (y=649-705): '' → unknown (conf=0.00), 价格 0, 货币 gold, 购买按钮 @ (1192, 677)
[2026-05-22 01:11:45] [INFO] [ShopBot] 跳过物品: unknown
[2026-05-22 01:11:45] [INFO] [ShopBot] 跳过物品: unknown
[2026-05-22 01:11:45] [INFO] [ShopBot] 跳过物品: unknown
[2026-05-22 01:11:45] [INFO] [ShopBot] 跳过物品: unknown
[2026-05-22 01:11:45] [INFO] [ShopBot] 跳过物品: unknown
[2026-05-22 01:11:45] [INFO] [ShopBot] 货架处理完成，共购买 0 个物品
[2026-05-22 01:11:45] [INFO] [ShopBot] 第 0 次查看，购买 0 个物品
[2026-05-22 01:11:45] [INFO] [ShopBot] 滑动 (1100, 400) -> (1100, 150), 时长 0.3s
[2026-05-22 01:11:48] [DEBUG] [ShopBot] 整区 OCR 检测到 29 个文字块，4 行
[2026-05-22 01:11:48] [INFO] [ShopBot] 物品 0 (y=154-259): '英雄漆黑陆龟奈汉库伊可购买1次' → unknown (conf=0.00), 价格 29000, 货币 gold, 购买按钮 @ (1192, 206)
[2026-05-22 01:11:48] [INFO] [ShopBot] 物品 1 (y=313-405): '英雄雷逢朵斯火焰魔法师奈汉库伊可购买1次' → unknown (conf=0.00), 价格 29000, 货币 gold, 购买按钮 @ (1192, 359)
[2026-05-22 01:11:48] [INFO] [ShopBot] 物品 2 (y=458-550): '英雄不祥的魔物奈汉库伊可购买1次' → unknown (conf=0.00), 价格 29000, 货币 gold, 购买按钮 @ (1192, 504)
[2026-05-22 01:11:48] [INFO] [ShopBot] 物品 3 (y=600-705): '55装备精巧的恶魔头盔商人亚彼荷可购买1次' → equipment (conf=0.70), 价格 240000, 货币 gold, 购买按钮 @ (1192, 652)
[2026-05-22 01:11:48] [INFO] [ShopBot] 跳过物品: unknown
[2026-05-22 01:11:48] [INFO] [ShopBot] 跳过物品: unknown
[2026-05-22 01:11:48] [INFO] [ShopBot] 跳过物品: unknown
[2026-05-22 01:11:48] [INFO] [ShopBot] 跳过物品: equipment
[2026-05-22 01:11:48] [INFO] [ShopBot] 货架处理完成，共购买 0 个物品
[2026-05-22 01:11:48] [INFO] [ShopBot] 第 1 次查看，购买 0 个物品
[2026-05-22 01:11:48] [INFO] [ShopBot] 滑动 (1100, 400) -> (1100, 150), 时长 0.3s
[2026-05-22 01:11:50] [DEBUG] [ShopBot] 整区 OCR 检测到 29 个文字块，4 行
[2026-05-22 01:11:50] [INFO] [ShopBot] 物品 0 (y=154-259): '英雄漆黑陆龟奈汉库伊可购买1次' → unknown (conf=0.00), 价格 29000, 货币 gold, 购买按钮 @ (1192, 206)
[2026-05-22 01:11:50] [INFO] [ShopBot] 物品 1 (y=313-405): '英雄雷逢朵斯火焰魔法师奈汉库伊可购买1次' → unknown (conf=0.00), 价格 29000, 货币 gold, 购买按钮 @ (1192, 359)
[2026-05-22 01:11:50] [INFO] [ShopBot] 物品 2 (y=457-550): '英雄不祥的魔物奈汉库伊可购买1次' → unknown (conf=0.00), 价格 29000, 货币 gold, 购买按钮 @ (1192, 503)
[2026-05-22 01:11:50] [INFO] [ShopBot] 物品 3 (y=601-705): '55装备精巧的恶魔头盔商人亚彼荷可购买1次' → equipment (conf=0.70), 价格 240000, 货币 gold, 购买按钮 @ (1192, 653)
[2026-05-22 01:11:50] [INFO] [ShopBot] 已到达货架底部（第 2 次滑动后，识别结果无变化）
[2026-05-22 01:11:50] [INFO] [ShopBot] 寻找刷新按钮（第 1 次）
[2026-05-22 01:11:51] [DEBUG] [ShopBot] 找到刷新按钮 '立即更新' 在 (268, 659)
[2026-05-22 01:11:51] [INFO] [ShopBot] 点击刷新按钮 (268, 659)
[2026-05-22 01:11:51] [INFO] [ShopBot] 点击坐标 (268, 659)
[2026-05-22 01:11:53] [INFO] [ShopBot] 检测到刷新确认弹窗，点击确认 (748, 460)
[2026-05-22 01:11:53] [INFO] [ShopBot] 点击坐标 (748, 460)
[2026-05-22 01:11:53] [INFO] [ShopBot] 等待货架加载...
[2026-05-22 01:11:54] [INFO] [ShopBot] ===== 第 91 轮 =====
[2026-05-22 01:11:54] [INFO] [ShopBot] 滑动到货架顶部...
[2026-05-22 01:11:54] [INFO] [ShopBot] 滑动 (1100, 150) -> (1100, 400), 时长 0.3s
[2026-05-22 01:11:55] [DEBUG] [ShopBot] 整区 OCR 检测到 31 个文字块，4 行
[2026-05-22 01:11:55] [INFO] [ShopBot] 物品 0 (y=123-215): '55装备精巧的恶魔项链妮萨可购买1次' → equipment (conf=0.70), 价格 360000, 货币 gold, 购买按钮 @ (1192, 169)
[2026-05-22 01:11:55] [INFO] [ShopBot] 物品 1 (y=268-359): '英雄危险的魔物奈汉库伊可购买1次' → unknown (conf=0.00), 价格 29000, 货币 gold, 购买按钮 @ (1192, 313)
[2026-05-22 01:11:55] [INFO] [ShopBot] 物品 2 (y=411-505): '70装备钻石项链妮萨可购买1次' → equipment (conf=0.70), 价格 380000, 货币 gold, 购买按钮 @ (1192, 458)
[2026-05-22 01:11:55] [INFO] [ShopBot] 物品 3 (y=556-705): '装备55灿烂精髓长袍商人亚彼荷可购买1次' → equipment (conf=0.70), 价格 240000, 货币 gold, 购买按钮 @ (1192, 630)
[2026-05-22 01:11:55] [INFO] [ShopBot] 跳过物品: equipment
[2026-05-22 01:11:55] [INFO] [ShopBot] 跳过物品: unknown
[2026-05-22 01:11:55] [INFO] [ShopBot] 跳过物品: equipment
[2026-05-22 01:11:55] [INFO] [ShopBot] 跳过物品: equipment
[2026-05-22 01:11:55] [INFO] [ShopBot] 货架处理完成，共购买 0 个物品
[2026-05-22 01:11:55] [INFO] [ShopBot] 第 0 次查看，购买 0 个物品
[2026-05-22 01:11:55] [INFO] [ShopBot] 滑动 (1100, 400) -> (1100, 150), 时长 0.3s
[2026-05-22 01:11:58] [DEBUG] [ShopBot] 整区 OCR 检测到 34 个文字块，5 行
[2026-05-22 01:11:58] [INFO] [ShopBot] 物品 0 (y=80-125): '奈汉库伊可购买1次' → unknown (conf=0.00), 价格 0, 货币 gold, 购买按钮 @ (1192, 102)
[2026-05-22 01:11:58] [INFO] [ShopBot] 物品 1 (y=154-271): '装备钻石项链可购买1次' → equipment (conf=0.70), 价格 380000, 货币 gold, 购买按钮 @ (1192, 212)
[2026-05-22 01:11:58] [INFO] [ShopBot] 物品 2 (y=323-416): '55装备灿烂精髓长袍商人亚彼荷可购买1次' → equipment (conf=0.70), 价格 240000, 货币 gold, 购买按钮 @ (1192, 369)
[2026-05-22 01:11:58] [INFO] [ShopBot] 物品 3 (y=468-561): '55装备灿烂精髓鞋子商人亚彼荷可购买1次' → equipment (conf=0.70), 价格 240000, 货币 gold, 购买按钮 @ (1192, 514)
[2026-05-22 01:11:58] [INFO] [ShopBot] 物品 4 (y=598-705): '70装备魔力龙兽靴子商人亚彼荷可购买1次' → equipment (conf=0.70), 价格 560000, 货币 gold, 购买按钮 @ (1192, 651)
[2026-05-22 01:11:58] [INFO] [ShopBot] 跳过物品: unknown
[2026-05-22 01:11:58] [INFO] [ShopBot] 跳过物品: equipment
[2026-05-22 01:11:58] [INFO] [ShopBot] 跳过物品: equipment
[2026-05-22 01:11:58] [INFO] [ShopBot] 跳过物品: equipment
[2026-05-22 01:11:58] [INFO] [ShopBot] 跳过物品: equipment
[2026-05-22 01:11:58] [INFO] [ShopBot] 货架处理完成，共购买 0 个物品
[2026-05-22 01:11:58] [INFO] [ShopBot] 第 1 次查看，购买 0 个物品
[2026-05-22 01:11:58] [INFO] [ShopBot] 滑动 (1100, 400) -> (1100, 150), 时长 0.3s
[2026-05-22 01:12:00] [DEBUG] [ShopBot] 整区 OCR 检测到 32 个文字块，4 行
[2026-05-22 01:12:00] [INFO] [ShopBot] 物品 0 (y=154-260): '70装备钻石项链妮萨可购买1次' → equipment (conf=0.70), 价格 380000, 货币 gold, 购买按钮 @ (1192, 207)
[2026-05-22 01:12:00] [INFO] [ShopBot] 物品 1 (y=311-405): '55装备灿烂精髓长袍商人亚彼荷可购买1次' → equipment (conf=0.70), 价格 240000, 货币 gold, 购买按钮 @ (1192, 358)
[2026-05-22 01:12:00] [INFO] [ShopBot] 物品 2 (y=456-550): '55装备灿烂精髓鞋子商人亚彼荷可购买1次' → equipment (conf=0.70), 价格 240000, 货币 gold, 购买按钮 @ (1192, 503)
[2026-05-22 01:12:00] [INFO] [ShopBot] 物品 3 (y=601-705): '70装备魔力龙兽靴子商人亚彼荷可购买1次' → equipment (conf=0.70), 价格 560000, 货币 gold, 购买按钮 @ (1192, 653)
[2026-05-22 01:12:00] [INFO] [ShopBot] 跳过物品: equipment
[2026-05-22 01:12:00] [INFO] [ShopBot] 跳过物品: equipment
[2026-05-22 01:12:00] [INFO] [ShopBot] 跳过物品: equipment
[2026-05-22 01:12:00] [INFO] [ShopBot] 跳过物品: equipment
[2026-05-22 01:12:00] [INFO] [ShopBot] 货架处理完成，共购买 0 个物品
[2026-05-22 01:12:00] [INFO] [ShopBot] 第 2 次查看，购买 0 个物品
[2026-05-22 01:12:00] [INFO] [ShopBot] 滑动 (1100, 400) -> (1100, 150), 时长 0.3s
[2026-05-22 01:12:02] [DEBUG] [ShopBot] 整区 OCR 检测到 32 个文字块，4 行
[2026-05-22 01:12:02] [INFO] [ShopBot] 物品 0 (y=154-260): '70装备钻石项链妮萨可购买1次' → equipment (conf=0.70), 价格 380000, 货币 gold, 购买按钮 @ (1192, 207)
[2026-05-22 01:12:02] [INFO] [ShopBot] 物品 1 (y=311-405): '55装备灿烂精髓长袍商人亚彼荷可购买1次' → equipment (conf=0.70), 价格 240000, 货币 gold, 购买按钮 @ (1192, 358)
[2026-05-22 01:12:02] [INFO] [ShopBot] 物品 2 (y=456-550): '55装备灿烂精髓鞋子商人亚彼荷可购买1次' → equipment (conf=0.70), 价格 240000, 货币 gold, 购买按钮 @ (1192, 503)
[2026-05-22 01:12:02] [INFO] [ShopBot] 物品 3 (y=601-705): '70装备魔力龙兽靴子商人亚彼荷可购买1次' → equipment (conf=0.70), 价格 560000, 货币 gold, 购买按钮 @ (1192, 653)
[2026-05-22 01:12:02] [INFO] [ShopBot] 已到达货架底部（第 3 次滑动后，识别结果无变化）
[2026-05-22 01:12:02] [INFO] [ShopBot] 寻找刷新按钮（第 1 次）
[2026-05-22 01:12:03] [DEBUG] [ShopBot] 找到刷新按钮 '立即更新' 在 (268, 659)
[2026-05-22 01:12:03] [INFO] [ShopBot] 点击刷新按钮 (268, 659)
[2026-05-22 01:12:03] [INFO] [ShopBot] 点击坐标 (268, 659)
[2026-05-22 01:12:05] [INFO] [ShopBot] 检测到刷新确认弹窗，点击确认 (748, 460)
[2026-05-22 01:12:05] [INFO] [ShopBot] 点击坐标 (748, 460)
[2026-05-22 01:12:05] [INFO] [ShopBot] 等待货架加载...
[2026-05-22 01:12:06] [INFO] [ShopBot] ===== 第 92 轮 =====
[2026-05-22 01:12:06] [INFO] [ShopBot] 滑动到货架顶部...
[2026-05-22 01:12:06] [INFO] [ShopBot] 滑动 (1100, 150) -> (1100, 400), 时长 0.3s
[2026-05-22 01:12:08] [DEBUG] [ShopBot] 整区 OCR 检测到 30 个文字块，4 行
[2026-05-22 01:12:08] [INFO] [ShopBot] 物品 0 (y=125-216): '55装备奥利哈钢长剑商人亚彼荷可购买1次' → equipment (conf=0.70), 价格 360000, 货币 gold, 购买按钮 @ (1192, 170)
[2026-05-22 01:12:08] [INFO] [ShopBot] 物品 1 (y=269-361): '英雄因佩提欧枪炮奈汉库伊可购买1次' → unknown (conf=0.00), 价格 29000, 货币 gold, 购买按钮 @ (1192, 315)
[2026-05-22 01:12:08] [INFO] [ShopBot] 物品 2 (y=414-506): '英雄腐败洛普拉奈汉库伊可购买1次' → unknown (conf=0.00), 价格 29000, 货币 gold, 购买按钮 @ (1192, 460)
[2026-05-22 01:12:08] [INFO] [ShopBot] 物品 3 (y=558-705): '70装备泰拉剑商人亚彼荷可购买1次' → equipment (conf=0.70), 价格 560000, 货币 gold, 购买按钮 @ (1192, 631)
[2026-05-22 01:12:08] [INFO] [ShopBot] 跳过物品: equipment
[2026-05-22 01:12:08] [INFO] [ShopBot] 跳过物品: unknown
[2026-05-22 01:12:08] [INFO] [ShopBot] 跳过物品: unknown
[2026-05-22 01:12:08] [INFO] [ShopBot] 跳过物品: equipment
[2026-05-22 01:12:08] [INFO] [ShopBot] 货架处理完成，共购买 0 个物品
[2026-05-22 01:12:08] [INFO] [ShopBot] 第 0 次查看，购买 0 个物品
[2026-05-22 01:12:08] [INFO] [ShopBot] 滑动 (1100, 400) -> (1100, 150), 时长 0.3s
[2026-05-22 01:12:10] [DEBUG] [ShopBot] 整区 OCR 检测到 30 个文字块，4 行
[2026-05-22 01:12:10] [INFO] [ShopBot] 物品 0 (y=154-261): '英雄腐败洛普拉奈汉库伊可购买1次' → unknown (conf=0.00), 价格 29000, 货币 gold, 购买按钮 @ (1192, 207)
[2026-05-22 01:12:10] [INFO] [ShopBot] 物品 1 (y=313-406): '70装备泰拉剑商人亚彼荷可购买1次' → equipment (conf=0.70), 价格 560000, 货币 gold, 购买按钮 @ (1192, 359)
[2026-05-22 01:12:10] [INFO] [ShopBot] 物品 2 (y=458-551): '货币友情点数诺诺里50可购买1次' → unknown (conf=0.00), 价格 18000, 货币 gold, 购买按钮 @ (1192, 504)
[2026-05-22 01:12:10] [INFO] [ShopBot] 物品 3 (y=603-705): '英雄暗影龙族士兵奈汉库伊可购买1次' → unknown (conf=0.00), 价格 29000, 货币 gold, 购买按钮 @ (1192, 654)
[2026-05-22 01:12:10] [INFO] [ShopBot] 跳过物品: unknown
[2026-05-22 01:12:10] [INFO] [ShopBot] 跳过物品: equipment
[2026-05-22 01:12:10] [INFO] [ShopBot] 跳过物品: unknown
[2026-05-22 01:12:10] [INFO] [ShopBot] 跳过物品: unknown
[2026-05-22 01:12:10] [INFO] [ShopBot] 货架处理完成，共购买 0 个物品
[2026-05-22 01:12:10] [INFO] [ShopBot] 第 1 次查看，购买 0 个物品
[2026-05-22 01:12:10] [INFO] [ShopBot] 滑动 (1100, 400) -> (1100, 150), 时长 0.3s
[2026-05-22 01:12:12] [DEBUG] [ShopBot] 整区 OCR 检测到 30 个文字块，4 行
[2026-05-22 01:12:12] [INFO] [ShopBot] 物品 0 (y=154-259): '英雄腐败洛普拉奈汉库伊可购买1次' → unknown (conf=0.00), 价格 29000, 货币 gold, 购买按钮 @ (1192, 206)
[2026-05-22 01:12:12] [INFO] [ShopBot] 物品 1 (y=311-405): '70装备泰拉剑商人亚彼荷可购买1次' → equipment (conf=0.70), 价格 560000, 货币 gold, 购买按钮 @ (1192, 358)
[2026-05-22 01:12:12] [INFO] [ShopBot] 物品 2 (y=456-550): '货币友情点数诺诺里50可购买1次' → unknown (conf=0.00), 价格 18000, 货币 gold, 购买按钮 @ (1192, 503)
[2026-05-22 01:12:12] [INFO] [ShopBot] 物品 3 (y=602-705): '英雄暗影龙族士兵奈汉库伊可购买1次' → unknown (conf=0.00), 价格 29000, 货币 gold, 购买按钮 @ (1192, 653)
[2026-05-22 01:12:12] [INFO] [ShopBot] 已到达货架底部（第 2 次滑动后，识别结果无变化）
[2026-05-22 01:12:12] [INFO] [ShopBot] 寻找刷新按钮（第 1 次）
[2026-05-22 01:12:13] [DEBUG] [ShopBot] 找到刷新按钮 '立即更新' 在 (268, 659)
[2026-05-22 01:12:13] [INFO] [ShopBot] 点击刷新按钮 (268, 659)
[2026-05-22 01:12:13] [INFO] [ShopBot] 点击坐标 (268, 659)
[2026-05-22 01:12:15] [INFO] [ShopBot] 检测到刷新确认弹窗，点击确认 (748, 459)
[2026-05-22 01:12:15] [INFO] [ShopBot] 点击坐标 (748, 459)
[2026-05-22 01:12:15] [INFO] [ShopBot] 等待货架加载...
[2026-05-22 01:12:16] [INFO] [ShopBot] ===== 第 93 轮 =====
[2026-05-22 01:12:16] [INFO] [ShopBot] 滑动到货架顶部...
[2026-05-22 01:12:16] [INFO] [ShopBot] 滑动 (1100, 150) -> (1100, 400), 时长 0.3s
[2026-05-22 01:12:18] [DEBUG] [ShopBot] 整区 OCR 检测到 30 个文字块，4 行
[2026-05-22 01:12:18] [INFO] [ShopBot] 物品 0 (y=124-215): '英雄雷逢朵斯寒气魔法师奈汉库伊可购买1次' → unknown (conf=0.00), 价格 29000, 货币 gold, 购买按钮 @ (1192, 169)
[2026-05-22 01:12:18] [INFO] [ShopBot] 物品 1 (y=268-360): '英雄不祥的魔物奈汉库伊可购买1次' → unknown (conf=0.00), 价格 29000, 货币 gold, 购买按钮 @ (1192, 314)
[2026-05-22 01:12:18] [INFO] [ShopBot] 物品 2 (y=412-506): '货币友情点数诺诺里50可购买1次' → unknown (conf=0.00), 价格 18000, 货币 gold, 购买按钮 @ (1192, 459)
[2026-05-22 01:12:18] [INFO] [ShopBot] 物品 3 (y=557-705): '装备55啤叫龙兽靴子商人亚彼荷可购买1次' → equipment (conf=0.70), 价格 240000, 货币 gold, 购买按钮 @ (1192, 631)
[2026-05-22 01:12:18] [INFO] [ShopBot] 跳过物品: unknown
[2026-05-22 01:12:18] [INFO] [ShopBot] 跳过物品: unknown
[2026-05-22 01:12:18] [INFO] [ShopBot] 跳过物品: unknown
[2026-05-22 01:12:18] [INFO] [ShopBot] 跳过物品: equipment
[2026-05-22 01:12:18] [INFO] [ShopBot] 货架处理完成，共购买 0 个物品
[2026-05-22 01:12:18] [INFO] [ShopBot] 第 0 次查看，购买 0 个物品
[2026-05-22 01:12:18] [INFO] [ShopBot] 滑动 (1100, 400) -> (1100, 150), 时长 0.3s
[2026-05-22 01:12:20] [DEBUG] [ShopBot] 整区 OCR 检测到 35 个文字块，5 行
[2026-05-22 01:12:20] [INFO] [ShopBot] 物品 0 (y=80-121): '可购买1次奈汉库伊' → unknown (conf=0.00), 价格 0, 货币 gold, 购买按钮 @ (1192, 100)
[2026-05-22 01:12:20] [INFO] [ShopBot] 物品 1 (y=154-267): '货币友情点数50可购买1次' → unknown (conf=0.00), 价格 18000, 货币 gold, 购买按钮 @ (1192, 210)
[2026-05-22 01:12:20] [INFO] [ShopBot] 物品 2 (y=318-412): '55装备啤叫龙兽靴子商人亚彼荷可购买1次' → equipment (conf=0.70), 价格 240000, 货币 gold, 购买按钮 @ (1192, 365)
[2026-05-22 01:12:20] [INFO] [ShopBot] 物品 3 (y=463-557): '85装备深渊龙兽靴子商人亚彼荷可购买1次' → equipment (conf=0.70), 价格 540000, 货币 gold, 购买按钮 @ (1192, 510)
[2026-05-22 01:12:20] [INFO] [ShopBot] 物品 4 (y=597-705): '55装备奥利哈钢靴子商人亚彼荷可购买1次' → equipment (conf=0.70), 价格 480000, 货币 gold, 购买按钮 @ (1192, 651)
[2026-05-22 01:12:20] [INFO] [ShopBot] 跳过物品: unknown
[2026-05-22 01:12:20] [INFO] [ShopBot] 跳过物品: unknown
[2026-05-22 01:12:20] [INFO] [ShopBot] 跳过物品: equipment
[2026-05-22 01:12:20] [INFO] [ShopBot] 跳过物品: equipment
[2026-05-22 01:12:20] [INFO] [ShopBot] 跳过物品: equipment
[2026-05-22 01:12:20] [INFO] [ShopBot] 货架处理完成，共购买 0 个物品
[2026-05-22 01:12:20] [INFO] [ShopBot] 第 1 次查看，购买 0 个物品
[2026-05-22 01:12:20] [INFO] [ShopBot] 滑动 (1100, 400) -> (1100, 150), 时长 0.3s
[2026-05-22 01:12:22] [DEBUG] [ShopBot] 整区 OCR 检测到 32 个文字块，4 行
[2026-05-22 01:12:22] [INFO] [ShopBot] 物品 0 (y=154-260): '货币友情点数诺诺里可购买1次50' → unknown (conf=0.00), 价格 18000, 货币 gold, 购买按钮 @ (1192, 207)
[2026-05-22 01:12:22] [INFO] [ShopBot] 物品 1 (y=311-405): '55装备啤叫龙兽靴子商人亚彼荷可购买1次' → equipment (conf=0.70), 价格 240000, 货币 gold, 购买按钮 @ (1192, 358)
[2026-05-22 01:12:22] [INFO] [ShopBot] 物品 2 (y=456-550): '85装备深渊龙兽靴子商人亚彼荷可购买1次' → equipment (conf=0.70), 价格 540000, 货币 gold, 购买按钮 @ (1192, 503)
[2026-05-22 01:12:22] [INFO] [ShopBot] 物品 3 (y=601-705): '55装备奥利哈钢靴子商人亚彼荷可购买1次' → equipment (conf=0.70), 价格 480000, 货币 gold, 购买按钮 @ (1192, 653)
[2026-05-22 01:12:22] [INFO] [ShopBot] 跳过物品: unknown
[2026-05-22 01:12:22] [INFO] [ShopBot] 跳过物品: equipment
[2026-05-22 01:12:22] [INFO] [ShopBot] 跳过物品: equipment
[2026-05-22 01:12:22] [INFO] [ShopBot] 跳过物品: equipment
[2026-05-22 01:12:22] [INFO] [ShopBot] 货架处理完成，共购买 0 个物品
[2026-05-22 01:12:22] [INFO] [ShopBot] 第 2 次查看，购买 0 个物品
[2026-05-22 01:12:22] [INFO] [ShopBot] 滑动 (1100, 400) -> (1100, 150), 时长 0.3s
[2026-05-22 01:12:25] [DEBUG] [ShopBot] 整区 OCR 检测到 32 个文字块，4 行
[2026-05-22 01:12:25] [INFO] [ShopBot] 物品 0 (y=154-260): '货币友情点数诺诺里可购买1次50' → unknown (conf=0.00), 价格 18000, 货币 gold, 购买按钮 @ (1192, 207)
[2026-05-22 01:12:25] [INFO] [ShopBot] 物品 1 (y=311-405): '55装备啤叫龙兽靴子商人亚彼荷可购买1次' → equipment (conf=0.70), 价格 240000, 货币 gold, 购买按钮 @ (1192, 358)
[2026-05-22 01:12:25] [INFO] [ShopBot] 物品 2 (y=456-550): '85装备深渊龙兽靴子商人亚彼荷可购买1次' → equipment (conf=0.70), 价格 540000, 货币 gold, 购买按钮 @ (1192, 503)
[2026-05-22 01:12:25] [INFO] [ShopBot] 物品 3 (y=601-705): '55装备奥利哈钢靴子商人亚彼荷可购买1次' → equipment (conf=0.70), 价格 480000, 货币 gold, 购买按钮 @ (1192, 653)
[2026-05-22 01:12:25] [INFO] [ShopBot] 已到达货架底部（第 3 次滑动后，识别结果无变化）
[2026-05-22 01:12:25] [INFO] [ShopBot] 寻找刷新按钮（第 1 次）
[2026-05-22 01:12:25] [DEBUG] [ShopBot] 找到刷新按钮 '立即更新' 在 (268, 659)
[2026-05-22 01:12:25] [INFO] [ShopBot] 点击刷新按钮 (268, 659)
[2026-05-22 01:12:25] [INFO] [ShopBot] 点击坐标 (268, 659)
[2026-05-22 01:12:27] [INFO] [ShopBot] 检测到刷新确认弹窗，点击确认 (748, 460)
[2026-05-22 01:12:27] [INFO] [ShopBot] 点击坐标 (748, 460)
[2026-05-22 01:12:27] [INFO] [ShopBot] 等待货架加载...
[2026-05-22 01:12:28] [INFO] [ShopBot] ===== 第 94 轮 =====
[2026-05-22 01:12:28] [INFO] [ShopBot] 滑动到货架顶部...
[2026-05-22 01:12:28] [INFO] [ShopBot] 滑动 (1100, 150) -> (1100, 400), 时长 0.3s
[2026-05-22 01:12:30] [DEBUG] [ShopBot] 整区 OCR 检测到 31 个文字块，4 行
[2026-05-22 01:12:30] [INFO] [ShopBot] 物品 0 (y=123-214): '55装备啤叫龙兽骨刃剑商人亚彼荷可购买1次' → equipment (conf=0.70), 价格 360000, 货币 gold, 购买按钮 @ (1192, 168)
[2026-05-22 01:12:30] [INFO] [ShopBot] 物品 1 (y=266-360): '85装备被诅咒的恶魔高级靴子商人亚彼荷可购买1次' → equipment (conf=0.70), 价格 540000, 货币 gold, 购买按钮 @ (1192, 313)
[2026-05-22 01:12:30] [INFO] [ShopBot] 物品 2 (y=411-505): '55装备勇士的背甲流星锤商人亚彼荷可购买1次' → equipment (conf=0.70), 价格 480000, 货币 gold, 购买按钮 @ (1192, 458)
[2026-05-22 01:12:30] [INFO] [ShopBot] 物品 3 (y=556-705): '召唤誓约书签诺诺里可购买1次' → bookmark (conf=0.95), 价格 184000, 货币 gold, 购买按钮 @ (1192, 630)
[2026-05-22 01:12:30] [INFO] [ShopBot] 跳过物品: equipment
[2026-05-22 01:12:30] [INFO] [ShopBot] 跳过物品: equipment
[2026-05-22 01:12:30] [INFO] [ShopBot] 跳过物品: equipment
[2026-05-22 01:12:30] [INFO] [ShopBot] 开始购买: bookmark, 价格: 184000
[2026-05-22 01:12:30] [INFO] [ShopBot] 点击购买按钮 @ (1192, 630)
[2026-05-22 01:12:30] [INFO] [ShopBot] 点击坐标 (1192, 630)
[2026-05-22 01:12:32] [DEBUG] [ShopBot] 找到按钮 '购买' 在 (736, 479)
[2026-05-22 01:12:33] [DEBUG] [ShopBot] 找到按钮 '取消' 在 (481, 524)
[2026-05-22 01:12:33] [DEBUG] [ShopBot] 找到按钮 '购买' 在 (818, 524)
[2026-05-22 01:12:34] [INFO] [ShopBot] 检测到确认弹窗
[2026-05-22 01:12:34] [INFO] [ShopBot] 点击确认按钮 @ (818, 508)
[2026-05-22 01:12:34] [INFO] [ShopBot] 点击坐标 (818, 508)
[2026-05-22 01:12:35] [DEBUG] [ShopBot] 找到按钮 '购买' 在 (736, 479)
[2026-05-22 01:12:38] [DEBUG] [ShopBot] 找到按钮 '购买' 在 (736, 479)
[2026-05-22 01:12:38] [INFO] [ShopBot] 购买成功: bookmark
[2026-05-22 01:12:38] [INFO] [ShopBot] 购买结果 - bookmark: 成功
[2026-05-22 01:12:39] [INFO] [ShopBot] 货架处理完成，共购买 1 个物品
[2026-05-22 01:12:39] [INFO] [ShopBot] 第 0 次查看，购买 1 个物品
[2026-05-22 01:12:39] [INFO] [ShopBot] 滑动 (1100, 400) -> (1100, 150), 时长 0.3s
[2026-05-22 01:12:41] [DEBUG] [ShopBot] 整区 OCR 检测到 31 个文字块，4 行
[2026-05-22 01:12:41] [INFO] [ShopBot] 物品 0 (y=154-260): '55装备勇士的背甲流星锤商人亚彼荷可购买1次' → equipment (conf=0.70), 价格 480000, 货币 gold, 购买按钮 @ (1192, 207)
[2026-05-22 01:12:41] [INFO] [ShopBot] 物品 1 (y=317-403): '召唤誓约书签诺诺里可购买1次' → bookmark (conf=0.95), 价格 184000, 货币 gold, 已售罄, 购买按钮 @ (1192, 360)
[2026-05-22 01:12:41] [INFO] [ShopBot] 物品 2 (y=456-550): '货币友情点数诺诺里50可购买1次' → unknown (conf=0.00), 价格 18000, 货币 gold, 购买按钮 @ (1192, 503)
[2026-05-22 01:12:41] [INFO] [ShopBot] 物品 3 (y=600-705): '55装备灿烂精髓王冠商人亚彼荷可购买1次' → equipment (conf=0.70), 价格 360000, 货币 gold, 购买按钮 @ (1192, 652)
[2026-05-22 01:12:41] [INFO] [ShopBot] 跳过物品: equipment
[2026-05-22 01:12:41] [INFO] [ShopBot] 跳过已售罄物品: bookmark
[2026-05-22 01:12:41] [INFO] [ShopBot] 跳过物品: bookmark
[2026-05-22 01:12:41] [INFO] [ShopBot] 跳过物品: unknown
[2026-05-22 01:12:41] [INFO] [ShopBot] 跳过物品: equipment
[2026-05-22 01:12:41] [INFO] [ShopBot] 货架处理完成，共购买 0 个物品
[2026-05-22 01:12:41] [INFO] [ShopBot] 第 1 次查看，购买 0 个物品
[2026-05-22 01:12:41] [INFO] [ShopBot] 滑动 (1100, 400) -> (1100, 150), 时长 0.3s
[2026-05-22 01:12:43] [DEBUG] [ShopBot] 整区 OCR 检测到 31 个文字块，4 行
[2026-05-22 01:12:43] [INFO] [ShopBot] 物品 0 (y=154-260): '55装备勇士的背甲流星锤商人亚彼荷可购买1次' → equipment (conf=0.70), 价格 480000, 货币 gold, 购买按钮 @ (1192, 207)
[2026-05-22 01:12:43] [INFO] [ShopBot] 物品 1 (y=317-403): '召唤誓约书签诺诺里可购买1次' → bookmark (conf=0.95), 价格 184000, 货币 gold, 已售罄, 购买按钮 @ (1192, 360)
[2026-05-22 01:12:43] [INFO] [ShopBot] 物品 2 (y=456-550): '货币友情点数诺诺里50可购买1次' → unknown (conf=0.00), 价格 18000, 货币 gold, 购买按钮 @ (1192, 503)
[2026-05-22 01:12:43] [INFO] [ShopBot] 物品 3 (y=601-705): '55装备灿烂精髓王冠商人亚彼荷可购买1次' → equipment (conf=0.70), 价格 360000, 货币 gold, 购买按钮 @ (1192, 653)
[2026-05-22 01:12:43] [INFO] [ShopBot] 已到达货架底部（第 2 次滑动后，识别结果无变化）
[2026-05-22 01:12:43] [INFO] [ShopBot] 寻找刷新按钮（第 1 次）
[2026-05-22 01:12:44] [DEBUG] [ShopBot] 找到刷新按钮 '立即更新' 在 (268, 659)
[2026-05-22 01:12:44] [INFO] [ShopBot] 点击刷新按钮 (268, 659)
[2026-05-22 01:12:44] [INFO] [ShopBot] 点击坐标 (268, 659)
[2026-05-22 01:12:45] [INFO] [ShopBot] 检测到刷新确认弹窗，点击确认 (748, 459)
[2026-05-22 01:12:45] [INFO] [ShopBot] 点击坐标 (748, 459)
[2026-05-22 01:12:46] [INFO] [ShopBot] 等待货架加载...
[2026-05-22 01:12:47] [INFO] [ShopBot] ===== 第 95 轮 =====
[2026-05-22 01:12:47] [INFO] [ShopBot] 滑动到货架顶部...
[2026-05-22 01:12:47] [INFO] [ShopBot] 滑动 (1100, 150) -> (1100, 400), 时长 0.3s
[2026-05-22 01:12:48] [DEBUG] [ShopBot] 整区 OCR 检测到 31 个文字块，5 行
[2026-05-22 01:12:48] [INFO] [ShopBot] 物品 0 (y=119-211): '70装备泰拉重甲商人亚彼荷可购买1次' → equipment (conf=0.70), 价格 560000, 货币 gold, 购买按钮 @ (1192, 165)
[2026-05-22 01:12:48] [INFO] [ShopBot] 物品 1 (y=263-356): '55装备勇士的背甲戒指妮萨可购买1次' → equipment (conf=0.70), 价格 240000, 货币 gold, 购买按钮 @ (1192, 309)
[2026-05-22 01:12:48] [INFO] [ShopBot] 物品 2 (y=408-501): '85装备深渊龙兽面具商人亚彼荷可购买1次' → equipment (conf=0.70), 价格 810000, 货币 gold, 购买按钮 @ (1192, 454)
[2026-05-22 01:12:48] [INFO] [ShopBot] 物品 3 (y=554-646): '英雄大海种子奈汉库伊可购买1次' → unknown (conf=0.00), 价格 29000, 货币 gold, 购买按钮 @ (1192, 600)
[2026-05-22 01:12:48] [INFO] [ShopBot] 物品 4 (y=647-705): '' → unknown (conf=0.00), 价格 0, 货币 gold, 购买按钮 @ (1192, 676)
[2026-05-22 01:12:48] [INFO] [ShopBot] 跳过物品: equipment
[2026-05-22 01:12:48] [INFO] [ShopBot] 跳过物品: equipment
[2026-05-22 01:12:48] [INFO] [ShopBot] 跳过物品: equipment
[2026-05-22 01:12:48] [INFO] [ShopBot] 跳过物品: unknown
[2026-05-22 01:12:48] [INFO] [ShopBot] 跳过物品: unknown
[2026-05-22 01:12:48] [INFO] [ShopBot] 货架处理完成，共购买 0 个物品
[2026-05-22 01:12:48] [INFO] [ShopBot] 第 0 次查看，购买 0 个物品
[2026-05-22 01:12:48] [INFO] [ShopBot] 滑动 (1100, 400) -> (1100, 150), 时长 0.3s
[2026-05-22 01:12:51] [DEBUG] [ShopBot] 整区 OCR 检测到 30 个文字块，5 行
[2026-05-22 01:12:51] [INFO] [ShopBot] 物品 0 (y=80-136): '勇士的背甲戒指可购买1次' → equipment (conf=0.70), 价格 0, 货币 gold, 购买按钮 @ (1192, 108)
[2026-05-22 01:12:51] [INFO] [ShopBot] 物品 1 (y=188-282): '85装备深渊龙兽面具可购买1次商人亚彼荷' → equipment (conf=0.70), 价格 810000, 货币 gold, 购买按钮 @ (1192, 235)
[2026-05-22 01:12:51] [INFO] [ShopBot] 物品 2 (y=335-427): '英雄大海种子奈汉库伊可购买1次' → unknown (conf=0.00), 价格 29000, 货币 gold, 购买按钮 @ (1192, 381)
[2026-05-22 01:12:51] [INFO] [ShopBot] 物品 3 (y=478-572): '装备蜘蛛君主的戒指可购买1次' → equipment (conf=0.70), 价格 750000, 货币 gold, 购买按钮 @ (1192, 525)
[2026-05-22 01:12:51] [INFO] [ShopBot] 物品 4 (y=603-705): '英雄旅行者卡宁' → unknown (conf=0.00), 价格 29000, 货币 gold, 购买按钮 @ (1192, 654)
[2026-05-22 01:12:51] [INFO] [ShopBot] 跳过物品: equipment
[2026-05-22 01:12:51] [INFO] [ShopBot] 跳过物品: equipment
[2026-05-22 01:12:51] [INFO] [ShopBot] 跳过物品: unknown
[2026-05-22 01:12:51] [INFO] [ShopBot] 跳过物品: equipment
[2026-05-22 01:12:51] [INFO] [ShopBot] 跳过物品: unknown
[2026-05-22 01:12:51] [INFO] [ShopBot] 货架处理完成，共购买 0 个物品
[2026-05-22 01:12:51] [INFO] [ShopBot] 第 1 次查看，购买 0 个物品
[2026-05-22 01:12:51] [INFO] [ShopBot] 滑动 (1100, 400) -> (1100, 150), 时长 0.3s
[2026-05-22 01:12:53] [DEBUG] [ShopBot] 整区 OCR 检测到 28 个文字块，4 行
[2026-05-22 01:12:53] [INFO] [ShopBot] 物品 0 (y=154-260): '85装备深渊龙兽面具商人亚彼荷可购买1次' → equipment (conf=0.70), 价格 810000, 货币 gold, 购买按钮 @ (1192, 207)
[2026-05-22 01:12:53] [INFO] [ShopBot] 物品 1 (y=313-405): '英雄大海种子奈汉库伊可购买1次' → unknown (conf=0.00), 价格 29000, 货币 gold, 购买按钮 @ (1192, 359)
[2026-05-22 01:12:53] [INFO] [ShopBot] 物品 2 (y=456-550): '装备蜘蛛君主的戒指可购买1次' → equipment (conf=0.70), 价格 750000, 货币 gold, 购买按钮 @ (1192, 503)
[2026-05-22 01:12:53] [INFO] [ShopBot] 物品 3 (y=602-705): '英雄旅行者卡宁奈汉库伊可购买1次' → unknown (conf=0.00), 价格 29000, 货币 gold, 购买按钮 @ (1192, 653)
[2026-05-22 01:12:53] [INFO] [ShopBot] 跳过物品: equipment
[2026-05-22 01:12:53] [INFO] [ShopBot] 跳过物品: unknown
[2026-05-22 01:12:53] [INFO] [ShopBot] 跳过物品: equipment
[2026-05-22 01:12:53] [INFO] [ShopBot] 跳过物品: unknown
[2026-05-22 01:12:53] [INFO] [ShopBot] 货架处理完成，共购买 0 个物品
[2026-05-22 01:12:53] [INFO] [ShopBot] 第 2 次查看，购买 0 个物品
[2026-05-22 01:12:53] [INFO] [ShopBot] 滑动 (1100, 400) -> (1100, 150), 时长 0.3s
[2026-05-22 01:12:55] [DEBUG] [ShopBot] 整区 OCR 检测到 28 个文字块，4 行
[2026-05-22 01:12:55] [INFO] [ShopBot] 物品 0 (y=154-260): '85装备深渊龙兽面具商人亚彼荷可购买1次' → equipment (conf=0.70), 价格 810000, 货币 gold, 购买按钮 @ (1192, 207)
[2026-05-22 01:12:55] [INFO] [ShopBot] 物品 1 (y=313-405): '英雄大海种子奈汉库伊可购买1次' → unknown (conf=0.00), 价格 29000, 货币 gold, 购买按钮 @ (1192, 359)
[2026-05-22 01:12:55] [INFO] [ShopBot] 物品 2 (y=456-550): '装备蜘蛛君主的戒指可购买1次' → equipment (conf=0.70), 价格 750000, 货币 gold, 购买按钮 @ (1192, 503)
[2026-05-22 01:12:55] [INFO] [ShopBot] 物品 3 (y=602-705): '英雄旅行者卡宁奈汉库伊可购买1次' → unknown (conf=0.00), 价格 29000, 货币 gold, 购买按钮 @ (1192, 653)
[2026-05-22 01:12:55] [INFO] [ShopBot] 已到达货架底部（第 3 次滑动后，识别结果无变化）
[2026-05-22 01:12:55] [INFO] [ShopBot] 寻找刷新按钮（第 1 次）
[2026-05-22 01:12:56] [DEBUG] [ShopBot] 找到刷新按钮 '立即更新' 在 (268, 659)
[2026-05-22 01:12:56] [INFO] [ShopBot] 点击刷新按钮 (268, 659)
[2026-05-22 01:12:56] [INFO] [ShopBot] 点击坐标 (268, 659)
[2026-05-22 01:12:58] [INFO] [ShopBot] 检测到刷新确认弹窗，点击确认 (748, 460)
[2026-05-22 01:12:58] [INFO] [ShopBot] 点击坐标 (748, 460)
[2026-05-22 01:12:58] [INFO] [ShopBot] 等待货架加载...
[2026-05-22 01:12:59] [INFO] [ShopBot] ===== 第 96 轮 =====
[2026-05-22 01:12:59] [INFO] [ShopBot] 滑动到货架顶部...
[2026-05-22 01:12:59] [INFO] [ShopBot] 滑动 (1100, 150) -> (1100, 400), 时长 0.3s
[2026-05-22 01:13:00] [DEBUG] [ShopBot] 整区 OCR 检测到 32 个文字块，4 行
[2026-05-22 01:13:00] [INFO] [ShopBot] 物品 0 (y=122-214): '70装备魔力龙兽面具商人亚彼荷可购买1次' → equipment (conf=0.70), 价格 380000, 货币 gold, 购买按钮 @ (1192, 168)
[2026-05-22 01:13:00] [INFO] [ShopBot] 物品 1 (y=266-359): '55装备精巧的恶魔重甲商人亚彼荷可购买1次' → equipment (conf=0.70), 价格 480000, 货币 gold, 购买按钮 @ (1192, 312)
[2026-05-22 01:13:00] [INFO] [ShopBot] 物品 2 (y=411-504): '55装备奥利哈钢脖围妮萨可购买1次' → equipment (conf=0.70), 价格 240000, 货币 gold, 购买按钮 @ (1192, 457)
[2026-05-22 01:13:00] [INFO] [ShopBot] 物品 3 (y=556-705): '货币友情点数诺诺里50可购买1次' → unknown (conf=0.00), 价格 18000, 货币 gold, 购买按钮 @ (1192, 630)
[2026-05-22 01:13:00] [INFO] [ShopBot] 跳过物品: equipment
[2026-05-22 01:13:00] [INFO] [ShopBot] 跳过物品: equipment
[2026-05-22 01:13:00] [INFO] [ShopBot] 跳过物品: equipment
[2026-05-22 01:13:00] [INFO] [ShopBot] 跳过物品: unknown
[2026-05-22 01:13:00] [INFO] [ShopBot] 货架处理完成，共购买 0 个物品
[2026-05-22 01:13:00] [INFO] [ShopBot] 第 0 次查看，购买 0 个物品
[2026-05-22 01:13:00] [INFO] [ShopBot] 滑动 (1100, 400) -> (1100, 150), 时长 0.3s
[2026-05-22 01:13:03] [DEBUG] [ShopBot] 整区 OCR 检测到 35 个文字块，5 行
[2026-05-22 01:13:03] [INFO] [ShopBot] 物品 0 (y=80-136): '精巧的恶魔重甲商人亚彼荷可购买1次' → unknown (conf=0.00), 价格 0, 货币 gold, 购买按钮 @ (1192, 108)
[2026-05-22 01:13:03] [INFO] [ShopBot] 物品 1 (y=189-282): '55装备奥利哈钢脖围可购买1次妮萨' → equipment (conf=0.70), 价格 240000, 货币 gold, 购买按钮 @ (1192, 235)
[2026-05-22 01:13:03] [INFO] [ShopBot] 物品 2 (y=334-428): '货币友情点数若诺里50可购买1次' → unknown (conf=0.00), 价格 18000, 货币 gold, 购买按钮 @ (1192, 381)
[2026-05-22 01:13:03] [INFO] [ShopBot] 物品 3 (y=479-573): '70装备蜘蛛君主的流星锤商人亚彼荷可购买1次' → equipment (conf=0.70), 价格 380000, 货币 gold, 购买按钮 @ (1192, 526)
[2026-05-22 01:13:03] [INFO] [ShopBot] 物品 4 (y=624-705): '55装备勇士的背甲戒指' → equipment (conf=0.70), 价格 360000, 货币 gold, 购买按钮 @ (1192, 664)
[2026-05-22 01:13:03] [INFO] [ShopBot] 跳过物品: unknown
[2026-05-22 01:13:03] [INFO] [ShopBot] 跳过物品: equipment
[2026-05-22 01:13:03] [INFO] [ShopBot] 跳过物品: unknown
[2026-05-22 01:13:03] [INFO] [ShopBot] 跳过物品: equipment
[2026-05-22 01:13:03] [INFO] [ShopBot] 跳过物品: equipment
[2026-05-22 01:13:03] [INFO] [ShopBot] 货架处理完成，共购买 0 个物品
[2026-05-22 01:13:03] [INFO] [ShopBot] 第 1 次查看，购买 0 个物品
[2026-05-22 01:13:03] [INFO] [ShopBot] 滑动 (1100, 400) -> (1100, 150), 时长 0.3s
[2026-05-22 01:13:05] [DEBUG] [ShopBot] 整区 OCR 检测到 32 个文字块，4 行
[2026-05-22 01:13:05] [INFO] [ShopBot] 物品 0 (y=154-260): '55装备奥利哈钢脖围妮萨可购买1次' → equipment (conf=0.70), 价格 240000, 货币 gold, 购买按钮 @ (1192, 207)
[2026-05-22 01:13:05] [INFO] [ShopBot] 物品 1 (y=311-405): '货币友情点数诺诺里50可购买1次' → unknown (conf=0.00), 价格 18000, 货币 gold, 购买按钮 @ (1192, 358)
[2026-05-22 01:13:05] [INFO] [ShopBot] 物品 2 (y=456-550): '7.0装备蜘蛛君主的流星锤商人亚彼荷可购买1次' → equipment (conf=0.70), 价格 380000, 货币 gold, 购买按钮 @ (1192, 503)
[2026-05-22 01:13:05] [INFO] [ShopBot] 物品 3 (y=601-705): '55装备勇士的背甲戒指妮萨可购买1次' → equipment (conf=0.70), 价格 360000, 货币 gold, 购买按钮 @ (1192, 653)
[2026-05-22 01:13:05] [INFO] [ShopBot] 跳过物品: equipment
[2026-05-22 01:13:05] [INFO] [ShopBot] 跳过物品: unknown
[2026-05-22 01:13:05] [INFO] [ShopBot] 跳过物品: equipment
[2026-05-22 01:13:05] [INFO] [ShopBot] 跳过物品: equipment
[2026-05-22 01:13:05] [INFO] [ShopBot] 货架处理完成，共购买 0 个物品
[2026-05-22 01:13:05] [INFO] [ShopBot] 第 2 次查看，购买 0 个物品
[2026-05-22 01:13:05] [INFO] [ShopBot] 滑动 (1100, 400) -> (1100, 150), 时长 0.3s
[2026-05-22 01:13:08] [DEBUG] [ShopBot] 整区 OCR 检测到 32 个文字块，4 行
[2026-05-22 01:13:08] [INFO] [ShopBot] 物品 0 (y=154-260): '55装备奥利哈钢脖围妮萨可购买1次' → equipment (conf=0.70), 价格 240000, 货币 gold, 购买按钮 @ (1192, 207)
[2026-05-22 01:13:08] [INFO] [ShopBot] 物品 1 (y=311-405): '货币友情点数诺诺里50可购买1次' → unknown (conf=0.00), 价格 18000, 货币 gold, 购买按钮 @ (1192, 358)
[2026-05-22 01:13:08] [INFO] [ShopBot] 物品 2 (y=456-550): '7.0装备蜘蛛君主的流星锤商人亚彼荷可购买1次' → equipment (conf=0.70), 价格 380000, 货币 gold, 购买按钮 @ (1192, 503)
[2026-05-22 01:13:08] [INFO] [ShopBot] 物品 3 (y=601-705): '55装备勇士的背甲戒指妮萨可购买1次' → equipment (conf=0.70), 价格 360000, 货币 gold, 购买按钮 @ (1192, 653)
[2026-05-22 01:13:08] [INFO] [ShopBot] 已到达货架底部（第 3 次滑动后，识别结果无变化）
[2026-05-22 01:13:08] [INFO] [ShopBot] 寻找刷新按钮（第 1 次）
[2026-05-22 01:13:08] [DEBUG] [ShopBot] 找到刷新按钮 '立即更新' 在 (268, 659)
[2026-05-22 01:13:08] [INFO] [ShopBot] 点击刷新按钮 (268, 659)
[2026-05-22 01:13:08] [INFO] [ShopBot] 点击坐标 (268, 659)
[2026-05-22 01:13:11] [INFO] [ShopBot] 检测到刷新确认弹窗，点击确认 (748, 460)
[2026-05-22 01:13:11] [INFO] [ShopBot] 点击坐标 (748, 460)
[2026-05-22 01:13:11] [INFO] [ShopBot] 等待货架加载...
[2026-05-22 01:13:12] [INFO] [ShopBot] ===== 第 97 轮 =====
[2026-05-22 01:13:12] [INFO] [ShopBot] 滑动到货架顶部...
[2026-05-22 01:13:12] [INFO] [ShopBot] 滑动 (1100, 150) -> (1100, 400), 时长 0.3s
[2026-05-22 01:13:13] [DEBUG] [ShopBot] 整区 OCR 检测到 30 个文字块，4 行
[2026-05-22 01:13:13] [INFO] [ShopBot] 物品 0 (y=124-215): '英雄侦察兵拉宾奈汉库伊可购买1次' → unknown (conf=0.00), 价格 29000, 货币 gold, 购买按钮 @ (1192, 169)
[2026-05-22 01:13:13] [INFO] [ShopBot] 物品 1 (y=267-361): '55装备蓝宝石戒指妮萨可购买1次' → equipment (conf=0.70), 价格 240000, 货币 gold, 购买按钮 @ (1192, 314)
[2026-05-22 01:13:13] [INFO] [ShopBot] 物品 2 (y=412-506): '55装备啤叫龙兽骨刃剑商人亚彼荷可购买1次' → equipment (conf=0.70), 价格 360000, 货币 gold, 购买按钮 @ (1192, 459)
[2026-05-22 01:13:13] [INFO] [ShopBot] 物品 3 (y=558-705): '英雄红宝石龙奈汉库伊可购买1次' → unknown (conf=0.00), 价格 29000, 货币 gold, 购买按钮 @ (1192, 631)
[2026-05-22 01:13:13] [INFO] [ShopBot] 跳过物品: unknown
[2026-05-22 01:13:13] [INFO] [ShopBot] 跳过物品: equipment
[2026-05-22 01:13:13] [INFO] [ShopBot] 跳过物品: equipment
[2026-05-22 01:13:13] [INFO] [ShopBot] 跳过物品: unknown
[2026-05-22 01:13:13] [INFO] [ShopBot] 货架处理完成，共购买 0 个物品
[2026-05-22 01:13:13] [INFO] [ShopBot] 第 0 次查看，购买 0 个物品
[2026-05-22 01:13:13] [INFO] [ShopBot] 滑动 (1100, 400) -> (1100, 150), 时长 0.3s
[2026-05-22 01:13:16] [DEBUG] [ShopBot] 整区 OCR 检测到 33 个文字块，5 行
[2026-05-22 01:13:16] [INFO] [ShopBot] 物品 0 (y=80-120): '可购买1次' → unknown (conf=0.00), 价格 0, 货币 gold, 购买按钮 @ (1192, 100)
[2026-05-22 01:13:16] [INFO] [ShopBot] 物品 1 (y=154-266): '装备55啤叫龙兽骨刃剑商人亚彼荷可购买1次' → equipment (conf=0.70), 价格 360000, 货币 gold, 购买按钮 @ (1192, 210)
[2026-05-22 01:13:16] [INFO] [ShopBot] 物品 2 (y=319-411): '英雄红宝石龙奈汉库伊可购买1次' → unknown (conf=0.00), 价格 29000, 货币 gold, 购买按钮 @ (1192, 365)
[2026-05-22 01:13:16] [INFO] [ShopBot] 物品 3 (y=464-556): '英雄审判狮鹫奈汉库伊可购买1次' → unknown (conf=0.00), 价格 29000, 货币 gold, 购买按钮 @ (1192, 510)
[2026-05-22 01:13:16] [INFO] [ShopBot] 物品 4 (y=603-705): '55装备勇士的背甲胸部护具商人亚彼荷可购买1次' → equipment (conf=0.70), 价格 240000, 货币 gold, 购买按钮 @ (1192, 654)
[2026-05-22 01:13:16] [INFO] [ShopBot] 跳过物品: unknown
[2026-05-22 01:13:16] [INFO] [ShopBot] 跳过物品: equipment
[2026-05-22 01:13:16] [INFO] [ShopBot] 跳过物品: unknown
[2026-05-22 01:13:16] [INFO] [ShopBot] 跳过物品: unknown
[2026-05-22 01:13:16] [INFO] [ShopBot] 跳过物品: equipment
[2026-05-22 01:13:16] [INFO] [ShopBot] 货架处理完成，共购买 0 个物品
[2026-05-22 01:13:16] [INFO] [ShopBot] 第 1 次查看，购买 0 个物品
[2026-05-22 01:13:16] [INFO] [ShopBot] 滑动 (1100, 400) -> (1100, 150), 时长 0.3s
[2026-05-22 01:13:19] [DEBUG] [ShopBot] 整区 OCR 检测到 30 个文字块，4 行
[2026-05-22 01:13:19] [INFO] [ShopBot] 物品 0 (y=154-260): '55装备啤叫龙兽骨刃剑商人亚彼荷可购买1次' → equipment (conf=0.70), 价格 360000, 货币 gold, 购买按钮 @ (1192, 207)
[2026-05-22 01:13:19] [INFO] [ShopBot] 物品 1 (y=313-405): '英雄红宝石龙奈汉库伊可购买1次' → unknown (conf=0.00), 价格 29000, 货币 gold, 购买按钮 @ (1192, 359)
[2026-05-22 01:13:19] [INFO] [ShopBot] 物品 2 (y=457-550): '英雄审判狮鹫奈汉库伊可购买1次' → unknown (conf=0.00), 价格 29000, 货币 gold, 购买按钮 @ (1192, 503)
[2026-05-22 01:13:19] [INFO] [ShopBot] 物品 3 (y=601-705): '55装备勇士的背甲胸部护具商人亚彼荷可购买1次' → equipment (conf=0.70), 价格 240000, 货币 gold, 购买按钮 @ (1192, 653)
[2026-05-22 01:13:19] [INFO] [ShopBot] 跳过物品: equipment
[2026-05-22 01:13:19] [INFO] [ShopBot] 跳过物品: unknown
[2026-05-22 01:13:19] [INFO] [ShopBot] 跳过物品: unknown
[2026-05-22 01:13:19] [INFO] [ShopBot] 跳过物品: equipment
[2026-05-22 01:13:19] [INFO] [ShopBot] 货架处理完成，共购买 0 个物品
[2026-05-22 01:13:19] [INFO] [ShopBot] 第 2 次查看，购买 0 个物品
[2026-05-22 01:13:19] [INFO] [ShopBot] 滑动 (1100, 400) -> (1100, 150), 时长 0.3s
[2026-05-22 01:13:21] [DEBUG] [ShopBot] 整区 OCR 检测到 30 个文字块，4 行
[2026-05-22 01:13:21] [INFO] [ShopBot] 物品 0 (y=154-260): '55装备啤叫龙兽骨刃剑商人亚彼荷可购买1次' → equipment (conf=0.70), 价格 360000, 货币 gold, 购买按钮 @ (1192, 207)
[2026-05-22 01:13:21] [INFO] [ShopBot] 物品 1 (y=313-405): '英雄红宝石龙奈汉库伊可购买1次' → unknown (conf=0.00), 价格 29000, 货币 gold, 购买按钮 @ (1192, 359)
[2026-05-22 01:13:21] [INFO] [ShopBot] 物品 2 (y=457-550): '英雄审判狮鹫奈汉库伊可购买1次' → unknown (conf=0.00), 价格 29000, 货币 gold, 购买按钮 @ (1192, 503)
[2026-05-22 01:13:21] [INFO] [ShopBot] 物品 3 (y=601-705): '55装备勇士的背甲胸部护具商人亚彼荷可购买1次' → equipment (conf=0.70), 价格 240000, 货币 gold, 购买按钮 @ (1192, 653)
[2026-05-22 01:13:21] [INFO] [ShopBot] 已到达货架底部（第 3 次滑动后，识别结果无变化）
[2026-05-22 01:13:21] [INFO] [ShopBot] 寻找刷新按钮（第 1 次）
[2026-05-22 01:13:22] [DEBUG] [ShopBot] 找到刷新按钮 '立即更新' 在 (268, 659)
[2026-05-22 01:13:22] [INFO] [ShopBot] 点击刷新按钮 (268, 659)
[2026-05-22 01:13:22] [INFO] [ShopBot] 点击坐标 (268, 659)
[2026-05-22 01:13:24] [INFO] [ShopBot] 检测到刷新确认弹窗，点击确认 (748, 460)
[2026-05-22 01:13:24] [INFO] [ShopBot] 点击坐标 (748, 460)
[2026-05-22 01:13:24] [INFO] [ShopBot] 等待货架加载...
[2026-05-22 01:13:25] [INFO] [ShopBot] ===== 第 98 轮 =====
[2026-05-22 01:13:25] [INFO] [ShopBot] 滑动到货架顶部...
[2026-05-22 01:13:25] [INFO] [ShopBot] 滑动 (1100, 150) -> (1100, 400), 时长 0.3s
[2026-05-22 01:13:26] [DEBUG] [ShopBot] 整区 OCR 检测到 30 个文字块，4 行
[2026-05-22 01:13:26] [INFO] [ShopBot] 物品 0 (y=124-215): '英雄腐败纽洛普奈汉库伊可购买1次' → unknown (conf=0.00), 价格 29000, 货币 gold, 购买按钮 @ (1192, 169)
[2026-05-22 01:13:26] [INFO] [ShopBot] 物品 1 (y=267-360): '55装备啤叫龙兽皮甲商人亚彼荷可购买1次' → equipment (conf=0.70), 价格 360000, 货币 gold, 购买按钮 @ (1192, 313)
[2026-05-22 01:13:26] [INFO] [ShopBot] 物品 2 (y=413-505): '英雄熔岩陆龟奈汉库伊可购买1次' → unknown (conf=0.00), 价格 29000, 货币 gold, 购买按钮 @ (1192, 459)
[2026-05-22 01:13:26] [INFO] [ShopBot] 物品 3 (y=557-705): '55装备奥利哈钢长剑商人亚彼荷可购买1次' → equipment (conf=0.70), 价格 240000, 货币 gold, 购买按钮 @ (1192, 631)
[2026-05-22 01:13:26] [INFO] [ShopBot] 跳过物品: unknown
[2026-05-22 01:13:26] [INFO] [ShopBot] 跳过物品: equipment
[2026-05-22 01:13:26] [INFO] [ShopBot] 跳过物品: unknown
[2026-05-22 01:13:26] [INFO] [ShopBot] 跳过物品: equipment
[2026-05-22 01:13:26] [INFO] [ShopBot] 货架处理完成，共购买 0 个物品
[2026-05-22 01:13:26] [INFO] [ShopBot] 第 0 次查看，购买 0 个物品
[2026-05-22 01:13:26] [INFO] [ShopBot] 滑动 (1100, 400) -> (1100, 150), 时长 0.3s
[2026-05-22 01:13:29] [DEBUG] [ShopBot] 整区 OCR 检测到 33 个文字块，5 行
[2026-05-22 01:13:29] [INFO] [ShopBot] 物品 0 (y=80-127): '商人亚彼荷可购买1次' → unknown (conf=0.00), 价格 0, 货币 gold, 购买按钮 @ (1192, 103)
[2026-05-22 01:13:29] [INFO] [ShopBot] 物品 1 (y=180-272): '英雄熔岩陆龟奈汉库伊可购买1次' → unknown (conf=0.00), 价格 29000, 货币 gold, 购买按钮 @ (1192, 226)
[2026-05-22 01:13:29] [INFO] [ShopBot] 物品 2 (y=324-418): '55装备奥利哈钢长剑商人亚彼荷可购买1次' → equipment (conf=0.70), 价格 240000, 货币 gold, 购买按钮 @ (1192, 371)
[2026-05-22 01:13:29] [INFO] [ShopBot] 物品 3 (y=470-562): '英雄蔷薇使徒会祭司可购买1次奈汉库伊' → unknown (conf=0.00), 价格 29000, 货币 gold, 购买按钮 @ (1192, 516)
[2026-05-22 01:13:29] [INFO] [ShopBot] 物品 4 (y=605-705): '英雄冷血突击队长奈汉库伊可购买1次' → unknown (conf=0.00), 价格 29000, 货币 gold, 购买按钮 @ (1192, 655)
[2026-05-22 01:13:29] [INFO] [ShopBot] 跳过物品: unknown
[2026-05-22 01:13:29] [INFO] [ShopBot] 跳过物品: unknown
[2026-05-22 01:13:29] [INFO] [ShopBot] 跳过物品: equipment
[2026-05-22 01:13:29] [INFO] [ShopBot] 跳过物品: unknown
[2026-05-22 01:13:29] [INFO] [ShopBot] 跳过物品: unknown
[2026-05-22 01:13:29] [INFO] [ShopBot] 货架处理完成，共购买 0 个物品
[2026-05-22 01:13:29] [INFO] [ShopBot] 第 1 次查看，购买 0 个物品
[2026-05-22 01:13:29] [INFO] [ShopBot] 滑动 (1100, 400) -> (1100, 150), 时长 0.3s
[2026-05-22 01:13:31] [DEBUG] [ShopBot] 整区 OCR 检测到 29 个文字块，4 行
[2026-05-22 01:13:31] [INFO] [ShopBot] 物品 0 (y=154-259): '英雄熔岩陆龟奈汉库伊可购买1次' → unknown (conf=0.00), 价格 29000, 货币 gold, 购买按钮 @ (1192, 206)
[2026-05-22 01:13:31] [INFO] [ShopBot] 物品 1 (y=311-405): '55装备奥利哈钢长剑商人亚彼荷可购买1次' → equipment (conf=0.70), 价格 240000, 货币 gold, 购买按钮 @ (1192, 358)
[2026-05-22 01:13:31] [INFO] [ShopBot] 物品 2 (y=457-550): '英雄蔷薇使徒会祭司奈汉库伊可购买1次' → unknown (conf=0.00), 价格 29000, 货币 gold, 购买按钮 @ (1192, 503)
[2026-05-22 01:13:31] [INFO] [ShopBot] 物品 3 (y=602-705): '英雄冷血突击队长奈汉库伊可购买1次' → unknown (conf=0.00), 价格 29000, 货币 gold, 购买按钮 @ (1192, 653)
[2026-05-22 01:13:31] [INFO] [ShopBot] 跳过物品: unknown
[2026-05-22 01:13:31] [INFO] [ShopBot] 跳过物品: equipment
[2026-05-22 01:13:31] [INFO] [ShopBot] 跳过物品: unknown
[2026-05-22 01:13:31] [INFO] [ShopBot] 跳过物品: unknown
[2026-05-22 01:13:31] [INFO] [ShopBot] 货架处理完成，共购买 0 个物品
[2026-05-22 01:13:31] [INFO] [ShopBot] 第 2 次查看，购买 0 个物品
[2026-05-22 01:13:31] [INFO] [ShopBot] 滑动 (1100, 400) -> (1100, 150), 时长 0.3s
[2026-05-22 01:13:33] [DEBUG] [ShopBot] 整区 OCR 检测到 29 个文字块，4 行
[2026-05-22 01:13:33] [INFO] [ShopBot] 物品 0 (y=154-259): '英雄熔岩陆龟奈汉库伊可购买1次' → unknown (conf=0.00), 价格 29000, 货币 gold, 购买按钮 @ (1192, 206)
[2026-05-22 01:13:33] [INFO] [ShopBot] 物品 1 (y=311-405): '55装备奥利哈钢长剑商人亚彼荷可购买1次' → equipment (conf=0.70), 价格 240000, 货币 gold, 购买按钮 @ (1192, 358)
[2026-05-22 01:13:33] [INFO] [ShopBot] 物品 2 (y=458-550): '英雄蔷薇使徒会祭司奈汉库伊可购买1次' → unknown (conf=0.00), 价格 29000, 货币 gold, 购买按钮 @ (1192, 504)
[2026-05-22 01:13:33] [INFO] [ShopBot] 物品 3 (y=602-705): '英雄冷血突击队长奈汉库伊可购买1次' → unknown (conf=0.00), 价格 29000, 货币 gold, 购买按钮 @ (1192, 653)
[2026-05-22 01:13:33] [INFO] [ShopBot] 已到达货架底部（第 3 次滑动后，识别结果无变化）
[2026-05-22 01:13:33] [INFO] [ShopBot] 寻找刷新按钮（第 1 次）
[2026-05-22 01:13:34] [DEBUG] [ShopBot] 找到刷新按钮 '立即更新' 在 (268, 659)
[2026-05-22 01:13:34] [INFO] [ShopBot] 点击刷新按钮 (268, 659)
[2026-05-22 01:13:34] [INFO] [ShopBot] 点击坐标 (268, 659)
[2026-05-22 01:13:36] [INFO] [ShopBot] 检测到刷新确认弹窗，点击确认 (748, 460)
[2026-05-22 01:13:36] [INFO] [ShopBot] 点击坐标 (748, 460)
[2026-05-22 01:13:36] [INFO] [ShopBot] 等待货架加载...
[2026-05-22 01:13:37] [INFO] [ShopBot] ===== 第 99 轮 =====
[2026-05-22 01:13:37] [INFO] [ShopBot] 滑动到货架顶部...
[2026-05-22 01:13:37] [INFO] [ShopBot] 滑动 (1100, 150) -> (1100, 400), 时长 0.3s
[2026-05-22 01:13:39] [DEBUG] [ShopBot] 整区 OCR 检测到 31 个文字块，5 行
[2026-05-22 01:13:39] [INFO] [ShopBot] 物品 0 (y=122-213): '英雄苍之庇佑团祭司奈汉库伊可购买1次' → unknown (conf=0.00), 价格 29000, 货币 gold, 购买按钮 @ (1192, 167)
[2026-05-22 01:13:39] [INFO] [ShopBot] 物品 1 (y=265-359): '55装备精巧的恶魔靴子商人亚彼荷可购买1次' → equipment (conf=0.70), 价格 360000, 货币 gold, 购买按钮 @ (1192, 312)
[2026-05-22 01:13:39] [INFO] [ShopBot] 物品 2 (y=410-504): '70装备魔力龙兽骨刃剑商人亚彼荷可购买1次' → equipment (conf=0.70), 价格 380000, 货币 gold, 购买按钮 @ (1192, 457)
[2026-05-22 01:13:39] [INFO] [ShopBot] 物品 3 (y=555-649): '装备70不祥的恶魔之双刃剑商人亚彼荷可购买1次' → equipment (conf=0.70), 价格 380000, 货币 gold, 购买按钮 @ (1192, 602)
[2026-05-22 01:13:39] [INFO] [ShopBot] 物品 4 (y=650-705): '' → unknown (conf=0.00), 价格 0, 货币 gold, 购买按钮 @ (1192, 677)
[2026-05-22 01:13:39] [INFO] [ShopBot] 跳过物品: unknown
[2026-05-22 01:13:39] [INFO] [ShopBot] 跳过物品: equipment
[2026-05-22 01:13:39] [INFO] [ShopBot] 跳过物品: equipment
[2026-05-22 01:13:39] [INFO] [ShopBot] 跳过物品: equipment
[2026-05-22 01:13:39] [INFO] [ShopBot] 跳过物品: unknown
[2026-05-22 01:13:39] [INFO] [ShopBot] 货架处理完成，共购买 0 个物品
[2026-05-22 01:13:39] [INFO] [ShopBot] 第 0 次查看，购买 0 个物品
[2026-05-22 01:13:39] [INFO] [ShopBot] 滑动 (1100, 400) -> (1100, 150), 时长 0.3s
[2026-05-22 01:13:41] [DEBUG] [ShopBot] 整区 OCR 检测到 31 个文字块，4 行
[2026-05-22 01:13:41] [INFO] [ShopBot] 物品 0 (y=154-260): '70装备魔力龙兽骨刃剑商人亚彼荷可购买1次' → equipment (conf=0.70), 价格 380000, 货币 gold, 购买按钮 @ (1192, 207)
[2026-05-22 01:13:41] [INFO] [ShopBot] 物品 1 (y=311-405): '70装备不祥的恶魔之双刃剑商人亚彼荷可购买1次' → equipment (conf=0.70), 价格 380000, 货币 gold, 购买按钮 @ (1192, 358)
[2026-05-22 01:13:41] [INFO] [ShopBot] 物品 2 (y=457-550): '英雄雷逢朵斯光辉魔法师奈汉库伊可购买1次' → unknown (conf=0.00), 价格 29000, 货币 gold, 购买按钮 @ (1192, 503)
[2026-05-22 01:13:41] [INFO] [ShopBot] 物品 3 (y=601-705): '55装备灿烂精髓宝珠商人亚彼荷可购买1次' → equipment (conf=0.70), 价格 360000, 货币 gold, 购买按钮 @ (1192, 653)
[2026-05-22 01:13:41] [INFO] [ShopBot] 跳过物品: equipment
[2026-05-22 01:13:41] [INFO] [ShopBot] 跳过物品: equipment
[2026-05-22 01:13:41] [INFO] [ShopBot] 跳过物品: unknown
[2026-05-22 01:13:41] [INFO] [ShopBot] 跳过物品: equipment
[2026-05-22 01:13:41] [INFO] [ShopBot] 货架处理完成，共购买 0 个物品
[2026-05-22 01:13:41] [INFO] [ShopBot] 第 1 次查看，购买 0 个物品
[2026-05-22 01:13:41] [INFO] [ShopBot] 滑动 (1100, 400) -> (1100, 150), 时长 0.3s
[2026-05-22 01:13:44] [DEBUG] [ShopBot] 整区 OCR 检测到 31 个文字块，4 行
[2026-05-22 01:13:44] [INFO] [ShopBot] 物品 0 (y=154-260): '70装备魔力龙兽骨刃剑商人亚彼荷可购买1次' → equipment (conf=0.70), 价格 380000, 货币 gold, 购买按钮 @ (1192, 207)
[2026-05-22 01:13:44] [INFO] [ShopBot] 物品 1 (y=311-405): '70装备不祥的恶魔之双刃剑商人亚彼荷可购买1次' → equipment (conf=0.70), 价格 380000, 货币 gold, 购买按钮 @ (1192, 358)
[2026-05-22 01:13:44] [INFO] [ShopBot] 物品 2 (y=457-550): '英雄雷逢朵斯光辉魔法师奈汉库伊可购买1次' → unknown (conf=0.00), 价格 29000, 货币 gold, 购买按钮 @ (1192, 503)
[2026-05-22 01:13:44] [INFO] [ShopBot] 物品 3 (y=601-705): '55装备灿烂精髓宝珠商人亚彼荷可购买1次' → equipment (conf=0.70), 价格 360000, 货币 gold, 购买按钮 @ (1192, 653)
[2026-05-22 01:13:44] [INFO] [ShopBot] 已到达货架底部（第 2 次滑动后，识别结果无变化）
[2026-05-22 01:13:44] [INFO] [ShopBot] 寻找刷新按钮（第 1 次）
[2026-05-22 01:13:44] [DEBUG] [ShopBot] 找到刷新按钮 '立即更新' 在 (268, 659)
[2026-05-22 01:13:44] [INFO] [ShopBot] 点击刷新按钮 (268, 659)
[2026-05-22 01:13:44] [INFO] [ShopBot] 点击坐标 (268, 659)
[2026-05-22 01:13:46] [INFO] [ShopBot] 检测到刷新确认弹窗，点击确认 (748, 460)
[2026-05-22 01:13:46] [INFO] [ShopBot] 点击坐标 (748, 460)
[2026-05-22 01:13:47] [INFO] [ShopBot] 等待货架加载...
[2026-05-22 01:13:48] [INFO] [ShopBot] ===== 第 100 轮 =====
[2026-05-22 01:13:48] [INFO] [ShopBot] 滑动到货架顶部...
[2026-05-22 01:13:48] [INFO] [ShopBot] 滑动 (1100, 150) -> (1100, 400), 时长 0.3s
[2026-05-22 01:13:49] [DEBUG] [ShopBot] 整区 OCR 检测到 31 个文字块，4 行
[2026-05-22 01:13:49] [INFO] [ShopBot] 物品 0 (y=120-212): '55装备精巧的恶魔靴子商人亚彼荷可购买1次' → equipment (conf=0.70), 价格 240000, 货币 gold, 购买按钮 @ (1192, 166)
[2026-05-22 01:13:49] [INFO] [ShopBot] 物品 1 (y=264-357): '55装备精巧的恶魔靴子商人亚彼荷可购买1次' → equipment (conf=0.70), 价格 360000, 货币 gold, 购买按钮 @ (1192, 310)
[2026-05-22 01:13:49] [INFO] [ShopBot] 物品 2 (y=409-502): '70装备泰拉的心脏可购买1次' → equipment (conf=0.70), 价格 380000, 货币 gold, 购买按钮 @ (1192, 455)
[2026-05-22 01:13:49] [INFO] [ShopBot] 物品 3 (y=554-705): '装备55灿烂精髓王冠商人亚彼荷可购买1次' → equipment (conf=0.70), 价格 240000, 货币 gold, 购买按钮 @ (1192, 629)
[2026-05-22 01:13:49] [INFO] [ShopBot] 跳过物品: equipment
[2026-05-22 01:13:49] [INFO] [ShopBot] 跳过物品: equipment
[2026-05-22 01:13:49] [INFO] [ShopBot] 跳过物品: equipment
[2026-05-22 01:13:49] [INFO] [ShopBot] 跳过物品: equipment
[2026-05-22 01:13:49] [INFO] [ShopBot] 货架处理完成，共购买 0 个物品
[2026-05-22 01:13:49] [INFO] [ShopBot] 第 0 次查看，购买 0 个物品
[2026-05-22 01:13:49] [INFO] [ShopBot] 滑动 (1100, 400) -> (1100, 150), 时长 0.3s
[2026-05-22 01:13:52] [DEBUG] [ShopBot] 整区 OCR 检测到 31 个文字块，4 行
[2026-05-22 01:13:52] [INFO] [ShopBot] 物品 0 (y=154-260): '70装备泰拉的心脏妮萨可购买1次' → equipment (conf=0.70), 价格 380000, 货币 gold, 购买按钮 @ (1192, 207)
[2026-05-22 01:13:52] [INFO] [ShopBot] 物品 1 (y=311-405): '55装备灿烂精髓王冠商人亚彼荷可购买1次' → equipment (conf=0.70), 价格 240000, 货币 gold, 购买按钮 @ (1192, 358)
[2026-05-22 01:13:52] [INFO] [ShopBot] 物品 2 (y=456-550): '货币友情点数诺诺里50可购买1次' → unknown (conf=0.00), 价格 18000, 货币 gold, 购买按钮 @ (1192, 503)
[2026-05-22 01:13:52] [INFO] [ShopBot] 物品 3 (y=601-705): '装备不祥的恶魔角饰头盔商人亚彼荷可购买1次' → equipment (conf=0.70), 价格 380000, 货币 gold, 购买按钮 @ (1192, 653)
[2026-05-22 01:13:52] [INFO] [ShopBot] 跳过物品: equipment
[2026-05-22 01:13:52] [INFO] [ShopBot] 跳过物品: equipment
[2026-05-22 01:13:52] [INFO] [ShopBot] 跳过物品: unknown
[2026-05-22 01:13:52] [INFO] [ShopBot] 跳过物品: equipment
[2026-05-22 01:13:52] [INFO] [ShopBot] 货架处理完成，共购买 0 个物品
[2026-05-22 01:13:52] [INFO] [ShopBot] 第 1 次查看，购买 0 个物品
[2026-05-22 01:13:52] [INFO] [ShopBot] 滑动 (1100, 400) -> (1100, 150), 时长 0.3s
[2026-05-22 01:13:54] [DEBUG] [ShopBot] 整区 OCR 检测到 31 个文字块，4 行
[2026-05-22 01:13:54] [INFO] [ShopBot] 物品 0 (y=154-260): '70装备泰拉的心脏妮萨可购买1次' → equipment (conf=0.70), 价格 380000, 货币 gold, 购买按钮 @ (1192, 207)
[2026-05-22 01:13:54] [INFO] [ShopBot] 物品 1 (y=311-405): '55装备灿烂精髓王冠商人亚彼荷可购买1次' → equipment (conf=0.70), 价格 240000, 货币 gold, 购买按钮 @ (1192, 358)
[2026-05-22 01:13:54] [INFO] [ShopBot] 物品 2 (y=456-550): '货币友情点数诺诺里50可购买1次' → unknown (conf=0.00), 价格 18000, 货币 gold, 购买按钮 @ (1192, 503)
[2026-05-22 01:13:54] [INFO] [ShopBot] 物品 3 (y=601-705): '装备不祥的恶魔角饰头盔商人亚彼荷可购买1次' → equipment (conf=0.70), 价格 380000, 货币 gold, 购买按钮 @ (1192, 653)
[2026-05-22 01:13:54] [INFO] [ShopBot] 已到达货架底部（第 2 次滑动后，识别结果无变化）
[2026-05-22 01:13:54] [INFO] [ShopBot] 寻找刷新按钮（第 1 次）
[2026-05-22 01:13:55] [DEBUG] [ShopBot] 找到刷新按钮 '立即更新' 在 (268, 659)
[2026-05-22 01:13:55] [INFO] [ShopBot] 点击刷新按钮 (268, 659)
[2026-05-22 01:13:55] [INFO] [ShopBot] 点击坐标 (268, 659)
[2026-05-22 01:13:56] [INFO] [ShopBot] 检测到刷新确认弹窗，点击确认 (748, 459)
[2026-05-22 01:13:56] [INFO] [ShopBot] 点击坐标 (748, 459)
[2026-05-22 01:13:57] [INFO] [ShopBot] 等待货架加载...
[2026-05-22 01:13:58] [INFO] [ShopBot] ===== 第 101 轮 =====
[2026-05-22 01:13:58] [INFO] [ShopBot] 滑动到货架顶部...
[2026-05-22 01:13:58] [INFO] [ShopBot] 滑动 (1100, 150) -> (1100, 400), 时长 0.3s
[2026-05-22 01:13:59] [DEBUG] [ShopBot] 整区 OCR 检测到 30 个文字块，4 行
[2026-05-22 01:13:59] [INFO] [ShopBot] 物品 0 (y=125-216): '英雄红玉奴贝斯奈汉库伊可购买1次' → unknown (conf=0.00), 价格 29000, 货币 gold, 购买按钮 @ (1192, 170)
[2026-05-22 01:13:59] [INFO] [ShopBot] 物品 1 (y=269-362): '货币友情点数诺诺里可购买1次50' → unknown (conf=0.00), 价格 18000, 货币 gold, 购买按钮 @ (1192, 315)
[2026-05-22 01:13:59] [INFO] [ShopBot] 物品 2 (y=415-507): '英雄火焰席尔巴奈汉库伊可购买1次' → unknown (conf=0.00), 价格 29000, 货币 gold, 购买按钮 @ (1192, 461)
[2026-05-22 01:13:59] [INFO] [ShopBot] 物品 3 (y=559-705): '55装备奥利哈钢靴子商人亚彼荷可购买1次' → equipment (conf=0.70), 价格 480000, 货币 gold, 购买按钮 @ (1192, 632)
[2026-05-22 01:13:59] [INFO] [ShopBot] 跳过物品: unknown
[2026-05-22 01:13:59] [INFO] [ShopBot] 跳过物品: unknown
[2026-05-22 01:13:59] [INFO] [ShopBot] 跳过物品: unknown
[2026-05-22 01:13:59] [INFO] [ShopBot] 跳过物品: equipment
[2026-05-22 01:13:59] [INFO] [ShopBot] 货架处理完成，共购买 0 个物品
[2026-05-22 01:13:59] [INFO] [ShopBot] 第 0 次查看，购买 0 个物品
[2026-05-22 01:13:59] [INFO] [ShopBot] 滑动 (1100, 400) -> (1100, 150), 时长 0.3s
[2026-05-22 01:14:01] [DEBUG] [ShopBot] 整区 OCR 检测到 34 个文字块，5 行
[2026-05-22 01:14:01] [INFO] [ShopBot] 物品 0 (y=80-123): '50可购买1次' → unknown (conf=0.00), 价格 0, 货币 gold, 购买按钮 @ (1192, 101)
[2026-05-22 01:14:01] [INFO] [ShopBot] 物品 1 (y=154-268): '英雄火焰席尔巴奈汉库伊可购买1次' → unknown (conf=0.00), 价格 29000, 货币 gold, 购买按钮 @ (1192, 211)
[2026-05-22 01:14:01] [INFO] [ShopBot] 物品 2 (y=320-414): '55装备奥利哈钢靴子商人亚彼荷可购买1次' → equipment (conf=0.70), 价格 480000, 货币 gold, 购买按钮 @ (1192, 367)
[2026-05-22 01:14:01] [INFO] [ShopBot] 物品 3 (y=465-559): '装备精巧的恶魔头盔商人亚彼荷可购买1次' → equipment (conf=0.70), 价格 360000, 货币 gold, 购买按钮 @ (1192, 512)
[2026-05-22 01:14:01] [INFO] [ShopBot] 物品 4 (y=606-705): '70装备钻石戒指妮萨可购买1次' → equipment (conf=0.70), 价格 560000, 货币 gold, 购买按钮 @ (1192, 655)
[2026-05-22 01:14:01] [INFO] [ShopBot] 跳过物品: unknown
[2026-05-22 01:14:01] [INFO] [ShopBot] 跳过物品: unknown
[2026-05-22 01:14:01] [INFO] [ShopBot] 跳过物品: equipment
[2026-05-22 01:14:01] [INFO] [ShopBot] 跳过物品: equipment
[2026-05-22 01:14:01] [INFO] [ShopBot] 跳过物品: equipment
[2026-05-22 01:14:01] [INFO] [ShopBot] 货架处理完成，共购买 0 个物品
[2026-05-22 01:14:01] [INFO] [ShopBot] 第 1 次查看，购买 0 个物品
[2026-05-22 01:14:01] [INFO] [ShopBot] 滑动 (1100, 400) -> (1100, 150), 时长 0.3s
[2026-05-22 01:14:04] [DEBUG] [ShopBot] 整区 OCR 检测到 31 个文字块，4 行
[2026-05-22 01:14:04] [INFO] [ShopBot] 物品 0 (y=154-259): '英雄火焰席尔巴奈汉库伊可购买1次' → unknown (conf=0.00), 价格 29000, 货币 gold, 购买按钮 @ (1192, 206)
[2026-05-22 01:14:04] [INFO] [ShopBot] 物品 1 (y=311-405): '55装备奥利哈钢靴子商人亚彼荷可购买1次' → equipment (conf=0.70), 价格 480000, 货币 gold, 购买按钮 @ (1192, 358)
[2026-05-22 01:14:04] [INFO] [ShopBot] 物品 2 (y=456-550): '55装备精巧的恶魔头盔商人亚彼荷可购买1次' → equipment (conf=0.70), 价格 360000, 货币 gold, 购买按钮 @ (1192, 503)
[2026-05-22 01:14:04] [INFO] [ShopBot] 物品 3 (y=601-705): '70装备钻石戒指妮萨可购买1次' → equipment (conf=0.70), 价格 560000, 货币 gold, 购买按钮 @ (1192, 653)
[2026-05-22 01:14:04] [INFO] [ShopBot] 跳过物品: unknown
[2026-05-22 01:14:04] [INFO] [ShopBot] 跳过物品: equipment
[2026-05-22 01:14:04] [INFO] [ShopBot] 跳过物品: equipment
[2026-05-22 01:14:04] [INFO] [ShopBot] 跳过物品: equipment
[2026-05-22 01:14:04] [INFO] [ShopBot] 货架处理完成，共购买 0 个物品
[2026-05-22 01:14:04] [INFO] [ShopBot] 第 2 次查看，购买 0 个物品
[2026-05-22 01:14:04] [INFO] [ShopBot] 滑动 (1100, 400) -> (1100, 150), 时长 0.3s
[2026-05-22 01:14:06] [DEBUG] [ShopBot] 整区 OCR 检测到 31 个文字块，4 行
[2026-05-22 01:14:06] [INFO] [ShopBot] 物品 0 (y=154-259): '英雄火焰席尔巴奈汉库伊可购买1次' → unknown (conf=0.00), 价格 29000, 货币 gold, 购买按钮 @ (1192, 206)
[2026-05-22 01:14:06] [INFO] [ShopBot] 物品 1 (y=311-405): '55装备奥利哈钢靴子商人亚彼荷可购买1次' → equipment (conf=0.70), 价格 480000, 货币 gold, 购买按钮 @ (1192, 358)
[2026-05-22 01:14:06] [INFO] [ShopBot] 物品 2 (y=456-550): '55装备精巧的恶魔头盔商人亚彼荷可购买1次' → equipment (conf=0.70), 价格 360000, 货币 gold, 购买按钮 @ (1192, 503)
[2026-05-22 01:14:06] [INFO] [ShopBot] 物品 3 (y=601-705): '70装备钻石戒指妮萨可购买1次' → equipment (conf=0.70), 价格 560000, 货币 gold, 购买按钮 @ (1192, 653)
[2026-05-22 01:14:06] [INFO] [ShopBot] 已到达货架底部（第 3 次滑动后，识别结果无变化）
[2026-05-22 01:14:06] [INFO] [ShopBot] 寻找刷新按钮（第 1 次）
[2026-05-22 01:14:06] [DEBUG] [ShopBot] 找到刷新按钮 '立即更新' 在 (268, 659)
[2026-05-22 01:14:06] [INFO] [ShopBot] 点击刷新按钮 (268, 659)
[2026-05-22 01:14:06] [INFO] [ShopBot] 点击坐标 (268, 659)
[2026-05-22 01:14:08] [INFO] [ShopBot] 检测到刷新确认弹窗，点击确认 (748, 460)
[2026-05-22 01:14:08] [INFO] [ShopBot] 点击坐标 (748, 460)
[2026-05-22 01:14:08] [INFO] [ShopBot] 等待货架加载...
[2026-05-22 01:14:09] [INFO] [ShopBot] ===== 第 102 轮 =====
[2026-05-22 01:14:09] [INFO] [ShopBot] 滑动到货架顶部...
[2026-05-22 01:14:09] [INFO] [ShopBot] 滑动 (1100, 150) -> (1100, 400), 时长 0.3s
[2026-05-22 01:14:11] [DEBUG] [ShopBot] 整区 OCR 检测到 30 个文字块，5 行
[2026-05-22 01:14:11] [INFO] [ShopBot] 物品 0 (y=124-215): '55装备奥利哈钢头盔商人亚彼荷可购买1次' → equipment (conf=0.70), 价格 360000, 货币 gold, 购买按钮 @ (1192, 169)
[2026-05-22 01:14:11] [INFO] [ShopBot] 物品 1 (y=267-360): '货币友情点数诺诺里可购买1次50' → unknown (conf=0.00), 价格 18000, 货币 gold, 购买按钮 @ (1192, 313)
[2026-05-22 01:14:11] [INFO] [ShopBot] 物品 2 (y=413-505): '英雄普罗佩斯枪炮奈汉库伊可购买1次' → unknown (conf=0.00), 价格 29000, 货币 gold, 购买按钮 @ (1192, 459)
[2026-05-22 01:14:11] [INFO] [ShopBot] 物品 3 (y=558-650): '英雄冰霜史莱姆奈汉库伊可购买1次' → fodder (conf=0.65), 价格 29000, 货币 gold, 购买按钮 @ (1192, 604)
[2026-05-22 01:14:11] [INFO] [ShopBot] 物品 4 (y=651-705): '' → unknown (conf=0.00), 价格 0, 货币 gold, 购买按钮 @ (1192, 678)
[2026-05-22 01:14:11] [INFO] [ShopBot] 跳过物品: equipment
[2026-05-22 01:14:11] [INFO] [ShopBot] 跳过物品: unknown
[2026-05-22 01:14:11] [INFO] [ShopBot] 跳过物品: unknown
[2026-05-22 01:14:11] [INFO] [ShopBot] 跳过物品: fodder
[2026-05-22 01:14:11] [INFO] [ShopBot] 跳过物品: unknown
[2026-05-22 01:14:11] [INFO] [ShopBot] 货架处理完成，共购买 0 个物品
[2026-05-22 01:14:11] [INFO] [ShopBot] 第 0 次查看，购买 0 个物品
[2026-05-22 01:14:11] [INFO] [ShopBot] 滑动 (1100, 400) -> (1100, 150), 时长 0.3s
[2026-05-22 01:14:13] [DEBUG] [ShopBot] 整区 OCR 检测到 28 个文字块，4 行
[2026-05-22 01:14:13] [INFO] [ShopBot] 物品 0 (y=154-259): '英雄普罗佩斯枪炮奈汉库伊可购买1次' → unknown (conf=0.00), 价格 29000, 货币 gold, 购买按钮 @ (1192, 206)
[2026-05-22 01:14:13] [INFO] [ShopBot] 物品 1 (y=313-405): '英雄冰霜史莱姆奈汉库伊可购买1次' → fodder (conf=0.65), 价格 29000, 货币 gold, 购买按钮 @ (1192, 359)
[2026-05-22 01:14:13] [INFO] [ShopBot] 物品 2 (y=457-550): '英雄暗云风癣兽奈汉库伊可购买1次' → unknown (conf=0.00), 价格 29000, 货币 gold, 购买按钮 @ (1192, 503)
[2026-05-22 01:14:13] [INFO] [ShopBot] 物品 3 (y=602-705): '英雄火焰席尔巴奈汉库伊可购买1次' → unknown (conf=0.00), 价格 29000, 货币 gold, 购买按钮 @ (1192, 653)
[2026-05-22 01:14:13] [INFO] [ShopBot] 跳过物品: unknown
[2026-05-22 01:14:13] [INFO] [ShopBot] 跳过物品: fodder
[2026-05-22 01:14:13] [INFO] [ShopBot] 跳过物品: unknown
[2026-05-22 01:14:13] [INFO] [ShopBot] 跳过物品: unknown
[2026-05-22 01:14:13] [INFO] [ShopBot] 货架处理完成，共购买 0 个物品
[2026-05-22 01:14:13] [INFO] [ShopBot] 第 1 次查看，购买 0 个物品
[2026-05-22 01:14:13] [INFO] [ShopBot] 滑动 (1100, 400) -> (1100, 150), 时长 0.3s
[2026-05-22 01:14:15] [DEBUG] [ShopBot] 整区 OCR 检测到 28 个文字块，4 行
[2026-05-22 01:14:15] [INFO] [ShopBot] 物品 0 (y=154-259): '英雄普罗佩斯枪炮奈汉库伊可购买1次' → unknown (conf=0.00), 价格 29000, 货币 gold, 购买按钮 @ (1192, 206)
[2026-05-22 01:14:15] [INFO] [ShopBot] 物品 1 (y=313-405): '英雄冰霜史莱姆奈汉库伊可购买1次' → fodder (conf=0.65), 价格 29000, 货币 gold, 购买按钮 @ (1192, 359)
[2026-05-22 01:14:15] [INFO] [ShopBot] 物品 2 (y=457-550): '英雄暗云风癣兽奈汉库伊可购买1次' → unknown (conf=0.00), 价格 29000, 货币 gold, 购买按钮 @ (1192, 503)
[2026-05-22 01:14:15] [INFO] [ShopBot] 物品 3 (y=602-705): '英雄火焰席尔巴奈汉库伊可购买1次' → unknown (conf=0.00), 价格 29000, 货币 gold, 购买按钮 @ (1192, 653)
[2026-05-22 01:14:15] [INFO] [ShopBot] 已到达货架底部（第 2 次滑动后，识别结果无变化）
[2026-05-22 01:14:15] [INFO] [ShopBot] 寻找刷新按钮（第 1 次）
[2026-05-22 01:14:15] [DEBUG] [ShopBot] 找到刷新按钮 '立即更新' 在 (268, 659)
[2026-05-22 01:14:15] [INFO] [ShopBot] 点击刷新按钮 (268, 659)
[2026-05-22 01:14:15] [INFO] [ShopBot] 点击坐标 (268, 659)
[2026-05-22 01:14:17] [INFO] [ShopBot] 检测到刷新确认弹窗，点击确认 (748, 460)
[2026-05-22 01:14:17] [INFO] [ShopBot] 点击坐标 (748, 460)
[2026-05-22 01:14:17] [INFO] [ShopBot] 等待货架加载...
[2026-05-22 01:14:18] [INFO] [ShopBot] ===== 第 103 轮 =====
[2026-05-22 01:14:18] [INFO] [ShopBot] 滑动到货架顶部...
[2026-05-22 01:14:18] [INFO] [ShopBot] 滑动 (1100, 150) -> (1100, 400), 时长 0.3s
[2026-05-22 01:14:20] [DEBUG] [ShopBot] 整区 OCR 检测到 30 个文字块，5 行
[2026-05-22 01:14:20] [INFO] [ShopBot] 物品 0 (y=122-214): '55装备精巧的恶魔戒指妮萨可购买1次' → equipment (conf=0.70), 价格 480000, 货币 gold, 购买按钮 @ (1192, 168)
[2026-05-22 01:14:20] [INFO] [ShopBot] 物品 1 (y=267-359): '英雄悲叹狮鹫奈汉库伊可购买1次' → unknown (conf=0.00), 价格 29000, 货币 gold, 购买按钮 @ (1192, 313)
[2026-05-22 01:14:20] [INFO] [ShopBot] 物品 2 (y=411-504): '70装备泰拉靴子商人亚彼荷可购买1次' → equipment (conf=0.70), 价格 940000, 货币 gold, 购买按钮 @ (1192, 457)
[2026-05-22 01:14:20] [INFO] [ShopBot] 物品 3 (y=557-649): '英雄腐败纽洛普奈汉库伊可购买1次' → unknown (conf=0.00), 价格 29000, 货币 gold, 购买按钮 @ (1192, 603)
[2026-05-22 01:14:20] [INFO] [ShopBot] 物品 4 (y=650-705): '' → unknown (conf=0.00), 价格 0, 货币 gold, 购买按钮 @ (1192, 677)
[2026-05-22 01:14:20] [INFO] [ShopBot] 跳过物品: equipment
[2026-05-22 01:14:20] [INFO] [ShopBot] 跳过物品: unknown
[2026-05-22 01:14:20] [INFO] [ShopBot] 跳过物品: equipment
[2026-05-22 01:14:20] [INFO] [ShopBot] 跳过物品: unknown
[2026-05-22 01:14:20] [INFO] [ShopBot] 跳过物品: unknown
[2026-05-22 01:14:20] [INFO] [ShopBot] 货架处理完成，共购买 0 个物品
[2026-05-22 01:14:20] [INFO] [ShopBot] 第 0 次查看，购买 0 个物品
[2026-05-22 01:14:20] [INFO] [ShopBot] 滑动 (1100, 400) -> (1100, 150), 时长 0.3s
[2026-05-22 01:14:22] [DEBUG] [ShopBot] 整区 OCR 检测到 30 个文字块，4 行
[2026-05-22 01:14:22] [INFO] [ShopBot] 物品 0 (y=154-260): '70装备泰拉靴子商人亚彼荷可购买1次' → equipment (conf=0.70), 价格 940000, 货币 gold, 购买按钮 @ (1192, 207)
[2026-05-22 01:14:22] [INFO] [ShopBot] 物品 1 (y=313-405): '英雄腐败纽洛普奈汉库伊可购买1次' → unknown (conf=0.00), 价格 29000, 货币 gold, 购买按钮 @ (1192, 359)
[2026-05-22 01:14:22] [INFO] [ShopBot] 物品 2 (y=457-550): '英雄骨头史莱姆奈汉库伊可购买1次' → fodder (conf=0.65), 价格 29000, 货币 gold, 购买按钮 @ (1192, 503)
[2026-05-22 01:14:22] [INFO] [ShopBot] 物品 3 (y=599-705): '70装备冰霜脚爪项链妮萨可购买1次' → equipment (conf=0.70), 价格 380000, 货币 gold, 购买按钮 @ (1192, 652)
[2026-05-22 01:14:22] [INFO] [ShopBot] 跳过物品: equipment
[2026-05-22 01:14:22] [INFO] [ShopBot] 跳过物品: unknown
[2026-05-22 01:14:22] [INFO] [ShopBot] 跳过物品: fodder
[2026-05-22 01:14:22] [INFO] [ShopBot] 跳过物品: equipment
[2026-05-22 01:14:22] [INFO] [ShopBot] 货架处理完成，共购买 0 个物品
[2026-05-22 01:14:22] [INFO] [ShopBot] 第 1 次查看，购买 0 个物品
[2026-05-22 01:14:22] [INFO] [ShopBot] 滑动 (1100, 400) -> (1100, 150), 时长 0.3s
